plantassure_scientific_name,safe_inat_match,match_type,matched_term,inat_taxon_id,inat_current_scientific_name,inat_preferred_common_name,inat_rank,inat_taxon_url,name_differs_from_inat_current,inat_default_photo_exists,inat_default_photo_license,status,error,usable_photo,photo_source,photo_id,photo_url,photo_license,photo_attribution,observation_id,observation_url,photo_page_url
Acacia acinacea,True,EXACT_CURRENT_NAME,Acacia acinacea,415572.0,Acacia acinacea,Round-leaf Wattle,species,https://www.inaturalist.org/taxa/415572,False,True,cc-by-nc,USABLE_RESEARCH_GRADE_PHOTO_CURRENT_NAME_MATCH,,True,research_grade_observation,357084015.0,https://inaturalist-open-data.s3.amazonaws.com/photos/357084015/medium.jpeg,cc-by,"(c) Post Office Hill Reserve, some rights reserved (CC BY)",202208771.0,https://www.inaturalist.org/observations/202208771,https://www.inaturalist.org/photos/357084015
Acacia aculeatissima,True,EXACT_CURRENT_NAME,Acacia aculeatissima,560601.0,Acacia aculeatissima,Thin-leaf Wattle,species,https://www.inaturalist.org/taxa/560601,False,True,cc-by-nc-sa,USABLE_RESEARCH_GRADE_PHOTO_CURRENT_NAME_MATCH,,True,research_grade_observation,97252124.0,https://inaturalist-open-data.s3.amazonaws.com/photos/97252124/medium.jpeg,cc-by,"(c) Elspeth Swan, some rights reserved (CC BY)",60805399.0,https://www.inaturalist.org/observations/60805399,https://www.inaturalist.org/photos/97252124
Acacia baileyana,True,EXACT_CURRENT_NAME,Acacia baileyana,55345.0,Acacia baileyana,Cootamundra wattle,species,https://www.inaturalist.org/taxa/55345,False,True,cc-by-nc,USABLE_RESEARCH_GRADE_PHOTO_CURRENT_NAME_MATCH,,True,research_grade_observation,257549715.0,https://inaturalist-open-data.s3.amazonaws.com/photos/257549715/medium.jpg,cc-by,"(c) Doug Miller, some rights reserved (CC BY)",149460374.0,https://www.inaturalist.org/observations/149460374,https://www.inaturalist.org/photos/257549715
Acacia boormanii,True,EXACT_CURRENT_NAME,Acacia boormanii,925225.0,Acacia boormanii,Snowy River Wattle,species,https://www.inaturalist.org/taxa/925225,False,True,cc-by-sa,USABLE_DEFAULT_PHOTO_CURRENT_NAME_MATCH,,True,taxon_default_photo,151925986.0,https://inaturalist-open-data.s3.amazonaws.com/photos/151925986/medium.jpg,cc-by-sa,"(c) peganum, some rights reserved (CC BY-SA)",,,https://www.inaturalist.org/photos/151925986
Acacia brownii,True,EXACT_CURRENT_NAME,Acacia brownii,353925.0,Acacia brownii,heath wattle,species,https://www.inaturalist.org/taxa/353925,False,True,cc-by,USABLE_DEFAULT_PHOTO_CURRENT_NAME_MATCH,,True,taxon_default_photo,73927980.0,https://inaturalist-open-data.s3.amazonaws.com/photos/73927980/medium.jpeg,cc-by,"(c) Chris Lindorff, some rights reserved (CC BY), uploaded by Chris Lindorff",,,https://www.inaturalist.org/photos/73927980
Acacia cultriformis,True,EXACT_CURRENT_NAME,Acacia cultriformis,181887.0,Acacia cultriformis,Knife-leaf Wattle,species,https://www.inaturalist.org/taxa/181887,False,True,,USABLE_RESEARCH_GRADE_PHOTO_CURRENT_NAME_MATCH,,True,research_grade_observation,361297609.0,https://inaturalist-open-data.s3.amazonaws.com/photos/361297609/medium.jpeg,cc-by,"(c) Elizabete Marchante, some rights reserved (CC BY)",204404986.0,https://www.inaturalist.org/observations/204404986,https://www.inaturalist.org/photos/361297609
Acacia dealbata,True,EXACT_CURRENT_NAME,Acacia dealbata,53343.0,Acacia dealbata,Silver wattle,species,https://www.inaturalist.org/taxa/53343,False,True,,USABLE_RESEARCH_GRADE_PHOTO_CURRENT_NAME_MATCH,,True,research_grade_observation,604442960.0,https://inaturalist-open-data.s3.amazonaws.com/photos/604442960/medium.jpg,cc-by,"(c) Jose Castro, some rights reserved (CC BY)",332988984.0,https://www.inaturalist.org/observations/332988984,https://www.inaturalist.org/photos/604442960
Acacia decurrens,True,EXACT_CURRENT_NAME,Acacia decurrens,61818.0,Acacia decurrens,Sydney green wattle,species,https://www.inaturalist.org/taxa/61818,False,True,cc-by-nc,USABLE_RESEARCH_GRADE_PHOTO_CURRENT_NAME_MATCH,,True,research_grade_observation,293636128.0,https://inaturalist-open-data.s3.amazonaws.com/photos/293636128/medium.jpeg,cc-by-sa,"(c) Tony Rebelo, some rights reserved (CC BY-SA)",169374490.0,https://www.inaturalist.org/observations/169374490,https://www.inaturalist.org/photos/293636128
Acacia elata,True,EXACT_CURRENT_NAME,Acacia elata,181076.0,Acacia elata,Cedar wattle,species,https://www.inaturalist.org/taxa/181076,False,True,cc-by-nc-sa,USABLE_RESEARCH_GRADE_PHOTO_CURRENT_NAME_MATCH,,True,research_grade_observation,79145216.0,https://inaturalist-open-data.s3.amazonaws.com/photos/79145216/medium.jpeg,cc-by,"(c) Shaun Swanepoel, some rights reserved (CC BY)",49855844.0,https://www.inaturalist.org/observations/49855844,https://www.inaturalist.org/photos/79145216
Acacia genistifolia,True,EXACT_CURRENT_NAME,Acacia genistifolia,128763.0,Acacia genistifolia,Spreading Wattle,species,https://www.inaturalist.org/taxa/128763,False,True,cc-by-nc,USABLE_RESEARCH_GRADE_PHOTO_CURRENT_NAME_MATCH,,True,research_grade_observation,471972793.0,https://inaturalist-open-data.s3.amazonaws.com/photos/471972793/medium.jpg,cc-by,"(c) Bryce Watts-Parker, some rights reserved (CC BY)",262789693.0,https://www.inaturalist.org/observations/262789693,https://www.inaturalist.org/photos/471972793
Acacia genistifolia subsp. genistifolia,False,,,,,,,,False,False,,NO_SAFE_EXACT_OR_SYNONYM_MATCH,,False,,,,,,,,
Acacia howittii,True,EXACT_CURRENT_NAME,Acacia howittii,578923.0,Acacia howittii,sticky wattle,species,https://www.inaturalist.org/taxa/578923,False,True,cc-by,USABLE_DEFAULT_PHOTO_CURRENT_NAME_MATCH,,True,taxon_default_photo,32680140.0,https://inaturalist-open-data.s3.amazonaws.com/photos/32680140/medium.jpg,cc-by,"(c) Melburnian, some rights reserved (CC BY)",,,https://www.inaturalist.org/photos/32680140
Acacia implexa,True,EXACT_CURRENT_NAME,Acacia implexa,209475.0,Acacia implexa,Lightwood,species,https://www.inaturalist.org/taxa/209475,False,True,cc-by-nc-sa,USABLE_RESEARCH_GRADE_PHOTO_CURRENT_NAME_MATCH,,True,research_grade_observation,663353769.0,https://inaturalist-open-data.s3.amazonaws.com/photos/663353769/medium.jpg,cc-by-sa,"(c) Brian du Preez, some rights reserved (CC BY-SA)",363405487.0,https://www.inaturalist.org/observations/363405487,https://www.inaturalist.org/photos/663353769
Acacia iteaphylla,True,EXACT_CURRENT_NAME,Acacia iteaphylla,430599.0,Acacia iteaphylla,Flinders Range Wattle,species,https://www.inaturalist.org/taxa/430599,False,True,cc-by-nc,USABLE_RESEARCH_GRADE_PHOTO_CURRENT_NAME_MATCH,,True,research_grade_observation,607422198.0,https://inaturalist-open-data.s3.amazonaws.com/photos/607422198/medium.jpg,cc0,no rights reserved,334478316.0,https://www.inaturalist.org/observations/334478316,https://www.inaturalist.org/photos/607422198
Acacia leprosa,True,EXACT_CURRENT_NAME,Acacia leprosa,552637.0,Acacia leprosa,Cinnamon Wattle,species,https://www.inaturalist.org/taxa/552637,False,True,cc-by-nc-sa,USABLE_RESEARCH_GRADE_PHOTO_CURRENT_NAME_MATCH,,True,research_grade_observation,160057186.0,https://inaturalist-open-data.s3.amazonaws.com/photos/160057186/medium.jpg,cc-by,"(c) krumpianking, some rights reserved (CC BY)",96349192.0,https://www.inaturalist.org/observations/96349192,https://www.inaturalist.org/photos/160057186
Acacia leprosa var. uninervia,False,,,,,,,,False,False,,NO_SAFE_EXACT_OR_SYNONYM_MATCH,,False,,,,,,,,
Acacia longifolia,True,EXACT_CURRENT_NAME,Acacia longifolia,63379.0,Acacia longifolia,Longleaf Wattle,species,https://www.inaturalist.org/taxa/63379,False,True,cc-by-nc-sa,USABLE_RESEARCH_GRADE_PHOTO_CURRENT_NAME_MATCH,,True,research_grade_observation,335291559.0,https://inaturalist-open-data.s3.amazonaws.com/photos/335291559/medium.jpeg,cc0,no rights reserved,191164592.0,https://www.inaturalist.org/observations/191164592,https://www.inaturalist.org/photos/335291559
Acacia longifolia subsp. longifolia,False,,,,,,,,False,False,,NO_SAFE_EXACT_OR_SYNONYM_MATCH,,False,,,,,,,,
Acacia longifolia subsp. sophorae,False,,,,,,,,False,False,,NO_SAFE_EXACT_OR_SYNONYM_MATCH,,False,,,,,,,,
Acacia mearnsii,True,EXACT_CURRENT_NAME,Acacia mearnsii,75250.0,Acacia mearnsii,black wattle,species,https://www.inaturalist.org/taxa/75250,False,True,cc-by-nc-sa,USABLE_RESEARCH_GRADE_PHOTO_CURRENT_NAME_MATCH,,True,research_grade_observation,362257884.0,https://inaturalist-open-data.s3.amazonaws.com/photos/362257884/medium.jpeg,cc-by,"(c) Duarte Frade, some rights reserved (CC BY)",204916296.0,https://www.inaturalist.org/observations/204916296,https://www.inaturalist.org/photos/362257884
Acacia melanoxylon,True,EXACT_CURRENT_NAME,Acacia melanoxylon,53344.0,Acacia melanoxylon,blackwood,species,https://www.inaturalist.org/taxa/53344,False,True,cc-by-nc-sa,USABLE_RESEARCH_GRADE_PHOTO_CURRENT_NAME_MATCH,,True,research_grade_observation,87565989.0,https://inaturalist-open-data.s3.amazonaws.com/photos/87565989/medium.jpeg,cc-by,"(c) Leon Perrie, some rights reserved (CC BY)",55009658.0,https://www.inaturalist.org/observations/55009658,https://www.inaturalist.org/photos/87565989
Acacia myrtifolia,True,EXACT_CURRENT_NAME,Acacia myrtifolia,321064.0,Acacia myrtifolia,Myrtle Wattle,species,https://www.inaturalist.org/taxa/321064,False,True,cc-by-nc,USABLE_RESEARCH_GRADE_PHOTO_CURRENT_NAME_MATCH,,True,research_grade_observation,603542950.0,https://inaturalist-open-data.s3.amazonaws.com/photos/603542950/medium.jpg,cc-by,"(c) grampianshiker, some rights reserved (CC BY)",332565750.0,https://www.inaturalist.org/observations/332565750,https://www.inaturalist.org/photos/603542950
Acacia oxycedrus,True,EXACT_CURRENT_NAME,Acacia oxycedrus,321065.0,Acacia oxycedrus,Spike Wattle,species,https://www.inaturalist.org/taxa/321065,False,True,cc-by-nc,USABLE_RESEARCH_GRADE_PHOTO_CURRENT_NAME_MATCH,,True,research_grade_observation,526113032.0,https://inaturalist-open-data.s3.amazonaws.com/photos/526113032/medium.jpg,cc-by,"(c) grampianshiker, some rights reserved (CC BY)",292370633.0,https://www.inaturalist.org/observations/292370633,https://www.inaturalist.org/photos/526113032
Acacia paradoxa,True,EXACT_CURRENT_NAME,Acacia paradoxa,75251.0,Acacia paradoxa,Kangaroo thorn,species,https://www.inaturalist.org/taxa/75251,False,True,cc-by-nc-sa,USABLE_RESEARCH_GRADE_PHOTO_CURRENT_NAME_MATCH,,True,research_grade_observation,193177759.0,https://inaturalist-open-data.s3.amazonaws.com/photos/193177759/medium.jpeg,cc-by-sa,"(c) Tony Rebelo, some rights reserved (CC BY-SA)",114412515.0,https://www.inaturalist.org/observations/114412515,https://www.inaturalist.org/photos/193177759
Acacia pravissima,True,EXACT_CURRENT_NAME,Acacia pravissima,399285.0,Acacia pravissima,Ovens wattle,species,https://www.inaturalist.org/taxa/399285,False,True,cc-by-nc,USABLE_RESEARCH_GRADE_PHOTO_CURRENT_NAME_MATCH,,True,research_grade_observation,357596485.0,https://inaturalist-open-data.s3.amazonaws.com/photos/357596485/medium.jpg,cc-by,"(c) Saira Manns, some rights reserved (CC BY)",202473655.0,https://www.inaturalist.org/observations/202473655,https://www.inaturalist.org/photos/357596485
Acacia provincialis,True,EXACT_CURRENT_NAME,Acacia provincialis,739822.0,Acacia provincialis,Wirilda,species,https://www.inaturalist.org/taxa/739822,False,True,cc-by-nc-sa,USABLE_RESEARCH_GRADE_PHOTO_CURRENT_NAME_MATCH,,True,research_grade_observation,116193106.0,https://inaturalist-open-data.s3.amazonaws.com/photos/116193106/medium.jpeg,cc-by,"(c) Ivor Wilson, some rights reserved (CC BY)",71371175.0,https://www.inaturalist.org/observations/71371175,https://www.inaturalist.org/photos/116193106
Acacia pycnantha,True,EXACT_CURRENT_NAME,Acacia pycnantha,75253.0,Acacia pycnantha,Golden Wattle,species,https://www.inaturalist.org/taxa/75253,False,True,cc-by-nc,USABLE_RESEARCH_GRADE_PHOTO_CURRENT_NAME_MATCH,,True,research_grade_observation,131659410.0,https://inaturalist-open-data.s3.amazonaws.com/photos/131659410/medium.jpeg,cc-by-sa,"(c) Tony Rebelo, some rights reserved (CC BY-SA)",80334348.0,https://www.inaturalist.org/observations/80334348,https://www.inaturalist.org/photos/131659410
Acacia siculiformis,True,EXACT_CURRENT_NAME,Acacia siculiformis,567724.0,Acacia siculiformis,Dagger Wattle,species,https://www.inaturalist.org/taxa/567724,False,True,cc-by-nc,USABLE_RESEARCH_GRADE_PHOTO_CURRENT_NAME_MATCH,,True,research_grade_observation,391466214.0,https://inaturalist-open-data.s3.amazonaws.com/photos/391466214/medium.jpeg,cc0,no rights reserved,221069689.0,https://www.inaturalist.org/observations/221069689,https://www.inaturalist.org/photos/391466214
Acacia stricta,True,EXACT_CURRENT_NAME,Acacia stricta,323794.0,Acacia stricta,Hop wattle,species,https://www.inaturalist.org/taxa/323794,False,True,,USABLE_RESEARCH_GRADE_PHOTO_CURRENT_NAME_MATCH,,True,research_grade_observation,424401731.0,https://inaturalist-open-data.s3.amazonaws.com/photos/424401731/medium.jpg,cc-by,"(c) grampianshiker, some rights reserved (CC BY)",238387448.0,https://www.inaturalist.org/observations/238387448,https://www.inaturalist.org/photos/424401731
Acacia suaveolens,True,EXACT_CURRENT_NAME,Acacia suaveolens,321062.0,Acacia suaveolens,Sweet Wattle,species,https://www.inaturalist.org/taxa/321062,False,True,cc-by-nc-sa,USABLE_RESEARCH_GRADE_PHOTO_CURRENT_NAME_MATCH,,True,research_grade_observation,96521495.0,https://inaturalist-open-data.s3.amazonaws.com/photos/96521495/medium.jpeg,cc-by,"(c) Max Campbell, some rights reserved (CC BY)",60367163.0,https://www.inaturalist.org/observations/60367163,https://www.inaturalist.org/photos/96521495
Acacia ulicifolia,True,EXACT_CURRENT_NAME,Acacia ulicifolia,139880.0,Acacia ulicifolia,juniper wattle,species,https://www.inaturalist.org/taxa/139880,False,True,cc-by-nc-sa,USABLE_RESEARCH_GRADE_PHOTO_CURRENT_NAME_MATCH,,True,research_grade_observation,123196304.0,https://inaturalist-open-data.s3.amazonaws.com/photos/123196304/medium.jpeg,cc-by,"(c) Tim, some rights reserved (CC BY)",75313416.0,https://www.inaturalist.org/observations/75313416,https://www.inaturalist.org/photos/123196304
Acacia verticillata,True,EXACT_CURRENT_NAME,Acacia verticillata,57037.0,Acacia verticillata,Prickly moses,species,https://www.inaturalist.org/taxa/57037,False,True,cc-by-nc,USABLE_RESEARCH_GRADE_PHOTO_CURRENT_NAME_MATCH,,True,research_grade_observation,31088130.0,https://inaturalist-open-data.s3.amazonaws.com/photos/31088130/medium.jpg,cc-by-sa,"(c) Tony Rebelo, some rights reserved (CC BY-SA)",20153866.0,https://www.inaturalist.org/observations/20153866,https://www.inaturalist.org/photos/31088130
Acacia verticillata subsp. cephalantha,False,,,,,,,,False,False,,NO_SAFE_EXACT_OR_SYNONYM_MATCH,,False,,,,,,,,
Acacia verticillata subsp. verticillata,False,,,,,,,,False,False,,NO_SAFE_EXACT_OR_SYNONYM_MATCH,,False,,,,,,,,
Acaena echinata,True,EXACT_CURRENT_NAME,Acaena echinata,323795.0,Acaena echinata,Sheep's Burr,species,https://www.inaturalist.org/taxa/323795,False,True,cc-by-nc,USABLE_RESEARCH_GRADE_PHOTO_CURRENT_NAME_MATCH,,True,research_grade_observation,302959310.0,https://inaturalist-open-data.s3.amazonaws.com/photos/302959310/medium.jpg,cc-by,"(c) Nicole Kearney, some rights reserved (CC BY)",174390917.0,https://www.inaturalist.org/observations/174390917,https://www.inaturalist.org/photos/302959310
Acaena novae-zelandiae,True,EXACT_CURRENT_NAME,Acaena novae-zelandiae,75256.0,Acaena novae-zelandiae,Biddy-biddy,species,https://www.inaturalist.org/taxa/75256,False,True,cc-by-nc-sa,USABLE_RESEARCH_GRADE_PHOTO_CURRENT_NAME_MATCH,,True,research_grade_observation,76469625.0,https://inaturalist-open-data.s3.amazonaws.com/photos/76469625/medium.jpeg,cc-by,"(c) eyrezer, some rights reserved (CC BY)",48200995.0,https://www.inaturalist.org/observations/48200995,https://www.inaturalist.org/photos/76469625
Acaena ×ovina,False,,,,,,,,False,False,,NO_SAFE_EXACT_OR_SYNONYM_MATCH,,False,,,,,,,,
Acanthus mollis,True,EXACT_CURRENT_NAME,Acanthus mollis,70045.0,Acanthus mollis,Bear's breeches,species,https://www.inaturalist.org/taxa/70045,False,True,cc-by-nd,USABLE_RESEARCH_GRADE_PHOTO_CURRENT_NAME_MATCH,,True,research_grade_observation,217107219.0,https://inaturalist-open-data.s3.amazonaws.com/photos/217107219/medium.jpeg,cc-by,"(c) Gianni Del Bufalo bygdb, some rights reserved (CC BY)",127855900.0,https://www.inaturalist.org/observations/127855900,https://www.inaturalist.org/photos/217107219
Acer negundo,True,EXACT_CURRENT_NAME,Acer negundo,47726.0,Acer negundo,box elder,species,https://www.inaturalist.org/taxa/47726,False,True,cc-by,USABLE_DEFAULT_PHOTO_CURRENT_NAME_MATCH,,True,taxon_default_photo,486113480.0,https://inaturalist-open-data.s3.amazonaws.com/photos/486113480/medium.jpg,cc-by,"(c) Jay Pruett, some rights reserved (CC BY), uploaded by Jay Pruett",,,https://www.inaturalist.org/photos/486113480
Acetosella vulgaris,True,EXACT_SYNONYM,Acetosella vulgaris,53195.0,Rumex acetosella,Sheep's sorrel,species,https://www.inaturalist.org/taxa/53195,True,True,cc-by-nc,USABLE_RESEARCH_GRADE_PHOTO_SYNONYM_MATCH,,True,research_grade_observation,288214435.0,https://inaturalist-open-data.s3.amazonaws.com/photos/288214435/medium.jpg,cc-by,"(c) Kieran Hanrahan, some rights reserved (CC BY)",166433783.0,https://www.inaturalist.org/observations/166433783,https://www.inaturalist.org/photos/288214435
Achrophyllum dentatum,True,EXACT_CURRENT_NAME,Achrophyllum dentatum,399310.0,Achrophyllum dentatum,,species,https://www.inaturalist.org/taxa/399310,False,True,cc-by-nc,USABLE_RESEARCH_GRADE_PHOTO_CURRENT_NAME_MATCH,,True,research_grade_observation,5457894.0,https://inaturalist-open-data.s3.amazonaws.com/photos/5457894/medium.jpg,cc0,no rights reserved,4510946.0,https://www.inaturalist.org/observations/4510946,https://www.inaturalist.org/photos/5457894
Acianthus pusillus,True,EXACT_CURRENT_NAME,Acianthus pusillus,549968.0,Acianthus pusillus,small mosquito-orchid,species,https://www.inaturalist.org/taxa/549968,False,True,cc-by-nc-sa,USABLE_RESEARCH_GRADE_PHOTO_CURRENT_NAME_MATCH,,True,research_grade_observation,421500102.0,https://inaturalist-open-data.s3.amazonaws.com/photos/421500102/medium.jpeg,cc-by,"(c) Rosalie Lawrence, some rights reserved (CC BY)",236882372.0,https://www.inaturalist.org/observations/236882372,https://www.inaturalist.org/photos/421500102
Acrocladium chlamydophyllum,True,EXACT_CURRENT_NAME,Acrocladium chlamydophyllum,399348.0,Acrocladium chlamydophyllum,,species,https://www.inaturalist.org/taxa/399348,False,True,,USABLE_RESEARCH_GRADE_PHOTO_CURRENT_NAME_MATCH,,True,research_grade_observation,75847531.0,https://inaturalist-open-data.s3.amazonaws.com/photos/75847531/medium.jpeg,cc-by-sa,"(c) Colin Meurk, some rights reserved (CC BY-SA)",47813109.0,https://www.inaturalist.org/observations/47813109,https://www.inaturalist.org/photos/75847531
Acrotriche serrulata,True,EXACT_CURRENT_NAME,Acrotriche serrulata,323796.0,Acrotriche serrulata,Honey-pots,species,https://www.inaturalist.org/taxa/323796,False,True,cc-by-nc-nd,USABLE_RESEARCH_GRADE_PHOTO_CURRENT_NAME_MATCH,,True,research_grade_observation,474174115.0,https://inaturalist-open-data.s3.amazonaws.com/photos/474174115/medium.jpeg,cc0,no rights reserved,263900665.0,https://www.inaturalist.org/observations/263900665,https://www.inaturalist.org/photos/474174115
Adiantum aethiopicum,True,EXACT_CURRENT_NAME,Adiantum aethiopicum,323940.0,Adiantum aethiopicum,common maidenhair fern,species,https://www.inaturalist.org/taxa/323940,False,True,cc-by-nc,USABLE_RESEARCH_GRADE_PHOTO_CURRENT_NAME_MATCH,,True,research_grade_observation,651506374.0,https://inaturalist-open-data.s3.amazonaws.com/photos/651506374/medium.jpg,cc0,no rights reserved,357227018.0,https://www.inaturalist.org/observations/357227018,https://www.inaturalist.org/photos/651506374
Agapanthus praecox,True,EXACT_CURRENT_NAME,Agapanthus praecox,199324.0,Agapanthus praecox,blue lily,species,https://www.inaturalist.org/taxa/199324,False,True,,USABLE_RESEARCH_GRADE_PHOTO_CURRENT_NAME_MATCH,,True,research_grade_observation,458437486.0,https://inaturalist-open-data.s3.amazonaws.com/photos/458437486/medium.jpg,cc-by,"(c) zebedeugalinha, some rights reserved (CC BY)",255771718.0,https://www.inaturalist.org/observations/255771718,https://www.inaturalist.org/photos/458437486
Agapanthus praecox subsp. orientalis,False,,,,,,,,False,False,,NO_SAFE_EXACT_OR_SYNONYM_MATCH,,False,,,,,,,,
Agrostis capillaris,True,EXACT_CURRENT_NAME,Agrostis capillaris,75312.0,Agrostis capillaris,colonial bent,species,https://www.inaturalist.org/taxa/75312,False,True,cc-by-nc,USABLE_RESEARCH_GRADE_PHOTO_CURRENT_NAME_MATCH,,True,research_grade_observation,362485026.0,https://inaturalist-open-data.s3.amazonaws.com/photos/362485026/medium.jpeg,cc-by,"(c) William Harland, some rights reserved (CC BY)",205036804.0,https://www.inaturalist.org/observations/205036804,https://www.inaturalist.org/photos/362485026
Agrostis capillaris var. capillaris,False,,,,,,,,False,False,,NO_SAFE_EXACT_OR_SYNONYM_MATCH,,False,,,,,,,,
Agrostis stolonifera,True,EXACT_CURRENT_NAME,Agrostis stolonifera,69931.0,Agrostis stolonifera,Creeping Bent,species,https://www.inaturalist.org/taxa/69931,False,True,cc-by-nc,USABLE_RESEARCH_GRADE_PHOTO_CURRENT_NAME_MATCH,,True,research_grade_observation,462484817.0,https://inaturalist-open-data.s3.amazonaws.com/photos/462484817/medium.jpeg,cc-by,"(c) Julia Palmer, some rights reserved (CC BY)",257783301.0,https://www.inaturalist.org/observations/257783301,https://www.inaturalist.org/photos/462484817
Aira elegantissima,True,EXACT_SYNONYM,Aira elegantissima,75321.0,Aira elegans,elegant hair grass,species,https://www.inaturalist.org/taxa/75321,True,True,cc-by-nc,USABLE_RESEARCH_GRADE_PHOTO_SYNONYM_MATCH,,True,research_grade_observation,596626469.0,https://inaturalist-open-data.s3.amazonaws.com/photos/596626469/medium.jpg,cc-by,"(c) Kym Nicolson, some rights reserved (CC BY)",329171102.0,https://www.inaturalist.org/observations/329171102,https://www.inaturalist.org/photos/596626469
Aizoon pubescens,True,EXACT_CURRENT_NAME,Aizoon pubescens,1038398.0,Aizoon pubescens,Coastal Galenia,species,https://www.inaturalist.org/taxa/1038398,False,True,,USABLE_RESEARCH_GRADE_PHOTO_CURRENT_NAME_MATCH,,True,research_grade_observation,55954472.0,https://inaturalist-open-data.s3.amazonaws.com/photos/55954472/medium.jpeg,cc-by,"(c) Andrew Thornhill, some rights reserved (CC BY)",35483555.0,https://www.inaturalist.org/observations/35483555,https://www.inaturalist.org/photos/55954472
Alisma plantago-aquatica,True,EXACT_CURRENT_NAME,Alisma plantago-aquatica,60253.0,Alisma plantago-aquatica,European Water-plantain,species,https://www.inaturalist.org/taxa/60253,False,True,cc-by-nc,USABLE_RESEARCH_GRADE_PHOTO_CURRENT_NAME_MATCH,,True,research_grade_observation,30516704.0,https://inaturalist-open-data.s3.amazonaws.com/photos/30516704/medium.jpg,cc-by,"(c) Terra Occ, some rights reserved (CC BY)",19799028.0,https://www.inaturalist.org/observations/19799028,https://www.inaturalist.org/photos/30516704
Allittia cardiocarpa,True,EXACT_CURRENT_NAME,Allittia cardiocarpa,557458.0,Allittia cardiocarpa,swamp daisy,species,https://www.inaturalist.org/taxa/557458,False,True,cc-by-nc,USABLE_RESEARCH_GRADE_PHOTO_CURRENT_NAME_MATCH,,True,research_grade_observation,74464951.0,https://inaturalist-open-data.s3.amazonaws.com/photos/74464951/medium.jpeg,cc-by,"(c) Kevin Sparrow, some rights reserved (CC BY)",46952933.0,https://www.inaturalist.org/observations/46952933,https://www.inaturalist.org/photos/74464951
Allium triquetrum,True,EXACT_CURRENT_NAME,Allium triquetrum,55505.0,Allium triquetrum,Three-cornered garlic,species,https://www.inaturalist.org/taxa/55505,False,True,,USABLE_RESEARCH_GRADE_PHOTO_CURRENT_NAME_MATCH,,True,research_grade_observation,16220336.0,https://inaturalist-open-data.s3.amazonaws.com/photos/16220336/medium.jpg,cc0,no rights reserved,11381118.0,https://www.inaturalist.org/observations/11381118,https://www.inaturalist.org/photos/16220336
Allocasuarina littoralis,True,EXACT_CURRENT_NAME,Allocasuarina littoralis,323786.0,Allocasuarina littoralis,Black sheoak,species,https://www.inaturalist.org/taxa/323786,False,True,cc-by,USABLE_DEFAULT_PHOTO_CURRENT_NAME_MATCH,,True,taxon_default_photo,96546720.0,https://inaturalist-open-data.s3.amazonaws.com/photos/96546720/medium.jpeg,cc-by,"(c) Max Campbell, some rights reserved (CC BY), uploaded by Max Campbell",,,https://www.inaturalist.org/photos/96546720
Allocasuarina paludosa,True,EXACT_CURRENT_NAME,Allocasuarina paludosa,353910.0,Allocasuarina paludosa,Scrub Sheoak,species,https://www.inaturalist.org/taxa/353910,False,True,cc-by-nc,USABLE_RESEARCH_GRADE_PHOTO_CURRENT_NAME_MATCH,,True,research_grade_observation,660421937.0,https://inaturalist-open-data.s3.amazonaws.com/photos/660421937/medium.jpg,cc-by,"(c) Bryce Watts-Parker, some rights reserved (CC BY)",361858455.0,https://www.inaturalist.org/observations/361858455,https://www.inaturalist.org/photos/660421937
Allocasuarina paradoxa,True,EXACT_CURRENT_NAME,Allocasuarina paradoxa,791150.0,Allocasuarina paradoxa,Green Sheoak,species,https://www.inaturalist.org/taxa/791150,False,True,cc-by-nc,USABLE_LICENSED_PHOTO_CURRENT_NAME_MATCH,,True,licensed_observation,289855224.0,https://inaturalist-open-data.s3.amazonaws.com/photos/289855224/medium.jpg,cc0,no rights reserved,167325595.0,https://www.inaturalist.org/observations/167325595,https://www.inaturalist.org/photos/289855224
Allocasuarina pusilla,True,EXACT_CURRENT_NAME,Allocasuarina pusilla,700173.0,Allocasuarina pusilla,dwarf sheoak,species,https://www.inaturalist.org/taxa/700173,False,True,cc-by-nc,USABLE_RESEARCH_GRADE_PHOTO_CURRENT_NAME_MATCH,,True,research_grade_observation,53864917.0,https://inaturalist-open-data.s3.amazonaws.com/photos/53864917/medium.jpeg,cc-by,"(c) Andrew Thornhill, some rights reserved (CC BY)",34241145.0,https://www.inaturalist.org/observations/34241145,https://www.inaturalist.org/photos/53864917
Allocasuarina verticillata,True,EXACT_CURRENT_NAME,Allocasuarina verticillata,122323.0,Allocasuarina verticillata,Drooping She-oak,species,https://www.inaturalist.org/taxa/122323,False,True,cc-by-nc,USABLE_RESEARCH_GRADE_PHOTO_CURRENT_NAME_MATCH,,True,research_grade_observation,215133642.0,https://inaturalist-open-data.s3.amazonaws.com/photos/215133642/medium.jpeg,cc-by,"(c) Max Campbell, some rights reserved (CC BY)",126770052.0,https://www.inaturalist.org/observations/126770052,https://www.inaturalist.org/photos/215133642
Alopecurus pratensis,True,EXACT_CURRENT_NAME,Alopecurus pratensis,71141.0,Alopecurus pratensis,Meadow Foxtail,species,https://www.inaturalist.org/taxa/71141,False,True,,USABLE_RESEARCH_GRADE_PHOTO_CURRENT_NAME_MATCH,,True,research_grade_observation,664922495.0,https://inaturalist-open-data.s3.amazonaws.com/photos/664922495/medium.jpg,cc-by,"(c) Владимир Дворкин, some rights reserved (CC BY)",364233043.0,https://www.inaturalist.org/observations/364233043,https://www.inaturalist.org/photos/664922495
Alternanthera denticulata,True,EXACT_CURRENT_NAME,Alternanthera denticulata,369665.0,Alternanthera denticulata,Lesser Joyweed,species,https://www.inaturalist.org/taxa/369665,False,True,cc-by-nc,USABLE_RESEARCH_GRADE_PHOTO_CURRENT_NAME_MATCH,,True,research_grade_observation,512247994.0,https://inaturalist-open-data.s3.amazonaws.com/photos/512247994/medium.jpg,cc-by,"(c) Lucas Christofides, some rights reserved (CC BY)",285000188.0,https://www.inaturalist.org/observations/285000188,https://www.inaturalist.org/photos/512247994
Alternanthera philoxeroides,True,EXACT_CURRENT_NAME,Alternanthera philoxeroides,75386.0,Alternanthera philoxeroides,Alligatorweed,species,https://www.inaturalist.org/taxa/75386,False,True,cc-by-nc,USABLE_RESEARCH_GRADE_PHOTO_CURRENT_NAME_MATCH,,True,research_grade_observation,726840543.0,https://inaturalist-open-data.s3.amazonaws.com/photos/726840543/medium.jpg,cc-by,"(c) Elizabete Marchante, some rights reserved (CC BY)",396334948.0,https://www.inaturalist.org/observations/396334948,https://www.inaturalist.org/photos/726840543
Amelichloa caudata,True,EXACT_CURRENT_NAME,Amelichloa caudata,1437822.0,Amelichloa caudata,Puna Grass,species,https://www.inaturalist.org/taxa/1437822,False,True,cc-by-nc,USABLE_RESEARCH_GRADE_PHOTO_CURRENT_NAME_MATCH,,True,research_grade_observation,515627816.0,https://inaturalist-open-data.s3.amazonaws.com/photos/515627816/medium.jpg,cc-by-sa,"(c) Pere Barnola, some rights reserved (CC BY-SA)",286796462.0,https://www.inaturalist.org/observations/286796462,https://www.inaturalist.org/photos/515627816
Amperea xiphoclada,True,EXACT_CURRENT_NAME,Amperea xiphoclada,323797.0,Amperea xiphoclada,Broom Spurge,species,https://www.inaturalist.org/taxa/323797,False,True,cc-by-nc-nd,USABLE_RESEARCH_GRADE_PHOTO_CURRENT_NAME_MATCH,,True,research_grade_observation,74327067.0,https://inaturalist-open-data.s3.amazonaws.com/photos/74327067/medium.jpeg,cc-by,"(c) Lorraine Phelan, some rights reserved (CC BY)",46866668.0,https://www.inaturalist.org/observations/46866668,https://www.inaturalist.org/photos/74327067
Amperea xiphoclada var. xiphoclada,False,,,,,,,,False,False,,NO_SAFE_EXACT_OR_SYNONYM_MATCH,,False,,,,,,,,
Amphibromus archeri,True,EXACT_CURRENT_NAME,Amphibromus archeri,155650.0,Amphibromus archeri,,species,https://www.inaturalist.org/taxa/155650,False,True,cc-by,USABLE_DEFAULT_PHOTO_CURRENT_NAME_MATCH,,True,taxon_default_photo,90910250.0,https://inaturalist-open-data.s3.amazonaws.com/photos/90910250/medium.jpg,cc-by,"(c) Kym Nicolson, some rights reserved (CC BY), uploaded by Kym Nicolson",,,https://www.inaturalist.org/photos/90910250
Amphibromus nervosus,True,EXACT_CURRENT_NAME,Amphibromus nervosus,155649.0,Amphibromus nervosus,common swamp wallaby-grass,species,https://www.inaturalist.org/taxa/155649,False,True,cc-by-nc,USABLE_RESEARCH_GRADE_PHOTO_CURRENT_NAME_MATCH,,True,research_grade_observation,260523417.0,https://inaturalist-open-data.s3.amazonaws.com/photos/260523417/medium.jpeg,cc-by,"(c) Nina Kerr, some rights reserved (CC BY)",151027788.0,https://www.inaturalist.org/observations/151027788,https://www.inaturalist.org/photos/260523417
Amyema miquelii,True,EXACT_CURRENT_NAME,Amyema miquelii,481934.0,Amyema miquelii,Box Mistletoe,species,https://www.inaturalist.org/taxa/481934,False,True,,USABLE_RESEARCH_GRADE_PHOTO_CURRENT_NAME_MATCH,,True,research_grade_observation,460900527.0,https://inaturalist-open-data.s3.amazonaws.com/photos/460900527/medium.jpg,cc0,no rights reserved,256985657.0,https://www.inaturalist.org/observations/256985657,https://www.inaturalist.org/photos/460900527
Amyema miraculosa,True,EXACT_CURRENT_NAME,Amyema miraculosa,850328.0,Amyema miraculosa,Fleshy Mistletoe,species,https://www.inaturalist.org/taxa/850328,False,True,cc-by-nc,USABLE_RESEARCH_GRADE_PHOTO_CURRENT_NAME_MATCH,,True,research_grade_observation,554000197.0,https://inaturalist-open-data.s3.amazonaws.com/photos/554000197/medium.jpg,cc-by-sa,"(c) Lachlan Copeland, some rights reserved (CC BY-SA)",307163538.0,https://www.inaturalist.org/observations/307163538,https://www.inaturalist.org/photos/554000197
Amyema pendula,True,EXACT_CURRENT_NAME,Amyema pendula,492560.0,Amyema pendula,drooping mistletoe,species,https://www.inaturalist.org/taxa/492560,False,True,cc-by-nc,USABLE_RESEARCH_GRADE_PHOTO_CURRENT_NAME_MATCH,,True,research_grade_observation,541102437.0,https://inaturalist-open-data.s3.amazonaws.com/photos/541102437/medium.jpg,cc-by,"(c) John Tann, some rights reserved (CC BY)",300316933.0,https://www.inaturalist.org/observations/300316933,https://www.inaturalist.org/photos/541102437
Amyema pendula subsp. pendula,False,,,,,,,,False,False,,NO_SAFE_EXACT_OR_SYNONYM_MATCH,,False,,,,,,,,
Angianthus preissianus,True,EXACT_CURRENT_NAME,Angianthus preissianus,1089581.0,Angianthus preissianus,,species,https://www.inaturalist.org/taxa/1089581,False,True,cc-by-sa,USABLE_DEFAULT_PHOTO_CURRENT_NAME_MATCH,,True,taxon_default_photo,89333832.0,https://inaturalist-open-data.s3.amazonaws.com/photos/89333832/medium.jpeg,cc-by-sa,"(c) James (Jim) Duggan, some rights reserved (CC BY-SA), uploaded by James (Jim) Duggan",,,https://www.inaturalist.org/photos/89333832
Anredera cordifolia,True,EXACT_CURRENT_NAME,Anredera cordifolia,75457.0,Anredera cordifolia,Mignonette vine,species,https://www.inaturalist.org/taxa/75457,False,True,,USABLE_RESEARCH_GRADE_PHOTO_CURRENT_NAME_MATCH,,True,research_grade_observation,3639209.0,https://inaturalist-open-data.s3.amazonaws.com/photos/3639209/medium.jpg,cc-by,"(c) Jon Sullivan, some rights reserved (CC BY)",3148973.0,https://www.inaturalist.org/observations/3148973,https://www.inaturalist.org/photos/3639209
Anthosachne scabra,True,EXACT_CURRENT_NAME,Anthosachne scabra,484160.0,Anthosachne scabra,Blue Wheat Grass,species,https://www.inaturalist.org/taxa/484160,False,True,cc-by,USABLE_DEFAULT_PHOTO_CURRENT_NAME_MATCH,,True,taxon_default_photo,2839013.0,https://inaturalist-open-data.s3.amazonaws.com/photos/2839013/medium.JPG,cc-by,"(c) Alice Shanks, some rights reserved (CC BY), uploaded by Alice Shanks",,,https://www.inaturalist.org/photos/2839013
Anthoxanthum odoratum,True,EXACT_CURRENT_NAME,Anthoxanthum odoratum,75475.0,Anthoxanthum odoratum,sweet vernal grass,species,https://www.inaturalist.org/taxa/75475,False,True,cc-by,USABLE_DEFAULT_PHOTO_CURRENT_NAME_MATCH,,True,taxon_default_photo,73830271.0,https://inaturalist-open-data.s3.amazonaws.com/photos/73830271/medium.jpeg,cc-by,"(c) Tom Norton, some rights reserved (CC BY), uploaded by Tom Norton",,,https://www.inaturalist.org/photos/73830271
Aotus ericoides,True,EXACT_CURRENT_NAME,Aotus ericoides,323231.0,Aotus ericoides,Common Aotus,species,https://www.inaturalist.org/taxa/323231,False,True,cc-by-nc-sa,USABLE_RESEARCH_GRADE_PHOTO_CURRENT_NAME_MATCH,,True,research_grade_observation,640627366.0,https://inaturalist-open-data.s3.amazonaws.com/photos/640627366/medium.jpg,cc-by,"(c) Bryce Watts-Parker, some rights reserved (CC BY)",351076848.0,https://www.inaturalist.org/observations/351076848,https://www.inaturalist.org/photos/640627366
Aphelia gracilis,True,EXACT_CURRENT_NAME,Aphelia gracilis,1143399.0,Aphelia gracilis,Slender Aphelia,species,https://www.inaturalist.org/taxa/1143399,False,True,cc-by-nc,USABLE_RESEARCH_GRADE_PHOTO_CURRENT_NAME_MATCH,,True,research_grade_observation,100600505.0,https://inaturalist-open-data.s3.amazonaws.com/photos/100600505/medium.jpeg,cc0,no rights reserved,62754555.0,https://www.inaturalist.org/observations/62754555,https://www.inaturalist.org/photos/100600505
Aphelia pumilio,True,EXACT_CURRENT_NAME,Aphelia pumilio,958703.0,Aphelia pumilio,,species,https://www.inaturalist.org/taxa/958703,False,True,cc-by,USABLE_DEFAULT_PHOTO_CURRENT_NAME_MATCH,,True,taxon_default_photo,54984744.0,https://inaturalist-open-data.s3.amazonaws.com/photos/54984744/medium.jpg,cc-by,"(c) Kym Nicolson, some rights reserved (CC BY), uploaded by Kym Nicolson",,,https://www.inaturalist.org/photos/54984744
Arbutus unedo,True,EXACT_CURRENT_NAME,Arbutus unedo,82689.0,Arbutus unedo,strawberry tree,species,https://www.inaturalist.org/taxa/82689,False,True,cc-by-nc,USABLE_RESEARCH_GRADE_PHOTO_CURRENT_NAME_MATCH,,True,research_grade_observation,203203936.0,https://inaturalist-open-data.s3.amazonaws.com/photos/203203936/medium.jpeg,cc-by,"(c) B. Phalan, some rights reserved (CC BY)",120168175.0,https://www.inaturalist.org/observations/120168175,https://www.inaturalist.org/photos/203203936
Arctotheca calendula,True,EXACT_CURRENT_NAME,Arctotheca calendula,56024.0,Arctotheca calendula,Capeweed,species,https://www.inaturalist.org/taxa/56024,False,True,cc-by-nc-sa,USABLE_RESEARCH_GRADE_PHOTO_CURRENT_NAME_MATCH,,True,research_grade_observation,458457218.0,https://inaturalist-open-data.s3.amazonaws.com/photos/458457218/medium.jpg,cc-by,"(c) zebedeugalinha, some rights reserved (CC BY)",255781449.0,https://www.inaturalist.org/observations/255781449,https://www.inaturalist.org/photos/458457218
Arthropodium fimbriatum,True,EXACT_CURRENT_NAME,Arthropodium fimbriatum,1138705.0,Arthropodium fimbriatum,Nodding Chocolate Lily,species,https://www.inaturalist.org/taxa/1138705,False,True,cc-by-nc,USABLE_RESEARCH_GRADE_PHOTO_CURRENT_NAME_MATCH,,True,research_grade_observation,184803437.0,https://inaturalist-open-data.s3.amazonaws.com/photos/184803437/medium.jpeg,cc-by,"(c) Kiri Bee, some rights reserved (CC BY)",109627553.0,https://www.inaturalist.org/observations/109627553,https://www.inaturalist.org/photos/184803437
Arthropodium milleflorum,True,EXACT_CURRENT_NAME,Arthropodium milleflorum,522233.0,Arthropodium milleflorum,pale vanilla lily,species,https://www.inaturalist.org/taxa/522233,False,True,cc-by-nc-sa,USABLE_RESEARCH_GRADE_PHOTO_CURRENT_NAME_MATCH,,True,research_grade_observation,598391977.0,https://inaturalist-open-data.s3.amazonaws.com/photos/598391977/medium.jpg,cc-by,"(c) plantlookymagee, some rights reserved (CC BY)",330045065.0,https://www.inaturalist.org/observations/330045065,https://www.inaturalist.org/photos/598391977
Arthropodium strictum,True,EXACT_CURRENT_NAME,Arthropodium strictum,1138706.0,Arthropodium strictum,chocolate lily,species,https://www.inaturalist.org/taxa/1138706,False,True,cc-by-nc,USABLE_RESEARCH_GRADE_PHOTO_CURRENT_NAME_MATCH,,True,research_grade_observation,165312740.0,https://inaturalist-open-data.s3.amazonaws.com/photos/165312740/medium.jpg,cc-by,"(c) T. Hammer, some rights reserved (CC BY)",99197317.0,https://www.inaturalist.org/observations/99197317,https://www.inaturalist.org/photos/165312740
Asparagus asparagoides,True,EXACT_CURRENT_NAME,Asparagus asparagoides,64107.0,Asparagus asparagoides,Cape Smilax,species,https://www.inaturalist.org/taxa/64107,False,True,cc-by-nc,USABLE_RESEARCH_GRADE_PHOTO_CURRENT_NAME_MATCH,,True,research_grade_observation,153596175.0,https://inaturalist-open-data.s3.amazonaws.com/photos/153596175/medium.jpeg,cc-by,"(c) Arnim Littek, some rights reserved (CC BY)",92736824.0,https://www.inaturalist.org/observations/92736824,https://www.inaturalist.org/photos/153596175
Atriplex cinerea,True,EXACT_CURRENT_NAME,Atriplex cinerea,323798.0,Atriplex cinerea,Grey Saltbush,species,https://www.inaturalist.org/taxa/323798,False,True,cc-by-nc,USABLE_RESEARCH_GRADE_PHOTO_CURRENT_NAME_MATCH,,True,research_grade_observation,155308900.0,https://inaturalist-open-data.s3.amazonaws.com/photos/155308900/medium.jpg,cc-by,"(c) Oliver S., some rights reserved (CC BY)",93684388.0,https://www.inaturalist.org/observations/93684388,https://www.inaturalist.org/photos/155308900
Atriplex prostrata,True,EXACT_CURRENT_NAME,Atriplex prostrata,60176.0,Atriplex prostrata,Creeping Saltbush,species,https://www.inaturalist.org/taxa/60176,False,True,,USABLE_RESEARCH_GRADE_PHOTO_CURRENT_NAME_MATCH,,True,research_grade_observation,212953498.0,https://inaturalist-open-data.s3.amazonaws.com/photos/212953498/medium.jpeg,cc-by,"(c) Yurii Basov, some rights reserved (CC BY)",125566293.0,https://www.inaturalist.org/observations/125566293,https://www.inaturalist.org/photos/212953498
Austrostipa mollis,True,EXACT_CURRENT_NAME,Austrostipa mollis,960427.0,Austrostipa mollis,soft speargrass,species,https://www.inaturalist.org/taxa/960427,False,True,cc-by,USABLE_DEFAULT_PHOTO_CURRENT_NAME_MATCH,,True,taxon_default_photo,257538712.0,https://inaturalist-open-data.s3.amazonaws.com/photos/257538712/medium.jpg,cc-by,"(c) Kym Nicolson, some rights reserved (CC BY), uploaded by Kym Nicolson",,,https://www.inaturalist.org/photos/257538712
Austrostipa pubinodis,True,EXACT_CURRENT_NAME,Austrostipa pubinodis,985048.0,Austrostipa pubinodis,,species,https://www.inaturalist.org/taxa/985048,False,True,cc-by,USABLE_DEFAULT_PHOTO_CURRENT_NAME_MATCH,,True,taxon_default_photo,98658953.0,https://inaturalist-open-data.s3.amazonaws.com/photos/98658953/medium.jpg,cc-by,"(c) Kym Nicolson, some rights reserved (CC BY), uploaded by Kym Nicolson",,,https://www.inaturalist.org/photos/98658953
Austrostipa rudis,True,EXACT_CURRENT_NAME,Austrostipa rudis,865491.0,Austrostipa rudis,veined spear-grass,species,https://www.inaturalist.org/taxa/865491,False,True,cc-by-nc-sa,USABLE_RESEARCH_GRADE_PHOTO_CURRENT_NAME_MATCH,,True,research_grade_observation,459359507.0,https://inaturalist-open-data.s3.amazonaws.com/photos/459359507/medium.jpeg,cc-by,"(c) maxark, some rights reserved (CC BY)",256232380.0,https://www.inaturalist.org/observations/256232380,https://www.inaturalist.org/photos/459359507
Austrostipa rudis subsp. rudis,False,,,,,,,,False,False,,NO_SAFE_EXACT_OR_SYNONYM_MATCH,,False,,,,,,,,
Austrostipa scabra,True,EXACT_CURRENT_NAME,Austrostipa scabra,399856.0,Austrostipa scabra,rough speargrass,species,https://www.inaturalist.org/taxa/399856,False,True,,USABLE_RESEARCH_GRADE_PHOTO_CURRENT_NAME_MATCH,,True,research_grade_observation,244992858.0,https://inaturalist-open-data.s3.amazonaws.com/photos/244992858/medium.jpg,cc-by,"(c) Kym Nicolson, some rights reserved (CC BY)",142862035.0,https://www.inaturalist.org/observations/142862035,https://www.inaturalist.org/photos/244992858
Austrostipa scabra subsp. scabra,False,,,,,,,,False,False,,NO_SAFE_EXACT_OR_SYNONYM_MATCH,,False,,,,,,,,
Austrostipa stipoides,True,EXACT_CURRENT_NAME,Austrostipa stipoides,501089.0,Austrostipa stipoides,coastal immorality grass,species,https://www.inaturalist.org/taxa/501089,False,True,cc-by-nd,USABLE_RESEARCH_GRADE_PHOTO_CURRENT_NAME_MATCH,,True,research_grade_observation,510655124.0,https://inaturalist-open-data.s3.amazonaws.com/photos/510655124/medium.jpg,cc-by,"(c) Bryce Watts-Parker, some rights reserved (CC BY)",284158578.0,https://www.inaturalist.org/observations/284158578,https://www.inaturalist.org/photos/510655124
Avena fatua,True,EXACT_CURRENT_NAME,Avena fatua,52698.0,Avena fatua,wild oat,species,https://www.inaturalist.org/taxa/52698,False,True,cc-by-nc,USABLE_RESEARCH_GRADE_PHOTO_CURRENT_NAME_MATCH,,True,research_grade_observation,141853686.0,https://inaturalist-open-data.s3.amazonaws.com/photos/141853686/medium.jpeg,cc-by,"(c) KAnatoliy, some rights reserved (CC BY)",86137968.0,https://www.inaturalist.org/observations/86137968,https://www.inaturalist.org/photos/141853686
Avena sterilis,True,EXACT_CURRENT_NAME,Avena sterilis,75722.0,Avena sterilis,animated oat,species,https://www.inaturalist.org/taxa/75722,False,True,cc-by-nc,USABLE_RESEARCH_GRADE_PHOTO_CURRENT_NAME_MATCH,,True,research_grade_observation,190856900.0,https://inaturalist-open-data.s3.amazonaws.com/photos/190856900/medium.jpeg,cc-by,"(c) Gianni Del Bufalo bygdb, some rights reserved (CC BY)",112966607.0,https://www.inaturalist.org/observations/112966607,https://www.inaturalist.org/photos/190856900
Azolla rubra,True,EXACT_CURRENT_NAME,Azolla rubra,399865.0,Azolla rubra,Red Azolla,species,https://www.inaturalist.org/taxa/399865,False,True,cc-by,USABLE_DEFAULT_PHOTO_CURRENT_NAME_MATCH,,True,taxon_default_photo,77569222.0,https://inaturalist-open-data.s3.amazonaws.com/photos/77569222/medium.jpeg,cc-by,"(c) Katie Jenkins, some rights reserved (CC BY), uploaded by Katie Jenkins",,,https://www.inaturalist.org/photos/77569222
Banksia integrifolia,True,EXACT_CURRENT_NAME,Banksia integrifolia,244884.0,Banksia integrifolia,Coastal Banksia,species,https://www.inaturalist.org/taxa/244884,False,True,cc-by-nc-sa,USABLE_RESEARCH_GRADE_PHOTO_CURRENT_NAME_MATCH,,True,research_grade_observation,118691837.0,https://inaturalist-open-data.s3.amazonaws.com/photos/118691837/medium.jpg,cc-by-sa,"(c) Greg Tasney, some rights reserved (CC BY-SA)",72762150.0,https://www.inaturalist.org/observations/72762150,https://www.inaturalist.org/photos/118691837
Banksia integrifolia subsp. integrifolia,False,,,,,,,,False,False,,NO_SAFE_EXACT_OR_SYNONYM_MATCH,,False,,,,,,,,
Banksia marginata,True,EXACT_CURRENT_NAME,Banksia marginata,133274.0,Banksia marginata,Silver Banksia,species,https://www.inaturalist.org/taxa/133274,False,True,cc-by,USABLE_DEFAULT_PHOTO_CURRENT_NAME_MATCH,,True,taxon_default_photo,30623385.0,https://inaturalist-open-data.s3.amazonaws.com/photos/30623385/medium.jpg,cc-by,"(c) Terra Occ, some rights reserved (CC BY), uploaded by Terra Occ",,,https://www.inaturalist.org/photos/30623385
Bellis perennis,True,EXACT_CURRENT_NAME,Bellis perennis,55563.0,Bellis perennis,Lawn daisy,species,https://www.inaturalist.org/taxa/55563,False,True,cc-by-sa,USABLE_DEFAULT_PHOTO_CURRENT_NAME_MATCH,,True,taxon_default_photo,515847774.0,https://inaturalist-open-data.s3.amazonaws.com/photos/515847774/medium.jpg,cc-by-sa,"(c) m.dolores paderne sa…, some rights reserved (CC BY-SA)",,,https://www.inaturalist.org/photos/515847774
Berula erecta,True,EXACT_CURRENT_NAME,Berula erecta,58790.0,Berula erecta,cutleaf water parsnip,species,https://www.inaturalist.org/taxa/58790,False,True,cc0,USABLE_DEFAULT_PHOTO_CURRENT_NAME_MATCH,,True,taxon_default_photo,46363090.0,https://inaturalist-open-data.s3.amazonaws.com/photos/46363090/medium.jpeg,cc0,"no rights reserved, uploaded by Harald Schnöde (Schnde)",,,https://www.inaturalist.org/photos/46363090
Bidens pilosa,True,EXACT_CURRENT_NAME,Bidens pilosa,50203.0,Bidens pilosa,Hairy Beggarticks,species,https://www.inaturalist.org/taxa/50203,False,True,cc-by-nc,USABLE_RESEARCH_GRADE_PHOTO_CURRENT_NAME_MATCH,,True,research_grade_observation,75528334.0,https://inaturalist-open-data.s3.amazonaws.com/photos/75528334/medium.jpg,cc-by,"(c) Takaaki Hattori, some rights reserved (CC BY)",47617341.0,https://www.inaturalist.org/observations/47617341,https://www.inaturalist.org/photos/75528334
Bidens pilosa var. minor,False,,,,,,,,False,False,,NO_SAFE_EXACT_OR_SYNONYM_MATCH,,False,,,,,,,,
Billardiera mutabilis,True,EXACT_CURRENT_NAME,Billardiera mutabilis,424084.0,Billardiera mutabilis,Common Apple-berry,species,https://www.inaturalist.org/taxa/424084,False,True,cc-by-nc,USABLE_RESEARCH_GRADE_PHOTO_CURRENT_NAME_MATCH,,True,research_grade_observation,245058151.0,https://inaturalist-open-data.s3.amazonaws.com/photos/245058151/medium.jpeg,cc0,no rights reserved,142981899.0,https://www.inaturalist.org/observations/142981899,https://www.inaturalist.org/photos/245058151
Billardiera scandens,True,EXACT_CURRENT_NAME,Billardiera scandens,321079.0,Billardiera scandens,Apple Berry,species,https://www.inaturalist.org/taxa/321079,False,True,cc-by-nc-nd,USABLE_RESEARCH_GRADE_PHOTO_CURRENT_NAME_MATCH,,True,research_grade_observation,173171057.0,https://inaturalist-open-data.s3.amazonaws.com/photos/173171057/medium.jpg,cc-by,"(c) Eamonn Culhane, some rights reserved (CC BY)",103466994.0,https://www.inaturalist.org/observations/103466994,https://www.inaturalist.org/photos/173171057
Boronia parviflora,True,EXACT_CURRENT_NAME,Boronia parviflora,323334.0,Boronia parviflora,Swamp Boronia,species,https://www.inaturalist.org/taxa/323334,False,True,cc-by-nc,USABLE_RESEARCH_GRADE_PHOTO_CURRENT_NAME_MATCH,,True,research_grade_observation,174088102.0,https://inaturalist-open-data.s3.amazonaws.com/photos/174088102/medium.jpeg,cc-by,"(c) ronavery, some rights reserved (CC BY)",103937781.0,https://www.inaturalist.org/observations/103937781,https://www.inaturalist.org/photos/174088102
Bossiaea cinerea,True,EXACT_CURRENT_NAME,Bossiaea cinerea,323802.0,Bossiaea cinerea,Showy Bossiaea,species,https://www.inaturalist.org/taxa/323802,False,True,cc-by-nc,USABLE_RESEARCH_GRADE_PHOTO_CURRENT_NAME_MATCH,,True,research_grade_observation,429198537.0,https://inaturalist-open-data.s3.amazonaws.com/photos/429198537/medium.jpeg,cc-by,"(c) Dylan Wishart, some rights reserved (CC BY)",240868379.0,https://www.inaturalist.org/observations/240868379,https://www.inaturalist.org/photos/429198537
Bossiaea prostrata,True,EXACT_CURRENT_NAME,Bossiaea prostrata,323803.0,Bossiaea prostrata,creeping bossiaea,species,https://www.inaturalist.org/taxa/323803,False,True,cc-by-nc-sa,USABLE_RESEARCH_GRADE_PHOTO_CURRENT_NAME_MATCH,,True,research_grade_observation,249417661.0,https://inaturalist-open-data.s3.amazonaws.com/photos/249417661/medium.jpeg,cc-by,"(c) Jacob Moore, some rights reserved (CC BY)",145220467.0,https://www.inaturalist.org/observations/145220467,https://www.inaturalist.org/photos/249417661
Bothriochloa macra,True,EXACT_CURRENT_NAME,Bothriochloa macra,243492.0,Bothriochloa macra,Redleg Grass,species,https://www.inaturalist.org/taxa/243492,False,True,cc-by,USABLE_DEFAULT_PHOTO_CURRENT_NAME_MATCH,,True,taxon_default_photo,183236516.0,https://inaturalist-open-data.s3.amazonaws.com/photos/183236516/medium.jpg,cc-by,"(c) Kevin Faccenda, some rights reserved (CC BY), uploaded by Kevin Faccenda",,,https://www.inaturalist.org/photos/183236516
Brachyscome diversifolia,True,EXACT_CURRENT_NAME,Brachyscome diversifolia,520376.0,Brachyscome diversifolia,Tall Daisy,species,https://www.inaturalist.org/taxa/520376,False,True,cc-by-nc,USABLE_RESEARCH_GRADE_PHOTO_CURRENT_NAME_MATCH,,True,research_grade_observation,167677056.0,https://inaturalist-open-data.s3.amazonaws.com/photos/167677056/medium.jpeg,cc-by,"(c) graeme lunt, some rights reserved (CC BY)",100461257.0,https://www.inaturalist.org/observations/100461257,https://www.inaturalist.org/photos/167677056
Brachyscome parvula,True,EXACT_CURRENT_NAME,Brachyscome parvula,1075219.0,Brachyscome parvula,,species,https://www.inaturalist.org/taxa/1075219,False,True,cc-by-nc,USABLE_RESEARCH_GRADE_PHOTO_CURRENT_NAME_MATCH,,True,research_grade_observation,74463072.0,https://inaturalist-open-data.s3.amazonaws.com/photos/74463072/medium.jpeg,cc-by,"(c) Kevin Sparrow, some rights reserved (CC BY)",46951613.0,https://www.inaturalist.org/observations/46951613,https://www.inaturalist.org/photos/74463072
Brachyscome perpusilla,True,EXACT_CURRENT_NAME,Brachyscome perpusilla,400088.0,Brachyscome perpusilla,Tiny Daisy,species,https://www.inaturalist.org/taxa/400088,False,True,cc-by-nc,USABLE_RESEARCH_GRADE_PHOTO_CURRENT_NAME_MATCH,,True,research_grade_observation,320741341.0,https://inaturalist-open-data.s3.amazonaws.com/photos/320741341/medium.jpeg,cc-by,"(c) Elspeth Swan, some rights reserved (CC BY)",183812987.0,https://www.inaturalist.org/observations/183812987,https://www.inaturalist.org/photos/320741341
Brassica fruticulosa,True,EXACT_CURRENT_NAME,Brassica fruticulosa,75868.0,Brassica fruticulosa,Mediterranean cabbage,species,https://www.inaturalist.org/taxa/75868,False,True,,USABLE_RESEARCH_GRADE_PHOTO_CURRENT_NAME_MATCH,,True,research_grade_observation,88378364.0,https://inaturalist-open-data.s3.amazonaws.com/photos/88378364/medium.jpeg,cc-by,"(c) Yves Bas, some rights reserved (CC BY)",55499338.0,https://www.inaturalist.org/observations/55499338,https://www.inaturalist.org/photos/88378364
Briza maxima,True,EXACT_CURRENT_NAME,Briza maxima,57157.0,Briza maxima,Greater Quaking Grass,species,https://www.inaturalist.org/taxa/57157,False,True,cc-by-nc,USABLE_RESEARCH_GRADE_PHOTO_CURRENT_NAME_MATCH,,True,research_grade_observation,671822674.0,https://inaturalist-open-data.s3.amazonaws.com/photos/671822674/medium.jpg,cc-by,"(c) zebedeugalinha, some rights reserved (CC BY)",367860302.0,https://www.inaturalist.org/observations/367860302,https://www.inaturalist.org/photos/671822674
Briza minor,True,EXACT_CURRENT_NAME,Briza minor,57162.0,Briza minor,Little quaking-grass,species,https://www.inaturalist.org/taxa/57162,False,True,cc-by,USABLE_DEFAULT_PHOTO_CURRENT_NAME_MATCH,,True,taxon_default_photo,34264.0,https://inaturalist-open-data.s3.amazonaws.com/photos/34264/medium.jpg,cc-by,"(c) Ken-ichi Ueda, some rights reserved (CC BY)",,,https://www.inaturalist.org/photos/34264
Bromus catharticus,True,EXACT_CURRENT_NAME,Bromus catharticus,60276.0,Bromus catharticus,Rescue Brome,species,https://www.inaturalist.org/taxa/60276,False,True,cc-by-nc,USABLE_RESEARCH_GRADE_PHOTO_CURRENT_NAME_MATCH,,True,research_grade_observation,458554578.0,https://inaturalist-open-data.s3.amazonaws.com/photos/458554578/medium.jpeg,cc-by,"(c) zebedeugalinha, some rights reserved (CC BY)",255829987.0,https://www.inaturalist.org/observations/255829987,https://www.inaturalist.org/photos/458554578
Bromus diandrus,True,EXACT_CURRENT_NAME,Bromus diandrus,52702.0,Bromus diandrus,great brome,species,https://www.inaturalist.org/taxa/52702,False,True,cc0,USABLE_DEFAULT_PHOTO_CURRENT_NAME_MATCH,,True,taxon_default_photo,131068365.0,https://inaturalist-open-data.s3.amazonaws.com/photos/131068365/medium.jpeg,cc0,"no rights reserved, uploaded by Ben Keen",,,https://www.inaturalist.org/photos/131068365
Bromus hordeaceus,True,EXACT_CURRENT_NAME,Bromus hordeaceus,52703.0,Bromus hordeaceus,common soft brome,species,https://www.inaturalist.org/taxa/52703,False,True,cc-by-nc,USABLE_RESEARCH_GRADE_PHOTO_CURRENT_NAME_MATCH,,True,research_grade_observation,16518146.0,https://inaturalist-open-data.s3.amazonaws.com/photos/16518146/medium.jpg,cc0,no rights reserved,11515711.0,https://www.inaturalist.org/observations/11515711,https://www.inaturalist.org/photos/16518146
Brunonia australis,True,EXACT_CURRENT_NAME,Brunonia australis,421601.0,Brunonia australis,blue pincushion,species,https://www.inaturalist.org/taxa/421601,False,True,cc-by-nd,USABLE_RESEARCH_GRADE_PHOTO_CURRENT_NAME_MATCH,,True,research_grade_observation,177870794.0,https://inaturalist-open-data.s3.amazonaws.com/photos/177870794/medium.jpeg,cc-by,"(c) Hugo Innes, some rights reserved (CC BY)",105940748.0,https://www.inaturalist.org/observations/105940748,https://www.inaturalist.org/photos/177870794
Bryum argenteum,True,EXACT_CURRENT_NAME,Bryum argenteum,123390.0,Bryum argenteum,Silvery Bryum,species,https://www.inaturalist.org/taxa/123390,False,True,cc-by-nc,USABLE_RESEARCH_GRADE_PHOTO_CURRENT_NAME_MATCH,,True,research_grade_observation,1200183.0,https://inaturalist-open-data.s3.amazonaws.com/photos/1200183/medium.,cc-by-sa,"(c) Colin Meurk, some rights reserved (CC BY-SA)",944296.0,https://www.inaturalist.org/observations/944296,https://www.inaturalist.org/photos/1200183
Bulbine bulbosa,True,EXACT_CURRENT_NAME,Bulbine bulbosa,516738.0,Bulbine bulbosa,Bulbine Lily,species,https://www.inaturalist.org/taxa/516738,False,True,cc-by,USABLE_DEFAULT_PHOTO_CURRENT_NAME_MATCH,,True,taxon_default_photo,236629464.0,https://inaturalist-open-data.s3.amazonaws.com/photos/236629464/medium.jpg,cc-by,"(c) Harry Rose, some rights reserved (CC BY)",,,https://www.inaturalist.org/photos/236629464
Burchardia umbellata,True,EXACT_CURRENT_NAME,Burchardia umbellata,83628.0,Burchardia umbellata,Milkmaids,species,https://www.inaturalist.org/taxa/83628,False,True,,USABLE_RESEARCH_GRADE_PHOTO_CURRENT_NAME_MATCH,,True,research_grade_observation,368316210.0,https://inaturalist-open-data.s3.amazonaws.com/photos/368316210/medium.jpg,cc-by,"(c) Petra Holland, some rights reserved (CC BY)",208185461.0,https://www.inaturalist.org/observations/208185461,https://www.inaturalist.org/photos/368316210
Burnettia cuneata,True,EXACT_CURRENT_NAME,Burnettia cuneata,323896.0,Burnettia cuneata,lizard orchid,species,https://www.inaturalist.org/taxa/323896,False,True,cc-by-nc,USABLE_RESEARCH_GRADE_PHOTO_CURRENT_NAME_MATCH,,True,research_grade_observation,346631174.0,https://inaturalist-open-data.s3.amazonaws.com/photos/346631174/medium.jpg,cc-by,"(c) fungihunter, some rights reserved (CC BY)",196889940.0,https://www.inaturalist.org/observations/196889940,https://www.inaturalist.org/photos/346631174
Bursaria spinosa,True,EXACT_CURRENT_NAME,Bursaria spinosa,83571.0,Bursaria spinosa,Australian Blackthorn,species,https://www.inaturalist.org/taxa/83571,False,True,cc-by-nc,USABLE_RESEARCH_GRADE_PHOTO_CURRENT_NAME_MATCH,,True,research_grade_observation,594178917.0,https://inaturalist-open-data.s3.amazonaws.com/photos/594178917/medium.jpg,cc-by,"(c) T. Hammer, some rights reserved (CC BY)",327948035.0,https://www.inaturalist.org/observations/327948035,https://www.inaturalist.org/photos/594178917
Bursaria spinosa subsp. spinosa,False,,,,,,,,False,False,,NO_SAFE_EXACT_OR_SYNONYM_MATCH,,False,,,,,,,,
Caesia calliantha,True,EXACT_CURRENT_NAME,Caesia calliantha,353967.0,Caesia calliantha,blue grass lily,species,https://www.inaturalist.org/taxa/353967,False,True,cc-by-nc,USABLE_RESEARCH_GRADE_PHOTO_CURRENT_NAME_MATCH,,True,research_grade_observation,237087526.0,https://inaturalist-open-data.s3.amazonaws.com/photos/237087526/medium.jpg,cc-by,"(c) Dylan Wishart, some rights reserved (CC BY)",138684762.0,https://www.inaturalist.org/observations/138684762,https://www.inaturalist.org/photos/237087526
Caesia parviflora,True,EXACT_CURRENT_NAME,Caesia parviflora,323895.0,Caesia parviflora,Pale Grass Lily,species,https://www.inaturalist.org/taxa/323895,False,True,cc-by-nc-sa,USABLE_RESEARCH_GRADE_PHOTO_CURRENT_NAME_MATCH,,True,research_grade_observation,446994161.0,https://inaturalist-open-data.s3.amazonaws.com/photos/446994161/medium.jpeg,cc-by,"(c) Petra Holland, some rights reserved (CC BY)",249989303.0,https://www.inaturalist.org/observations/249989303,https://www.inaturalist.org/photos/446994161
Caesia parviflora var. minor,False,,,,,,,,False,False,,NO_SAFE_EXACT_OR_SYNONYM_MATCH,,False,,,,,,,,
Caesia parviflora var. parviflora,False,,,,,,,,False,False,,NO_SAFE_EXACT_OR_SYNONYM_MATCH,,False,,,,,,,,
Caladenia australis,True,EXACT_CURRENT_NAME,Caladenia australis,553186.0,Caladenia australis,,species,https://www.inaturalist.org/taxa/553186,False,True,cc-by-nc-sa,USABLE_RESEARCH_GRADE_PHOTO_CURRENT_NAME_MATCH,,True,research_grade_observation,325227243.0,https://inaturalist-open-data.s3.amazonaws.com/photos/325227243/medium.jpeg,cc-by,"(c) Peter Crowcroft, some rights reserved (CC BY)",186139739.0,https://www.inaturalist.org/observations/186139739,https://www.inaturalist.org/photos/325227243
Caladenia oenochila,True,EXACT_CURRENT_NAME,Caladenia oenochila,552647.0,Caladenia oenochila,wine-lipped spider-orchid,species,https://www.inaturalist.org/taxa/552647,False,True,cc-by-nc-sa,USABLE_RESEARCH_GRADE_PHOTO_CURRENT_NAME_MATCH,,True,research_grade_observation,731680946.0,https://inaturalist-open-data.s3.amazonaws.com/photos/731680946/medium.jpg,cc-by,"(c) Peter Crowcroft, some rights reserved (CC BY)",398836732.0,https://www.inaturalist.org/observations/398836732,https://www.inaturalist.org/photos/731680946
Caladenia parva,True,EXACT_CURRENT_NAME,Caladenia parva,516622.0,Caladenia parva,Small Spider-orchid,species,https://www.inaturalist.org/taxa/516622,False,True,cc-by-nc,USABLE_RESEARCH_GRADE_PHOTO_CURRENT_NAME_MATCH,,True,research_grade_observation,351007589.0,https://inaturalist-open-data.s3.amazonaws.com/photos/351007589/medium.jpg,cc-by-sa,"(c) Lachlan Copeland, some rights reserved (CC BY-SA)",199076189.0,https://www.inaturalist.org/observations/199076189,https://www.inaturalist.org/photos/351007589
Caladenia robinsonii,True,EXACT_CURRENT_NAME,Caladenia robinsonii,796585.0,Caladenia robinsonii,,species,https://www.inaturalist.org/taxa/796585,False,True,cc-by-nc-sa,PHOTO_EXISTS_BUT_NO_ACCEPTED_LICENSE_FOUND,,False,,,,,,,,
Caladenia venusta,True,EXACT_CURRENT_NAME,Caladenia venusta,464078.0,Caladenia venusta,Large White Spider Orchid,species,https://www.inaturalist.org/taxa/464078,False,True,cc-by-nc-sa,USABLE_RESEARCH_GRADE_PHOTO_CURRENT_NAME_MATCH,,True,research_grade_observation,686420776.0,https://inaturalist-open-data.s3.amazonaws.com/photos/686420776/medium.jpg,cc-by,"(c) grampianshiker, some rights reserved (CC BY)",375477322.0,https://www.inaturalist.org/observations/375477322,https://www.inaturalist.org/photos/686420776
Caleana major,True,EXACT_CURRENT_NAME,Caleana major,321088.0,Caleana major,Large Flying Duck Orchid,species,https://www.inaturalist.org/taxa/321088,False,True,cc-by,USABLE_DEFAULT_PHOTO_CURRENT_NAME_MATCH,,True,taxon_default_photo,332284855.0,https://inaturalist-open-data.s3.amazonaws.com/photos/332284855/medium.jpg,cc-by,"(c) Connor Margetts, some rights reserved (CC BY), uploaded by Connor Margetts",,,https://www.inaturalist.org/photos/332284855
Callitriche stagnalis,True,EXACT_CURRENT_NAME,Callitriche stagnalis,75938.0,Callitriche stagnalis,Pond water-starwort,species,https://www.inaturalist.org/taxa/75938,False,True,cc-by,USABLE_DEFAULT_PHOTO_CURRENT_NAME_MATCH,,True,taxon_default_photo,306557901.0,https://inaturalist-open-data.s3.amazonaws.com/photos/306557901/medium.jpeg,cc-by,"(c) geosesarma, some rights reserved (CC BY), uploaded by geosesarma",,,https://www.inaturalist.org/photos/306557901
Calochilus paludosus,True,EXACT_CURRENT_NAME,Calochilus paludosus,400292.0,Calochilus paludosus,red beard orchid,species,https://www.inaturalist.org/taxa/400292,False,True,cc-by-nc,USABLE_RESEARCH_GRADE_PHOTO_CURRENT_NAME_MATCH,,True,research_grade_observation,57268561.0,https://inaturalist-open-data.s3.amazonaws.com/photos/57268561/medium.jpg,cc-by,"(c) Jesse de Vries, some rights reserved (CC BY)",36240190.0,https://www.inaturalist.org/observations/36240190,https://www.inaturalist.org/photos/57268561
Calystegia sepium,True,EXACT_CURRENT_NAME,Calystegia sepium,57481.0,Calystegia sepium,hedge bindweed,species,https://www.inaturalist.org/taxa/57481,False,True,cc-by-nc,USABLE_RESEARCH_GRADE_PHOTO_CURRENT_NAME_MATCH,,True,research_grade_observation,146905209.0,https://inaturalist-open-data.s3.amazonaws.com/photos/146905209/medium.jpg,cc0,no rights reserved,88986244.0,https://www.inaturalist.org/observations/88986244,https://www.inaturalist.org/photos/146905209
Calystegia sepium subsp. roseata,False,,,,,,,,False,False,,NO_SAFE_EXACT_OR_SYNONYM_MATCH,,False,,,,,,,,
Calystegia silvatica,True,EXACT_CURRENT_NAME,Calystegia silvatica,75968.0,Calystegia silvatica,large bindweed,species,https://www.inaturalist.org/taxa/75968,False,True,,USABLE_RESEARCH_GRADE_PHOTO_CURRENT_NAME_MATCH,,True,research_grade_observation,471812080.0,https://inaturalist-open-data.s3.amazonaws.com/photos/471812080/medium.jpg,cc0,no rights reserved,262711827.0,https://www.inaturalist.org/observations/262711827,https://www.inaturalist.org/photos/471812080
Calystegia silvatica subsp. silvatica,False,,,,,,,,False,False,,NO_SAFE_EXACT_OR_SYNONYM_MATCH,,False,,,,,,,,
Campylopus appressifolius,True,EXACT_CURRENT_NAME,Campylopus appressifolius,400348.0,Campylopus appressifolius,,species,https://www.inaturalist.org/taxa/400348,False,True,cc-by-nc,USABLE_RESEARCH_GRADE_PHOTO_CURRENT_NAME_MATCH,,True,research_grade_observation,90054835.0,https://inaturalist-open-data.s3.amazonaws.com/photos/90054835/medium.jpeg,cc-by,"(c) Andrew Thornhill, some rights reserved (CC BY)",56505769.0,https://www.inaturalist.org/observations/56505769,https://www.inaturalist.org/photos/90054835
Campylopus introflexus,True,EXACT_CURRENT_NAME,Campylopus introflexus,130289.0,Campylopus introflexus,Heath Star-moss,species,https://www.inaturalist.org/taxa/130289,False,True,,USABLE_RESEARCH_GRADE_PHOTO_CURRENT_NAME_MATCH,,True,research_grade_observation,565834399.0,https://inaturalist-open-data.s3.amazonaws.com/photos/565834399/medium.jpg,cc0,no rights reserved,313337293.0,https://www.inaturalist.org/observations/313337293,https://www.inaturalist.org/photos/565834399
Campylopus kirkii,True,EXACT_CURRENT_NAME,Campylopus kirkii,400356.0,Campylopus kirkii,,species,https://www.inaturalist.org/taxa/400356,False,True,cc-by,USABLE_DEFAULT_PHOTO_CURRENT_NAME_MATCH,,True,taxon_default_photo,335464254.0,https://inaturalist-open-data.s3.amazonaws.com/photos/335464254/medium.jpeg,cc-by,"(c) Hugo Innes, some rights reserved (CC BY), uploaded by Hugo Innes",,,https://www.inaturalist.org/photos/335464254
Cardamine hirsuta,True,EXACT_CURRENT_NAME,Cardamine hirsuta,55829.0,Cardamine hirsuta,hairy bittercress,species,https://www.inaturalist.org/taxa/55829,False,True,cc-by-nc-sa,USABLE_RESEARCH_GRADE_PHOTO_CURRENT_NAME_MATCH,,True,research_grade_observation,179866926.0,https://inaturalist-open-data.s3.amazonaws.com/photos/179866926/medium.jpeg,cc-by,"(c) Gavin Slater, some rights reserved (CC BY)",106996349.0,https://www.inaturalist.org/observations/106996349,https://www.inaturalist.org/photos/179866926
Cardamine moirensis,True,EXACT_CURRENT_NAME,Cardamine moirensis,1641763.0,Cardamine moirensis,,species,https://www.inaturalist.org/taxa/1641763,False,True,cc-by-nc,PHOTO_EXISTS_BUT_NO_ACCEPTED_LICENSE_FOUND,,False,,,,,,,,
Carduus pycnocephalus,True,EXACT_CURRENT_NAME,Carduus pycnocephalus,52990.0,Carduus pycnocephalus,Italian thistle,species,https://www.inaturalist.org/taxa/52990,False,True,cc-by,USABLE_DEFAULT_PHOTO_CURRENT_NAME_MATCH,,True,taxon_default_photo,4287278.0,https://inaturalist-open-data.s3.amazonaws.com/photos/4287278/medium.jpeg,cc-by,"(c) Don Loarie, some rights reserved (CC BY), uploaded by Don Loarie",,,https://www.inaturalist.org/photos/4287278
Carex appressa,True,EXACT_CURRENT_NAME,Carex appressa,323375.0,Carex appressa,Southern Cutty Sedge,species,https://www.inaturalist.org/taxa/323375,False,True,,USABLE_RESEARCH_GRADE_PHOTO_CURRENT_NAME_MATCH,,True,research_grade_observation,328428479.0,https://inaturalist-open-data.s3.amazonaws.com/photos/328428479/medium.jpg,cc-by,"(c) Dylan Wishart, some rights reserved (CC BY)",187757915.0,https://www.inaturalist.org/observations/187757915,https://www.inaturalist.org/photos/328428479
Carex breviculmis,True,EXACT_CURRENT_NAME,Carex breviculmis,141171.0,Carex breviculmis,grassland sedge,species,https://www.inaturalist.org/taxa/141171,False,True,cc0,USABLE_DEFAULT_PHOTO_CURRENT_NAME_MATCH,,True,taxon_default_photo,63466453.0,https://inaturalist-open-data.s3.amazonaws.com/photos/63466453/medium.jpeg,cc0,"no rights reserved, uploaded by 葉子",,,https://www.inaturalist.org/photos/63466453
Carex fascicularis,True,EXACT_CURRENT_NAME,Carex fascicularis,400418.0,Carex fascicularis,Tassel Sedge,species,https://www.inaturalist.org/taxa/400418,False,True,cc0,USABLE_DEFAULT_PHOTO_CURRENT_NAME_MATCH,,True,taxon_default_photo,1870480.0,https://inaturalist-open-data.s3.amazonaws.com/photos/1870480/medium.jpg,cc0,"no rights reserved, uploaded by Peter de Lange",,,https://www.inaturalist.org/photos/1870480
Carex gaudichaudiana,True,EXACT_CURRENT_NAME,Carex gaudichaudiana,323387.0,Carex gaudichaudiana,,species,https://www.inaturalist.org/taxa/323387,False,True,cc-by-nd,USABLE_RESEARCH_GRADE_PHOTO_CURRENT_NAME_MATCH,,True,research_grade_observation,344591816.0,https://inaturalist-open-data.s3.amazonaws.com/photos/344591816/medium.jpeg,cc-by,"(c) Leon Perrie, some rights reserved (CC BY)",195818641.0,https://www.inaturalist.org/observations/195818641,https://www.inaturalist.org/photos/344591816
Carex inversa,True,EXACT_CURRENT_NAME,Carex inversa,76059.0,Carex inversa,Knob Sedge,species,https://www.inaturalist.org/taxa/76059,False,True,cc-by-nc,USABLE_RESEARCH_GRADE_PHOTO_CURRENT_NAME_MATCH,,True,research_grade_observation,615676499.0,https://inaturalist-open-data.s3.amazonaws.com/photos/615676499/medium.jpg,cc-by,"(c) Corin, some rights reserved (CC BY)",338533732.0,https://www.inaturalist.org/observations/338533732,https://www.inaturalist.org/photos/615676499
Carthamus tinctorius,True,EXACT_CURRENT_NAME,Carthamus tinctorius,76135.0,Carthamus tinctorius,Safflower,species,https://www.inaturalist.org/taxa/76135,False,True,cc0,USABLE_DEFAULT_PHOTO_CURRENT_NAME_MATCH,,True,taxon_default_photo,135048787.0,https://inaturalist-open-data.s3.amazonaws.com/photos/135048787/medium.jpeg,cc0,"no rights reserved, uploaded by 葉子",,,https://www.inaturalist.org/photos/135048787
Cassinia aculeata,True,EXACT_CURRENT_NAME,Cassinia aculeata,323103.0,Cassinia aculeata,Australian Tauhinu,species,https://www.inaturalist.org/taxa/323103,False,True,,USABLE_RESEARCH_GRADE_PHOTO_CURRENT_NAME_MATCH,,True,research_grade_observation,453723428.0,https://inaturalist-open-data.s3.amazonaws.com/photos/453723428/medium.jpeg,cc-by,"(c) Zara, some rights reserved (CC BY)",253404191.0,https://www.inaturalist.org/observations/253404191,https://www.inaturalist.org/photos/453723428
Cassinia aculeata subsp. aculeata,False,,,,,,,,False,False,,NO_SAFE_EXACT_OR_SYNONYM_MATCH,,False,,,,,,,,
Cassinia arcuata,True,EXACT_CURRENT_NAME,Cassinia arcuata,211200.0,Cassinia arcuata,,species,https://www.inaturalist.org/taxa/211200,False,True,cc-by-nc-sa,USABLE_LICENSED_PHOTO_CURRENT_NAME_MATCH,,True,licensed_observation,264194145.0,https://inaturalist-open-data.s3.amazonaws.com/photos/264194145/medium.jpeg,cc-by,"(c) Elaine Fieth, some rights reserved (CC BY)",152998846.0,https://www.inaturalist.org/observations/152998846,https://www.inaturalist.org/photos/264194145
Cassinia longifolia,True,EXACT_CURRENT_NAME,Cassinia longifolia,212104.0,Cassinia longifolia,Shiny Cassinia,species,https://www.inaturalist.org/taxa/212104,False,True,cc-by-nc,USABLE_RESEARCH_GRADE_PHOTO_CURRENT_NAME_MATCH,,True,research_grade_observation,338189047.0,https://inaturalist-open-data.s3.amazonaws.com/photos/338189047/medium.jpeg,cc-by,"(c) Leon Perrie, some rights reserved (CC BY)",192631606.0,https://www.inaturalist.org/observations/192631606,https://www.inaturalist.org/photos/338189047
Cassinia sifton,True,EXACT_CURRENT_NAME,Cassinia sifton,884979.0,Cassinia sifton,Sifton Bush,species,https://www.inaturalist.org/taxa/884979,False,True,cc-by,USABLE_DEFAULT_PHOTO_CURRENT_NAME_MATCH,,True,taxon_default_photo,37665955.0,https://inaturalist-open-data.s3.amazonaws.com/photos/37665955/medium.jpeg,cc-by,"(c) coenobita, some rights reserved (CC BY), uploaded by coenobita",,,https://www.inaturalist.org/photos/37665955
Cassytha glabella,True,EXACT_CURRENT_NAME,Cassytha glabella,323804.0,Cassytha glabella,Slender Devil's Twine,species,https://www.inaturalist.org/taxa/323804,False,True,cc-by-nc,USABLE_RESEARCH_GRADE_PHOTO_CURRENT_NAME_MATCH,,True,research_grade_observation,248735040.0,https://inaturalist-open-data.s3.amazonaws.com/photos/248735040/medium.jpeg,cc-by,"(c) Matt Berger, some rights reserved (CC BY)",144870855.0,https://www.inaturalist.org/observations/144870855,https://www.inaturalist.org/photos/248735040
Cassytha glabella f. dispar,False,,,,,,,,False,False,,NO_SAFE_EXACT_OR_SYNONYM_MATCH,,False,,,,,,,,
Cassytha melantha,True,EXACT_CURRENT_NAME,Cassytha melantha,733735.0,Cassytha melantha,Coarse Dodder-laurel,species,https://www.inaturalist.org/taxa/733735,False,True,cc-by-nc,USABLE_RESEARCH_GRADE_PHOTO_CURRENT_NAME_MATCH,,True,research_grade_observation,582756306.0,https://inaturalist-open-data.s3.amazonaws.com/photos/582756306/medium.jpg,cc-by,"(c) grampianshiker, some rights reserved (CC BY)",322172773.0,https://www.inaturalist.org/observations/322172773,https://www.inaturalist.org/photos/582756306
Cassytha pubescens,True,EXACT_CURRENT_NAME,Cassytha pubescens,323806.0,Cassytha pubescens,Downy Dodder-laurel,species,https://www.inaturalist.org/taxa/323806,False,True,cc-by-nc,USABLE_RESEARCH_GRADE_PHOTO_CURRENT_NAME_MATCH,,True,research_grade_observation,111582498.0,https://inaturalist-open-data.s3.amazonaws.com/photos/111582498/medium.jpeg,cc-by,"(c) Danielle Munster, some rights reserved (CC BY)",68848559.0,https://www.inaturalist.org/observations/68848559,https://www.inaturalist.org/photos/111582498
Cenchrus clandestinus,True,EXACT_CURRENT_NAME,Cenchrus clandestinus,60298.0,Cenchrus clandestinus,Kikuyu Grass,species,https://www.inaturalist.org/taxa/60298,False,True,cc-by-nc,USABLE_RESEARCH_GRADE_PHOTO_CURRENT_NAME_MATCH,,True,research_grade_observation,398462717.0,https://inaturalist-open-data.s3.amazonaws.com/photos/398462717/medium.jpeg,cc-by,"(c) Patricio Novoa, some rights reserved (CC BY)",224793778.0,https://www.inaturalist.org/observations/224793778,https://www.inaturalist.org/photos/398462717
Cenchrus longispinus,True,EXACT_CURRENT_NAME,Cenchrus longispinus,76206.0,Cenchrus longispinus,mat sandbur,species,https://www.inaturalist.org/taxa/76206,False,True,cc-by-nc,USABLE_RESEARCH_GRADE_PHOTO_CURRENT_NAME_MATCH,,True,research_grade_observation,141624050.0,https://inaturalist-open-data.s3.amazonaws.com/photos/141624050/medium.jpeg,cc-by,"(c) KAnatoliy, some rights reserved (CC BY)",86012807.0,https://www.inaturalist.org/observations/86012807,https://www.inaturalist.org/photos/141624050
Centaurium erythraea,True,EXACT_CURRENT_NAME,Centaurium erythraea,56236.0,Centaurium erythraea,Common centaury,species,https://www.inaturalist.org/taxa/56236,False,True,cc-by-nc-sa,USABLE_RESEARCH_GRADE_PHOTO_CURRENT_NAME_MATCH,,True,research_grade_observation,701629642.0,https://inaturalist-open-data.s3.amazonaws.com/photos/701629642/medium.jpg,cc-by,"(c) zebedeugalinha, some rights reserved (CC BY)",383352587.0,https://www.inaturalist.org/observations/383352587,https://www.inaturalist.org/photos/701629642
Centella cordifolia,True,EXACT_CURRENT_NAME,Centella cordifolia,353944.0,Centella cordifolia,Swamp pennywort,species,https://www.inaturalist.org/taxa/353944,False,True,cc-by-nc-sa,USABLE_RESEARCH_GRADE_PHOTO_CURRENT_NAME_MATCH,,True,research_grade_observation,547871282.0,https://inaturalist-open-data.s3.amazonaws.com/photos/547871282/medium.jpg,cc-by,"(c) grampianshiker, some rights reserved (CC BY)",303947923.0,https://www.inaturalist.org/observations/303947923,https://www.inaturalist.org/photos/547871282
Centipeda cunninghamii,True,EXACT_CURRENT_NAME,Centipeda cunninghamii,634407.0,Centipeda cunninghamii,Common Sneezeweed,species,https://www.inaturalist.org/taxa/634407,False,True,cc-by-nd,USABLE_RESEARCH_GRADE_PHOTO_CURRENT_NAME_MATCH,,True,research_grade_observation,344224440.0,https://inaturalist-open-data.s3.amazonaws.com/photos/344224440/medium.jpeg,cc-by,"(c) Josh, some rights reserved (CC BY)",195635107.0,https://www.inaturalist.org/observations/195635107,https://www.inaturalist.org/photos/344224440
Centrolepis aristata,True,EXACT_CURRENT_NAME,Centrolepis aristata,323902.0,Centrolepis aristata,pointed centrolepis,species,https://www.inaturalist.org/taxa/323902,False,True,cc-by-nc,USABLE_RESEARCH_GRADE_PHOTO_CURRENT_NAME_MATCH,,True,research_grade_observation,166753605.0,https://inaturalist-open-data.s3.amazonaws.com/photos/166753605/medium.jpeg,cc-by,"(c) Nina Kerr, some rights reserved (CC BY)",99958654.0,https://www.inaturalist.org/observations/99958654,https://www.inaturalist.org/photos/166753605
Centrolepis fascicularis,True,EXACT_CURRENT_NAME,Centrolepis fascicularis,857497.0,Centrolepis fascicularis,,species,https://www.inaturalist.org/taxa/857497,False,True,cc-by-nc,USABLE_RESEARCH_GRADE_PHOTO_CURRENT_NAME_MATCH,,True,research_grade_observation,542200188.0,https://inaturalist-open-data.s3.amazonaws.com/photos/542200188/medium.jpg,cc-by,"(c) John Tann, some rights reserved (CC BY)",300904746.0,https://www.inaturalist.org/observations/300904746,https://www.inaturalist.org/photos/542200188
Centrolepis strigosa,True,EXACT_CURRENT_NAME,Centrolepis strigosa,353856.0,Centrolepis strigosa,hairy centrolepis,species,https://www.inaturalist.org/taxa/353856,False,True,cc-by-nc-sa,USABLE_RESEARCH_GRADE_PHOTO_CURRENT_NAME_MATCH,,True,research_grade_observation,96130688.0,https://inaturalist-open-data.s3.amazonaws.com/photos/96130688/medium.jpg,cc-by,"(c) Kym Nicolson, some rights reserved (CC BY)",60134485.0,https://www.inaturalist.org/observations/60134485,https://www.inaturalist.org/photos/96130688
Centrolepis strigosa subsp. strigosa,False,,,,,,,,False,False,,NO_SAFE_EXACT_OR_SYNONYM_MATCH,,False,,,,,,,,
Cerastium glomeratum,True,EXACT_CURRENT_NAME,Cerastium glomeratum,52973.0,Cerastium glomeratum,Sticky mouse-ear chickweed,species,https://www.inaturalist.org/taxa/52973,False,True,cc-by-sa,USABLE_DEFAULT_PHOTO_CURRENT_NAME_MATCH,,True,taxon_default_photo,364232762.0,https://inaturalist-open-data.s3.amazonaws.com/photos/364232762/medium.jpg,cc-by-sa,"(c) Gilles San Martin, some rights reserved (CC BY-SA), uploaded by Gilles San Martin",,,https://www.inaturalist.org/photos/364232762
Ceratodon purpureus,True,EXACT_CURRENT_NAME,Ceratodon purpureus,123117.0,Ceratodon purpureus,Redshank,species,https://www.inaturalist.org/taxa/123117,False,True,,USABLE_RESEARCH_GRADE_PHOTO_CURRENT_NAME_MATCH,,True,research_grade_observation,160886403.0,https://inaturalist-open-data.s3.amazonaws.com/photos/160886403/medium.jpeg,cc-by,"(c) Martin Purdy, some rights reserved (CC BY)",96811019.0,https://www.inaturalist.org/observations/96811019,https://www.inaturalist.org/photos/160886403
Chamaecytisus palmensis,True,EXACT_SYNONYM,Chamaecytisus palmensis,412191.0,Chamaecytisus proliferus palmensis,Tree lucerne,subspecies,https://www.inaturalist.org/taxa/412191,True,True,cc-by,USABLE_DEFAULT_PHOTO_SYNONYM_MATCH,,True,taxon_default_photo,21804996.0,https://inaturalist-open-data.s3.amazonaws.com/photos/21804996/medium.jpeg,cc-by,"(c) Jacqui Geux, some rights reserved (CC BY), uploaded by Jacqui Geux",,,https://www.inaturalist.org/photos/21804996
Chamaescilla corymbosa,True,EXACT_CURRENT_NAME,Chamaescilla corymbosa,194766.0,Chamaescilla corymbosa,Blue Stars,species,https://www.inaturalist.org/taxa/194766,False,True,cc-by-nc-nd,USABLE_RESEARCH_GRADE_PHOTO_CURRENT_NAME_MATCH,,True,research_grade_observation,67373254.0,https://inaturalist-open-data.s3.amazonaws.com/photos/67373254/medium.jpg,cc-by,"(c) Kym Nicolson, some rights reserved (CC BY)",42432404.0,https://www.inaturalist.org/observations/42432404,https://www.inaturalist.org/photos/67373254
Chamaescilla corymbosa var. corymbosa,False,,,,,,,,False,False,,NO_SAFE_EXACT_OR_SYNONYM_MATCH,,False,,,,,,,,
Chasmanthe floribunda,True,EXACT_CURRENT_NAME,Chasmanthe floribunda,56028.0,Chasmanthe floribunda,African flag,species,https://www.inaturalist.org/taxa/56028,False,True,cc-by-nc,USABLE_RESEARCH_GRADE_PHOTO_CURRENT_NAME_MATCH,,True,research_grade_observation,467845524.0,https://inaturalist-open-data.s3.amazonaws.com/photos/467845524/medium.jpeg,cc-by,"(c) zebedeugalinha, some rights reserved (CC BY)",260507302.0,https://www.inaturalist.org/observations/260507302,https://www.inaturalist.org/photos/467845524
Chenopodium album,True,EXACT_CURRENT_NAME,Chenopodium album,58127.0,Chenopodium album,Common Lambsquarters,species,https://www.inaturalist.org/taxa/58127,False,True,cc0,USABLE_DEFAULT_PHOTO_CURRENT_NAME_MATCH,,True,taxon_default_photo,234299048.0,https://inaturalist-open-data.s3.amazonaws.com/photos/234299048/medium.jpeg,cc0,"no rights reserved, uploaded by Kristi Zoebelein",,,https://www.inaturalist.org/photos/234299048
Chenopodium murale,True,EXACT_SYNONYM,Chenopodium murale,514012.0,Chenopodiastrum murale,nettle-leaved goosefoot,species,https://www.inaturalist.org/taxa/514012,True,True,cc-by-nc,USABLE_RESEARCH_GRADE_PHOTO_SYNONYM_MATCH,,True,research_grade_observation,281313627.0,https://inaturalist-open-data.s3.amazonaws.com/photos/281313627/medium.jpeg,cc0,no rights reserved,162684389.0,https://www.inaturalist.org/observations/162684389,https://www.inaturalist.org/photos/281313627
Chiloglottis curviclavia,True,EXACT_CURRENT_NAME,Chiloglottis curviclavia,1042232.0,Chiloglottis curviclavia,autumn wasp-orchid,species,https://www.inaturalist.org/taxa/1042232,False,True,cc-by-nc-sa,USABLE_RESEARCH_GRADE_PHOTO_CURRENT_NAME_MATCH,,True,research_grade_observation,653683667.0,https://inaturalist-open-data.s3.amazonaws.com/photos/653683667/medium.jpg,cc-by,"(c) grampianshiker, some rights reserved (CC BY)",358346179.0,https://www.inaturalist.org/observations/358346179,https://www.inaturalist.org/photos/653683667
Chiloglottis reflexa,True,EXACT_CURRENT_NAME,Chiloglottis reflexa,323908.0,Chiloglottis reflexa,short-clubbed wasp orchid,species,https://www.inaturalist.org/taxa/323908,False,True,cc-by-nc,USABLE_RESEARCH_GRADE_PHOTO_CURRENT_NAME_MATCH,,True,research_grade_observation,73065515.0,https://inaturalist-open-data.s3.amazonaws.com/photos/73065515/medium.jpeg,cc0,no rights reserved,46065741.0,https://www.inaturalist.org/observations/46065741,https://www.inaturalist.org/photos/73065515
Chrysocephalum apiculatum,True,EXACT_CURRENT_NAME,Chrysocephalum apiculatum,244345.0,Chrysocephalum apiculatum,Common Everlasting,species,https://www.inaturalist.org/taxa/244345,False,True,cc-by-nc,USABLE_RESEARCH_GRADE_PHOTO_CURRENT_NAME_MATCH,,True,research_grade_observation,461360027.0,https://inaturalist-open-data.s3.amazonaws.com/photos/461360027/medium.jpeg,cc0,no rights reserved,257211687.0,https://www.inaturalist.org/observations/257211687,https://www.inaturalist.org/photos/461360027
Chrysocephalum semipapposum,True,EXACT_CURRENT_NAME,Chrysocephalum semipapposum,244465.0,Chrysocephalum semipapposum,clustered everlasting,species,https://www.inaturalist.org/taxa/244465,False,True,cc-by-nc,USABLE_RESEARCH_GRADE_PHOTO_CURRENT_NAME_MATCH,,True,research_grade_observation,334320394.0,https://inaturalist-open-data.s3.amazonaws.com/photos/334320394/medium.jpg,cc-by,"(c) Eamonn Culhane, some rights reserved (CC BY)",190678815.0,https://www.inaturalist.org/observations/190678815,https://www.inaturalist.org/photos/334320394
Cirsium vulgare,True,EXACT_CURRENT_NAME,Cirsium vulgare,52989.0,Cirsium vulgare,Bull Thistle,species,https://www.inaturalist.org/taxa/52989,False,True,cc-by-nc,USABLE_RESEARCH_GRADE_PHOTO_CURRENT_NAME_MATCH,,True,research_grade_observation,296056732.0,https://inaturalist-open-data.s3.amazonaws.com/photos/296056732/medium.jpeg,cc0,no rights reserved,170674313.0,https://www.inaturalist.org/observations/170674313,https://www.inaturalist.org/photos/296056732
Clematis aristata,True,EXACT_CURRENT_NAME,Clematis aristata,321091.0,Clematis aristata,Australian Clematis,species,https://www.inaturalist.org/taxa/321091,False,True,cc-by-nc-sa,USABLE_RESEARCH_GRADE_PHOTO_CURRENT_NAME_MATCH,,True,research_grade_observation,411312205.0,https://inaturalist-open-data.s3.amazonaws.com/photos/411312205/medium.jpeg,cc-by,"(c) Sockrosma, some rights reserved (CC BY)",231571004.0,https://www.inaturalist.org/observations/231571004,https://www.inaturalist.org/photos/411312205
Clematis microphylla,True,EXACT_CURRENT_NAME,Clematis microphylla,323815.0,Clematis microphylla,Small-leaved Clematis,species,https://www.inaturalist.org/taxa/323815,False,True,cc-by-nc,USABLE_RESEARCH_GRADE_PHOTO_CURRENT_NAME_MATCH,,True,research_grade_observation,343004575.0,https://inaturalist-open-data.s3.amazonaws.com/photos/343004575/medium.jpeg,cc-by,"(c) Rosalie Lawrence, some rights reserved (CC BY)",195034491.0,https://www.inaturalist.org/observations/195034491,https://www.inaturalist.org/photos/343004575
Comesperma calymega,True,EXACT_CURRENT_NAME,Comesperma calymega,210343.0,Comesperma calymega,Blue Spike Milkwort,species,https://www.inaturalist.org/taxa/210343,False,True,cc-by-nc,USABLE_RESEARCH_GRADE_PHOTO_CURRENT_NAME_MATCH,,True,research_grade_observation,212170213.0,https://inaturalist-open-data.s3.amazonaws.com/photos/212170213/medium.jpg,cc-by,"(c) Cal Wood, some rights reserved (CC BY)",125126997.0,https://www.inaturalist.org/observations/125126997,https://www.inaturalist.org/photos/212170213
Comesperma defoliatum,True,EXACT_CURRENT_NAME,Comesperma defoliatum,853756.0,Comesperma defoliatum,leafless milkwort,species,https://www.inaturalist.org/taxa/853756,False,True,cc-by-nc-sa,USABLE_RESEARCH_GRADE_PHOTO_CURRENT_NAME_MATCH,,True,research_grade_observation,467761355.0,https://inaturalist-open-data.s3.amazonaws.com/photos/467761355/medium.jpg,cc-by,"(c) Bryce Watts-Parker, some rights reserved (CC BY)",260465061.0,https://www.inaturalist.org/observations/260465061,https://www.inaturalist.org/photos/467761355
Comesperma ericinum,True,EXACT_CURRENT_NAME,Comesperma ericinum,210344.0,Comesperma ericinum,Pink Matchheads,species,https://www.inaturalist.org/taxa/210344,False,True,cc-by,USABLE_DEFAULT_PHOTO_CURRENT_NAME_MATCH,,True,taxon_default_photo,370326.0,https://inaturalist-open-data.s3.amazonaws.com/photos/370326/medium.jpg,cc-by,"(c) John Tann, some rights reserved (CC BY)",,,https://www.inaturalist.org/photos/370326
Comesperma volubile,True,EXACT_CURRENT_NAME,Comesperma volubile,321125.0,Comesperma volubile,Love Creeper,species,https://www.inaturalist.org/taxa/321125,False,True,cc-by-nc-sa,USABLE_RESEARCH_GRADE_PHOTO_CURRENT_NAME_MATCH,,True,research_grade_observation,431847428.0,https://inaturalist-open-data.s3.amazonaws.com/photos/431847428/medium.jpeg,cc-by,"(c) Thomas Mesaglio, some rights reserved (CC BY)",242240722.0,https://www.inaturalist.org/observations/242240722,https://www.inaturalist.org/photos/431847428
Coprosma quadrifida,True,EXACT_CURRENT_NAME,Coprosma quadrifida,323305.0,Coprosma quadrifida,Prickly Currant-Bush,species,https://www.inaturalist.org/taxa/323305,False,True,cc-by-nc-sa,USABLE_RESEARCH_GRADE_PHOTO_CURRENT_NAME_MATCH,,True,research_grade_observation,603875268.0,https://inaturalist-open-data.s3.amazonaws.com/photos/603875268/medium.jpg,cc-by,"(c) Rosalie Lawrence, some rights reserved (CC BY)",332713245.0,https://www.inaturalist.org/observations/332713245,https://www.inaturalist.org/photos/603875268
Coprosma repens,True,EXACT_CURRENT_NAME,Coprosma repens,76435.0,Coprosma repens,Taupata,species,https://www.inaturalist.org/taxa/76435,False,True,cc0,USABLE_DEFAULT_PHOTO_CURRENT_NAME_MATCH,,True,taxon_default_photo,255748750.0,https://inaturalist-open-data.s3.amazonaws.com/photos/255748750/medium.jpg,cc0,"no rights reserved, uploaded by Awhesian",,,https://www.inaturalist.org/photos/255748750
Cordyline australis,True,EXACT_CURRENT_NAME,Cordyline australis,50191.0,Cordyline australis,New Zealand cabbage tree,species,https://www.inaturalist.org/taxa/50191,False,True,,USABLE_RESEARCH_GRADE_PHOTO_CURRENT_NAME_MATCH,,True,research_grade_observation,377080677.0,https://inaturalist-open-data.s3.amazonaws.com/photos/377080677/medium.jpg,cc-by,"(c) Jon Sullivan, some rights reserved (CC BY)",213374351.0,https://www.inaturalist.org/observations/213374351,https://www.inaturalist.org/photos/377080677
Coronidium elatum,True,EXACT_CURRENT_NAME,Coronidium elatum,353943.0,Coronidium elatum,white paper daisy,species,https://www.inaturalist.org/taxa/353943,False,True,cc-by-nc,USABLE_RESEARCH_GRADE_PHOTO_CURRENT_NAME_MATCH,,True,research_grade_observation,400499593.0,https://inaturalist-open-data.s3.amazonaws.com/photos/400499593/medium.jpeg,cc-by,"(c) Peter Crowcroft, some rights reserved (CC BY)",225876276.0,https://www.inaturalist.org/observations/225876276,https://www.inaturalist.org/photos/400499593
Coronidium gunnianum,True,EXACT_CURRENT_NAME,Coronidium gunnianum,560705.0,Coronidium gunnianum,Pale Swamp Everlasting,species,https://www.inaturalist.org/taxa/560705,False,True,cc-by,USABLE_DEFAULT_PHOTO_CURRENT_NAME_MATCH,,True,taxon_default_photo,75644583.0,https://inaturalist-open-data.s3.amazonaws.com/photos/75644583/medium.jpeg,cc-by,"(c) Russell Best, some rights reserved (CC BY), uploaded by Russell Best",,,https://www.inaturalist.org/photos/75644583
Coronidium scorpioides,True,EXACT_CURRENT_NAME,Coronidium scorpioides,353942.0,Coronidium scorpioides,button everlasting,species,https://www.inaturalist.org/taxa/353942,False,True,cc-by-nc,USABLE_RESEARCH_GRADE_PHOTO_CURRENT_NAME_MATCH,,True,research_grade_observation,55450420.0,https://inaturalist-open-data.s3.amazonaws.com/photos/55450420/medium.jpg,cc-by,"(c) Kym Nicolson, some rights reserved (CC BY)",35182739.0,https://www.inaturalist.org/observations/35182739,https://www.inaturalist.org/photos/55450420
Correa reflexa,True,EXACT_CURRENT_NAME,Correa reflexa,321098.0,Correa reflexa,Common Correa,species,https://www.inaturalist.org/taxa/321098,False,True,cc-by-nc-nd,USABLE_RESEARCH_GRADE_PHOTO_CURRENT_NAME_MATCH,,True,research_grade_observation,121101398.0,https://inaturalist-open-data.s3.amazonaws.com/photos/121101398/medium.jpg,cc-by,"(c) krumpianking, some rights reserved (CC BY)",74117784.0,https://www.inaturalist.org/observations/74117784,https://www.inaturalist.org/photos/121101398
Correa reflexa var. lobata,False,,,,,,,,False,False,,NO_SAFE_EXACT_OR_SYNONYM_MATCH,,False,,,,,,,,
Correa reflexa var. reflexa,False,,,,,,,,False,False,,NO_SAFE_EXACT_OR_SYNONYM_MATCH,,False,,,,,,,,
Cortaderia selloana,True,EXACT_CURRENT_NAME,Cortaderia selloana,64240.0,Cortaderia selloana,Pampas Grass,species,https://www.inaturalist.org/taxa/64240,False,True,cc-by-sa,USABLE_DEFAULT_PHOTO_CURRENT_NAME_MATCH,,True,taxon_default_photo,173109660.0,https://inaturalist-open-data.s3.amazonaws.com/photos/173109660/medium.jpg,cc-by-sa,"(c) Fernando de Gorocica, some rights reserved (CC BY-SA)",,,https://www.inaturalist.org/photos/173109660
Cortaderia selloana subsp. selloana,False,,,,,,,,False,False,,NO_SAFE_EXACT_OR_SYNONYM_MATCH,,False,,,,,,,,
Corunastylis archeri,True,EXACT_SYNONYM,Corunastylis archeri,1099581.0,Genoplesium archeri,,species,https://www.inaturalist.org/taxa/1099581,True,True,cc-by-nc-sa,USABLE_RESEARCH_GRADE_PHOTO_SYNONYM_MATCH,,True,research_grade_observation,59493142.0,https://inaturalist-open-data.s3.amazonaws.com/photos/59493142/medium.jpeg,cc0,no rights reserved,37519412.0,https://www.inaturalist.org/observations/37519412,https://www.inaturalist.org/photos/59493142
Corunastylis ciliata,False,,,,,,,,False,False,,NO_SAFE_EXACT_OR_SYNONYM_MATCH,,False,,,,,,,,
Corunastylis despectans,True,EXACT_SYNONYM,Corunastylis despectans,554386.0,Genoplesium despectans,sharp midge orchid,species,https://www.inaturalist.org/taxa/554386,True,True,cc-by-nc-sa,USABLE_RESEARCH_GRADE_PHOTO_SYNONYM_MATCH,,True,research_grade_observation,75717845.0,https://inaturalist-open-data.s3.amazonaws.com/photos/75717845/medium.jpeg,cc-by,"(c) Russell Best, some rights reserved (CC BY)",47733155.0,https://www.inaturalist.org/observations/47733155,https://www.inaturalist.org/photos/75717845
Corunastylis morrisii,True,EXACT_SYNONYM,Corunastylis morrisii,446738.0,Genoplesium morrisii,Bearded midge-orchid,species,https://www.inaturalist.org/taxa/446738,True,True,cc-by-nc-nd,USABLE_RESEARCH_GRADE_PHOTO_SYNONYM_MATCH,,True,research_grade_observation,74219647.0,https://inaturalist-open-data.s3.amazonaws.com/photos/74219647/medium.jpeg,cc-by,"(c) Cathy Powers, some rights reserved (CC BY)",46798803.0,https://www.inaturalist.org/observations/46798803,https://www.inaturalist.org/photos/74219647
Corunastylis pumila,True,EXACT_SYNONYM,Corunastylis pumila,804794.0,Genoplesium pumilum,green midge-orchid,species,https://www.inaturalist.org/taxa/804794,True,True,cc-by-nc,USABLE_RESEARCH_GRADE_PHOTO_SYNONYM_MATCH,,True,research_grade_observation,490939214.0,https://inaturalist-open-data.s3.amazonaws.com/photos/490939214/medium.jpg,cc-by,"(c) Michael Berardozzi, some rights reserved (CC BY)",272881806.0,https://www.inaturalist.org/observations/272881806,https://www.inaturalist.org/photos/490939214
Corybas fimbriatus,True,EXACT_CURRENT_NAME,Corybas fimbriatus,323907.0,Corybas fimbriatus,Fringed Helmet-orchid,species,https://www.inaturalist.org/taxa/323907,False,True,cc-by-nc-sa,USABLE_RESEARCH_GRADE_PHOTO_CURRENT_NAME_MATCH,,True,research_grade_observation,75695998.0,https://inaturalist-open-data.s3.amazonaws.com/photos/75695998/medium.jpeg,cc-by,"(c) Russell Best, some rights reserved (CC BY)",47719205.0,https://www.inaturalist.org/observations/47719205,https://www.inaturalist.org/photos/75695998
Corybas incurvus,True,EXACT_CURRENT_NAME,Corybas incurvus,155215.0,Corybas incurvus,slaty helmet-orchid,species,https://www.inaturalist.org/taxa/155215,False,True,,USABLE_RESEARCH_GRADE_PHOTO_CURRENT_NAME_MATCH,,True,research_grade_observation,75559225.0,https://inaturalist-open-data.s3.amazonaws.com/photos/75559225/medium.jpeg,cc-by,"(c) gmgoods, some rights reserved (CC BY)",47637361.0,https://www.inaturalist.org/observations/47637361,https://www.inaturalist.org/photos/75559225
Corybas unguiculatus,True,EXACT_CURRENT_NAME,Corybas unguiculatus,323905.0,Corybas unguiculatus,small helmet-orchid,species,https://www.inaturalist.org/taxa/323905,False,True,cc-by-nc-sa,USABLE_RESEARCH_GRADE_PHOTO_CURRENT_NAME_MATCH,,True,research_grade_observation,211367558.0,https://inaturalist-open-data.s3.amazonaws.com/photos/211367558/medium.jpg,cc-by,"(c) Brendan Costello, some rights reserved (CC BY)",124686546.0,https://www.inaturalist.org/observations/124686546,https://www.inaturalist.org/photos/211367558
Corymbia citriodora,True,EXACT_CURRENT_NAME,Corymbia citriodora,334772.0,Corymbia citriodora,Lemon-scented gum,species,https://www.inaturalist.org/taxa/334772,False,True,cc-by-nc-sa,USABLE_RESEARCH_GRADE_PHOTO_CURRENT_NAME_MATCH,,True,research_grade_observation,178871348.0,https://inaturalist-open-data.s3.amazonaws.com/photos/178871348/medium.jpg,cc-by,"(c) Kevin Faccenda, some rights reserved (CC BY)",106475992.0,https://www.inaturalist.org/observations/106475992,https://www.inaturalist.org/photos/178871348
Corymbia citriodora subsp. citriodora,False,,,,,,,,False,False,,NO_SAFE_EXACT_OR_SYNONYM_MATCH,,False,,,,,,,,
Corymbia maculata,True,EXACT_CURRENT_NAME,Corymbia maculata,417763.0,Corymbia maculata,Spotted Gum,species,https://www.inaturalist.org/taxa/417763,False,True,cc-by-nc,USABLE_RESEARCH_GRADE_PHOTO_CURRENT_NAME_MATCH,,True,research_grade_observation,354675791.0,https://inaturalist-open-data.s3.amazonaws.com/photos/354675791/medium.jpeg,cc-by,"(c) Thomas Mesaglio, some rights reserved (CC BY)",200969074.0,https://www.inaturalist.org/observations/200969074,https://www.inaturalist.org/photos/354675791
Cotoneaster glaucophyllus,True,EXACT_CURRENT_NAME,Cotoneaster glaucophyllus,204128.0,Cotoneaster glaucophyllus,Bright bead cotoneaster,species,https://www.inaturalist.org/taxa/204128,False,True,,USABLE_RESEARCH_GRADE_PHOTO_CURRENT_NAME_MATCH,,True,research_grade_observation,174925962.0,https://inaturalist-open-data.s3.amazonaws.com/photos/174925962/medium.jpeg,cc-by,"(c) Saryu Mae 前 朝琉, some rights reserved (CC BY)",104403301.0,https://www.inaturalist.org/observations/104403301,https://www.inaturalist.org/photos/174925962
Cotoneaster pannosus,True,EXACT_CURRENT_NAME,Cotoneaster pannosus,53375.0,Cotoneaster pannosus,silverleaf cotoneaster,species,https://www.inaturalist.org/taxa/53375,False,True,cc-by-nc,USABLE_RESEARCH_GRADE_PHOTO_CURRENT_NAME_MATCH,,True,research_grade_observation,126580971.0,https://inaturalist-open-data.s3.amazonaws.com/photos/126580971/medium.jpg,cc-by,"(c) Sula Vanderplank, some rights reserved (CC BY)",77400505.0,https://www.inaturalist.org/observations/77400505,https://www.inaturalist.org/photos/126580971
Cotoneaster simonsii,True,EXACT_CURRENT_NAME,Cotoneaster simonsii,76461.0,Cotoneaster simonsii,Himalayan cotoneaster,species,https://www.inaturalist.org/taxa/76461,False,True,cc-by-nc,USABLE_RESEARCH_GRADE_PHOTO_CURRENT_NAME_MATCH,,True,research_grade_observation,1225830.0,https://inaturalist-open-data.s3.amazonaws.com/photos/1225830/medium.,cc-by,"(c) Jon Sullivan, some rights reserved (CC BY)",971861.0,https://www.inaturalist.org/observations/971861,https://www.inaturalist.org/photos/1225830
Cotula australis,True,EXACT_CURRENT_NAME,Cotula australis,53025.0,Cotula australis,Common Cotula,species,https://www.inaturalist.org/taxa/53025,False,True,,USABLE_RESEARCH_GRADE_PHOTO_CURRENT_NAME_MATCH,,True,research_grade_observation,413218898.0,https://inaturalist-open-data.s3.amazonaws.com/photos/413218898/medium.jpeg,cc-by,"(c) Bruno Avilez, some rights reserved (CC BY)",232580420.0,https://www.inaturalist.org/observations/232580420,https://www.inaturalist.org/photos/413218898
Cotula coronopifolia,True,EXACT_CURRENT_NAME,Cotula coronopifolia,58812.0,Cotula coronopifolia,Brass Buttons,species,https://www.inaturalist.org/taxa/58812,False,True,cc-by-sa,USABLE_DEFAULT_PHOTO_CURRENT_NAME_MATCH,,True,taxon_default_photo,115578937.0,https://inaturalist-open-data.s3.amazonaws.com/photos/115578937/medium.jpg,cc-by-sa,"(c) SABENCIA Guillermo César Ruiz, some rights reserved (CC BY-SA)",,,https://www.inaturalist.org/photos/115578937
Crassula decumbens,True,EXACT_CURRENT_NAME,Crassula decumbens,336119.0,Crassula decumbens,Scilly Pigmyweed,species,https://www.inaturalist.org/taxa/336119,False,True,cc-by-nc,USABLE_RESEARCH_GRADE_PHOTO_CURRENT_NAME_MATCH,,True,research_grade_observation,15775347.0,https://inaturalist-open-data.s3.amazonaws.com/photos/15775347/medium.jpg,cc-by-sa,"(c) Tony Rebelo, some rights reserved (CC BY-SA)",11148495.0,https://www.inaturalist.org/observations/11148495,https://www.inaturalist.org/photos/15775347
Crassula decumbens var. decumbens,False,,,,,,,,False,False,,NO_SAFE_EXACT_OR_SYNONYM_MATCH,,False,,,,,,,,
Crassula helmsii,True,EXACT_CURRENT_NAME,Crassula helmsii,199392.0,Crassula helmsii,New Zealand pygmyweed,species,https://www.inaturalist.org/taxa/199392,False,True,,USABLE_RESEARCH_GRADE_PHOTO_CURRENT_NAME_MATCH,,True,research_grade_observation,3102980.0,https://inaturalist-open-data.s3.amazonaws.com/photos/3102980/medium.JPG,cc-by-sa,"(c) Colin Meurk, some rights reserved (CC BY-SA)",2746235.0,https://www.inaturalist.org/observations/2746235,https://www.inaturalist.org/photos/3102980
Crassula multicava,True,EXACT_CURRENT_NAME,Crassula multicava,76464.0,Crassula multicava,Fairy Stonecrop,species,https://www.inaturalist.org/taxa/76464,False,True,,USABLE_RESEARCH_GRADE_PHOTO_CURRENT_NAME_MATCH,,True,research_grade_observation,667302280.0,https://inaturalist-open-data.s3.amazonaws.com/photos/667302280/medium.jpg,cc-by,"(c) zebedeugalinha, some rights reserved (CC BY)",365490744.0,https://www.inaturalist.org/observations/365490744,https://www.inaturalist.org/photos/667302280
Crassula multicava subsp. multicava,False,,,,,,,,False,False,,NO_SAFE_EXACT_OR_SYNONYM_MATCH,,False,,,,,,,,
Crassula peduncularis,True,EXACT_CURRENT_NAME,Crassula peduncularis,401149.0,Crassula peduncularis,Purple Pigmyweed,species,https://www.inaturalist.org/taxa/401149,False,True,cc-by-nc,USABLE_RESEARCH_GRADE_PHOTO_CURRENT_NAME_MATCH,,True,research_grade_observation,245026824.0,https://inaturalist-open-data.s3.amazonaws.com/photos/245026824/medium.jpg,cc-by,"(c) John Barkla, some rights reserved (CC BY)",142880258.0,https://www.inaturalist.org/observations/142880258,https://www.inaturalist.org/photos/245026824
Crassula tetramera,True,EXACT_CURRENT_NAME,Crassula tetramera,409781.0,Crassula tetramera,,species,https://www.inaturalist.org/taxa/409781,False,True,cc-by-nc,USABLE_LICENSED_PHOTO_CURRENT_NAME_MATCH,,True,licensed_observation,455775478.0,https://inaturalist-open-data.s3.amazonaws.com/photos/455775478/medium.jpg,cc-by,"(c) Kym Nicolson, some rights reserved (CC BY)",254453179.0,https://www.inaturalist.org/observations/254453179,https://www.inaturalist.org/photos/455775478
Crataegus monogyna,True,EXACT_CURRENT_NAME,Crataegus monogyna,1437600.0,Crataegus monogyna,Common Hawthorn Complex,complex,https://www.inaturalist.org/taxa/1437600,False,True,,USABLE_RESEARCH_GRADE_PHOTO_CURRENT_NAME_MATCH,,True,research_grade_observation,169763327.0,https://inaturalist-open-data.s3.amazonaws.com/photos/169763327/medium.jpeg,cc0,no rights reserved,101642363.0,https://www.inaturalist.org/observations/101642363,https://www.inaturalist.org/photos/169763327
Crepis capillaris,True,EXACT_CURRENT_NAME,Crepis capillaris,54050.0,Crepis capillaris,Smooth hawksbeard,species,https://www.inaturalist.org/taxa/54050,False,True,cc-by,USABLE_DEFAULT_PHOTO_CURRENT_NAME_MATCH,,True,taxon_default_photo,151130085.0,https://inaturalist-open-data.s3.amazonaws.com/photos/151130085/medium.jpeg,cc-by,"(c) Jacqui Geux, some rights reserved (CC BY), uploaded by Jacqui Geux",,,https://www.inaturalist.org/photos/151130085
Crocosmia ×crocosmiiflora,False,,,,,,,,False,False,,NO_SAFE_EXACT_OR_SYNONYM_MATCH,,False,,,,,,,,
Cryptostylis subulata,True,EXACT_CURRENT_NAME,Cryptostylis subulata,321092.0,Cryptostylis subulata,Large Tongue Orchid,species,https://www.inaturalist.org/taxa/321092,False,True,cc-by-nc,USABLE_RESEARCH_GRADE_PHOTO_CURRENT_NAME_MATCH,,True,research_grade_observation,603871724.0,https://inaturalist-open-data.s3.amazonaws.com/photos/603871724/medium.jpg,cc-by,"(c) Rosalie Lawrence, some rights reserved (CC BY)",332711564.0,https://www.inaturalist.org/observations/332711564,https://www.inaturalist.org/photos/603871724
Cyanicula caerulea,True,EXACT_CURRENT_NAME,Cyanicula caerulea,552476.0,Cyanicula caerulea,blue finger-orchid,species,https://www.inaturalist.org/taxa/552476,False,True,cc-by-nc-sa,USABLE_RESEARCH_GRADE_PHOTO_CURRENT_NAME_MATCH,,True,research_grade_observation,725637887.0,https://inaturalist-open-data.s3.amazonaws.com/photos/725637887/medium.jpg,cc-by,"(c) Andrew Allen, some rights reserved (CC BY)",395730353.0,https://www.inaturalist.org/observations/395730353,https://www.inaturalist.org/photos/725637887
Cyclospermum leptophyllum,True,EXACT_CURRENT_NAME,Cyclospermum leptophyllum,76563.0,Cyclospermum leptophyllum,Marsh parsley,species,https://www.inaturalist.org/taxa/76563,False,True,cc-by-nc-nd,USABLE_RESEARCH_GRADE_PHOTO_CURRENT_NAME_MATCH,,True,research_grade_observation,116739930.0,https://inaturalist-open-data.s3.amazonaws.com/photos/116739930/medium.jpeg,cc-by,"(c) Ben Machado, some rights reserved (CC BY)",71681086.0,https://www.inaturalist.org/observations/71681086,https://www.inaturalist.org/photos/116739930
Cycnogeton procerum,True,EXACT_SYNONYM,Cycnogeton procerum,482401.0,Cycnogeton procerus,Water Ribbons,species,https://www.inaturalist.org/taxa/482401,True,True,cc-by-nc-sa,USABLE_RESEARCH_GRADE_PHOTO_SYNONYM_MATCH,,True,research_grade_observation,158944854.0,https://inaturalist-open-data.s3.amazonaws.com/photos/158944854/medium.jpeg,cc0,no rights reserved,95721786.0,https://www.inaturalist.org/observations/95721786,https://www.inaturalist.org/photos/158944854
Cynodon dactylon,True,EXACT_CURRENT_NAME,Cynodon dactylon,58371.0,Cynodon dactylon,Bermuda grass,species,https://www.inaturalist.org/taxa/58371,False,True,cc-by-nc,USABLE_RESEARCH_GRADE_PHOTO_CURRENT_NAME_MATCH,,True,research_grade_observation,136428732.0,https://inaturalist-open-data.s3.amazonaws.com/photos/136428732/medium.jpg,cc-by-sa,"(c) Zinogre, some rights reserved (CC BY-SA)",83086192.0,https://www.inaturalist.org/observations/83086192,https://www.inaturalist.org/photos/136428732
Cynodon dactylon var. dactylon,False,,,,,,,,False,False,,NO_SAFE_EXACT_OR_SYNONYM_MATCH,,False,,,,,,,,
Cynosurus echinatus,True,EXACT_SYNONYM,Cynosurus echinatus,1628703.0,Falona echinata,bristly dogtail grass,species,https://www.inaturalist.org/taxa/1628703,True,True,cc-by,USABLE_DEFAULT_PHOTO_SYNONYM_MATCH,,True,taxon_default_photo,10510249.0,https://inaturalist-open-data.s3.amazonaws.com/photos/10510249/medium.jpg,cc-by,"(c) Tim Messick, some rights reserved (CC BY), uploaded by Tim Messick",,,https://www.inaturalist.org/photos/10510249
Cyperus eragrostis,True,EXACT_CURRENT_NAME,Cyperus eragrostis,59055.0,Cyperus eragrostis,tall flatsedge,species,https://www.inaturalist.org/taxa/59055,False,True,cc0,USABLE_DEFAULT_PHOTO_CURRENT_NAME_MATCH,,True,taxon_default_photo,470215929.0,https://inaturalist-open-data.s3.amazonaws.com/photos/470215929/medium.jpeg,cc0,"no rights reserved, uploaded by insiderelic",,,https://www.inaturalist.org/photos/470215929
Cyrtostylis reniformis,True,EXACT_CURRENT_NAME,Cyrtostylis reniformis,323904.0,Cyrtostylis reniformis,Gnat orchid,species,https://www.inaturalist.org/taxa/323904,False,True,cc-by-nc,USABLE_RESEARCH_GRADE_PHOTO_CURRENT_NAME_MATCH,,True,research_grade_observation,317566463.0,https://inaturalist-open-data.s3.amazonaws.com/photos/317566463/medium.jpg,cc-by,"(c) Eamonn Culhane, some rights reserved (CC BY)",182166558.0,https://www.inaturalist.org/observations/182166558,https://www.inaturalist.org/photos/317566463
Dactylis glomerata,True,EXACT_CURRENT_NAME,Dactylis glomerata,52720.0,Dactylis glomerata,orchard grass,species,https://www.inaturalist.org/taxa/52720,False,True,cc-by-nc,USABLE_RESEARCH_GRADE_PHOTO_CURRENT_NAME_MATCH,,True,research_grade_observation,569096731.0,https://inaturalist-open-data.s3.amazonaws.com/photos/569096731/medium.jpg,cc-by,"(c) zebedeugalinha, some rights reserved (CC BY)",315052125.0,https://www.inaturalist.org/observations/315052125,https://www.inaturalist.org/photos/569096731
Datura stramonium,True,EXACT_CURRENT_NAME,Datura stramonium,55854.0,Datura stramonium,jimsonweed,species,https://www.inaturalist.org/taxa/55854,False,True,,USABLE_RESEARCH_GRADE_PHOTO_CURRENT_NAME_MATCH,,True,research_grade_observation,618377.0,https://inaturalist-open-data.s3.amazonaws.com/photos/618377/medium.JPG,cc-by,"(c) botanygirl, some rights reserved (CC BY)",488967.0,https://www.inaturalist.org/observations/488967,https://www.inaturalist.org/photos/618377
Daucus carota,True,EXACT_CURRENT_NAME,Daucus carota,76610.0,Daucus carota,wild carrot,species,https://www.inaturalist.org/taxa/76610,False,True,cc-by-nc,USABLE_RESEARCH_GRADE_PHOTO_CURRENT_NAME_MATCH,,True,research_grade_observation,693292735.0,https://inaturalist-open-data.s3.amazonaws.com/photos/693292735/medium.jpg,cc-by,"(c) Marcin Dyderski, some rights reserved (CC BY)",379034740.0,https://www.inaturalist.org/observations/379034740,https://www.inaturalist.org/photos/693292735
Daucus glochidiatus,True,EXACT_CURRENT_NAME,Daucus glochidiatus,210346.0,Daucus glochidiatus,Australian Carrot,species,https://www.inaturalist.org/taxa/210346,False,True,,USABLE_RESEARCH_GRADE_PHOTO_CURRENT_NAME_MATCH,,True,research_grade_observation,558144865.0,https://inaturalist-open-data.s3.amazonaws.com/photos/558144865/medium.jpg,cc-by,"(c) Hannah Rogers, some rights reserved (CC BY)",309313946.0,https://www.inaturalist.org/observations/309313946,https://www.inaturalist.org/photos/558144865
Daviesia latifolia,True,EXACT_CURRENT_NAME,Daviesia latifolia,323230.0,Daviesia latifolia,hop bitter-pea,species,https://www.inaturalist.org/taxa/323230,False,True,cc-by-nc,USABLE_RESEARCH_GRADE_PHOTO_CURRENT_NAME_MATCH,,True,research_grade_observation,484696412.0,https://inaturalist-open-data.s3.amazonaws.com/photos/484696412/medium.jpg,cc-by,"(c) Bryce Watts-Parker, some rights reserved (CC BY)",269566456.0,https://www.inaturalist.org/observations/269566456,https://www.inaturalist.org/photos/484696412
Daviesia leptophylla,True,EXACT_CURRENT_NAME,Daviesia leptophylla,520337.0,Daviesia leptophylla,narrow-leaf bitter-pea,species,https://www.inaturalist.org/taxa/520337,False,True,,USABLE_RESEARCH_GRADE_PHOTO_CURRENT_NAME_MATCH,,True,research_grade_observation,159558883.0,https://inaturalist-open-data.s3.amazonaws.com/photos/159558883/medium.jpeg,cc-by,"(c) Paul Coddington, some rights reserved (CC BY)",96069230.0,https://www.inaturalist.org/observations/96069230,https://www.inaturalist.org/photos/159558883
Daviesia ulicifolia,True,EXACT_CURRENT_NAME,Daviesia ulicifolia,323818.0,Daviesia ulicifolia,gorse bitter pea,species,https://www.inaturalist.org/taxa/323818,False,True,cc-by-nc-nd,USABLE_RESEARCH_GRADE_PHOTO_CURRENT_NAME_MATCH,,True,research_grade_observation,93361985.0,https://inaturalist-open-data.s3.amazonaws.com/photos/93361985/medium.jpeg,cc-by,"(c) Thomas Mesaglio, some rights reserved (CC BY)",58476752.0,https://www.inaturalist.org/observations/58476752,https://www.inaturalist.org/photos/93361985
Daviesia ulicifolia subsp. ulicifolia,False,,,,,,,,False,False,,NO_SAFE_EXACT_OR_SYNONYM_MATCH,,False,,,,,,,,
Delairea odorata,True,EXACT_CURRENT_NAME,Delairea odorata,53208.0,Delairea odorata,Cape-ivy,species,https://www.inaturalist.org/taxa/53208,False,True,cc-by-nc,USABLE_RESEARCH_GRADE_PHOTO_CURRENT_NAME_MATCH,,True,research_grade_observation,165744939.0,https://inaturalist-open-data.s3.amazonaws.com/photos/165744939/medium.jpeg,cc-by,"(c) Thomas Mesaglio, some rights reserved (CC BY)",99430178.0,https://www.inaturalist.org/observations/99430178,https://www.inaturalist.org/photos/165744939
Deschampsia cespitosa,True,EXACT_CURRENT_NAME,Deschampsia cespitosa,76639.0,Deschampsia cespitosa,tufted hair grass,species,https://www.inaturalist.org/taxa/76639,False,True,cc-by-nc,USABLE_RESEARCH_GRADE_PHOTO_CURRENT_NAME_MATCH,,True,research_grade_observation,465082172.0,https://inaturalist-open-data.s3.amazonaws.com/photos/465082172/medium.jpeg,cc-by,"(c) Richard Littauer, some rights reserved (CC BY)",259124674.0,https://www.inaturalist.org/observations/259124674,https://www.inaturalist.org/photos/465082172
Deyeuxia densa,True,EXACT_SYNONYM,Deyeuxia densa,1538405.0,Pentapogon densus,,species,https://www.inaturalist.org/taxa/1538405,True,True,,PHOTO_EXISTS_BUT_NO_ACCEPTED_LICENSE_FOUND,,False,,,,,,,,
Deyeuxia quadriseta,True,EXACT_SYNONYM,Deyeuxia quadriseta,1597116.0,Pentapogon quadrisetus,,species,https://www.inaturalist.org/taxa/1597116,True,True,cc-by-nc,USABLE_RESEARCH_GRADE_PHOTO_SYNONYM_MATCH,,True,research_grade_observation,109144136.0,https://inaturalist-open-data.s3.amazonaws.com/photos/109144136/medium.jpeg,cc-by,"(c) Nina Kerr, some rights reserved (CC BY)",67539839.0,https://www.inaturalist.org/observations/67539839,https://www.inaturalist.org/photos/109144136
Dianella longifolia,True,EXACT_CURRENT_NAME,Dianella longifolia,369570.0,Dianella longifolia,Pale Flax-Lily,species,https://www.inaturalist.org/taxa/369570,False,True,cc-by-nc,USABLE_RESEARCH_GRADE_PHOTO_CURRENT_NAME_MATCH,,True,research_grade_observation,462496918.0,https://inaturalist-open-data.s3.amazonaws.com/photos/462496918/medium.jpeg,cc-by,"(c) Thomas Mesaglio, some rights reserved (CC BY)",257788011.0,https://www.inaturalist.org/observations/257788011,https://www.inaturalist.org/photos/462496918
Dianella longifolia var. longifolia,False,,,,,,,,False,False,,NO_SAFE_EXACT_OR_SYNONYM_MATCH,,False,,,,,,,,
Dianella revoluta,True,EXACT_CURRENT_NAME,Dianella revoluta,210175.0,Dianella revoluta,Blueberry Lily,species,https://www.inaturalist.org/taxa/210175,False,True,cc-by-nc-sa,USABLE_RESEARCH_GRADE_PHOTO_CURRENT_NAME_MATCH,,True,research_grade_observation,328428014.0,https://inaturalist-open-data.s3.amazonaws.com/photos/328428014/medium.jpg,cc-by,"(c) Dylan Wishart, some rights reserved (CC BY)",187757639.0,https://www.inaturalist.org/observations/187757639,https://www.inaturalist.org/photos/328428014
Dianella revoluta var. revoluta,False,,,,,,,,False,False,,NO_SAFE_EXACT_OR_SYNONYM_MATCH,,False,,,,,,,,
Dichelachne rara,True,EXACT_SYNONYM,Dichelachne rara,1696016.0,Pentapogon rarus,,species,https://www.inaturalist.org/taxa/1696016,True,True,,USABLE_RESEARCH_GRADE_PHOTO_SYNONYM_MATCH,,True,research_grade_observation,104987983.0,https://inaturalist-open-data.s3.amazonaws.com/photos/104987983/medium.jpg,cc-by,"(c) Paul Whitington, some rights reserved (CC BY)",65254135.0,https://www.inaturalist.org/observations/65254135,https://www.inaturalist.org/photos/104987983
Dichondra repens,True,EXACT_CURRENT_NAME,Dichondra repens,161824.0,Dichondra repens,kidney weed,species,https://www.inaturalist.org/taxa/161824,False,True,cc-by-nc-sa,USABLE_RESEARCH_GRADE_PHOTO_CURRENT_NAME_MATCH,,True,research_grade_observation,412988755.0,https://inaturalist-open-data.s3.amazonaws.com/photos/412988755/medium.jpeg,cc-by,"(c) Josh, some rights reserved (CC BY)",232457168.0,https://www.inaturalist.org/observations/232457168,https://www.inaturalist.org/photos/412988755
Dicksonia antarctica,True,EXACT_CURRENT_NAME,Dicksonia antarctica,143921.0,Dicksonia antarctica,man fern,species,https://www.inaturalist.org/taxa/143921,False,True,cc-by-nc-nd,USABLE_RESEARCH_GRADE_PHOTO_CURRENT_NAME_MATCH,,True,research_grade_observation,206009487.0,https://inaturalist-open-data.s3.amazonaws.com/photos/206009487/medium.jpg,cc-by,"(c) Zara, some rights reserved (CC BY)",121721096.0,https://www.inaturalist.org/observations/121721096,https://www.inaturalist.org/photos/206009487
Dicranoloma billarderii,True,EXACT_SYNONYM,Dicranoloma billarderii,401386.0,Dicranoloma billardierei,,species,https://www.inaturalist.org/taxa/401386,True,True,cc-by-nc,USABLE_RESEARCH_GRADE_PHOTO_SYNONYM_MATCH,,True,research_grade_observation,7431429.0,https://inaturalist-open-data.s3.amazonaws.com/photos/7431429/medium.jpeg,cc-by-sa,"(c) Colin Meurk, some rights reserved (CC BY-SA)",5950103.0,https://www.inaturalist.org/observations/5950103,https://www.inaturalist.org/photos/7431429
Digitaria sanguinalis,True,EXACT_CURRENT_NAME,Digitaria sanguinalis,51633.0,Digitaria sanguinalis,Hairy Crabgrass,species,https://www.inaturalist.org/taxa/51633,False,True,,USABLE_RESEARCH_GRADE_PHOTO_CURRENT_NAME_MATCH,,True,research_grade_observation,726272535.0,https://inaturalist-open-data.s3.amazonaws.com/photos/726272535/medium.jpg,cc0,no rights reserved,396051208.0,https://www.inaturalist.org/observations/396051208,https://www.inaturalist.org/photos/726272535
Dillwynia cinerascens,True,EXACT_CURRENT_NAME,Dillwynia cinerascens,782186.0,Dillwynia cinerascens,grey parrot pea,species,https://www.inaturalist.org/taxa/782186,False,True,cc-by-nc,USABLE_RESEARCH_GRADE_PHOTO_CURRENT_NAME_MATCH,,True,research_grade_observation,585608620.0,https://inaturalist-open-data.s3.amazonaws.com/photos/585608620/medium.jpg,cc-by,"(c) Josh, some rights reserved (CC BY)",323625974.0,https://www.inaturalist.org/observations/323625974,https://www.inaturalist.org/photos/585608620
Dillwynia glaberrima,True,EXACT_CURRENT_NAME,Dillwynia glaberrima,323817.0,Dillwynia glaberrima,Smooth Parrot-pea,species,https://www.inaturalist.org/taxa/323817,False,True,cc-by-nc,USABLE_RESEARCH_GRADE_PHOTO_CURRENT_NAME_MATCH,,True,research_grade_observation,589311152.0,https://inaturalist-open-data.s3.amazonaws.com/photos/589311152/medium.jpg,cc0,no rights reserved,325480459.0,https://www.inaturalist.org/observations/325480459,https://www.inaturalist.org/photos/589311152
Dillwynia sericea,True,EXACT_CURRENT_NAME,Dillwynia sericea,323816.0,Dillwynia sericea,showy parrot-pea,species,https://www.inaturalist.org/taxa/323816,False,True,cc-by-nc-nd,USABLE_RESEARCH_GRADE_PHOTO_CURRENT_NAME_MATCH,,True,research_grade_observation,364683952.0,https://inaturalist-open-data.s3.amazonaws.com/photos/364683952/medium.jpeg,cc0,no rights reserved,206200996.0,https://www.inaturalist.org/observations/206200996,https://www.inaturalist.org/photos/364683952
Dipodium roseum,True,EXACT_CURRENT_NAME,Dipodium roseum,155224.0,Dipodium roseum,Rosy Hyacinth Orchid,species,https://www.inaturalist.org/taxa/155224,False,True,cc-by-nc,USABLE_RESEARCH_GRADE_PHOTO_CURRENT_NAME_MATCH,,True,research_grade_observation,119951966.0,https://inaturalist-open-data.s3.amazonaws.com/photos/119951966/medium.jpeg,cc0,no rights reserved,73469912.0,https://www.inaturalist.org/observations/73469912,https://www.inaturalist.org/photos/119951966
Dittrichia graveolens,True,EXACT_CURRENT_NAME,Dittrichia graveolens,58822.0,Dittrichia graveolens,Stinkwort,species,https://www.inaturalist.org/taxa/58822,False,True,cc-by-sa,USABLE_DEFAULT_PHOTO_CURRENT_NAME_MATCH,,True,taxon_default_photo,5179471.0,https://inaturalist-open-data.s3.amazonaws.com/photos/5179471/medium.jpeg,cc-by-sa,"(c) Fabien Piednoir, some rights reserved (CC BY-SA), uploaded by Fabien Piednoir",,,https://www.inaturalist.org/photos/5179471
Diuris chryseopsis,True,EXACT_CURRENT_NAME,Diuris chryseopsis,553092.0,Diuris chryseopsis,Common Golden Moths,species,https://www.inaturalist.org/taxa/553092,False,True,cc-by-nc-sa,USABLE_RESEARCH_GRADE_PHOTO_CURRENT_NAME_MATCH,,True,research_grade_observation,74238058.0,https://inaturalist-open-data.s3.amazonaws.com/photos/74238058/medium.jpeg,cc-by,"(c) Cathy Powers, some rights reserved (CC BY)",46809268.0,https://www.inaturalist.org/observations/46809268,https://www.inaturalist.org/photos/74238058
Diuris orientis,True,EXACT_CURRENT_NAME,Diuris orientis,328055.0,Diuris orientis,Wallflower orchid,species,https://www.inaturalist.org/taxa/328055,False,True,cc-by-nc,USABLE_RESEARCH_GRADE_PHOTO_CURRENT_NAME_MATCH,,True,research_grade_observation,158370385.0,https://inaturalist-open-data.s3.amazonaws.com/photos/158370385/medium.jpg,cc-by,"(c) Connor Margetts, some rights reserved (CC BY)",95398101.0,https://www.inaturalist.org/observations/95398101,https://www.inaturalist.org/photos/158370385
Diuris pardina,True,EXACT_CURRENT_NAME,Diuris pardina,516646.0,Diuris pardina,Leopard Orchid,species,https://www.inaturalist.org/taxa/516646,False,True,cc-by,USABLE_DEFAULT_PHOTO_CURRENT_NAME_MATCH,,True,taxon_default_photo,73948194.0,https://inaturalist-open-data.s3.amazonaws.com/photos/73948194/medium.jpeg,cc-by,"(c) Chris Lindorff, some rights reserved (CC BY), uploaded by Chris Lindorff",,,https://www.inaturalist.org/photos/73948194
Diuris sulphurea,True,EXACT_CURRENT_NAME,Diuris sulphurea,83522.0,Diuris sulphurea,Tiger Orchid,species,https://www.inaturalist.org/taxa/83522,False,True,cc-by-nc-sa,USABLE_RESEARCH_GRADE_PHOTO_CURRENT_NAME_MATCH,,True,research_grade_observation,588057469.0,https://inaturalist-open-data.s3.amazonaws.com/photos/588057469/medium.jpg,cc-by,"(c) Dylan Wishart, some rights reserved (CC BY)",324849159.0,https://www.inaturalist.org/observations/324849159,https://www.inaturalist.org/photos/588057469
Dodonaea viscosa,True,EXACT_CURRENT_NAME,Dodonaea viscosa,122711.0,Dodonaea viscosa,Akeake,species,https://www.inaturalist.org/taxa/122711,False,True,cc-by-nc-sa,USABLE_RESEARCH_GRADE_PHOTO_CURRENT_NAME_MATCH,,True,research_grade_observation,30850328.0,https://inaturalist-open-data.s3.amazonaws.com/photos/30850328/medium.jpeg,cc-by-sa,"(c) Nicola van Berkel, some rights reserved (CC BY-SA)",19989625.0,https://www.inaturalist.org/observations/19989625,https://www.inaturalist.org/photos/30850328
Drosera aberrans,True,EXACT_CURRENT_NAME,Drosera aberrans,143292.0,Drosera aberrans,scented sundew,species,https://www.inaturalist.org/taxa/143292,False,True,cc-by-nc-nd,USABLE_RESEARCH_GRADE_PHOTO_CURRENT_NAME_MATCH,,True,research_grade_observation,49116366.0,https://inaturalist-open-data.s3.amazonaws.com/photos/49116366/medium.jpeg,cc-by,"(c) Lek Khauv, some rights reserved (CC BY)",31384800.0,https://www.inaturalist.org/observations/31384800,https://www.inaturalist.org/photos/49116366
Drosera auriculata,True,EXACT_CURRENT_NAME,Drosera auriculata,424565.0,Drosera auriculata,Tall sundew,species,https://www.inaturalist.org/taxa/424565,False,True,cc-by,USABLE_DEFAULT_PHOTO_CURRENT_NAME_MATCH,,True,taxon_default_photo,312116665.0,https://inaturalist-open-data.s3.amazonaws.com/photos/312116665/medium.jpeg,cc-by,"(c) Ian Rainbow, some rights reserved (CC BY), uploaded by Ian Rainbow",,,https://www.inaturalist.org/photos/312116665
Drosera binata,True,EXACT_CURRENT_NAME,Drosera binata,54684.0,Drosera binata,Fork-leaved Sundew,species,https://www.inaturalist.org/taxa/54684,False,True,cc-by-nc,USABLE_RESEARCH_GRADE_PHOTO_CURRENT_NAME_MATCH,,True,research_grade_observation,111946245.0,https://inaturalist-open-data.s3.amazonaws.com/photos/111946245/medium.jpg,cc-by,"(c) Kerri-Lee Harris, some rights reserved (CC BY)",69044766.0,https://www.inaturalist.org/observations/69044766,https://www.inaturalist.org/photos/111946245
Drosera glanduligera,True,EXACT_CURRENT_NAME,Drosera glanduligera,143360.0,Drosera glanduligera,Pimpernel sundew,species,https://www.inaturalist.org/taxa/143360,False,True,cc-by-nc,USABLE_RESEARCH_GRADE_PHOTO_CURRENT_NAME_MATCH,,True,research_grade_observation,96128722.0,https://inaturalist-open-data.s3.amazonaws.com/photos/96128722/medium.jpg,cc-by,"(c) Kym Nicolson, some rights reserved (CC BY)",60133241.0,https://www.inaturalist.org/observations/60133241,https://www.inaturalist.org/photos/96128722
Drosera hookeri,True,EXACT_CURRENT_NAME,Drosera hookeri,154709.0,Drosera hookeri,Grassland Sundew,species,https://www.inaturalist.org/taxa/154709,False,True,cc-by-sa,USABLE_DEFAULT_PHOTO_CURRENT_NAME_MATCH,,True,taxon_default_photo,28848223.0,https://inaturalist-open-data.s3.amazonaws.com/photos/28848223/medium.jpg,cc-by-sa,"(c) Miguel de Salas, some rights reserved (CC BY-SA), uploaded by Miguel de Salas",,,https://www.inaturalist.org/photos/28848223
Drosera peltata,True,EXACT_CURRENT_NAME,Drosera peltata,123397.0,Drosera peltata,Shield Sundew,species,https://www.inaturalist.org/taxa/123397,False,True,cc-by-nc,USABLE_RESEARCH_GRADE_PHOTO_CURRENT_NAME_MATCH,,True,research_grade_observation,74447246.0,https://inaturalist-open-data.s3.amazonaws.com/photos/74447246/medium.jpeg,cc-by,"(c) Thomas Mesaglio, some rights reserved (CC BY)",46941845.0,https://www.inaturalist.org/observations/46941845,https://www.inaturalist.org/photos/74447246
Drosera pygmaea,True,EXACT_CURRENT_NAME,Drosera pygmaea,122209.0,Drosera pygmaea,pygmy sundew,species,https://www.inaturalist.org/taxa/122209,False,True,cc-by-nc-sa,USABLE_RESEARCH_GRADE_PHOTO_CURRENT_NAME_MATCH,,True,research_grade_observation,44704056.0,https://inaturalist-open-data.s3.amazonaws.com/photos/44704056/medium.jpg,cc-by,"(c) Rolf Lawrenz, some rights reserved (CC BY)",28668308.0,https://www.inaturalist.org/observations/28668308,https://www.inaturalist.org/photos/44704056
Drosera spatulata,True,EXACT_CURRENT_NAME,Drosera spatulata,122208.0,Drosera spatulata,Rosy Sundew,species,https://www.inaturalist.org/taxa/122208,False,True,cc-by-nc,USABLE_RESEARCH_GRADE_PHOTO_CURRENT_NAME_MATCH,,True,research_grade_observation,113052806.0,https://inaturalist-open-data.s3.amazonaws.com/photos/113052806/medium.jpg,cc-by,"(c) Kerri-Lee Harris, some rights reserved (CC BY)",69647084.0,https://www.inaturalist.org/observations/69647084,https://www.inaturalist.org/photos/113052806
Duma florulenta,True,EXACT_CURRENT_NAME,Duma florulenta,786095.0,Duma florulenta,Tangled Lignum,species,https://www.inaturalist.org/taxa/786095,False,True,cc-by-nc,USABLE_RESEARCH_GRADE_PHOTO_CURRENT_NAME_MATCH,,True,research_grade_observation,34789049.0,https://inaturalist-open-data.s3.amazonaws.com/photos/34789049/medium.jpg,cc-by,"(c) Terra Occ, some rights reserved (CC BY)",22458977.0,https://www.inaturalist.org/observations/22458977,https://www.inaturalist.org/photos/34789049
Dysphania pumilio,True,EXACT_CURRENT_NAME,Dysphania pumilio,76751.0,Dysphania pumilio,Clammy goosefoot,species,https://www.inaturalist.org/taxa/76751,False,True,cc-by-nc-sa,USABLE_RESEARCH_GRADE_PHOTO_CURRENT_NAME_MATCH,,True,research_grade_observation,292420006.0,https://inaturalist-open-data.s3.amazonaws.com/photos/292420006/medium.jpeg,cc-by,"(c) Daniel Cahen, some rights reserved (CC BY)",168711248.0,https://www.inaturalist.org/observations/168711248,https://www.inaturalist.org/photos/292420006
Echinochloa crus-galli,True,EXACT_CURRENT_NAME,Echinochloa crus-galli,60283.0,Echinochloa crus-galli,barnyardgrass,species,https://www.inaturalist.org/taxa/60283,False,True,cc-by-nc,USABLE_RESEARCH_GRADE_PHOTO_CURRENT_NAME_MATCH,,True,research_grade_observation,611600659.0,https://inaturalist-open-data.s3.amazonaws.com/photos/611600659/medium.jpg,cc0,no rights reserved,336549069.0,https://www.inaturalist.org/observations/336549069,https://www.inaturalist.org/photos/611600659
Echium plantagineum,True,EXACT_CURRENT_NAME,Echium plantagineum,76764.0,Echium plantagineum,purple viper's-bugloss,species,https://www.inaturalist.org/taxa/76764,False,True,cc-by-nc,USABLE_RESEARCH_GRADE_PHOTO_CURRENT_NAME_MATCH,,True,research_grade_observation,279718073.0,https://inaturalist-open-data.s3.amazonaws.com/photos/279718073/medium.jpg,cc-by-sa,"(c) Josep Gesti, some rights reserved (CC BY-SA)",161812319.0,https://www.inaturalist.org/observations/161812319,https://www.inaturalist.org/photos/279718073
Ehrharta erecta,True,EXACT_CURRENT_NAME,Ehrharta erecta,64140.0,Ehrharta erecta,panic veldtgrass,species,https://www.inaturalist.org/taxa/64140,False,True,cc-by,USABLE_DEFAULT_PHOTO_CURRENT_NAME_MATCH,,True,taxon_default_photo,55523828.0,https://inaturalist-open-data.s3.amazonaws.com/photos/55523828/medium.jpg,cc-by,"(c) strewick, some rights reserved (CC BY), uploaded by strewick",,,https://www.inaturalist.org/photos/55523828
Ehrharta longiflora,True,EXACT_CURRENT_NAME,Ehrharta longiflora,76767.0,Ehrharta longiflora,longflower veldtgrass,species,https://www.inaturalist.org/taxa/76767,False,True,,USABLE_RESEARCH_GRADE_PHOTO_CURRENT_NAME_MATCH,,True,research_grade_observation,24616796.0,https://inaturalist-open-data.s3.amazonaws.com/photos/24616796/medium.jpeg,cc-by,"(c) Alice Shanks, some rights reserved (CC BY)",16372106.0,https://www.inaturalist.org/observations/16372106,https://www.inaturalist.org/photos/24616796
Eleocharis acuta,True,EXACT_CURRENT_NAME,Eleocharis acuta,59206.0,Eleocharis acuta,Sharp Spike Sedge,species,https://www.inaturalist.org/taxa/59206,False,True,cc-by-nc,USABLE_RESEARCH_GRADE_PHOTO_CURRENT_NAME_MATCH,,True,research_grade_observation,1239834.0,https://inaturalist-open-data.s3.amazonaws.com/photos/1239834/medium.,cc-by,"(c) Alice Shanks, some rights reserved (CC BY)",982293.0,https://www.inaturalist.org/observations/982293,https://www.inaturalist.org/photos/1239834
Eleocharis atricha,True,EXACT_CURRENT_NAME,Eleocharis atricha,920235.0,Eleocharis atricha,Tuber Spike-Rush,species,https://www.inaturalist.org/taxa/920235,False,True,cc-by-nc,PHOTO_EXISTS_BUT_NO_ACCEPTED_LICENSE_FOUND,,False,,,,,,,,
Eleocharis sphacelata,True,EXACT_CURRENT_NAME,Eleocharis sphacelata,323379.0,Eleocharis sphacelata,Kaya,species,https://www.inaturalist.org/taxa/323379,False,True,,USABLE_RESEARCH_GRADE_PHOTO_CURRENT_NAME_MATCH,,True,research_grade_observation,357328293.0,https://inaturalist-open-data.s3.amazonaws.com/photos/357328293/medium.jpg,cc-by,"(c) Julien Renoult, some rights reserved (CC BY)",202334911.0,https://www.inaturalist.org/observations/202334911,https://www.inaturalist.org/photos/357328293
Eleusine indica,True,EXACT_CURRENT_NAME,Eleusine indica,76790.0,Eleusine indica,Goose Grass,species,https://www.inaturalist.org/taxa/76790,False,True,cc0,USABLE_DEFAULT_PHOTO_CURRENT_NAME_MATCH,,True,taxon_default_photo,46240603.0,https://inaturalist-open-data.s3.amazonaws.com/photos/46240603/medium.jpeg,cc0,"no rights reserved, uploaded by 葉子",,,https://www.inaturalist.org/photos/46240603
Eleusine tristachya,True,EXACT_CURRENT_NAME,Eleusine tristachya,76791.0,Eleusine tristachya,three-spiked goose grass,species,https://www.inaturalist.org/taxa/76791,False,True,cc-by-nc,USABLE_RESEARCH_GRADE_PHOTO_CURRENT_NAME_MATCH,,True,research_grade_observation,360241840.0,https://inaturalist-open-data.s3.amazonaws.com/photos/360241840/medium.jpg,cc-by,"(c) Kym Nicolson, some rights reserved (CC BY)",203858223.0,https://www.inaturalist.org/observations/203858223,https://www.inaturalist.org/photos/360241840
Empodisma minus,True,EXACT_CURRENT_NAME,Empodisma minus,54692.0,Empodisma minus,Wire Rush,species,https://www.inaturalist.org/taxa/54692,False,True,cc-by-nc,USABLE_RESEARCH_GRADE_PHOTO_CURRENT_NAME_MATCH,,True,research_grade_observation,237837492.0,https://inaturalist-open-data.s3.amazonaws.com/photos/237837492/medium.jpeg,cc-by,"(c) William Kenneth Wayne Godsoe, some rights reserved (CC BY)",139093389.0,https://www.inaturalist.org/observations/139093389,https://www.inaturalist.org/photos/237837492
Epacris impressa,True,EXACT_CURRENT_NAME,Epacris impressa,59926.0,Epacris impressa,Common Heath,species,https://www.inaturalist.org/taxa/59926,False,True,cc-by,USABLE_DEFAULT_PHOTO_CURRENT_NAME_MATCH,,True,taxon_default_photo,285257607.0,https://inaturalist-open-data.s3.amazonaws.com/photos/285257607/medium.jpg,cc-by,"(c) Connor Margetts, some rights reserved (CC BY), uploaded by Connor Margetts",,,https://www.inaturalist.org/photos/285257607
Epacris obtusifolia,True,EXACT_CURRENT_NAME,Epacris obtusifolia,520365.0,Epacris obtusifolia,blunt-leaf heath,species,https://www.inaturalist.org/taxa/520365,False,True,cc-by-nc,USABLE_RESEARCH_GRADE_PHOTO_CURRENT_NAME_MATCH,,True,research_grade_observation,87773772.0,https://inaturalist-open-data.s3.amazonaws.com/photos/87773772/medium.jpeg,cc-by,"(c) Tim, some rights reserved (CC BY)",55134637.0,https://www.inaturalist.org/observations/55134637,https://www.inaturalist.org/photos/87773772
Epilobium billardiereanum,True,EXACT_CURRENT_NAME,Epilobium billardiereanum,401685.0,Epilobium billardiereanum,smooth willowherb,species,https://www.inaturalist.org/taxa/401685,False,True,cc-by,USABLE_DEFAULT_PHOTO_CURRENT_NAME_MATCH,,True,taxon_default_photo,73938292.0,https://inaturalist-open-data.s3.amazonaws.com/photos/73938292/medium.jpeg,cc-by,"(c) Chris Lindorff, some rights reserved (CC BY), uploaded by Chris Lindorff",,,https://www.inaturalist.org/photos/73938292
Epilobium billardiereanum subsp. billardiereanum,False,,,,,,,,False,False,,NO_SAFE_EXACT_OR_SYNONYM_MATCH,,False,,,,,,,,
Epilobium billardiereanum subsp. cinereum,False,,,,,,,,False,False,,NO_SAFE_EXACT_OR_SYNONYM_MATCH,,False,,,,,,,,
Epilobium ciliatum,True,EXACT_CURRENT_NAME,Epilobium ciliatum,53050.0,Epilobium ciliatum,fringed willowherb,species,https://www.inaturalist.org/taxa/53050,False,True,cc-by-nc,USABLE_RESEARCH_GRADE_PHOTO_CURRENT_NAME_MATCH,,True,research_grade_observation,89095245.0,https://inaturalist-open-data.s3.amazonaws.com/photos/89095245/medium.jpeg,cc-by-sa,"(c) psweet, some rights reserved (CC BY-SA)",55933642.0,https://www.inaturalist.org/observations/55933642,https://www.inaturalist.org/photos/89095245
Epilobium hirtigerum,True,EXACT_CURRENT_NAME,Epilobium hirtigerum,323278.0,Epilobium hirtigerum,Hairy Willowherb,species,https://www.inaturalist.org/taxa/323278,False,True,cc0,USABLE_DEFAULT_PHOTO_CURRENT_NAME_MATCH,,True,taxon_default_photo,29227178.0,https://inaturalist-open-data.s3.amazonaws.com/photos/29227178/medium.jpg,cc0,"no rights reserved, uploaded by Peter de Lange",,,https://www.inaturalist.org/photos/29227178
Eragrostis brownii,True,EXACT_CURRENT_NAME,Eragrostis brownii,369708.0,Eragrostis brownii,Brown's love grass,species,https://www.inaturalist.org/taxa/369708,False,True,,USABLE_RESEARCH_GRADE_PHOTO_CURRENT_NAME_MATCH,,True,research_grade_observation,353947349.0,https://inaturalist-open-data.s3.amazonaws.com/photos/353947349/medium.jpg,cc-by,"(c) Petra Holland, some rights reserved (CC BY)",200598847.0,https://www.inaturalist.org/observations/200598847,https://www.inaturalist.org/photos/353947349
Eragrostis cilianensis,True,EXACT_CURRENT_NAME,Eragrostis cilianensis,76849.0,Eragrostis cilianensis,stinkgrass,species,https://www.inaturalist.org/taxa/76849,False,True,cc-by,USABLE_DEFAULT_PHOTO_CURRENT_NAME_MATCH,,True,taxon_default_photo,241514755.0,https://inaturalist-open-data.s3.amazonaws.com/photos/241514755/medium.jpg,cc-by,"(c) Kevin Faccenda, some rights reserved (CC BY), uploaded by Kevin Faccenda",,,https://www.inaturalist.org/photos/241514755
Eragrostis mexicana,True,EXACT_CURRENT_NAME,Eragrostis mexicana,76854.0,Eragrostis mexicana,Mexican Lovegrass,species,https://www.inaturalist.org/taxa/76854,False,True,cc-by-nc,USABLE_RESEARCH_GRADE_PHOTO_CURRENT_NAME_MATCH,,True,research_grade_observation,317674615.0,https://inaturalist-open-data.s3.amazonaws.com/photos/317674615/medium.jpeg,cc-by,"(c) Sue Carnahan, some rights reserved (CC BY)",182224551.0,https://www.inaturalist.org/observations/182224551,https://www.inaturalist.org/photos/317674615
Erica lusitanica,True,EXACT_CURRENT_NAME,Erica lusitanica,76877.0,Erica lusitanica,Portuguese Heath,species,https://www.inaturalist.org/taxa/76877,False,True,cc-by-nc,USABLE_RESEARCH_GRADE_PHOTO_CURRENT_NAME_MATCH,,True,research_grade_observation,607367580.0,https://inaturalist-open-data.s3.amazonaws.com/photos/607367580/medium.jpg,cc-by,"(c) zebedeugalinha, some rights reserved (CC BY)",334451437.0,https://www.inaturalist.org/observations/334451437,https://www.inaturalist.org/photos/607367580
Erigeron bonariensis,True,EXACT_CURRENT_NAME,Erigeron bonariensis,76904.0,Erigeron bonariensis,Flax-leaved Horseweed,species,https://www.inaturalist.org/taxa/76904,False,True,cc-by-nc,USABLE_RESEARCH_GRADE_PHOTO_CURRENT_NAME_MATCH,,True,research_grade_observation,149764829.0,https://inaturalist-open-data.s3.amazonaws.com/photos/149764829/medium.jpg,cc-by,"(c) Zihao Wang, some rights reserved (CC BY)",90606153.0,https://www.inaturalist.org/observations/90606153,https://www.inaturalist.org/photos/149764829
Erigeron karvinskianus,True,EXACT_CURRENT_NAME,Erigeron karvinskianus,76923.0,Erigeron karvinskianus,Mexican Fleabane,species,https://www.inaturalist.org/taxa/76923,False,True,cc-by,USABLE_DEFAULT_PHOTO_CURRENT_NAME_MATCH,,True,taxon_default_photo,102796104.0,https://inaturalist-open-data.s3.amazonaws.com/photos/102796104/medium.jpg,cc-by,"(c) rainerburkard, some rights reserved (CC BY), uploaded by rainerburkard",,,https://www.inaturalist.org/photos/102796104
Erigeron sumatrensis,True,EXACT_CURRENT_NAME,Erigeron sumatrensis,76943.0,Erigeron sumatrensis,tropical horseweed,species,https://www.inaturalist.org/taxa/76943,False,True,cc0,USABLE_DEFAULT_PHOTO_CURRENT_NAME_MATCH,,True,taxon_default_photo,327349829.0,https://inaturalist-open-data.s3.amazonaws.com/photos/327349829/medium.jpeg,cc0,"no rights reserved, uploaded by 葉子",,,https://www.inaturalist.org/photos/327349829
Eriobotrya japonica,True,EXACT_CURRENT_NAME,Eriobotrya japonica,76949.0,Eriobotrya japonica,Loquat,species,https://www.inaturalist.org/taxa/76949,False,True,cc-by-nc,USABLE_RESEARCH_GRADE_PHOTO_CURRENT_NAME_MATCH,,True,research_grade_observation,684991624.0,https://inaturalist-open-data.s3.amazonaws.com/photos/684991624/medium.jpg,cc-by,"(c) zebedeugalinha, some rights reserved (CC BY)",374743337.0,https://www.inaturalist.org/observations/374743337,https://www.inaturalist.org/photos/684991624
Eryngium vesiculosum,True,EXACT_CURRENT_NAME,Eryngium vesiculosum,344664.0,Eryngium vesiculosum,Blue Devils,species,https://www.inaturalist.org/taxa/344664,False,True,cc-by-nc-nd,USABLE_RESEARCH_GRADE_PHOTO_CURRENT_NAME_MATCH,,True,research_grade_observation,604461322.0,https://inaturalist-open-data.s3.amazonaws.com/photos/604461322/medium.jpg,cc0,no rights reserved,332998280.0,https://www.inaturalist.org/observations/332998280,https://www.inaturalist.org/photos/604461322
Eschscholzia californica,True,EXACT_CURRENT_NAME,Eschscholzia californica,48225.0,Eschscholzia californica,California poppy,species,https://www.inaturalist.org/taxa/48225,False,True,cc-by-nc,USABLE_RESEARCH_GRADE_PHOTO_CURRENT_NAME_MATCH,,True,research_grade_observation,181928247.0,https://inaturalist-open-data.s3.amazonaws.com/photos/181928247/medium.jpg,cc-by,"(c) Annette Herz, some rights reserved (CC BY)",108094155.0,https://www.inaturalist.org/observations/108094155,https://www.inaturalist.org/photos/181928247
Eucalyptus aromaphloia,True,EXACT_CURRENT_NAME,Eucalyptus aromaphloia,208167.0,Eucalyptus aromaphloia,Creswick Apple-box,species,https://www.inaturalist.org/taxa/208167,False,True,cc-by-nc,USABLE_RESEARCH_GRADE_PHOTO_CURRENT_NAME_MATCH,,True,research_grade_observation,513931423.0,https://inaturalist-open-data.s3.amazonaws.com/photos/513931423/medium.jpg,cc-by,"(c) ttsquid, some rights reserved (CC BY)",285906953.0,https://www.inaturalist.org/observations/285906953,https://www.inaturalist.org/photos/513931423
Eucalyptus behriana,True,EXACT_CURRENT_NAME,Eucalyptus behriana,898184.0,Eucalyptus behriana,bull mallee,species,https://www.inaturalist.org/taxa/898184,False,True,cc-by-nc,USABLE_RESEARCH_GRADE_PHOTO_CURRENT_NAME_MATCH,,True,research_grade_observation,188230393.0,https://inaturalist-open-data.s3.amazonaws.com/photos/188230393/medium.jpeg,cc-by,"(c) Andrew Allen, some rights reserved (CC BY)",111497928.0,https://www.inaturalist.org/observations/111497928,https://www.inaturalist.org/photos/188230393
Eucalyptus bosistoana,True,EXACT_CURRENT_NAME,Eucalyptus bosistoana,353882.0,Eucalyptus bosistoana,Coast Grey Box,species,https://www.inaturalist.org/taxa/353882,False,True,cc-by-nc,USABLE_RESEARCH_GRADE_PHOTO_CURRENT_NAME_MATCH,,True,research_grade_observation,71724748.0,https://inaturalist-open-data.s3.amazonaws.com/photos/71724748/medium.jpeg,cc-by,"(c) Paul Bell-Butler, some rights reserved (CC BY)",45234323.0,https://www.inaturalist.org/observations/45234323,https://www.inaturalist.org/photos/71724748
Eucalyptus botryoides,True,EXACT_CURRENT_NAME,Eucalyptus botryoides,162745.0,Eucalyptus botryoides,bangalay,species,https://www.inaturalist.org/taxa/162745,False,True,cc-by-nc-nd,USABLE_RESEARCH_GRADE_PHOTO_CURRENT_NAME_MATCH,,True,research_grade_observation,216674148.0,https://inaturalist-open-data.s3.amazonaws.com/photos/216674148/medium.jpg,cc0,no rights reserved,127616712.0,https://www.inaturalist.org/observations/127616712,https://www.inaturalist.org/photos/216674148
Eucalyptus bridgesiana,True,EXACT_CURRENT_NAME,Eucalyptus bridgesiana,162746.0,Eucalyptus bridgesiana,apple box,species,https://www.inaturalist.org/taxa/162746,False,True,pd,USABLE_RESEARCH_GRADE_PHOTO_CURRENT_NAME_MATCH,,True,research_grade_observation,443126793.0,https://inaturalist-open-data.s3.amazonaws.com/photos/443126793/medium.jpg,cc-by,"(c) Martin Kalfatovic, some rights reserved (CC BY)",248045460.0,https://www.inaturalist.org/observations/248045460,https://www.inaturalist.org/photos/443126793
Eucalyptus camaldulensis,True,EXACT_CURRENT_NAME,Eucalyptus camaldulensis,64128.0,Eucalyptus camaldulensis,River Red Gum,species,https://www.inaturalist.org/taxa/64128,False,True,cc-by-nc,USABLE_RESEARCH_GRADE_PHOTO_CURRENT_NAME_MATCH,,True,research_grade_observation,618253367.0,https://inaturalist-open-data.s3.amazonaws.com/photos/618253367/medium.jpg,cc-by,"(c) zebedeugalinha, some rights reserved (CC BY)",339816600.0,https://www.inaturalist.org/observations/339816600,https://www.inaturalist.org/photos/618253367
Eucalyptus camaldulensis subsp. camaldulensis,False,,,,,,,,False,False,,NO_SAFE_EXACT_OR_SYNONYM_MATCH,,False,,,,,,,,
Eucalyptus cephalocarpa,True,EXACT_CURRENT_NAME,Eucalyptus cephalocarpa,323751.0,Eucalyptus cephalocarpa,Mealy Stringybark,species,https://www.inaturalist.org/taxa/323751,False,True,cc-by-nc,USABLE_RESEARCH_GRADE_PHOTO_CURRENT_NAME_MATCH,,True,research_grade_observation,110083763.0,https://inaturalist-open-data.s3.amazonaws.com/photos/110083763/medium.jpeg,cc-by,"(c) yatesy, some rights reserved (CC BY)",68044309.0,https://www.inaturalist.org/observations/68044309,https://www.inaturalist.org/photos/110083763
Eucalyptus cladocalyx,True,EXACT_CURRENT_NAME,Eucalyptus cladocalyx,77089.0,Eucalyptus cladocalyx,sugar gum,species,https://www.inaturalist.org/taxa/77089,False,True,cc-by-nc,USABLE_RESEARCH_GRADE_PHOTO_CURRENT_NAME_MATCH,,True,research_grade_observation,354399207.0,https://inaturalist-open-data.s3.amazonaws.com/photos/354399207/medium.jpeg,cc-by-sa,"(c) Tony Rebelo, some rights reserved (CC BY-SA)",200834628.0,https://www.inaturalist.org/observations/200834628,https://www.inaturalist.org/photos/354399207
Eucalyptus dives,True,EXACT_CURRENT_NAME,Eucalyptus dives,210350.0,Eucalyptus dives,broadleaf peppermint gum,species,https://www.inaturalist.org/taxa/210350,False,True,cc-by-nc,USABLE_RESEARCH_GRADE_PHOTO_CURRENT_NAME_MATCH,,True,research_grade_observation,263843197.0,https://inaturalist-open-data.s3.amazonaws.com/photos/263843197/medium.jpeg,cc-by,"(c) Josh, some rights reserved (CC BY)",152811005.0,https://www.inaturalist.org/observations/152811005,https://www.inaturalist.org/photos/263843197
Eucalyptus elata,True,EXACT_CURRENT_NAME,Eucalyptus elata,353880.0,Eucalyptus elata,River Peppermint,species,https://www.inaturalist.org/taxa/353880,False,True,cc-by,USABLE_DEFAULT_PHOTO_CURRENT_NAME_MATCH,,True,taxon_default_photo,195860403.0,https://inaturalist-open-data.s3.amazonaws.com/photos/195860403/medium.jpg,cc-by,"(c) 
Murray Fagg, some rights reserved (CC BY)",,,https://www.inaturalist.org/photos/195860403
Eucalyptus globoidea,True,EXACT_CURRENT_NAME,Eucalyptus globoidea,353879.0,Eucalyptus globoidea,White Stringybark,species,https://www.inaturalist.org/taxa/353879,False,True,cc-by-nc,USABLE_RESEARCH_GRADE_PHOTO_CURRENT_NAME_MATCH,,True,research_grade_observation,248752790.0,https://inaturalist-open-data.s3.amazonaws.com/photos/248752790/medium.jpg,cc-by,"(c) Petra Holland, some rights reserved (CC BY)",144876725.0,https://www.inaturalist.org/observations/144876725,https://www.inaturalist.org/photos/248752790
Eucalyptus globulus,True,EXACT_CURRENT_NAME,Eucalyptus globulus,53398.0,Eucalyptus globulus,Tasmanian blue gum,species,https://www.inaturalist.org/taxa/53398,False,True,,USABLE_RESEARCH_GRADE_PHOTO_CURRENT_NAME_MATCH,,True,research_grade_observation,47696646.0,https://inaturalist-open-data.s3.amazonaws.com/photos/47696646/medium.jpg,cc-by,"(c) Yoav Daniel Bar-Ness, some rights reserved (CC BY)",30525680.0,https://www.inaturalist.org/observations/30525680,https://www.inaturalist.org/photos/47696646
Eucalyptus globulus subsp. globulus,False,,,,,,,,False,False,,NO_SAFE_EXACT_OR_SYNONYM_MATCH,,False,,,,,,,,
Eucalyptus goniocalyx,True,EXACT_CURRENT_NAME,Eucalyptus goniocalyx,162754.0,Eucalyptus goniocalyx,Long-leaved Box,species,https://www.inaturalist.org/taxa/162754,False,True,cc-by-nc,USABLE_RESEARCH_GRADE_PHOTO_CURRENT_NAME_MATCH,,True,research_grade_observation,278560731.0,https://inaturalist-open-data.s3.amazonaws.com/photos/278560731/medium.jpeg,cc-by,"(c) Eamonn Culhane, some rights reserved (CC BY)",161168276.0,https://www.inaturalist.org/observations/161168276,https://www.inaturalist.org/photos/278560731
Eucalyptus leucoxylon,True,EXACT_CURRENT_NAME,Eucalyptus leucoxylon,339974.0,Eucalyptus leucoxylon,Yellow gum,species,https://www.inaturalist.org/taxa/339974,False,True,cc-by,USABLE_DEFAULT_PHOTO_CURRENT_NAME_MATCH,,True,taxon_default_photo,73988808.0,https://inaturalist-open-data.s3.amazonaws.com/photos/73988808/medium.jpeg,cc-by,"(c) Chris Lindorff, some rights reserved (CC BY), uploaded by Chris Lindorff",,,https://www.inaturalist.org/photos/73988808
Eucalyptus leucoxylon subsp. megalocarpa,False,,,,,,,,False,False,,NO_SAFE_EXACT_OR_SYNONYM_MATCH,,False,,,,,,,,
Eucalyptus longifolia,True,EXACT_CURRENT_NAME,Eucalyptus longifolia,353878.0,Eucalyptus longifolia,woollybutt,species,https://www.inaturalist.org/taxa/353878,False,True,cc-by-nc,USABLE_RESEARCH_GRADE_PHOTO_CURRENT_NAME_MATCH,,True,research_grade_observation,411361727.0,https://inaturalist-open-data.s3.amazonaws.com/photos/411361727/medium.jpeg,cc-by,"(c) Liam southwell, some rights reserved (CC BY)",231597124.0,https://www.inaturalist.org/observations/231597124,https://www.inaturalist.org/photos/411361727
Eucalyptus macrorhyncha,True,EXACT_CURRENT_NAME,Eucalyptus macrorhyncha,208952.0,Eucalyptus macrorhyncha,Red Stringybark,species,https://www.inaturalist.org/taxa/208952,False,True,cc-by-nc,USABLE_RESEARCH_GRADE_PHOTO_CURRENT_NAME_MATCH,,True,research_grade_observation,551083833.0,https://inaturalist-open-data.s3.amazonaws.com/photos/551083833/medium.jpg,cc-by,"(c) Caleb Catto, some rights reserved (CC BY)",305632178.0,https://www.inaturalist.org/observations/305632178,https://www.inaturalist.org/photos/551083833
Eucalyptus melliodora,True,EXACT_CURRENT_NAME,Eucalyptus melliodora,207906.0,Eucalyptus melliodora,Yellow Box,species,https://www.inaturalist.org/taxa/207906,False,True,cc-by-nc-sa,USABLE_RESEARCH_GRADE_PHOTO_CURRENT_NAME_MATCH,,True,research_grade_observation,77430036.0,https://inaturalist-open-data.s3.amazonaws.com/photos/77430036/medium.jpeg,cc-by,"(c) Matthew Fainman, some rights reserved (CC BY)",48792599.0,https://www.inaturalist.org/observations/48792599,https://www.inaturalist.org/photos/77430036
Eucalyptus molyneuxii,True,EXACT_CURRENT_NAME,Eucalyptus molyneuxii,1075664.0,Eucalyptus molyneuxii,Little Desert Peppermint,species,https://www.inaturalist.org/taxa/1075664,False,True,cc-by-nc,PHOTO_EXISTS_BUT_NO_ACCEPTED_LICENSE_FOUND,,False,,,,,,,,
Eucalyptus obliqua,True,EXACT_CURRENT_NAME,Eucalyptus obliqua,323286.0,Eucalyptus obliqua,Messmate Stringybark,species,https://www.inaturalist.org/taxa/323286,False,True,cc-by-nc,USABLE_RESEARCH_GRADE_PHOTO_CURRENT_NAME_MATCH,,True,research_grade_observation,296299586.0,https://inaturalist-open-data.s3.amazonaws.com/photos/296299586/medium.jpeg,cc0,no rights reserved,170800657.0,https://www.inaturalist.org/observations/170800657,https://www.inaturalist.org/photos/296299586
Eucalyptus ovata,True,EXACT_CURRENT_NAME,Eucalyptus ovata,323789.0,Eucalyptus ovata,Swamp Gum,species,https://www.inaturalist.org/taxa/323789,False,True,cc-by-nc,USABLE_RESEARCH_GRADE_PHOTO_CURRENT_NAME_MATCH,,True,research_grade_observation,255028857.0,https://inaturalist-open-data.s3.amazonaws.com/photos/255028857/medium.jpg,cc-by,"(c) krumpianking, some rights reserved (CC BY)",148130885.0,https://www.inaturalist.org/observations/148130885,https://www.inaturalist.org/photos/255028857
Eucalyptus ovata subsp. ovata,False,,,,,,,,False,False,,NO_SAFE_EXACT_OR_SYNONYM_MATCH,,False,,,,,,,,
Eucalyptus pauciflora,True,EXACT_CURRENT_NAME,Eucalyptus pauciflora,208115.0,Eucalyptus pauciflora,Snow Gum,species,https://www.inaturalist.org/taxa/208115,False,True,cc-by-nc,USABLE_RESEARCH_GRADE_PHOTO_CURRENT_NAME_MATCH,,True,research_grade_observation,471275469.0,https://inaturalist-open-data.s3.amazonaws.com/photos/471275469/medium.jpeg,cc-by-sa,"(c) Gary Williams, some rights reserved (CC BY-SA)",262335847.0,https://www.inaturalist.org/observations/262335847,https://www.inaturalist.org/photos/471275469
Eucalyptus perriniana,True,EXACT_CURRENT_NAME,Eucalyptus perriniana,135375.0,Eucalyptus perriniana,Spinning gum,species,https://www.inaturalist.org/taxa/135375,False,True,cc-by-nc,USABLE_RESEARCH_GRADE_PHOTO_CURRENT_NAME_MATCH,,True,research_grade_observation,360969573.0,https://inaturalist-open-data.s3.amazonaws.com/photos/360969573/medium.jpg,cc-by,"(c) Hilary Rose Dawson, some rights reserved (CC BY)",204234681.0,https://www.inaturalist.org/observations/204234681,https://www.inaturalist.org/photos/360969573
Eucalyptus phenax,True,EXACT_CURRENT_NAME,Eucalyptus phenax,958783.0,Eucalyptus phenax,,species,https://www.inaturalist.org/taxa/958783,False,True,cc-by-nc,USABLE_RESEARCH_GRADE_PHOTO_CURRENT_NAME_MATCH,,True,research_grade_observation,489142373.0,https://inaturalist-open-data.s3.amazonaws.com/photos/489142373/medium.jpeg,cc-by,"(c) Rosalie Lawrence, some rights reserved (CC BY)",271904691.0,https://www.inaturalist.org/observations/271904691,https://www.inaturalist.org/photos/489142373
Eucalyptus phenax subsp. phenax,False,,,,,,,,False,False,,NO_SAFE_EXACT_OR_SYNONYM_MATCH,,False,,,,,,,,
Eucalyptus polyanthemos,True,EXACT_CURRENT_NAME,Eucalyptus polyanthemos,58207.0,Eucalyptus polyanthemos,Silver Dollar Gum,species,https://www.inaturalist.org/taxa/58207,False,True,cc-by-nc-nd,USABLE_RESEARCH_GRADE_PHOTO_CURRENT_NAME_MATCH,,True,research_grade_observation,380416298.0,https://inaturalist-open-data.s3.amazonaws.com/photos/380416298/medium.jpg,cc-by,"(c) Jenny O'Connell, some rights reserved (CC BY)",215181101.0,https://www.inaturalist.org/observations/215181101,https://www.inaturalist.org/photos/380416298
Eucalyptus radiata,True,EXACT_CURRENT_NAME,Eucalyptus radiata,639221.0,Eucalyptus radiata,Narrow-leaved Peppermint,species,https://www.inaturalist.org/taxa/639221,False,True,cc-by-nc,USABLE_RESEARCH_GRADE_PHOTO_CURRENT_NAME_MATCH,,True,research_grade_observation,230543920.0,https://inaturalist-open-data.s3.amazonaws.com/photos/230543920/medium.jpeg,cc-by,"(c) Max Campbell, some rights reserved (CC BY)",135191726.0,https://www.inaturalist.org/observations/135191726,https://www.inaturalist.org/photos/230543920
Eucalyptus radiata subsp. radiata,False,,,,,,,,False,False,,NO_SAFE_EXACT_OR_SYNONYM_MATCH,,False,,,,,,,,
Eucalyptus tricarpa,True,EXACT_CURRENT_NAME,Eucalyptus tricarpa,323761.0,Eucalyptus tricarpa,Southern Red Ironbark,species,https://www.inaturalist.org/taxa/323761,False,True,cc-by-nc,USABLE_RESEARCH_GRADE_PHOTO_CURRENT_NAME_MATCH,,True,research_grade_observation,676387325.0,https://inaturalist-open-data.s3.amazonaws.com/photos/676387325/medium.jpg,cc-by,"(c) Post Office Hill Reserve, some rights reserved (CC BY)",370251439.0,https://www.inaturalist.org/observations/370251439,https://www.inaturalist.org/photos/676387325
Eucalyptus tricarpa subsp. tricarpa,False,,,,,,,,False,False,,NO_SAFE_EXACT_OR_SYNONYM_MATCH,,False,,,,,,,,
Eucalyptus viminalis,True,EXACT_CURRENT_NAME,Eucalyptus viminalis,77093.0,Eucalyptus viminalis,manna gum,species,https://www.inaturalist.org/taxa/77093,False,True,cc-by-nc,USABLE_RESEARCH_GRADE_PHOTO_CURRENT_NAME_MATCH,,True,research_grade_observation,413288174.0,https://inaturalist-open-data.s3.amazonaws.com/photos/413288174/medium.jpeg,cc0,no rights reserved,232615947.0,https://www.inaturalist.org/observations/232615947,https://www.inaturalist.org/photos/413288174
Eucalyptus viminalis subsp. pryoriana,False,,,,,,,,False,False,,NO_SAFE_EXACT_OR_SYNONYM_MATCH,,False,,,,,,,,
Eucalyptus viminalis subsp. viminalis,False,,,,,,,,False,False,,NO_SAFE_EXACT_OR_SYNONYM_MATCH,,False,,,,,,,,
Eucalyptus yarraensis,True,EXACT_CURRENT_NAME,Eucalyptus yarraensis,1073279.0,Eucalyptus yarraensis,Yarra Gum,species,https://www.inaturalist.org/taxa/1073279,False,True,cc-by-nc,USABLE_RESEARCH_GRADE_PHOTO_CURRENT_NAME_MATCH,,True,research_grade_observation,300066629.0,https://inaturalist-open-data.s3.amazonaws.com/photos/300066629/medium.jpeg,cc-by,"(c) Nina Kerr, some rights reserved (CC BY)",172824824.0,https://www.inaturalist.org/observations/172824824,https://www.inaturalist.org/photos/300066629
Eucalyptus ×studleyensis,False,,,,,,,,False,False,,NO_SAFE_EXACT_OR_SYNONYM_MATCH,,False,,,,,,,,
Euchiton involucratus,True,EXACT_CURRENT_NAME,Euchiton involucratus,77101.0,Euchiton involucratus,common cudweed,species,https://www.inaturalist.org/taxa/77101,False,True,cc-by-nc,USABLE_RESEARCH_GRADE_PHOTO_CURRENT_NAME_MATCH,,True,research_grade_observation,24168280.0,https://inaturalist-open-data.s3.amazonaws.com/photos/24168280/medium.jpg,cc-by,"(c) Cheng-Tao Lin, some rights reserved (CC BY)",16128020.0,https://www.inaturalist.org/observations/16128020,https://www.inaturalist.org/photos/24168280
Euchiton japonicus,True,EXACT_CURRENT_NAME,Euchiton japonicus,162769.0,Euchiton japonicus,father-and-child plant,species,https://www.inaturalist.org/taxa/162769,False,True,cc-by-nc,USABLE_RESEARCH_GRADE_PHOTO_CURRENT_NAME_MATCH,,True,research_grade_observation,55146377.0,https://inaturalist-open-data.s3.amazonaws.com/photos/55146377/medium.jpeg,cc-by,"(c) Joe Potter Butler, some rights reserved (CC BY)",34994530.0,https://www.inaturalist.org/observations/34994530,https://www.inaturalist.org/photos/55146377
Euchiton sphaericus,True,EXACT_CURRENT_NAME,Euchiton sphaericus,77102.0,Euchiton sphaericus,globe cottonleaf,species,https://www.inaturalist.org/taxa/77102,False,True,cc-by,USABLE_DEFAULT_PHOTO_CURRENT_NAME_MATCH,,True,taxon_default_photo,62289068.0,https://inaturalist-open-data.s3.amazonaws.com/photos/62289068/medium.jpeg,cc-by,"(c) Joe Potter Butler, some rights reserved (CC BY), uploaded by Joe Potter Butler",,,https://www.inaturalist.org/photos/62289068
Euphorbia peplus,True,EXACT_CURRENT_NAME,Euphorbia peplus,57036.0,Euphorbia peplus,Petty Spurge,species,https://www.inaturalist.org/taxa/57036,False,True,cc-by-nc,USABLE_RESEARCH_GRADE_PHOTO_CURRENT_NAME_MATCH,,True,research_grade_observation,85583133.0,https://inaturalist-open-data.s3.amazonaws.com/photos/85583133/medium.jpg,cc0,no rights reserved,53801204.0,https://www.inaturalist.org/observations/53801204,https://www.inaturalist.org/photos/85583133
Exocarpos cupressiformis,True,EXACT_CURRENT_NAME,Exocarpos cupressiformis,178212.0,Exocarpos cupressiformis,Cherry Ballart,species,https://www.inaturalist.org/taxa/178212,False,True,cc-by-nc-nd,USABLE_RESEARCH_GRADE_PHOTO_CURRENT_NAME_MATCH,,True,research_grade_observation,521231375.0,https://inaturalist-open-data.s3.amazonaws.com/photos/521231375/medium.jpg,cc-by-sa,"(c) James K. Douch, some rights reserved (CC BY-SA)",289779149.0,https://www.inaturalist.org/observations/289779149,https://www.inaturalist.org/photos/521231375
Festuca arundinacea,True,EXACT_SYNONYM,Festuca arundinacea,164708.0,Lolium arundinaceum,tall fescue,species,https://www.inaturalist.org/taxa/164708,True,True,cc-by-nc,USABLE_RESEARCH_GRADE_PHOTO_SYNONYM_MATCH,,True,research_grade_observation,106303495.0,https://inaturalist-open-data.s3.amazonaws.com/photos/106303495/medium.jpg,cc-by,"(c) Георгий Виноградов (Georgy Vinogradov), some rights reserved (CC BY)",65998620.0,https://www.inaturalist.org/observations/65998620,https://www.inaturalist.org/photos/106303495
Festuca rubra,True,EXACT_CURRENT_NAME,Festuca rubra,61061.0,Festuca rubra,red fescue,species,https://www.inaturalist.org/taxa/61061,False,True,cc-by-nc,USABLE_RESEARCH_GRADE_PHOTO_CURRENT_NAME_MATCH,,True,research_grade_observation,1249497.0,https://inaturalist-open-data.s3.amazonaws.com/photos/1249497/medium.,cc-by-sa,"(c) Colin Meurk, some rights reserved (CC BY-SA)",990241.0,https://www.inaturalist.org/observations/990241,https://www.inaturalist.org/photos/1249497
Ficinia marginata,True,EXACT_CURRENT_NAME,Ficinia marginata,1185689.0,Ficinia marginata,Common Annual Clubrush,species,https://www.inaturalist.org/taxa/1185689,False,True,cc-by-nc,USABLE_RESEARCH_GRADE_PHOTO_CURRENT_NAME_MATCH,,True,research_grade_observation,55727294.0,https://inaturalist-open-data.s3.amazonaws.com/photos/55727294/medium.jpeg,cc-by,"(c) Arnim Littek, some rights reserved (CC BY)",35345629.0,https://www.inaturalist.org/observations/35345629,https://www.inaturalist.org/photos/55727294
Fissidens leptocladus,True,EXACT_CURRENT_NAME,Fissidens leptocladus,401893.0,Fissidens leptocladus,,species,https://www.inaturalist.org/taxa/401893,False,True,cc0,USABLE_DEFAULT_PHOTO_CURRENT_NAME_MATCH,,True,taxon_default_photo,5465145.0,https://inaturalist-open-data.s3.amazonaws.com/photos/5465145/medium.jpg,cc0,"no rights reserved, uploaded by Peter de Lange",,,https://www.inaturalist.org/photos/5465145
Fissidens taylorii,True,EXACT_CURRENT_NAME,Fissidens taylorii,401878.0,Fissidens taylorii,,species,https://www.inaturalist.org/taxa/401878,False,True,cc-by-nc,USABLE_RESEARCH_GRADE_PHOTO_CURRENT_NAME_MATCH,,True,research_grade_observation,91416159.0,https://inaturalist-open-data.s3.amazonaws.com/photos/91416159/medium.jpeg,cc-by,"(c) Em Lamond, some rights reserved (CC BY)",57318140.0,https://www.inaturalist.org/observations/57318140,https://www.inaturalist.org/photos/91416159
Foeniculum vulgare,True,EXACT_CURRENT_NAME,Foeniculum vulgare,53052.0,Foeniculum vulgare,fennel,species,https://www.inaturalist.org/taxa/53052,False,True,,USABLE_RESEARCH_GRADE_PHOTO_CURRENT_NAME_MATCH,,True,research_grade_observation,728691608.0,https://inaturalist-open-data.s3.amazonaws.com/photos/728691608/medium.jpg,cc-by,"(c) zebedeugalinha, some rights reserved (CC BY)",397306634.0,https://www.inaturalist.org/observations/397306634,https://www.inaturalist.org/photos/728691608
Fraxinus angustifolia,True,EXACT_CURRENT_NAME,Fraxinus angustifolia,82881.0,Fraxinus angustifolia,Narrow-leaved Ash,species,https://www.inaturalist.org/taxa/82881,False,True,cc-by-nc,USABLE_RESEARCH_GRADE_PHOTO_CURRENT_NAME_MATCH,,True,research_grade_observation,583667140.0,https://inaturalist-open-data.s3.amazonaws.com/photos/583667140/medium.jpg,cc-by,"(c) zebedeugalinha, some rights reserved (CC BY)",322626528.0,https://www.inaturalist.org/observations/322626528,https://www.inaturalist.org/photos/583667140
Fumaria bastardii,True,EXACT_CURRENT_NAME,Fumaria bastardii,129734.0,Fumaria bastardii,tall ramping-fumitory,species,https://www.inaturalist.org/taxa/129734,False,True,cc-by-nc,USABLE_RESEARCH_GRADE_PHOTO_CURRENT_NAME_MATCH,,True,research_grade_observation,242569295.0,https://inaturalist-open-data.s3.amazonaws.com/photos/242569295/medium.jpeg,cc-by,"(c) Genevieve Early, some rights reserved (CC BY)",141572524.0,https://www.inaturalist.org/observations/141572524,https://www.inaturalist.org/photos/242569295
Fumaria capreolata,True,EXACT_CURRENT_NAME,Fumaria capreolata,57852.0,Fumaria capreolata,white ramping-fumitory,species,https://www.inaturalist.org/taxa/57852,False,True,cc-by-nc,USABLE_RESEARCH_GRADE_PHOTO_CURRENT_NAME_MATCH,,True,research_grade_observation,114942751.0,https://inaturalist-open-data.s3.amazonaws.com/photos/114942751/medium.jpeg,cc-by,"(c) Karim Haddad, some rights reserved (CC BY)",70677665.0,https://www.inaturalist.org/observations/70677665,https://www.inaturalist.org/photos/114942751
Funaria hygrometrica,True,EXACT_CURRENT_NAME,Funaria hygrometrica,120000.0,Funaria hygrometrica,Bonfire moss,species,https://www.inaturalist.org/taxa/120000,False,True,cc-by-nc,USABLE_RESEARCH_GRADE_PHOTO_CURRENT_NAME_MATCH,,True,research_grade_observation,197176976.0,https://inaturalist-open-data.s3.amazonaws.com/photos/197176976/medium.jpeg,cc-by,"(c) Roger Raiche, some rights reserved (CC BY)",116790593.0,https://www.inaturalist.org/observations/116790593,https://www.inaturalist.org/photos/197176976
Gahnia radula,True,EXACT_CURRENT_NAME,Gahnia radula,323912.0,Gahnia radula,Thatch Saw-sedge,species,https://www.inaturalist.org/taxa/323912,False,True,,USABLE_RESEARCH_GRADE_PHOTO_CURRENT_NAME_MATCH,,True,research_grade_observation,141123501.0,https://inaturalist-open-data.s3.amazonaws.com/photos/141123501/medium.jpeg,cc-by,"(c) Andrew Allen, some rights reserved (CC BY)",85740010.0,https://www.inaturalist.org/observations/85740010,https://www.inaturalist.org/photos/141123501
Gahnia sieberiana,True,EXACT_CURRENT_NAME,Gahnia sieberiana,353847.0,Gahnia sieberiana,Red-fruit Saw-sedge,species,https://www.inaturalist.org/taxa/353847,False,True,cc-by-nc,USABLE_RESEARCH_GRADE_PHOTO_CURRENT_NAME_MATCH,,True,research_grade_observation,256824146.0,https://inaturalist-open-data.s3.amazonaws.com/photos/256824146/medium.jpg,cc-by,"(c) Lucas Christofides, some rights reserved (CC BY)",149075118.0,https://www.inaturalist.org/observations/149075118,https://www.inaturalist.org/photos/256824146
Galinsoga parviflora,True,EXACT_CURRENT_NAME,Galinsoga parviflora,48178.0,Galinsoga parviflora,Gallant Soldier,species,https://www.inaturalist.org/taxa/48178,False,True,cc-by-nc,USABLE_RESEARCH_GRADE_PHOTO_CURRENT_NAME_MATCH,,True,research_grade_observation,454707455.0,https://inaturalist-open-data.s3.amazonaws.com/photos/454707455/medium.jpeg,cc-by,"(c) Vasco Henrique Oliveira Fonseca, some rights reserved (CC BY)",253914096.0,https://www.inaturalist.org/observations/253914096,https://www.inaturalist.org/photos/454707455
Galium aparine,True,EXACT_CURRENT_NAME,Galium aparine,1403902.0,Galium aparine,,complex,https://www.inaturalist.org/taxa/1403902,False,True,cc-by-nc,USABLE_RESEARCH_GRADE_PHOTO_CURRENT_NAME_MATCH,,True,research_grade_observation,587930311.0,https://inaturalist-open-data.s3.amazonaws.com/photos/587930311/medium.jpg,cc-by,"(c) zebedeugalinha, some rights reserved (CC BY)",324788630.0,https://www.inaturalist.org/observations/324788630,https://www.inaturalist.org/photos/587930311
Galium gaudichaudii,True,EXACT_CURRENT_NAME,Galium gaudichaudii,323310.0,Galium gaudichaudii,Rough bedstraw,species,https://www.inaturalist.org/taxa/323310,False,True,cc-by-nc,USABLE_RESEARCH_GRADE_PHOTO_CURRENT_NAME_MATCH,,True,research_grade_observation,375511381.0,https://inaturalist-open-data.s3.amazonaws.com/photos/375511381/medium.jpg,cc-by,"(c) Donna Belder, some rights reserved (CC BY)",212490592.0,https://www.inaturalist.org/observations/212490592,https://www.inaturalist.org/photos/375511381
Galium gaudichaudii subsp. gaudichaudii,False,,,,,,,,False,False,,NO_SAFE_EXACT_OR_SYNONYM_MATCH,,False,,,,,,,,
Gamochaeta americana,True,EXACT_CURRENT_NAME,Gamochaeta americana,153366.0,Gamochaeta americana,American Everlasting,species,https://www.inaturalist.org/taxa/153366,False,True,cc-by-nc,USABLE_RESEARCH_GRADE_PHOTO_CURRENT_NAME_MATCH,,True,research_grade_observation,686089007.0,https://inaturalist-open-data.s3.amazonaws.com/photos/686089007/medium.jpg,cc-by,"(c) zebedeugalinha, some rights reserved (CC BY)",375309542.0,https://www.inaturalist.org/observations/375309542,https://www.inaturalist.org/photos/686089007
Gamochaeta purpurea,True,EXACT_CURRENT_NAME,Gamochaeta purpurea,60957.0,Gamochaeta purpurea,Purple Cudweed,species,https://www.inaturalist.org/taxa/60957,False,True,cc0,USABLE_DEFAULT_PHOTO_CURRENT_NAME_MATCH,,True,taxon_default_photo,68688462.0,https://inaturalist-open-data.s3.amazonaws.com/photos/68688462/medium.jpeg,cc0,"no rights reserved, uploaded by 葉子",,,https://www.inaturalist.org/photos/68688462
Gaudium laevigatum,True,EXACT_CURRENT_NAME,Gaudium laevigatum,1546134.0,Gaudium laevigatum,Coast Teatree,species,https://www.inaturalist.org/taxa/1546134,False,True,cc-by,USABLE_DEFAULT_PHOTO_CURRENT_NAME_MATCH,,True,taxon_default_photo,86160292.0,https://inaturalist-open-data.s3.amazonaws.com/photos/86160292/medium.jpg,cc-by,"(c) Kevin Thiele, some rights reserved (CC BY)",,,https://www.inaturalist.org/photos/86160292
Gaudium myrsinoides,True,EXACT_CURRENT_NAME,Gaudium myrsinoides,1546152.0,Gaudium myrsinoides,Heath Teatree,species,https://www.inaturalist.org/taxa/1546152,False,True,cc-by-nc-sa,USABLE_RESEARCH_GRADE_PHOTO_CURRENT_NAME_MATCH,,True,research_grade_observation,395254238.0,https://inaturalist-open-data.s3.amazonaws.com/photos/395254238/medium.jpg,cc-by,"(c) grampianshiker, some rights reserved (CC BY)",223100010.0,https://www.inaturalist.org/observations/223100010,https://www.inaturalist.org/photos/395254238
Genista linifolia,True,EXACT_CURRENT_NAME,Genista linifolia,77238.0,Genista linifolia,needle-leaved broom,species,https://www.inaturalist.org/taxa/77238,False,True,cc-by-nc,USABLE_RESEARCH_GRADE_PHOTO_CURRENT_NAME_MATCH,,True,research_grade_observation,669361218.0,https://inaturalist-open-data.s3.amazonaws.com/photos/669361218/medium.jpg,cc-by,"(c) Aaron Kreisberg, some rights reserved (CC BY)",366569375.0,https://www.inaturalist.org/observations/366569375,https://www.inaturalist.org/photos/669361218
Genista monspessulana,True,EXACT_CURRENT_NAME,Genista monspessulana,53403.0,Genista monspessulana,French broom,species,https://www.inaturalist.org/taxa/53403,False,True,cc-by-nc,USABLE_RESEARCH_GRADE_PHOTO_CURRENT_NAME_MATCH,,True,research_grade_observation,190980042.0,https://inaturalist-open-data.s3.amazonaws.com/photos/190980042/medium.jpeg,cc-by,"(c) Roger Raiche, some rights reserved (CC BY)",113036794.0,https://www.inaturalist.org/observations/113036794,https://www.inaturalist.org/photos/190980042
Geranium dissectum,True,EXACT_CURRENT_NAME,Geranium dissectum,53075.0,Geranium dissectum,Cut-leaved crane's-bill,species,https://www.inaturalist.org/taxa/53075,False,True,,USABLE_RESEARCH_GRADE_PHOTO_CURRENT_NAME_MATCH,,True,research_grade_observation,503734478.0,https://inaturalist-open-data.s3.amazonaws.com/photos/503734478/medium.jpeg,cc-by,"(c) Pto, some rights reserved (CC BY)",280467030.0,https://www.inaturalist.org/observations/280467030,https://www.inaturalist.org/photos/503734478
Geranium molle,True,EXACT_CURRENT_NAME,Geranium molle,1178020.0,Geranium molle,Dove's-foot Crane's-Bill Complex,complex,https://www.inaturalist.org/taxa/1178020,False,True,cc-by,USABLE_DEFAULT_PHOTO_CURRENT_NAME_MATCH,,True,taxon_default_photo,11134348.0,https://inaturalist-open-data.s3.amazonaws.com/photos/11134348/medium.jpg,cc-by,"(c) Kostas Zontanos, some rights reserved (CC BY), uploaded by Kostas Zontanos",,,https://www.inaturalist.org/photos/11134348
Geranium retrorsum,True,EXACT_CURRENT_NAME,Geranium retrorsum,118443.0,Geranium retrorsum,New Zealand geranium,species,https://www.inaturalist.org/taxa/118443,False,True,cc-by,USABLE_DEFAULT_PHOTO_CURRENT_NAME_MATCH,,True,taxon_default_photo,39158535.0,https://inaturalist-open-data.s3.amazonaws.com/photos/39158535/medium.jpg,cc-by,"(c) Nathan Odgers, some rights reserved (CC BY), uploaded by Nathan Odgers",,,https://www.inaturalist.org/photos/39158535
Geranium solanderi,True,EXACT_CURRENT_NAME,Geranium solanderi,77262.0,Geranium solanderi,Solander's geranium,species,https://www.inaturalist.org/taxa/77262,False,True,cc-by-nc,USABLE_RESEARCH_GRADE_PHOTO_CURRENT_NAME_MATCH,,True,research_grade_observation,173148633.0,https://inaturalist-open-data.s3.amazonaws.com/photos/173148633/medium.jpg,cc0,no rights reserved,103453547.0,https://www.inaturalist.org/observations/103453547,https://www.inaturalist.org/photos/173148633
Gladiolus carneus,True,EXACT_CURRENT_NAME,Gladiolus carneus,565965.0,Gladiolus carneus,Painted Lady,species,https://www.inaturalist.org/taxa/565965,False,True,cc-by,USABLE_DEFAULT_PHOTO_CURRENT_NAME_MATCH,,True,taxon_default_photo,12026808.0,https://inaturalist-open-data.s3.amazonaws.com/photos/12026808/medium.jpg,cc-by,"(c) Henry de Lange, some rights reserved (CC BY), uploaded by Henry de Lange",,,https://www.inaturalist.org/photos/12026808
Gladiolus undulatus,True,EXACT_CURRENT_NAME,Gladiolus undulatus,402072.0,Gladiolus undulatus,Wild gladiolus,species,https://www.inaturalist.org/taxa/402072,False,True,cc-by-nc,USABLE_RESEARCH_GRADE_PHOTO_CURRENT_NAME_MATCH,,True,research_grade_observation,29129344.0,https://inaturalist-open-data.s3.amazonaws.com/photos/29129344/medium.jpg,cc-by-sa,"(c) magriet b, some rights reserved (CC BY-SA)",18996896.0,https://www.inaturalist.org/observations/18996896,https://www.inaturalist.org/photos/29129344
Gleichenia dicarpa,True,EXACT_CURRENT_NAME,Gleichenia dicarpa,323510.0,Gleichenia dicarpa,Pouched Coral Fern,species,https://www.inaturalist.org/taxa/323510,False,True,,USABLE_RESEARCH_GRADE_PHOTO_CURRENT_NAME_MATCH,,True,research_grade_observation,363311698.0,https://inaturalist-open-data.s3.amazonaws.com/photos/363311698/medium.jpg,cc-by,"(c) ian_mcallan, some rights reserved (CC BY)",205469513.0,https://www.inaturalist.org/observations/205469513,https://www.inaturalist.org/photos/363311698
Gleichenia microphylla,True,EXACT_CURRENT_NAME,Gleichenia microphylla,323951.0,Gleichenia microphylla,scrambling coral-fern,species,https://www.inaturalist.org/taxa/323951,False,True,cc-by-nc,USABLE_RESEARCH_GRADE_PHOTO_CURRENT_NAME_MATCH,,True,research_grade_observation,497245917.0,https://inaturalist-open-data.s3.amazonaws.com/photos/497245917/medium.jpeg,cc0,no rights reserved,276914340.0,https://www.inaturalist.org/observations/276914340,https://www.inaturalist.org/photos/497245917
Glossodia major,True,EXACT_CURRENT_NAME,Glossodia major,83357.0,Glossodia major,Waxlip Orchid,species,https://www.inaturalist.org/taxa/83357,False,True,cc-by,USABLE_DEFAULT_PHOTO_CURRENT_NAME_MATCH,,True,taxon_default_photo,318845738.0,https://inaturalist-open-data.s3.amazonaws.com/photos/318845738/medium.jpg,cc-by,"(c) Connor Margetts, some rights reserved (CC BY), uploaded by Connor Margetts",,,https://www.inaturalist.org/photos/318845738
Glyceria australis,True,EXACT_CURRENT_NAME,Glyceria australis,602916.0,Glyceria australis,,species,https://www.inaturalist.org/taxa/602916,False,True,cc-by-nc,USABLE_RESEARCH_GRADE_PHOTO_CURRENT_NAME_MATCH,,True,research_grade_observation,168031184.0,https://inaturalist-open-data.s3.amazonaws.com/photos/168031184/medium.jpg,cc-by,"(c) Steve Llewellyn, some rights reserved (CC BY)",100658825.0,https://www.inaturalist.org/observations/100658825,https://www.inaturalist.org/photos/168031184
Glyceria declinata,True,EXACT_CURRENT_NAME,Glyceria declinata,77288.0,Glyceria declinata,low manna grass,species,https://www.inaturalist.org/taxa/77288,False,True,cc-by-nc,USABLE_RESEARCH_GRADE_PHOTO_CURRENT_NAME_MATCH,,True,research_grade_observation,610237829.0,https://inaturalist-open-data.s3.amazonaws.com/photos/610237829/medium.jpg,cc0,no rights reserved,335867193.0,https://www.inaturalist.org/observations/335867193,https://www.inaturalist.org/photos/610237829
Glycine clandestina,True,EXACT_CURRENT_NAME,Glycine clandestina,321122.0,Glycine clandestina,Twining Glycine,species,https://www.inaturalist.org/taxa/321122,False,True,,USABLE_RESEARCH_GRADE_PHOTO_CURRENT_NAME_MATCH,,True,research_grade_observation,507726994.0,https://inaturalist-open-data.s3.amazonaws.com/photos/507726994/medium.jpg,cc-by,"(c) Lucas Christofides, some rights reserved (CC BY)",282593623.0,https://www.inaturalist.org/observations/282593623,https://www.inaturalist.org/photos/507726994
Gompholobium huegelii,True,EXACT_CURRENT_NAME,Gompholobium huegelii,323820.0,Gompholobium huegelii,Common Wedge-pea,species,https://www.inaturalist.org/taxa/323820,False,True,,USABLE_RESEARCH_GRADE_PHOTO_CURRENT_NAME_MATCH,,True,research_grade_observation,358111111.0,https://inaturalist-open-data.s3.amazonaws.com/photos/358111111/medium.jpeg,cc0,no rights reserved,202745888.0,https://www.inaturalist.org/observations/202745888,https://www.inaturalist.org/photos/358111111
Gonocarpus micranthus,True,EXACT_CURRENT_NAME,Gonocarpus micranthus,323235.0,Gonocarpus micranthus,creeping raspwort,species,https://www.inaturalist.org/taxa/323235,False,True,cc-by,USABLE_DEFAULT_PHOTO_CURRENT_NAME_MATCH,,True,taxon_default_photo,181026023.0,https://inaturalist-open-data.s3.amazonaws.com/photos/181026023/medium.jpeg,cc-by,"(c) Thomas Mesaglio, some rights reserved (CC BY), uploaded by Thomas Mesaglio",,,https://www.inaturalist.org/photos/181026023
Gonocarpus micranthus subsp. micranthus,False,,,,,,,,False,False,,NO_SAFE_EXACT_OR_SYNONYM_MATCH,,False,,,,,,,,
Gonocarpus micranthus subsp. ramosissimus,False,,,,,,,,False,False,,NO_SAFE_EXACT_OR_SYNONYM_MATCH,,False,,,,,,,,
Gonocarpus tetragynus,True,EXACT_CURRENT_NAME,Gonocarpus tetragynus,210345.0,Gonocarpus tetragynus,Common Raspwort,species,https://www.inaturalist.org/taxa/210345,False,True,cc-by-nc,USABLE_RESEARCH_GRADE_PHOTO_CURRENT_NAME_MATCH,,True,research_grade_observation,527935977.0,https://inaturalist-open-data.s3.amazonaws.com/photos/527935977/medium.jpg,cc-by,"(c) Alex Stuart, some rights reserved (CC BY)",293320435.0,https://www.inaturalist.org/observations/293320435,https://www.inaturalist.org/photos/527935977
Goodenia elongata,True,EXACT_CURRENT_NAME,Goodenia elongata,421611.0,Goodenia elongata,,species,https://www.inaturalist.org/taxa/421611,False,True,cc-by-nc-sa,USABLE_LICENSED_PHOTO_CURRENT_NAME_MATCH,,True,licensed_observation,465683354.0,https://inaturalist-open-data.s3.amazonaws.com/photos/465683354/medium.jpeg,cc-by,"(c) Josh, some rights reserved (CC BY)",259420174.0,https://www.inaturalist.org/observations/259420174,https://www.inaturalist.org/photos/465683354
Goodenia geniculata,True,EXACT_CURRENT_NAME,Goodenia geniculata,421578.0,Goodenia geniculata,Bent Goodenia,species,https://www.inaturalist.org/taxa/421578,False,True,,USABLE_RESEARCH_GRADE_PHOTO_CURRENT_NAME_MATCH,,True,research_grade_observation,599424289.0,https://inaturalist-open-data.s3.amazonaws.com/photos/599424289/medium.jpg,cc-by,"(c) Rod Lowther, some rights reserved (CC BY)",330550515.0,https://www.inaturalist.org/observations/330550515,https://www.inaturalist.org/photos/599424289
Goodenia humilis,True,EXACT_CURRENT_NAME,Goodenia humilis,421614.0,Goodenia humilis,swamp Goodenia,species,https://www.inaturalist.org/taxa/421614,False,True,cc-by-nc-sa,USABLE_RESEARCH_GRADE_PHOTO_CURRENT_NAME_MATCH,,True,research_grade_observation,106525565.0,https://inaturalist-open-data.s3.amazonaws.com/photos/106525565/medium.jpg,cc-by-sa,"(c) Miguel de Salas, some rights reserved (CC BY-SA)",66121775.0,https://www.inaturalist.org/observations/66121775,https://www.inaturalist.org/photos/106525565
Goodenia ovata,True,EXACT_CURRENT_NAME,Goodenia ovata,323821.0,Goodenia ovata,hop goodenia,species,https://www.inaturalist.org/taxa/323821,False,True,cc-by-nc,USABLE_RESEARCH_GRADE_PHOTO_CURRENT_NAME_MATCH,,True,research_grade_observation,97243863.0,https://inaturalist-open-data.s3.amazonaws.com/photos/97243863/medium.jpeg,cc-by,"(c) ronavery, some rights reserved (CC BY)",60800772.0,https://www.inaturalist.org/observations/60800772,https://www.inaturalist.org/photos/97243863
Goodenia radicans,True,EXACT_CURRENT_NAME,Goodenia radicans,1497018.0,Goodenia radicans,Selliera,species,https://www.inaturalist.org/taxa/1497018,False,True,cc-by,USABLE_DEFAULT_PHOTO_CURRENT_NAME_MATCH,,True,taxon_default_photo,1195717.0,https://inaturalist-open-data.s3.amazonaws.com/photos/1195717/medium.jpg,cc-by,"(c) Jon Sullivan, some rights reserved (CC BY)",,,https://www.inaturalist.org/photos/1195717
Goodia lotifolia,True,EXACT_CURRENT_NAME,Goodia lotifolia,319193.0,Goodia lotifolia,Clover-leaved Poison,species,https://www.inaturalist.org/taxa/319193,False,True,cc-by-nc,USABLE_RESEARCH_GRADE_PHOTO_CURRENT_NAME_MATCH,,True,research_grade_observation,30333376.0,https://inaturalist-open-data.s3.amazonaws.com/photos/30333376/medium.jpg,cc-by,"(c) Terra Occ, some rights reserved (CC BY)",19691594.0,https://www.inaturalist.org/observations/19691594,https://www.inaturalist.org/photos/30333376
Gratiola peruviana,True,EXACT_CURRENT_NAME,Gratiola peruviana,353896.0,Gratiola peruviana,Austral Brooklime,species,https://www.inaturalist.org/taxa/353896,False,True,cc-by-nc,USABLE_RESEARCH_GRADE_PHOTO_CURRENT_NAME_MATCH,,True,research_grade_observation,343652025.0,https://inaturalist-open-data.s3.amazonaws.com/photos/343652025/medium.jpeg,cc-by,"(c) Elspeth Swan, some rights reserved (CC BY)",195354706.0,https://www.inaturalist.org/observations/195354706,https://www.inaturalist.org/photos/343652025
Grevillea ilicifolia,True,EXACT_CURRENT_NAME,Grevillea ilicifolia,552471.0,Grevillea ilicifolia,Holly Grevillea,species,https://www.inaturalist.org/taxa/552471,False,True,cc-by-nc,USABLE_RESEARCH_GRADE_PHOTO_CURRENT_NAME_MATCH,,True,research_grade_observation,554121350.0,https://inaturalist-open-data.s3.amazonaws.com/photos/554121350/medium.jpg,cc-by,"(c) ttsquid, some rights reserved (CC BY)",307224670.0,https://www.inaturalist.org/observations/307224670,https://www.inaturalist.org/photos/554121350
Grevillea ilicifolia subsp. ilicifolia,False,,,,,,,,False,False,,NO_SAFE_EXACT_OR_SYNONYM_MATCH,,False,,,,,,,,
Grevillea robusta,True,EXACT_CURRENT_NAME,Grevillea robusta,77302.0,Grevillea robusta,silk oak,species,https://www.inaturalist.org/taxa/77302,False,True,cc-by-nc,USABLE_RESEARCH_GRADE_PHOTO_CURRENT_NAME_MATCH,,True,research_grade_observation,184742142.0,https://inaturalist-open-data.s3.amazonaws.com/photos/184742142/medium.jpeg,cc-by,"(c) Jane C Frost, some rights reserved (CC BY)",109595762.0,https://www.inaturalist.org/observations/109595762,https://www.inaturalist.org/photos/184742142
Grevillea rosmarinifolia,True,EXACT_CURRENT_NAME,Grevillea rosmarinifolia,547335.0,Grevillea rosmarinifolia,rosemary grevillea,species,https://www.inaturalist.org/taxa/547335,False,True,cc-by-nc,USABLE_RESEARCH_GRADE_PHOTO_CURRENT_NAME_MATCH,,True,research_grade_observation,97675436.0,https://inaturalist-open-data.s3.amazonaws.com/photos/97675436/medium.jpeg,cc-by,"(c) graeme lunt, some rights reserved (CC BY)",61061423.0,https://www.inaturalist.org/observations/61061423,https://www.inaturalist.org/photos/97675436
Grevillea rosmarinifolia subsp. rosmarinifolia,False,,,,,,,,False,False,,NO_SAFE_EXACT_OR_SYNONYM_MATCH,,False,,,,,,,,
Gynatrix pulchella,True,EXACT_CURRENT_NAME,Gynatrix pulchella,370183.0,Gynatrix pulchella,Hemp Bush,species,https://www.inaturalist.org/taxa/370183,False,True,,USABLE_RESEARCH_GRADE_PHOTO_CURRENT_NAME_MATCH,,True,research_grade_observation,159329668.0,https://inaturalist-open-data.s3.amazonaws.com/photos/159329668/medium.jpg,cc0,no rights reserved,95937880.0,https://www.inaturalist.org/observations/95937880,https://www.inaturalist.org/photos/159329668
Hakea decurrens,True,EXACT_CURRENT_NAME,Hakea decurrens,320929.0,Hakea decurrens,Bushy Needlewood,species,https://www.inaturalist.org/taxa/320929,False,True,cc-by-nc-sa,USABLE_RESEARCH_GRADE_PHOTO_CURRENT_NAME_MATCH,,True,research_grade_observation,59455142.0,https://inaturalist-open-data.s3.amazonaws.com/photos/59455142/medium.jpeg,cc-by,"(c) Duarte Frade, some rights reserved (CC BY)",37498217.0,https://www.inaturalist.org/observations/37498217,https://www.inaturalist.org/photos/59455142
Hakea drupacea,True,EXACT_CURRENT_NAME,Hakea drupacea,341634.0,Hakea drupacea,Sweet Hakea,species,https://www.inaturalist.org/taxa/341634,False,True,,USABLE_RESEARCH_GRADE_PHOTO_CURRENT_NAME_MATCH,,True,research_grade_observation,151287192.0,https://inaturalist-open-data.s3.amazonaws.com/photos/151287192/medium.jpeg,cc-by-sa,"(c) Tony Rebelo, some rights reserved (CC BY-SA)",91462564.0,https://www.inaturalist.org/observations/91462564,https://www.inaturalist.org/photos/151287192
Hakea eriantha,True,EXACT_CURRENT_NAME,Hakea eriantha,402267.0,Hakea eriantha,Tree Hakea,species,https://www.inaturalist.org/taxa/402267,False,True,cc-by-nc,USABLE_RESEARCH_GRADE_PHOTO_CURRENT_NAME_MATCH,,True,research_grade_observation,443714348.0,https://inaturalist-open-data.s3.amazonaws.com/photos/443714348/medium.jpeg,cc-by-sa,"(c) Greg Tasney, some rights reserved (CC BY-SA)",248347607.0,https://www.inaturalist.org/observations/248347607,https://www.inaturalist.org/photos/443714348
Hakea nodosa,True,EXACT_CURRENT_NAME,Hakea nodosa,708649.0,Hakea nodosa,Yellow Hakea,species,https://www.inaturalist.org/taxa/708649,False,True,cc-by-nc-sa,USABLE_RESEARCH_GRADE_PHOTO_CURRENT_NAME_MATCH,,True,research_grade_observation,365707732.0,https://inaturalist-open-data.s3.amazonaws.com/photos/365707732/medium.jpg,cc-by,"(c) grampianshiker, some rights reserved (CC BY)",206792865.0,https://www.inaturalist.org/observations/206792865,https://www.inaturalist.org/photos/365707732
Hakea salicifolia,True,EXACT_CURRENT_NAME,Hakea salicifolia,363485.0,Hakea salicifolia,Willow-leaved hakea,species,https://www.inaturalist.org/taxa/363485,False,True,cc-by-nc-nd,USABLE_RESEARCH_GRADE_PHOTO_CURRENT_NAME_MATCH,,True,research_grade_observation,451998268.0,https://inaturalist-open-data.s3.amazonaws.com/photos/451998268/medium.jpg,cc-by,"(c) zebedeugalinha, some rights reserved (CC BY)",252488232.0,https://www.inaturalist.org/observations/252488232,https://www.inaturalist.org/photos/451998268
Hakea salicifolia subsp. salicifolia,False,,,,,,,,False,False,,NO_SAFE_EXACT_OR_SYNONYM_MATCH,,False,,,,,,,,
Hakea sericea,True,EXACT_CURRENT_NAME,Hakea sericea,321137.0,Hakea sericea,Bushy needlebush,species,https://www.inaturalist.org/taxa/321137,False,True,cc-by,USABLE_DEFAULT_PHOTO_CURRENT_NAME_MATCH,,True,taxon_default_photo,370377.0,https://inaturalist-open-data.s3.amazonaws.com/photos/370377/medium.jpg,cc-by,"(c) David Lochlin, some rights reserved (CC BY)",,,https://www.inaturalist.org/photos/370377
Hakea ulicina,True,EXACT_CURRENT_NAME,Hakea ulicina,552998.0,Hakea ulicina,Furze Hakea,species,https://www.inaturalist.org/taxa/552998,False,True,cc-by-nc-sa,USABLE_RESEARCH_GRADE_PHOTO_CURRENT_NAME_MATCH,,True,research_grade_observation,341825178.0,https://inaturalist-open-data.s3.amazonaws.com/photos/341825178/medium.jpg,cc0,no rights reserved,194460555.0,https://www.inaturalist.org/observations/194460555,https://www.inaturalist.org/photos/341825178
Hardenbergia violacea,True,EXACT_CURRENT_NAME,Hardenbergia violacea,210184.0,Hardenbergia violacea,False Sarsaparilla,species,https://www.inaturalist.org/taxa/210184,False,True,cc-by,USABLE_DEFAULT_PHOTO_CURRENT_NAME_MATCH,,True,taxon_default_photo,291656083.0,https://inaturalist-open-data.s3.amazonaws.com/photos/291656083/medium.jpg,cc-by,"(c) Connor Margetts, some rights reserved (CC BY), uploaded by Connor Margetts",,,https://www.inaturalist.org/photos/291656083
Hedera helix,True,EXACT_CURRENT_NAME,Hedera helix,55882.0,Hedera helix,common ivy,species,https://www.inaturalist.org/taxa/55882,False,True,cc-by,USABLE_DEFAULT_PHOTO_CURRENT_NAME_MATCH,,True,taxon_default_photo,38428455.0,https://inaturalist-open-data.s3.amazonaws.com/photos/38428455/medium.jpeg,cc-by,"(c) Marianna Boi, some rights reserved (CC BY), uploaded by Marianna Boi",,,https://www.inaturalist.org/photos/38428455
Helianthus annuus,True,EXACT_CURRENT_NAME,Helianthus annuus,57983.0,Helianthus annuus,Common Sunflower,species,https://www.inaturalist.org/taxa/57983,False,True,cc-by-nc,USABLE_RESEARCH_GRADE_PHOTO_CURRENT_NAME_MATCH,,True,research_grade_observation,98056702.0,https://inaturalist-open-data.s3.amazonaws.com/photos/98056702/medium.jpeg,cc-by,"(c) Michelle W. （鍾偉瑋）, some rights reserved (CC BY)",61287321.0,https://www.inaturalist.org/observations/61287321,https://www.inaturalist.org/photos/98056702
Helminthotheca echioides,True,EXACT_CURRENT_NAME,Helminthotheca echioides,61906.0,Helminthotheca echioides,bristly oxtongue,species,https://www.inaturalist.org/taxa/61906,False,True,cc-by-nc,USABLE_RESEARCH_GRADE_PHOTO_CURRENT_NAME_MATCH,,True,research_grade_observation,557670187.0,https://inaturalist-open-data.s3.amazonaws.com/photos/557670187/medium.jpg,cc-by,"(c) Duarte Frade, some rights reserved (CC BY)",309066542.0,https://www.inaturalist.org/observations/309066542,https://www.inaturalist.org/photos/557670187
Hemarthria uncinata,True,EXACT_CURRENT_NAME,Hemarthria uncinata,402455.0,Hemarthria uncinata,,species,https://www.inaturalist.org/taxa/402455,False,True,cc-by-nc-sa,USABLE_RESEARCH_GRADE_PHOTO_CURRENT_NAME_MATCH,,True,research_grade_observation,74920385.0,https://inaturalist-open-data.s3.amazonaws.com/photos/74920385/medium.jpeg,cc-by,"(c) Chris Clarke, some rights reserved (CC BY)",47239030.0,https://www.inaturalist.org/observations/47239030,https://www.inaturalist.org/photos/74920385
Hemarthria uncinata var. uncinata,False,,,,,,,,False,False,,NO_SAFE_EXACT_OR_SYNONYM_MATCH,,False,,,,,,,,
Hennediella stanfordensis,True,EXACT_CURRENT_NAME,Hennediella stanfordensis,67893.0,Hennediella stanfordensis,Stanford Screw-moss,species,https://www.inaturalist.org/taxa/67893,False,True,cc-by-nc,USABLE_RESEARCH_GRADE_PHOTO_CURRENT_NAME_MATCH,,True,research_grade_observation,186233395.0,https://inaturalist-open-data.s3.amazonaws.com/photos/186233395/medium.jpg,cc-by,"(c) Young Jun Lee, some rights reserved (CC BY)",110401523.0,https://www.inaturalist.org/observations/110401523,https://www.inaturalist.org/photos/186233395
Hibbertia acicularis,True,EXACT_CURRENT_NAME,Hibbertia acicularis,323882.0,Hibbertia acicularis,Prickly guinea flower,species,https://www.inaturalist.org/taxa/323882,False,True,cc-by-nc-sa,USABLE_RESEARCH_GRADE_PHOTO_CURRENT_NAME_MATCH,,True,research_grade_observation,102015841.0,https://inaturalist-open-data.s3.amazonaws.com/photos/102015841/medium.jpg,cc-by,"(c) Lukas Clews, some rights reserved (CC BY)",63554164.0,https://www.inaturalist.org/observations/63554164,https://www.inaturalist.org/photos/102015841
Hibbertia fasciculata,True,EXACT_CURRENT_NAME,Hibbertia fasciculata,550552.0,Hibbertia fasciculata,bundled hibbertia,species,https://www.inaturalist.org/taxa/550552,False,True,cc-by-nc,USABLE_RESEARCH_GRADE_PHOTO_CURRENT_NAME_MATCH,,True,research_grade_observation,447466193.0,https://inaturalist-open-data.s3.amazonaws.com/photos/447466193/medium.jpg,cc-by,"(c) T. Hammer, some rights reserved (CC BY)",250226859.0,https://www.inaturalist.org/observations/250226859,https://www.inaturalist.org/photos/447466193
Hibbertia fasciculata var. prostrata,False,,,,,,,,False,False,,NO_SAFE_EXACT_OR_SYNONYM_MATCH,,False,,,,,,,,
Hibbertia riparia,True,EXACT_CURRENT_NAME,Hibbertia riparia,210349.0,Hibbertia riparia,Erect Guinea-flower,species,https://www.inaturalist.org/taxa/210349,False,True,cc-by,USABLE_DEFAULT_PHOTO_CURRENT_NAME_MATCH,,True,taxon_default_photo,162868914.0,https://inaturalist-open-data.s3.amazonaws.com/photos/162868914/medium.jpg,cc-by,"(c) T. Hammer, some rights reserved (CC BY), uploaded by T. Hammer",,,https://www.inaturalist.org/photos/162868914
Holcus lanatus,True,EXACT_CURRENT_NAME,Holcus lanatus,52793.0,Holcus lanatus,Yorkshire fog,species,https://www.inaturalist.org/taxa/52793,False,True,cc-by-nc,USABLE_RESEARCH_GRADE_PHOTO_CURRENT_NAME_MATCH,,True,research_grade_observation,157538572.0,https://inaturalist-open-data.s3.amazonaws.com/photos/157538572/medium.jpg,cc-by-sa,"(c) Douglas Goldman, some rights reserved (CC BY-SA)",94934037.0,https://www.inaturalist.org/observations/94934037,https://www.inaturalist.org/photos/157538572
Hordeum hystrix,True,EXACT_SYNONYM,Hordeum hystrix,63879.0,Hordeum marinum gussoneanum,mediterranean barley,subspecies,https://www.inaturalist.org/taxa/63879,True,True,cc-by-nc-nd,USABLE_RESEARCH_GRADE_PHOTO_SYNONYM_MATCH,,True,research_grade_observation,204205755.0,https://inaturalist-open-data.s3.amazonaws.com/photos/204205755/medium.jpg,cc-by,"(c) crothfels, some rights reserved (CC BY)",120718865.0,https://www.inaturalist.org/observations/120718865,https://www.inaturalist.org/photos/204205755
Hovea heterophylla,True,EXACT_CURRENT_NAME,Hovea heterophylla,823796.0,Hovea heterophylla,common hovea,species,https://www.inaturalist.org/taxa/823796,False,True,cc-by-nc,USABLE_RESEARCH_GRADE_PHOTO_CURRENT_NAME_MATCH,,True,research_grade_observation,419546171.0,https://inaturalist-open-data.s3.amazonaws.com/photos/419546171/medium.jpeg,cc-by,"(c) Bryce Watts-Parker, some rights reserved (CC BY)",235870621.0,https://www.inaturalist.org/observations/235870621,https://www.inaturalist.org/photos/419546171
Hydrocotyle hirta,True,EXACT_CURRENT_NAME,Hydrocotyle hirta,323101.0,Hydrocotyle hirta,Hairy Pennywort,species,https://www.inaturalist.org/taxa/323101,False,True,,USABLE_RESEARCH_GRADE_PHOTO_CURRENT_NAME_MATCH,,True,research_grade_observation,620722996.0,https://inaturalist-open-data.s3.amazonaws.com/photos/620722996/medium.jpg,cc-by,"(c) Petra Holland, some rights reserved (CC BY)",341030176.0,https://www.inaturalist.org/observations/341030176,https://www.inaturalist.org/photos/620722996
Hydrocotyle laxiflora,True,EXACT_CURRENT_NAME,Hydrocotyle laxiflora,210152.0,Hydrocotyle laxiflora,Stinking Pennywort,species,https://www.inaturalist.org/taxa/210152,False,True,,USABLE_RESEARCH_GRADE_PHOTO_CURRENT_NAME_MATCH,,True,research_grade_observation,246071912.0,https://inaturalist-open-data.s3.amazonaws.com/photos/246071912/medium.jpeg,cc-by,"(c) Rosalie Lawrence, some rights reserved (CC BY)",143479701.0,https://www.inaturalist.org/observations/143479701,https://www.inaturalist.org/photos/246071912
Hydrocotyle sibthorpioides,True,EXACT_CURRENT_NAME,Hydrocotyle sibthorpioides,128684.0,Hydrocotyle sibthorpioides,Sibthorp's Pennywort,species,https://www.inaturalist.org/taxa/128684,False,True,,USABLE_RESEARCH_GRADE_PHOTO_CURRENT_NAME_MATCH,,True,research_grade_observation,423684187.0,https://inaturalist-open-data.s3.amazonaws.com/photos/423684187/medium.jpg,cc-by,"(c) Leila Dasher, some rights reserved (CC BY)",238017360.0,https://www.inaturalist.org/observations/238017360,https://www.inaturalist.org/photos/423684187
Hypericum gramineum,True,EXACT_CURRENT_NAME,Hypericum gramineum,163969.0,Hypericum gramineum,Small St John's Wort,species,https://www.inaturalist.org/taxa/163969,False,True,cc-by-nc,USABLE_RESEARCH_GRADE_PHOTO_CURRENT_NAME_MATCH,,True,research_grade_observation,321742416.0,https://inaturalist-open-data.s3.amazonaws.com/photos/321742416/medium.jpeg,cc-by,"(c) Lucas Christofides, some rights reserved (CC BY)",184331652.0,https://www.inaturalist.org/observations/184331652,https://www.inaturalist.org/photos/321742416
Hypericum perforatum,True,EXACT_CURRENT_NAME,Hypericum perforatum,56077.0,Hypericum perforatum,Common St. John's Wort,species,https://www.inaturalist.org/taxa/56077,False,True,cc-by-nc,USABLE_RESEARCH_GRADE_PHOTO_CURRENT_NAME_MATCH,,True,research_grade_observation,142435504.0,https://inaturalist-open-data.s3.amazonaws.com/photos/142435504/medium.jpeg,cc-by,"(c) Alan Prather, some rights reserved (CC BY)",86461024.0,https://www.inaturalist.org/observations/86461024,https://www.inaturalist.org/photos/142435504
Hypericum perforatum subsp. veronense,False,,,,,,,,False,False,,NO_SAFE_EXACT_OR_SYNONYM_MATCH,,False,,,,,,,,
Hypnum cupressiforme,True,EXACT_CURRENT_NAME,Hypnum cupressiforme,163992.0,Hypnum cupressiforme,Cypress-leaved Plait-moss,species,https://www.inaturalist.org/taxa/163992,False,True,cc-by-nc,USABLE_RESEARCH_GRADE_PHOTO_CURRENT_NAME_MATCH,,True,research_grade_observation,12538454.0,https://inaturalist-open-data.s3.amazonaws.com/photos/12538454/medium.jpeg,cc-by,"(c) Armand Turpel, some rights reserved (CC BY)",9258689.0,https://www.inaturalist.org/observations/9258689,https://www.inaturalist.org/photos/12538454
Hypochaeris glabra,True,EXACT_CURRENT_NAME,Hypochaeris glabra,53103.0,Hypochaeris glabra,Smooth Cat's Ear,species,https://www.inaturalist.org/taxa/53103,False,True,,USABLE_RESEARCH_GRADE_PHOTO_CURRENT_NAME_MATCH,,True,research_grade_observation,460524808.0,https://inaturalist-open-data.s3.amazonaws.com/photos/460524808/medium.jpg,cc0,no rights reserved,256813159.0,https://www.inaturalist.org/observations/256813159,https://www.inaturalist.org/photos/460524808
Hypochaeris radicata,True,EXACT_CURRENT_NAME,Hypochaeris radicata,53104.0,Hypochaeris radicata,Common Cat's-ear,species,https://www.inaturalist.org/taxa/53104,False,True,cc-by-sa,USABLE_DEFAULT_PHOTO_CURRENT_NAME_MATCH,,True,taxon_default_photo,264826790.0,https://inaturalist-open-data.s3.amazonaws.com/photos/264826790/medium.jpg,cc-by-sa,"(c) Douglas Goldman, some rights reserved (CC BY-SA), uploaded by Douglas Goldman",,,https://www.inaturalist.org/photos/264826790
Hypolaena fastigiata,True,EXACT_CURRENT_NAME,Hypolaena fastigiata,323478.0,Hypolaena fastigiata,Tassel Rope-rush,species,https://www.inaturalist.org/taxa/323478,False,True,cc-by-nc,USABLE_RESEARCH_GRADE_PHOTO_CURRENT_NAME_MATCH,,True,research_grade_observation,127898102.0,https://inaturalist-open-data.s3.amazonaws.com/photos/127898102/medium.jpg,cc-by,"(c) Kym Nicolson, some rights reserved (CC BY)",78172636.0,https://www.inaturalist.org/observations/78172636,https://www.inaturalist.org/photos/127898102
Hypolepis rugosula,True,EXACT_CURRENT_NAME,Hypolepis rugosula,323492.0,Hypolepis rugosula,Ruddy ground fern,species,https://www.inaturalist.org/taxa/323492,False,True,cc-by-nc,USABLE_RESEARCH_GRADE_PHOTO_CURRENT_NAME_MATCH,,True,research_grade_observation,480351259.0,https://inaturalist-open-data.s3.amazonaws.com/photos/480351259/medium.jpeg,cc-by-sa,"(c) Juan Pablo Madriaga Núñez, some rights reserved (CC BY-SA)",267301653.0,https://www.inaturalist.org/observations/267301653,https://www.inaturalist.org/photos/480351259
Hypoxis hygrometrica,True,EXACT_CURRENT_NAME,Hypoxis hygrometrica,321134.0,Hypoxis hygrometrica,Golden Weather-grass,species,https://www.inaturalist.org/taxa/321134,False,True,cc-by-nc,USABLE_RESEARCH_GRADE_PHOTO_CURRENT_NAME_MATCH,,True,research_grade_observation,341817175.0,https://inaturalist-open-data.s3.amazonaws.com/photos/341817175/medium.jpg,cc0,no rights reserved,194457026.0,https://www.inaturalist.org/observations/194457026,https://www.inaturalist.org/photos/341817175
Imperata cylindrica,True,EXACT_CURRENT_NAME,Imperata cylindrica,164056.0,Imperata cylindrica,Cogon Grass,species,https://www.inaturalist.org/taxa/164056,False,True,cc-by-nc,USABLE_RESEARCH_GRADE_PHOTO_CURRENT_NAME_MATCH,,True,research_grade_observation,35345977.0,https://inaturalist-open-data.s3.amazonaws.com/photos/35345977/medium.jpeg,cc-by,"(c) 蜻蜓, some rights reserved (CC BY)",22805566.0,https://www.inaturalist.org/observations/22805566,https://www.inaturalist.org/photos/35345977
Indigofera australis,True,EXACT_CURRENT_NAME,Indigofera australis,83364.0,Indigofera australis,Australian Indigo,species,https://www.inaturalist.org/taxa/83364,False,True,cc-by-nc,USABLE_RESEARCH_GRADE_PHOTO_CURRENT_NAME_MATCH,,True,research_grade_observation,372725743.0,https://inaturalist-open-data.s3.amazonaws.com/photos/372725743/medium.jpeg,cc-by-sa,"(c) Greg Tasney, some rights reserved (CC BY-SA)",210759153.0,https://www.inaturalist.org/observations/210759153,https://www.inaturalist.org/photos/372725743
Indigofera australis subsp. australis,False,,,,,,,,False,False,,NO_SAFE_EXACT_OR_SYNONYM_MATCH,,False,,,,,,,,
Ipomoea indica,True,EXACT_CURRENT_NAME,Ipomoea indica,77496.0,Ipomoea indica,oceanblue morning glory,species,https://www.inaturalist.org/taxa/77496,False,True,,USABLE_RESEARCH_GRADE_PHOTO_CURRENT_NAME_MATCH,,True,research_grade_observation,678927653.0,https://inaturalist-open-data.s3.amazonaws.com/photos/678927653/medium.jpg,cc-by,"(c) zebedeugalinha, some rights reserved (CC BY)",371584858.0,https://www.inaturalist.org/observations/371584858,https://www.inaturalist.org/photos/678927653
Isolepis cernua,True,EXACT_CURRENT_NAME,Isolepis cernua,60257.0,Isolepis cernua,Slender Clubrush,species,https://www.inaturalist.org/taxa/60257,False,True,cc-by-nc-nd,USABLE_RESEARCH_GRADE_PHOTO_CURRENT_NAME_MATCH,,True,research_grade_observation,59651899.0,https://inaturalist-open-data.s3.amazonaws.com/photos/59651899/medium.jpeg,cc-by,"(c) Arnim Littek, some rights reserved (CC BY)",37608430.0,https://www.inaturalist.org/observations/37608430,https://www.inaturalist.org/photos/59651899
Isolepis fluitans,True,EXACT_CURRENT_NAME,Isolepis fluitans,323390.0,Isolepis fluitans,Floating Club-rush,species,https://www.inaturalist.org/taxa/323390,False,True,cc-by-nc,USABLE_RESEARCH_GRADE_PHOTO_CURRENT_NAME_MATCH,,True,research_grade_observation,287587843.0,https://inaturalist-open-data.s3.amazonaws.com/photos/287587843/medium.jpeg,cc-by,"(c) Clément Maouche, some rights reserved (CC BY)",166093443.0,https://www.inaturalist.org/observations/166093443,https://www.inaturalist.org/photos/287587843
Isolepis hookeriana,True,EXACT_CURRENT_NAME,Isolepis hookeriana,957465.0,Isolepis hookeriana,,species,https://www.inaturalist.org/taxa/957465,False,True,cc-by-nc,USABLE_LICENSED_PHOTO_CURRENT_NAME_MATCH,,True,licensed_observation,353279468.0,https://inaturalist-open-data.s3.amazonaws.com/photos/353279468/medium.jpg,cc-by-sa,"(c) Lachlan Copeland, some rights reserved (CC BY-SA)",200255201.0,https://www.inaturalist.org/observations/200255201,https://www.inaturalist.org/photos/353279468
Isolepis inundata,True,EXACT_CURRENT_NAME,Isolepis inundata,301898.0,Isolepis inundata,Swamp Club-rush,species,https://www.inaturalist.org/taxa/301898,False,True,cc-by,USABLE_DEFAULT_PHOTO_CURRENT_NAME_MATCH,,True,taxon_default_photo,75679587.0,https://inaturalist-open-data.s3.amazonaws.com/photos/75679587/medium.jpeg,cc-by,"(c) Russell Best, some rights reserved (CC BY), uploaded by Russell Best",,,https://www.inaturalist.org/photos/75679587
Isolepis levynsiana,True,EXACT_CURRENT_NAME,Isolepis levynsiana,77516.0,Isolepis levynsiana,tiny flat-sedge,species,https://www.inaturalist.org/taxa/77516,False,True,cc-by-sa,USABLE_DEFAULT_PHOTO_CURRENT_NAME_MATCH,,True,taxon_default_photo,15473267.0,https://inaturalist-open-data.s3.amazonaws.com/photos/15473267/medium.jpg,cc-by-sa,"(c) Charles Stirton, some rights reserved (CC BY-SA), uploaded by Charles Stirton",,,https://www.inaturalist.org/photos/15473267
Isolepis platycarpa,True,EXACT_CURRENT_NAME,Isolepis platycarpa,402809.0,Isolepis platycarpa,,species,https://www.inaturalist.org/taxa/402809,False,True,cc-by-nc,PHOTO_EXISTS_BUT_NO_ACCEPTED_LICENSE_FOUND,,False,,,,,,,,
Isolepis prolifera,True,EXACT_CURRENT_NAME,Isolepis prolifera,402824.0,Isolepis prolifera,Budding Club-Rush,species,https://www.inaturalist.org/taxa/402824,False,True,cc-by-nc,USABLE_RESEARCH_GRADE_PHOTO_CURRENT_NAME_MATCH,,True,research_grade_observation,242852657.0,https://inaturalist-open-data.s3.amazonaws.com/photos/242852657/medium.jpeg,cc-by,"(c) Adele SL, some rights reserved (CC BY)",141719995.0,https://www.inaturalist.org/observations/141719995,https://www.inaturalist.org/photos/242852657
Isolepis stellata,True,EXACT_CURRENT_NAME,Isolepis stellata,1264839.0,Isolepis stellata,,species,https://www.inaturalist.org/taxa/1264839,False,False,,NO_USABLE_PHOTO_FOUND,,False,,,,,,,,
Isopogon ceratophyllus,True,EXACT_CURRENT_NAME,Isopogon ceratophyllus,485275.0,Isopogon ceratophyllus,Horny Cone-bush,species,https://www.inaturalist.org/taxa/485275,False,True,cc-by,USABLE_DEFAULT_PHOTO_CURRENT_NAME_MATCH,,True,taxon_default_photo,321105855.0,https://inaturalist-open-data.s3.amazonaws.com/photos/321105855/medium.jpg,cc-by,"(c) Connor Margetts, some rights reserved (CC BY), uploaded by Connor Margetts",,,https://www.inaturalist.org/photos/321105855
Isotoma fluviatilis,True,EXACT_CURRENT_NAME,Isotoma fluviatilis,210163.0,Isotoma fluviatilis,Blue Star Creeper,species,https://www.inaturalist.org/taxa/210163,False,True,cc-by-nc-nd,USABLE_RESEARCH_GRADE_PHOTO_CURRENT_NAME_MATCH,,True,research_grade_observation,32207908.0,https://inaturalist-open-data.s3.amazonaws.com/photos/32207908/medium.jpg,cc-by,"(c) Rolf Lawrenz, some rights reserved (CC BY)",20874672.0,https://www.inaturalist.org/observations/20874672,https://www.inaturalist.org/photos/32207908
Isotoma fluviatilis subsp. australis,False,,,,,,,,False,False,,NO_SAFE_EXACT_OR_SYNONYM_MATCH,,False,,,,,,,,
Juncus amabilis,True,EXACT_CURRENT_NAME,Juncus amabilis,380848.0,Juncus amabilis,,species,https://www.inaturalist.org/taxa/380848,False,True,cc-by-nc,USABLE_RESEARCH_GRADE_PHOTO_CURRENT_NAME_MATCH,,True,research_grade_observation,243323002.0,https://inaturalist-open-data.s3.amazonaws.com/photos/243323002/medium.jpeg,cc-by,"(c) Leon Perrie, some rights reserved (CC BY)",141969360.0,https://www.inaturalist.org/observations/141969360,https://www.inaturalist.org/photos/243323002
Juncus articulatus,True,EXACT_CURRENT_NAME,Juncus articulatus,77552.0,Juncus articulatus,Jointed rush,species,https://www.inaturalist.org/taxa/77552,False,True,cc-by-nc,USABLE_RESEARCH_GRADE_PHOTO_CURRENT_NAME_MATCH,,True,research_grade_observation,418208811.0,https://inaturalist-open-data.s3.amazonaws.com/photos/418208811/medium.jpeg,cc-by,"(c) Ondřej Křivan, some rights reserved (CC BY)",235179636.0,https://www.inaturalist.org/observations/235179636,https://www.inaturalist.org/photos/418208811
Juncus articulatus subsp. articulatus,False,,,,,,,,False,False,,NO_SAFE_EXACT_OR_SYNONYM_MATCH,,False,,,,,,,,
Juncus australis,True,EXACT_CURRENT_NAME,Juncus australis,323419.0,Juncus australis,austral rush,species,https://www.inaturalist.org/taxa/323419,False,True,cc-by-nc,USABLE_RESEARCH_GRADE_PHOTO_CURRENT_NAME_MATCH,,True,research_grade_observation,31000942.0,https://inaturalist-open-data.s3.amazonaws.com/photos/31000942/medium.jpeg,cc-by,"(c) Joe Potter Butler, some rights reserved (CC BY)",20076149.0,https://www.inaturalist.org/observations/20076149,https://www.inaturalist.org/photos/31000942
Juncus bufonius,True,EXACT_CURRENT_NAME,Juncus bufonius,57107.0,Juncus bufonius,Toad rush,species,https://www.inaturalist.org/taxa/57107,False,True,cc-by-nc,USABLE_RESEARCH_GRADE_PHOTO_CURRENT_NAME_MATCH,,True,research_grade_observation,132007133.0,https://inaturalist-open-data.s3.amazonaws.com/photos/132007133/medium.jpg,cc-by,"(c) Josh, some rights reserved (CC BY)",80550310.0,https://www.inaturalist.org/observations/80550310,https://www.inaturalist.org/photos/132007133
Juncus caespiticius,True,EXACT_CURRENT_NAME,Juncus caespiticius,402864.0,Juncus caespiticius,,species,https://www.inaturalist.org/taxa/402864,False,True,cc-by-nc,USABLE_RESEARCH_GRADE_PHOTO_CURRENT_NAME_MATCH,,True,research_grade_observation,173701210.0,https://inaturalist-open-data.s3.amazonaws.com/photos/173701210/medium.jpeg,cc-by,"(c) Arnim Littek, some rights reserved (CC BY)",103741352.0,https://www.inaturalist.org/observations/103741352,https://www.inaturalist.org/photos/173701210
Juncus capitatus,True,EXACT_CURRENT_NAME,Juncus capitatus,60261.0,Juncus capitatus,dwarf rush,species,https://www.inaturalist.org/taxa/60261,False,True,,USABLE_RESEARCH_GRADE_PHOTO_CURRENT_NAME_MATCH,,True,research_grade_observation,475577330.0,https://inaturalist-open-data.s3.amazonaws.com/photos/475577330/medium.jpeg,cc-by,"(c) zebedeugalinha, some rights reserved (CC BY)",264823125.0,https://www.inaturalist.org/observations/264823125,https://www.inaturalist.org/photos/475577330
Juncus gregiflorus,True,EXACT_CURRENT_NAME,Juncus gregiflorus,905511.0,Juncus gregiflorus,,species,https://www.inaturalist.org/taxa/905511,False,True,,USABLE_RESEARCH_GRADE_PHOTO_CURRENT_NAME_MATCH,,True,research_grade_observation,75729505.0,https://inaturalist-open-data.s3.amazonaws.com/photos/75729505/medium.jpeg,cc-by,"(c) Russell Best, some rights reserved (CC BY)",47740405.0,https://www.inaturalist.org/observations/47740405,https://www.inaturalist.org/photos/75729505
Juncus holoschoenus,True,EXACT_CURRENT_NAME,Juncus holoschoenus,402879.0,Juncus holoschoenus,,species,https://www.inaturalist.org/taxa/402879,False,True,cc-by-nc,USABLE_RESEARCH_GRADE_PHOTO_CURRENT_NAME_MATCH,,True,research_grade_observation,248734769.0,https://inaturalist-open-data.s3.amazonaws.com/photos/248734769/medium.jpeg,cc-by,"(c) Matt Berger, some rights reserved (CC BY)",144870841.0,https://www.inaturalist.org/observations/144870841,https://www.inaturalist.org/photos/248734769
Juncus pallescens,True,EXACT_CURRENT_NAME,Juncus pallescens,510868.0,Juncus pallescens,,species,https://www.inaturalist.org/taxa/510868,False,True,cc-by-nc,USABLE_RESEARCH_GRADE_PHOTO_CURRENT_NAME_MATCH,,True,research_grade_observation,587541405.0,https://inaturalist-open-data.s3.amazonaws.com/photos/587541405/medium.jpg,cc-by,"(c) Cesar Ormazabal, some rights reserved (CC BY)",324598115.0,https://www.inaturalist.org/observations/324598115,https://www.inaturalist.org/photos/587541405
Juncus pallidus,True,EXACT_CURRENT_NAME,Juncus pallidus,323501.0,Juncus pallidus,Great Soft-rush,species,https://www.inaturalist.org/taxa/323501,False,True,cc-by-nc,USABLE_RESEARCH_GRADE_PHOTO_CURRENT_NAME_MATCH,,True,research_grade_observation,36937474.0,https://inaturalist-open-data.s3.amazonaws.com/photos/36937474/medium.jpeg,cc0,no rights reserved,23872863.0,https://www.inaturalist.org/observations/23872863,https://www.inaturalist.org/photos/36937474
Juncus pauciflorus,True,EXACT_CURRENT_NAME,Juncus pauciflorus,323424.0,Juncus pauciflorus,Loose-flowered Rush,species,https://www.inaturalist.org/taxa/323424,False,True,cc-by-nc-sa,USABLE_RESEARCH_GRADE_PHOTO_CURRENT_NAME_MATCH,,True,research_grade_observation,368772792.0,https://inaturalist-open-data.s3.amazonaws.com/photos/368772792/medium.jpeg,cc-by,"(c) Heath Hunter, some rights reserved (CC BY)",208425052.0,https://www.inaturalist.org/observations/208425052,https://www.inaturalist.org/photos/368772792
Juncus planifolius,True,EXACT_CURRENT_NAME,Juncus planifolius,77590.0,Juncus planifolius,Flat-leaved Rush,species,https://www.inaturalist.org/taxa/77590,False,True,cc-by,USABLE_DEFAULT_PHOTO_CURRENT_NAME_MATCH,,True,taxon_default_photo,1641266.0,https://inaturalist-open-data.s3.amazonaws.com/photos/1641266/medium.jpg,cc-by,"(c) John Tann, some rights reserved (CC BY)",,,https://www.inaturalist.org/photos/1641266
Juncus procerus,True,EXACT_CURRENT_NAME,Juncus procerus,323917.0,Juncus procerus,,species,https://www.inaturalist.org/taxa/323917,False,True,cc-by-sa,USABLE_DEFAULT_PHOTO_CURRENT_NAME_MATCH,,True,taxon_default_photo,1204254.0,https://inaturalist-open-data.s3.amazonaws.com/photos/1204254/medium.,cc-by-sa,"(c) Colin Meurk, some rights reserved (CC BY-SA), uploaded by Colin Meurk",,,https://www.inaturalist.org/photos/1204254
Juncus sarophorus,True,EXACT_CURRENT_NAME,Juncus sarophorus,402875.0,Juncus sarophorus,Broom Rush,species,https://www.inaturalist.org/taxa/402875,False,True,cc-by-nc-nd,USABLE_RESEARCH_GRADE_PHOTO_CURRENT_NAME_MATCH,,True,research_grade_observation,13834058.0,https://inaturalist-open-data.s3.amazonaws.com/photos/13834058/medium.jpeg,cc-by,"(c) Bruce Calvert, some rights reserved (CC BY)",10051633.0,https://www.inaturalist.org/observations/10051633,https://www.inaturalist.org/photos/13834058
Juncus subsecundus,True,EXACT_CURRENT_NAME,Juncus subsecundus,402866.0,Juncus subsecundus,Fingered Rush,species,https://www.inaturalist.org/taxa/402866,False,True,,USABLE_RESEARCH_GRADE_PHOTO_CURRENT_NAME_MATCH,,True,research_grade_observation,243133421.0,https://inaturalist-open-data.s3.amazonaws.com/photos/243133421/medium.jpeg,cc-by,"(c) Nina Kerr, some rights reserved (CC BY)",141869375.0,https://www.inaturalist.org/observations/141869375,https://www.inaturalist.org/photos/243133421
Juncus usitatus,True,EXACT_CURRENT_NAME,Juncus usitatus,77598.0,Juncus usitatus,australian rush,species,https://www.inaturalist.org/taxa/77598,False,True,cc-by-nc-sa,USABLE_RESEARCH_GRADE_PHOTO_CURRENT_NAME_MATCH,,True,research_grade_observation,102863182.0,https://inaturalist-open-data.s3.amazonaws.com/photos/102863182/medium.jpeg,cc-by,"(c) Thomas Mesaglio, some rights reserved (CC BY)",64026928.0,https://www.inaturalist.org/observations/64026928,https://www.inaturalist.org/photos/102863182
Kennedia prostrata,True,EXACT_CURRENT_NAME,Kennedia prostrata,143356.0,Kennedia prostrata,Running Postman,species,https://www.inaturalist.org/taxa/143356,False,True,cc-by-nc,USABLE_RESEARCH_GRADE_PHOTO_CURRENT_NAME_MATCH,,True,research_grade_observation,75312310.0,https://inaturalist-open-data.s3.amazonaws.com/photos/75312310/medium.jpeg,cc-by,"(c) guymer, some rights reserved (CC BY)",47482445.0,https://www.inaturalist.org/observations/47482445,https://www.inaturalist.org/photos/75312310
Kindbergia praelonga,True,EXACT_CURRENT_NAME,Kindbergia praelonga,1122172.0,Kindbergia praelonga,Common Feather-moss,species,https://www.inaturalist.org/taxa/1122172,False,True,cc0,USABLE_DEFAULT_PHOTO_CURRENT_NAME_MATCH,,True,taxon_default_photo,54967207.0,https://inaturalist-open-data.s3.amazonaws.com/photos/54967207/medium.jpeg,cc0,"no rights reserved, uploaded by Randal",,,https://www.inaturalist.org/photos/54967207
Lachnagrostis filiformis,True,EXACT_CURRENT_NAME,Lachnagrostis filiformis,288066.0,Lachnagrostis filiformis,blown grass,species,https://www.inaturalist.org/taxa/288066,False,True,cc-by-nc,USABLE_RESEARCH_GRADE_PHOTO_CURRENT_NAME_MATCH,,True,research_grade_observation,594138420.0,https://inaturalist-open-data.s3.amazonaws.com/photos/594138420/medium.jpg,cc0,no rights reserved,327920584.0,https://www.inaturalist.org/observations/327920584,https://www.inaturalist.org/photos/594138420
Lactuca serriola,True,EXACT_CURRENT_NAME,Lactuca serriola,53107.0,Lactuca serriola,prickly lettuce,species,https://www.inaturalist.org/taxa/53107,False,True,cc-by-sa,USABLE_DEFAULT_PHOTO_CURRENT_NAME_MATCH,,True,taxon_default_photo,5228.0,https://inaturalist-open-data.s3.amazonaws.com/photos/5228/medium.jpg,cc-by-sa,"(c) George F Mayfield, some rights reserved (CC BY-SA)",,,https://www.inaturalist.org/photos/5228
Lagenophora stipitata,True,EXACT_CURRENT_NAME,Lagenophora stipitata,323152.0,Lagenophora stipitata,Blue Bottle-daisy,species,https://www.inaturalist.org/taxa/323152,False,True,cc-by-nc,USABLE_RESEARCH_GRADE_PHOTO_CURRENT_NAME_MATCH,,True,research_grade_observation,604178652.0,https://inaturalist-open-data.s3.amazonaws.com/photos/604178652/medium.jpg,cc-by-sa,"(c) Karl Tattersall, some rights reserved (CC BY-SA)",332862399.0,https://www.inaturalist.org/observations/332862399,https://www.inaturalist.org/photos/604178652
Lagenophora sublyrata,True,EXACT_CURRENT_NAME,Lagenophora sublyrata,1094266.0,Lagenophora sublyrata,slender bottle-daisy,species,https://www.inaturalist.org/taxa/1094266,False,True,cc-by-nc,USABLE_RESEARCH_GRADE_PHOTO_CURRENT_NAME_MATCH,,True,research_grade_observation,74935416.0,https://inaturalist-open-data.s3.amazonaws.com/photos/74935416/medium.jpeg,cc-by,"(c) Chris Clarke, some rights reserved (CC BY)",47248471.0,https://www.inaturalist.org/observations/47248471,https://www.inaturalist.org/photos/74935416
Laphangium luteoalbum,True,EXACT_SYNONYM,Laphangium luteoalbum,53083.0,Pseudognaphalium luteoalbum,Jersey Cudweed,species,https://www.inaturalist.org/taxa/53083,True,True,cc-by-nc-nd,USABLE_RESEARCH_GRADE_PHOTO_SYNONYM_MATCH,,True,research_grade_observation,290407980.0,https://inaturalist-open-data.s3.amazonaws.com/photos/290407980/medium.jpg,cc0,no rights reserved,167628353.0,https://www.inaturalist.org/observations/167628353,https://www.inaturalist.org/photos/290407980
Lapsana communis,True,EXACT_CURRENT_NAME,Lapsana communis,55981.0,Lapsana communis,nipplewort,species,https://www.inaturalist.org/taxa/55981,False,True,cc0,USABLE_DEFAULT_PHOTO_CURRENT_NAME_MATCH,,True,taxon_default_photo,20407734.0,https://inaturalist-open-data.s3.amazonaws.com/photos/20407734/medium.jpg,cc0,"no rights reserved, uploaded by Carl Guyer",,,https://www.inaturalist.org/photos/20407734
Lapsana communis subsp. communis,False,,,,,,,,False,False,,NO_SAFE_EXACT_OR_SYNONYM_MATCH,,False,,,,,,,,
Lemna disperma,True,EXACT_CURRENT_NAME,Lemna disperma,356088.0,Lemna disperma,,species,https://www.inaturalist.org/taxa/356088,False,True,cc-by-nc-sa,USABLE_RESEARCH_GRADE_PHOTO_CURRENT_NAME_MATCH,,True,research_grade_observation,216682634.0,https://inaturalist-open-data.s3.amazonaws.com/photos/216682634/medium.jpg,cc0,no rights reserved,127620913.0,https://www.inaturalist.org/observations/127620913,https://www.inaturalist.org/photos/216682634
Leontodon saxatilis,True,EXACT_CURRENT_NAME,Leontodon saxatilis,60973.0,Leontodon saxatilis,Hairy Hawkbit,species,https://www.inaturalist.org/taxa/60973,False,True,cc-by-nc,USABLE_RESEARCH_GRADE_PHOTO_CURRENT_NAME_MATCH,,True,research_grade_observation,78372435.0,https://inaturalist-open-data.s3.amazonaws.com/photos/78372435/medium.jpg,cc-by,"(c) Justin, some rights reserved (CC BY)",49370399.0,https://www.inaturalist.org/observations/49370399,https://www.inaturalist.org/photos/78372435
Leontodon saxatilis subsp. saxatilis,False,,,,,,,,False,False,,NO_SAFE_EXACT_OR_SYNONYM_MATCH,,False,,,,,,,,
Lepidium africanum,True,EXACT_CURRENT_NAME,Lepidium africanum,164507.0,Lepidium africanum,African Pepperwort,species,https://www.inaturalist.org/taxa/164507,False,True,cc-by-nc,USABLE_RESEARCH_GRADE_PHOTO_CURRENT_NAME_MATCH,,True,research_grade_observation,15399896.0,https://inaturalist-open-data.s3.amazonaws.com/photos/15399896/medium.jpg,cc-by-sa,"(c) Tony Rebelo, some rights reserved (CC BY-SA)",10949111.0,https://www.inaturalist.org/observations/10949111,https://www.inaturalist.org/photos/15399896
Lepidium didymum,True,EXACT_CURRENT_NAME,Lepidium didymum,60987.0,Lepidium didymum,Lesser swine-cress,species,https://www.inaturalist.org/taxa/60987,False,True,cc-by-nc,USABLE_RESEARCH_GRADE_PHOTO_CURRENT_NAME_MATCH,,True,research_grade_observation,404591214.0,https://inaturalist-open-data.s3.amazonaws.com/photos/404591214/medium.jpeg,cc0,no rights reserved,228024563.0,https://www.inaturalist.org/observations/228024563,https://www.inaturalist.org/photos/404591214
Lepidosperma elatius,True,EXACT_CURRENT_NAME,Lepidosperma elatius,323401.0,Lepidosperma elatius,tall sword-sedge,species,https://www.inaturalist.org/taxa/323401,False,True,cc-by-nc-sa,USABLE_RESEARCH_GRADE_PHOTO_CURRENT_NAME_MATCH,,True,research_grade_observation,561281243.0,https://inaturalist-open-data.s3.amazonaws.com/photos/561281243/medium.jpg,cc-by,"(c) Ian Rainbow, some rights reserved (CC BY)",310959007.0,https://www.inaturalist.org/observations/310959007,https://www.inaturalist.org/photos/561281243
Lepidosperma filiforme,True,EXACT_CURRENT_NAME,Lepidosperma filiforme,323400.0,Lepidosperma filiforme,common rapier-sedge,species,https://www.inaturalist.org/taxa/323400,False,True,cc-by-nc,USABLE_RESEARCH_GRADE_PHOTO_CURRENT_NAME_MATCH,,True,research_grade_observation,108977885.0,https://inaturalist-open-data.s3.amazonaws.com/photos/108977885/medium.jpg,cc-by-sa,"(c) Miguel de Salas, some rights reserved (CC BY-SA)",67449422.0,https://www.inaturalist.org/observations/67449422,https://www.inaturalist.org/photos/108977885
Lepidosperma gladiatum,True,EXACT_CURRENT_NAME,Lepidosperma gladiatum,323919.0,Lepidosperma gladiatum,Coast Sword-sedge,species,https://www.inaturalist.org/taxa/323919,False,True,cc-by-nc,USABLE_RESEARCH_GRADE_PHOTO_CURRENT_NAME_MATCH,,True,research_grade_observation,246650197.0,https://inaturalist-open-data.s3.amazonaws.com/photos/246650197/medium.jpg,cc-by,"(c) Rosario Douglas, some rights reserved (CC BY)",143783061.0,https://www.inaturalist.org/observations/143783061,https://www.inaturalist.org/photos/246650197
Lepidosperma gunnii,True,EXACT_CURRENT_NAME,Lepidosperma gunnii,323402.0,Lepidosperma gunnii,,species,https://www.inaturalist.org/taxa/323402,False,True,cc-by-nc,USABLE_RESEARCH_GRADE_PHOTO_CURRENT_NAME_MATCH,,True,research_grade_observation,379582206.0,https://inaturalist-open-data.s3.amazonaws.com/photos/379582206/medium.jpeg,cc-by,"(c) Max Campbell, some rights reserved (CC BY)",214732653.0,https://www.inaturalist.org/observations/214732653,https://www.inaturalist.org/photos/379582206
Lepidosperma laterale,True,EXACT_CURRENT_NAME,Lepidosperma laterale,323916.0,Lepidosperma laterale,variable sword-sedge,species,https://www.inaturalist.org/taxa/323916,False,True,cc-by-nc,USABLE_RESEARCH_GRADE_PHOTO_CURRENT_NAME_MATCH,,True,research_grade_observation,168044501.0,https://inaturalist-open-data.s3.amazonaws.com/photos/168044501/medium.jpeg,cc-by-sa,"(c) Greg Tasney, some rights reserved (CC BY-SA)",100668968.0,https://www.inaturalist.org/observations/100668968,https://www.inaturalist.org/photos/168044501
Lepidosperma longitudinale,True,EXACT_CURRENT_NAME,Lepidosperma longitudinale,323921.0,Lepidosperma longitudinale,,species,https://www.inaturalist.org/taxa/323921,False,True,cc-by-nc,USABLE_RESEARCH_GRADE_PHOTO_CURRENT_NAME_MATCH,,True,research_grade_observation,431043324.0,https://inaturalist-open-data.s3.amazonaws.com/photos/431043324/medium.jpeg,cc-by-sa,"(c) Greg Tasney, some rights reserved (CC BY-SA)",241824314.0,https://www.inaturalist.org/observations/241824314,https://www.inaturalist.org/photos/431043324
Lepidosperma sieberi,True,EXACT_CURRENT_NAME,Lepidosperma sieberi,1105731.0,Lepidosperma sieberi,,species,https://www.inaturalist.org/taxa/1105731,False,True,cc-by-nc,USABLE_RESEARCH_GRADE_PHOTO_CURRENT_NAME_MATCH,,True,research_grade_observation,179333766.0,https://inaturalist-open-data.s3.amazonaws.com/photos/179333766/medium.jpg,cc-by,"(c) Paul Whitington, some rights reserved (CC BY)",106718690.0,https://www.inaturalist.org/observations/106718690,https://www.inaturalist.org/photos/179333766
Leptinella reptans,True,EXACT_CURRENT_NAME,Leptinella reptans,639020.0,Leptinella reptans,,species,https://www.inaturalist.org/taxa/639020,False,True,cc-by-nc-sa,USABLE_RESEARCH_GRADE_PHOTO_CURRENT_NAME_MATCH,,True,research_grade_observation,29176295.0,https://inaturalist-open-data.s3.amazonaws.com/photos/29176295/medium.jpg,cc-by-sa,"(c) Miguel de Salas, some rights reserved (CC BY-SA)",19024210.0,https://www.inaturalist.org/observations/19024210,https://www.inaturalist.org/photos/29176295
Leptobryum pyriforme,True,EXACT_CURRENT_NAME,Leptobryum pyriforme,164536.0,Leptobryum pyriforme,Golden Thread-moss,species,https://www.inaturalist.org/taxa/164536,False,True,cc0,USABLE_DEFAULT_PHOTO_CURRENT_NAME_MATCH,,True,taxon_default_photo,164871642.0,https://inaturalist-open-data.s3.amazonaws.com/photos/164871642/medium.jpeg,cc0,"no rights reserved, uploaded by Ellyne Geurts",,,https://www.inaturalist.org/photos/164871642
Leptocarpus tenax,True,EXACT_CURRENT_NAME,Leptocarpus tenax,323479.0,Leptocarpus tenax,slender twine-rush,species,https://www.inaturalist.org/taxa/323479,False,True,cc-by,USABLE_DEFAULT_PHOTO_CURRENT_NAME_MATCH,,True,taxon_default_photo,414536.0,https://inaturalist-open-data.s3.amazonaws.com/photos/414536/medium.jpg,cc-by,"(c) John Tann, some rights reserved (CC BY)",,,https://www.inaturalist.org/photos/414536
Leptoceras menziesii,True,EXACT_CURRENT_NAME,Leptoceras menziesii,323922.0,Leptoceras menziesii,Rabbit Orchid,species,https://www.inaturalist.org/taxa/323922,False,True,cc-by-nc,USABLE_RESEARCH_GRADE_PHOTO_CURRENT_NAME_MATCH,,True,research_grade_observation,24062200.0,https://inaturalist-open-data.s3.amazonaws.com/photos/24062200/medium.jpg,cc-by,"(c) Rolf Lawrenz, some rights reserved (CC BY)",16068895.0,https://www.inaturalist.org/observations/16068895,https://www.inaturalist.org/photos/24062200
Leptodictyum riparium,True,EXACT_CURRENT_NAME,Leptodictyum riparium,164546.0,Leptodictyum riparium,Streamside Leptodictyum Moss,species,https://www.inaturalist.org/taxa/164546,False,True,cc-by,USABLE_DEFAULT_PHOTO_CURRENT_NAME_MATCH,,True,taxon_default_photo,105716299.0,https://inaturalist-open-data.s3.amazonaws.com/photos/105716299/medium.jpg,cc-by,"(c) Brandon Corder, some rights reserved (CC BY), uploaded by Brandon Corder",,,https://www.inaturalist.org/photos/105716299
Leptorhynchos squamatus,True,EXACT_CURRENT_NAME,Leptorhynchos squamatus,403386.0,Leptorhynchos squamatus,Scaly-buttons,species,https://www.inaturalist.org/taxa/403386,False,True,cc-by,USABLE_DEFAULT_PHOTO_CURRENT_NAME_MATCH,,True,taxon_default_photo,74912423.0,https://inaturalist-open-data.s3.amazonaws.com/photos/74912423/medium.jpeg,cc-by,"(c) Chris Clarke, some rights reserved (CC BY), uploaded by Chris Clarke",,,https://www.inaturalist.org/photos/74912423
Leptorhynchos tenuifolius,True,EXACT_CURRENT_NAME,Leptorhynchos tenuifolius,893946.0,Leptorhynchos tenuifolius,Wiry Buttons,species,https://www.inaturalist.org/taxa/893946,False,True,cc-by-nd,USABLE_RESEARCH_GRADE_PHOTO_CURRENT_NAME_MATCH,,True,research_grade_observation,682678165.0,https://inaturalist-open-data.s3.amazonaws.com/photos/682678165/medium.jpg,cc-by,"(c) Jared Shorma, some rights reserved (CC BY)",373545756.0,https://www.inaturalist.org/observations/373545756,https://www.inaturalist.org/photos/682678165
Leptospermum continentale,True,EXACT_CURRENT_NAME,Leptospermum continentale,353876.0,Leptospermum continentale,prickly tea-tree,species,https://www.inaturalist.org/taxa/353876,False,True,cc-by-nc,USABLE_RESEARCH_GRADE_PHOTO_CURRENT_NAME_MATCH,,True,research_grade_observation,253341979.0,https://inaturalist-open-data.s3.amazonaws.com/photos/253341979/medium.jpeg,cc0,no rights reserved,147248354.0,https://www.inaturalist.org/observations/147248354,https://www.inaturalist.org/photos/253341979
Leptospermum lanigerum,True,EXACT_CURRENT_NAME,Leptospermum lanigerum,323290.0,Leptospermum lanigerum,Woolly Teatree,species,https://www.inaturalist.org/taxa/323290,False,True,cc-by-nc,USABLE_RESEARCH_GRADE_PHOTO_CURRENT_NAME_MATCH,,True,research_grade_observation,31215526.0,https://inaturalist-open-data.s3.amazonaws.com/photos/31215526/medium.jpg,cc-by,"(c) Terra Occ, some rights reserved (CC BY)",20226984.0,https://www.inaturalist.org/observations/20226984,https://www.inaturalist.org/photos/31215526
Leptospermum scoparium,True,EXACT_CURRENT_NAME,Leptospermum scoparium,54699.0,Leptospermum scoparium,Mānuka,species,https://www.inaturalist.org/taxa/54699,False,True,cc0,USABLE_DEFAULT_PHOTO_CURRENT_NAME_MATCH,,True,taxon_default_photo,57833486.0,https://inaturalist-open-data.s3.amazonaws.com/photos/57833486/medium.jpg,cc0,"no rights reserved, uploaded by Peter de Lange",,,https://www.inaturalist.org/photos/57833486
Lepyrodia muelleri,True,EXACT_CURRENT_NAME,Lepyrodia muelleri,604317.0,Lepyrodia muelleri,erect scale-rush,species,https://www.inaturalist.org/taxa/604317,False,True,cc-by-nc,USABLE_RESEARCH_GRADE_PHOTO_CURRENT_NAME_MATCH,,True,research_grade_observation,74919741.0,https://inaturalist-open-data.s3.amazonaws.com/photos/74919741/medium.jpeg,cc-by,"(c) Chris Clarke, some rights reserved (CC BY)",47238644.0,https://www.inaturalist.org/observations/47238644,https://www.inaturalist.org/photos/74919741
Leucophyta brownii,True,EXACT_CURRENT_NAME,Leucophyta brownii,323827.0,Leucophyta brownii,Cushion Bush,species,https://www.inaturalist.org/taxa/323827,False,True,cc-by-sa,USABLE_DEFAULT_PHOTO_CURRENT_NAME_MATCH,,True,taxon_default_photo,459157265.0,https://inaturalist-open-data.s3.amazonaws.com/photos/459157265/medium.jpeg,cc-by-sa,"(c) jirau, some rights reserved (CC BY-SA)",,,https://www.inaturalist.org/photos/459157265
Leucopogon parviflorus,True,EXACT_CURRENT_NAME,Leucopogon parviflorus,323832.0,Leucopogon parviflorus,coastal beard-heath,species,https://www.inaturalist.org/taxa/323832,False,True,cc0,USABLE_DEFAULT_PHOTO_CURRENT_NAME_MATCH,,True,taxon_default_photo,25894957.0,https://inaturalist-open-data.s3.amazonaws.com/photos/25894957/medium.jpg,cc0,"no rights reserved, uploaded by Peter de Lange",,,https://www.inaturalist.org/photos/25894957
Leucopogon virgatus,True,EXACT_CURRENT_NAME,Leucopogon virgatus,323830.0,Leucopogon virgatus,common beard-heath,species,https://www.inaturalist.org/taxa/323830,False,True,cc-by-nc,USABLE_RESEARCH_GRADE_PHOTO_CURRENT_NAME_MATCH,,True,research_grade_observation,318059386.0,https://inaturalist-open-data.s3.amazonaws.com/photos/318059386/medium.jpeg,cc-by,"(c) Matthew Lincoln, some rights reserved (CC BY)",182420806.0,https://www.inaturalist.org/observations/182420806,https://www.inaturalist.org/photos/318059386
Leucopogon virgatus var. virgatus,False,,,,,,,,False,False,,NO_SAFE_EXACT_OR_SYNONYM_MATCH,,False,,,,,,,,
Levenhookia dubia,True,EXACT_CURRENT_NAME,Levenhookia dubia,123191.0,Levenhookia dubia,Hairy Stylewort,species,https://www.inaturalist.org/taxa/123191,False,True,cc-by,USABLE_DEFAULT_PHOTO_CURRENT_NAME_MATCH,,True,taxon_default_photo,2729628.0,https://inaturalist-open-data.s3.amazonaws.com/photos/2729628/medium.jpg,cc-by,"(c) Kevin Thiele, some rights reserved (CC BY)",,,https://www.inaturalist.org/photos/2729628
Lewinskya tasmanica,True,EXACT_CURRENT_NAME,Lewinskya tasmanica,1476565.0,Lewinskya tasmanica,,species,https://www.inaturalist.org/taxa/1476565,False,True,cc-by,USABLE_DEFAULT_PHOTO_CURRENT_NAME_MATCH,,True,taxon_default_photo,31810216.0,https://inaturalist-open-data.s3.amazonaws.com/photos/31810216/medium.jpg,cc-by,"(c) John Steel, some rights reserved (CC BY), uploaded by John Steel",,,https://www.inaturalist.org/photos/31810216
Lewinskya tasmanica var. tasmanica,False,,,,,,,,False,False,,NO_SAFE_EXACT_OR_SYNONYM_MATCH,,False,,,,,,,,
Ligustrum lucidum,True,EXACT_CURRENT_NAME,Ligustrum lucidum,77740.0,Ligustrum lucidum,tree privet,species,https://www.inaturalist.org/taxa/77740,False,True,,USABLE_RESEARCH_GRADE_PHOTO_CURRENT_NAME_MATCH,,True,research_grade_observation,15099766.0,https://inaturalist-open-data.s3.amazonaws.com/photos/15099766/medium.jpeg,cc-by,"(c) Alison Northup, some rights reserved (CC BY)",10790222.0,https://www.inaturalist.org/observations/10790222,https://www.inaturalist.org/photos/15099766
Ligustrum ovalifolium,True,EXACT_CURRENT_NAME,Ligustrum ovalifolium,77741.0,Ligustrum ovalifolium,garden privet,species,https://www.inaturalist.org/taxa/77741,False,True,cc0,USABLE_DEFAULT_PHOTO_CURRENT_NAME_MATCH,,True,taxon_default_photo,63213435.0,https://inaturalist-open-data.s3.amazonaws.com/photos/63213435/medium.jpeg,cc0,"no rights reserved, uploaded by Stephen James McWilliam",,,https://www.inaturalist.org/photos/63213435
Lindsaea linearis,True,EXACT_CURRENT_NAME,Lindsaea linearis,323952.0,Lindsaea linearis,Screw Fern,species,https://www.inaturalist.org/taxa/323952,False,True,cc-by-nc-sa,USABLE_RESEARCH_GRADE_PHOTO_CURRENT_NAME_MATCH,,True,research_grade_observation,624387249.0,https://inaturalist-open-data.s3.amazonaws.com/photos/624387249/medium.jpg,cc-by,"(c) naturewatchwidow, some rights reserved (CC BY)",342837568.0,https://www.inaturalist.org/observations/342837568,https://www.inaturalist.org/photos/624387249
Linum trigynum,True,EXACT_CURRENT_NAME,Linum trigynum,82892.0,Linum trigynum,French flax,species,https://www.inaturalist.org/taxa/82892,False,True,cc-by,USABLE_DEFAULT_PHOTO_CURRENT_NAME_MATCH,,True,taxon_default_photo,94454845.0,https://inaturalist-open-data.s3.amazonaws.com/photos/94454845/medium.jpeg,cc-by,"(c) Thomas Mesaglio, some rights reserved (CC BY), uploaded by Thomas Mesaglio",,,https://www.inaturalist.org/photos/94454845
Lobelia anceps,True,EXACT_CURRENT_NAME,Lobelia anceps,323829.0,Lobelia anceps,angled lobelia,species,https://www.inaturalist.org/taxa/323829,False,True,cc-by-nc-sa,USABLE_RESEARCH_GRADE_PHOTO_CURRENT_NAME_MATCH,,True,research_grade_observation,172643861.0,https://inaturalist-open-data.s3.amazonaws.com/photos/172643861/medium.jpeg,cc-by,"(c) Thomas Mesaglio, some rights reserved (CC BY)",103186421.0,https://www.inaturalist.org/observations/103186421,https://www.inaturalist.org/photos/172643861
Lobelia concolor,True,EXACT_CURRENT_NAME,Lobelia concolor,369951.0,Lobelia concolor,Poison Pratia,species,https://www.inaturalist.org/taxa/369951,False,True,cc-by-sa,USABLE_DEFAULT_PHOTO_CURRENT_NAME_MATCH,,True,taxon_default_photo,57527509.0,https://inaturalist-open-data.s3.amazonaws.com/photos/57527509/medium.jpg,cc-by-sa,"(c) Greg Tasney, some rights reserved (CC BY-SA), uploaded by Greg Tasney",,,https://www.inaturalist.org/photos/57527509
Lobelia gibbosa,True,EXACT_CURRENT_NAME,Lobelia gibbosa,323155.0,Lobelia gibbosa,tall lobelia,species,https://www.inaturalist.org/taxa/323155,False,True,cc-by,USABLE_DEFAULT_PHOTO_CURRENT_NAME_MATCH,,True,taxon_default_photo,107912534.0,https://inaturalist-open-data.s3.amazonaws.com/photos/107912534/medium.jpg,cc-by,"(c) Connor Margetts, some rights reserved (CC BY), uploaded by Connor Margetts",,,https://www.inaturalist.org/photos/107912534
Lobelia pedunculata,True,EXACT_CURRENT_NAME,Lobelia pedunculata,245731.0,Lobelia pedunculata,Matted Pratia,species,https://www.inaturalist.org/taxa/245731,False,True,cc-by-nc,USABLE_RESEARCH_GRADE_PHOTO_CURRENT_NAME_MATCH,,True,research_grade_observation,70081147.0,https://inaturalist-open-data.s3.amazonaws.com/photos/70081147/medium.jpg,cc-by,"(c) Emily Summerbell, some rights reserved (CC BY)",44201697.0,https://www.inaturalist.org/observations/44201697,https://www.inaturalist.org/photos/70081147
Lobelia pratioides,True,EXACT_CURRENT_NAME,Lobelia pratioides,603241.0,Lobelia pratioides,Poison Lobelia,species,https://www.inaturalist.org/taxa/603241,False,True,cc-by-nc-sa,USABLE_RESEARCH_GRADE_PHOTO_CURRENT_NAME_MATCH,,True,research_grade_observation,345960979.0,https://inaturalist-open-data.s3.amazonaws.com/photos/345960979/medium.jpg,cc-by,"(c) Nathan Aaron, some rights reserved (CC BY)",196494704.0,https://www.inaturalist.org/observations/196494704,https://www.inaturalist.org/photos/345960979
Lobelia simplicicaulis,True,EXACT_CURRENT_NAME,Lobelia simplicicaulis,853988.0,Lobelia simplicicaulis,narrow lobelia,species,https://www.inaturalist.org/taxa/853988,False,True,,USABLE_RESEARCH_GRADE_PHOTO_CURRENT_NAME_MATCH,,True,research_grade_observation,341757926.0,https://inaturalist-open-data.s3.amazonaws.com/photos/341757926/medium.jpg,cc0,no rights reserved,194427505.0,https://www.inaturalist.org/observations/194427505,https://www.inaturalist.org/photos/341757926
Lobularia maritima,True,EXACT_CURRENT_NAME,Lobularia maritima,56992.0,Lobularia maritima,sweet alyssum,species,https://www.inaturalist.org/taxa/56992,False,True,cc-by-nc,USABLE_RESEARCH_GRADE_PHOTO_CURRENT_NAME_MATCH,,True,research_grade_observation,118596795.0,https://inaturalist-open-data.s3.amazonaws.com/photos/118596795/medium.jpeg,cc-by,"(c) Eleftherios Katsillis, some rights reserved (CC BY)",72711701.0,https://www.inaturalist.org/observations/72711701,https://www.inaturalist.org/photos/118596795
Lolium perenne,True,EXACT_CURRENT_NAME,Lolium perenne,52801.0,Lolium perenne,Perennial Ryegrass,species,https://www.inaturalist.org/taxa/52801,False,True,,USABLE_RESEARCH_GRADE_PHOTO_CURRENT_NAME_MATCH,,True,research_grade_observation,130650890.0,https://inaturalist-open-data.s3.amazonaws.com/photos/130650890/medium.jpeg,cc-by,"(c) Daniel Heras González, some rights reserved (CC BY)",79750621.0,https://www.inaturalist.org/observations/79750621,https://www.inaturalist.org/photos/130650890
Lolium rigidum,True,EXACT_CURRENT_NAME,Lolium rigidum,164711.0,Lolium rigidum,Mediterranean Rye-grass,species,https://www.inaturalist.org/taxa/164711,False,True,cc-by,USABLE_DEFAULT_PHOTO_CURRENT_NAME_MATCH,,True,taxon_default_photo,383826155.0,https://inaturalist-open-data.s3.amazonaws.com/photos/383826155/medium.jpeg,cc-by,"(c) Christian Berg, some rights reserved (CC BY), uploaded by Christian Berg",,,https://www.inaturalist.org/photos/383826155
Lomandra filiformis,True,EXACT_CURRENT_NAME,Lomandra filiformis,353962.0,Lomandra filiformis,wattle mat-rush,species,https://www.inaturalist.org/taxa/353962,False,True,cc-by-nc-sa,USABLE_RESEARCH_GRADE_PHOTO_CURRENT_NAME_MATCH,,True,research_grade_observation,595479463.0,https://inaturalist-open-data.s3.amazonaws.com/photos/595479463/medium.jpg,cc-by,"(c) grampianshiker, some rights reserved (CC BY)",328601929.0,https://www.inaturalist.org/observations/328601929,https://www.inaturalist.org/photos/595479463
Lomandra filiformis subsp. coriacea,False,,,,,,,,False,False,,NO_SAFE_EXACT_OR_SYNONYM_MATCH,,False,,,,,,,,
Lomandra filiformis subsp. filiformis,False,,,,,,,,False,False,,NO_SAFE_EXACT_OR_SYNONYM_MATCH,,False,,,,,,,,
Lomandra longifolia,True,EXACT_CURRENT_NAME,Lomandra longifolia,83375.0,Lomandra longifolia,Spiny-headed Mat-rush,species,https://www.inaturalist.org/taxa/83375,False,True,cc-by-nc-nd,USABLE_RESEARCH_GRADE_PHOTO_CURRENT_NAME_MATCH,,True,research_grade_observation,9939471.0,https://inaturalist-open-data.s3.amazonaws.com/photos/9939471/medium.jpg,cc-by,"(c) Donald Hobern, some rights reserved (CC BY)",7605894.0,https://www.inaturalist.org/observations/7605894,https://www.inaturalist.org/photos/9939471
Lomandra longifolia subsp. longifolia,False,,,,,,,,False,False,,NO_SAFE_EXACT_OR_SYNONYM_MATCH,,False,,,,,,,,
Lomandra multiflora,True,EXACT_CURRENT_NAME,Lomandra multiflora,353960.0,Lomandra multiflora,Many Flowered Matrush,species,https://www.inaturalist.org/taxa/353960,False,True,cc-by-nc-sa,USABLE_RESEARCH_GRADE_PHOTO_CURRENT_NAME_MATCH,,True,research_grade_observation,217852314.0,https://inaturalist-open-data.s3.amazonaws.com/photos/217852314/medium.jpeg,cc-by-sa,"(c) Greg Tasney, some rights reserved (CC BY-SA)",128269395.0,https://www.inaturalist.org/observations/128269395,https://www.inaturalist.org/photos/217852314
Lomandra multiflora subsp. multiflora,False,,,,,,,,False,False,,NO_SAFE_EXACT_OR_SYNONYM_MATCH,,False,,,,,,,,
Lonicera japonica,True,EXACT_CURRENT_NAME,Lonicera japonica,77835.0,Lonicera japonica,Japanese honeysuckle,species,https://www.inaturalist.org/taxa/77835,False,True,,USABLE_RESEARCH_GRADE_PHOTO_CURRENT_NAME_MATCH,,True,research_grade_observation,11747684.0,https://inaturalist-open-data.s3.amazonaws.com/photos/11747684/medium.jpeg,cc-by,"(c) Millie Basden, some rights reserved (CC BY)",8750667.0,https://www.inaturalist.org/observations/8750667,https://www.inaturalist.org/photos/11747684
Lotus angustissimus,True,EXACT_CURRENT_NAME,Lotus angustissimus,77837.0,Lotus angustissimus,slender bird's-foot-trefoil,species,https://www.inaturalist.org/taxa/77837,False,True,,USABLE_RESEARCH_GRADE_PHOTO_CURRENT_NAME_MATCH,,True,research_grade_observation,400978304.0,https://inaturalist-open-data.s3.amazonaws.com/photos/400978304/medium.jpg,cc-by,"(c) Stanislav Murashkin, some rights reserved (CC BY)",226114561.0,https://www.inaturalist.org/observations/226114561,https://www.inaturalist.org/photos/400978304
Lotus subbiflorus,True,EXACT_CURRENT_NAME,Lotus subbiflorus,129169.0,Lotus subbiflorus,Hairy Bird's-foot-trefoil,species,https://www.inaturalist.org/taxa/129169,False,True,cc-by-nc,USABLE_RESEARCH_GRADE_PHOTO_CURRENT_NAME_MATCH,,True,research_grade_observation,105694499.0,https://inaturalist-open-data.s3.amazonaws.com/photos/105694499/medium.jpg,cc-by,"(c) Caroline Voget, some rights reserved (CC BY)",65645967.0,https://www.inaturalist.org/observations/65645967,https://www.inaturalist.org/photos/105694499
Lotus uliginosus,True,EXACT_SYNONYM,Lotus uliginosus,1429814.0,Lotus pedunculatus pedunculatus,marsh lotus,subspecies,https://www.inaturalist.org/taxa/1429814,True,True,,USABLE_RESEARCH_GRADE_PHOTO_SYNONYM_MATCH,,True,research_grade_observation,345443713.0,https://inaturalist-open-data.s3.amazonaws.com/photos/345443713/medium.jpeg,cc-by,"(c) Kevin Faccenda, some rights reserved (CC BY)",196241665.0,https://www.inaturalist.org/observations/196241665,https://www.inaturalist.org/photos/345443713
Luzula meridionalis,True,EXACT_CURRENT_NAME,Luzula meridionalis,323425.0,Luzula meridionalis,Common Wood-rush,species,https://www.inaturalist.org/taxa/323425,False,True,cc-by-nc-sa,USABLE_RESEARCH_GRADE_PHOTO_CURRENT_NAME_MATCH,,True,research_grade_observation,314269288.0,https://inaturalist-open-data.s3.amazonaws.com/photos/314269288/medium.jpeg,cc-by,"(c) yatesy, some rights reserved (CC BY)",180419252.0,https://www.inaturalist.org/observations/180419252,https://www.inaturalist.org/photos/314269288
Luzula meridionalis var. densiflora,False,,,,,,,,False,False,,NO_SAFE_EXACT_OR_SYNONYM_MATCH,,False,,,,,,,,
Lycopodiella lateralis,True,EXACT_SYNONYM,Lycopodiella lateralis,403002.0,Lateristachys lateralis,Slender Clubmoss,species,https://www.inaturalist.org/taxa/403002,True,True,cc-by-nc-sa,USABLE_RESEARCH_GRADE_PHOTO_SYNONYM_MATCH,,True,research_grade_observation,6270849.0,https://inaturalist-open-data.s3.amazonaws.com/photos/6270849/medium.jpeg,cc-by,"(c) Brett Sandford, some rights reserved (CC BY)",5101323.0,https://www.inaturalist.org/observations/5101323,https://www.inaturalist.org/photos/6270849
Lyperanthus suaveolens,True,EXACT_CURRENT_NAME,Lyperanthus suaveolens,353959.0,Lyperanthus suaveolens,brown beaks,species,https://www.inaturalist.org/taxa/353959,False,True,cc-by-nc,USABLE_RESEARCH_GRADE_PHOTO_CURRENT_NAME_MATCH,,True,research_grade_observation,423629567.0,https://inaturalist-open-data.s3.amazonaws.com/photos/423629567/medium.jpeg,cc-by,"(c) Max Campbell, some rights reserved (CC BY)",237990095.0,https://www.inaturalist.org/observations/237990095,https://www.inaturalist.org/photos/423629567
Lysimachia arvensis,True,EXACT_CURRENT_NAME,Lysimachia arvensis,791928.0,Lysimachia arvensis,scarlet pimpernel,species,https://www.inaturalist.org/taxa/791928,False,True,cc-by-sa,USABLE_DEFAULT_PHOTO_CURRENT_NAME_MATCH,,True,taxon_default_photo,223278664.0,https://inaturalist-open-data.s3.amazonaws.com/photos/223278664/medium.jpg,cc-by-sa,"(c) Douglas Goldman, some rights reserved (CC BY-SA), uploaded by Douglas Goldman",,,https://www.inaturalist.org/photos/223278664
Lysimachia minima,True,EXACT_CURRENT_NAME,Lysimachia minima,204353.0,Lysimachia minima,Chaffweed,species,https://www.inaturalist.org/taxa/204353,False,True,cc-by-nc,USABLE_RESEARCH_GRADE_PHOTO_CURRENT_NAME_MATCH,,True,research_grade_observation,188645843.0,https://inaturalist-open-data.s3.amazonaws.com/photos/188645843/medium.jpeg,cc-by,"(c) Jay Horn, some rights reserved (CC BY)",111728615.0,https://www.inaturalist.org/observations/111728615,https://www.inaturalist.org/photos/188645843
Lythrum hyssopifolia,True,EXACT_CURRENT_NAME,Lythrum hyssopifolia,58934.0,Lythrum hyssopifolia,Hyssop Loosestrife,species,https://www.inaturalist.org/taxa/58934,False,True,,USABLE_RESEARCH_GRADE_PHOTO_CURRENT_NAME_MATCH,,True,research_grade_observation,102588228.0,https://inaturalist-open-data.s3.amazonaws.com/photos/102588228/medium.jpeg,cc-by,"(c) Jeremy Gilmore, some rights reserved (CC BY)",63873523.0,https://www.inaturalist.org/observations/63873523,https://www.inaturalist.org/photos/102588228
Lythrum junceum,True,EXACT_CURRENT_NAME,Lythrum junceum,82891.0,Lythrum junceum,False Grass-poly,species,https://www.inaturalist.org/taxa/82891,False,True,cc-by,USABLE_DEFAULT_PHOTO_CURRENT_NAME_MATCH,,True,taxon_default_photo,197842896.0,https://inaturalist-open-data.s3.amazonaws.com/photos/197842896/medium.jpg,cc-by,"(c) Daniela Costa, some rights reserved (CC BY), uploaded by Daniela Costa",,,https://www.inaturalist.org/photos/197842896
Lythrum salicaria,True,EXACT_CURRENT_NAME,Lythrum salicaria,61321.0,Lythrum salicaria,purple loosestrife,species,https://www.inaturalist.org/taxa/61321,False,True,,USABLE_RESEARCH_GRADE_PHOTO_CURRENT_NAME_MATCH,,True,research_grade_observation,505029214.0,https://inaturalist-open-data.s3.amazonaws.com/photos/505029214/medium.jpg,cc-by-sa,"(c) Douglas Goldman, some rights reserved (CC BY-SA)",281222505.0,https://www.inaturalist.org/observations/281222505,https://www.inaturalist.org/photos/505029214
Machaerina acuta,True,EXACT_CURRENT_NAME,Machaerina acuta,323897.0,Machaerina acuta,,species,https://www.inaturalist.org/taxa/323897,False,True,cc-by-nc,USABLE_RESEARCH_GRADE_PHOTO_CURRENT_NAME_MATCH,,True,research_grade_observation,314237977.0,https://inaturalist-open-data.s3.amazonaws.com/photos/314237977/medium.jpeg,cc-by,"(c) Peter Crowcroft, some rights reserved (CC BY)",180402000.0,https://www.inaturalist.org/observations/180402000,https://www.inaturalist.org/photos/314237977
Machaerina articulata,True,EXACT_CURRENT_NAME,Machaerina articulata,499836.0,Machaerina articulata,Jointed twig rush,species,https://www.inaturalist.org/taxa/499836,False,True,cc-by-nc,USABLE_RESEARCH_GRADE_PHOTO_CURRENT_NAME_MATCH,,True,research_grade_observation,609893824.0,https://inaturalist-open-data.s3.amazonaws.com/photos/609893824/medium.jpg,cc-by-sa,"(c) Christopher Stephens, some rights reserved (CC BY-SA)",335700292.0,https://www.inaturalist.org/observations/335700292,https://www.inaturalist.org/photos/609893824
Machaerina juncea,True,EXACT_CURRENT_NAME,Machaerina juncea,323898.0,Machaerina juncea,Tussock Swamp Twig Rush,species,https://www.inaturalist.org/taxa/323898,False,True,cc-by-nc,USABLE_RESEARCH_GRADE_PHOTO_CURRENT_NAME_MATCH,,True,research_grade_observation,358984597.0,https://inaturalist-open-data.s3.amazonaws.com/photos/358984597/medium.jpeg,cc-by,"(c) Joe Dillon, some rights reserved (CC BY)",203201894.0,https://www.inaturalist.org/observations/203201894,https://www.inaturalist.org/photos/358984597
Machaerina rubiginosa,True,EXACT_CURRENT_NAME,Machaerina rubiginosa,427107.0,Machaerina rubiginosa,Common Twig Rush,species,https://www.inaturalist.org/taxa/427107,False,True,cc-by,USABLE_DEFAULT_PHOTO_CURRENT_NAME_MATCH,,True,taxon_default_photo,416193602.0,https://inaturalist-open-data.s3.amazonaws.com/photos/416193602/medium.jpeg,cc-by,"(c) Peter Crowcroft, some rights reserved (CC BY), uploaded by Peter Crowcroft",,,https://www.inaturalist.org/photos/416193602
Malva nicaeensis,True,EXACT_CURRENT_NAME,Malva nicaeensis,61043.0,Malva nicaeensis,bull mallow,species,https://www.inaturalist.org/taxa/61043,False,True,cc-by,USABLE_DEFAULT_PHOTO_CURRENT_NAME_MATCH,,True,taxon_default_photo,18853.0,https://inaturalist-open-data.s3.amazonaws.com/photos/18853/medium.jpg,cc-by,"(c) shira gal, some rights reserved (CC BY)",,,https://www.inaturalist.org/photos/18853
Malva parviflora,True,EXACT_CURRENT_NAME,Malva parviflora,58202.0,Malva parviflora,cheeseweed mallow,species,https://www.inaturalist.org/taxa/58202,False,True,cc-by-nc,USABLE_RESEARCH_GRADE_PHOTO_CURRENT_NAME_MATCH,,True,research_grade_observation,320032422.0,https://inaturalist-open-data.s3.amazonaws.com/photos/320032422/medium.jpg,cc-by,"(c) Ryan Donnelly, some rights reserved (CC BY)",183438050.0,https://www.inaturalist.org/observations/183438050,https://www.inaturalist.org/photos/320032422
Marrubium vulgare,True,EXACT_CURRENT_NAME,Marrubium vulgare,54605.0,Marrubium vulgare,White Horehound,species,https://www.inaturalist.org/taxa/54605,False,True,cc-by-nc,USABLE_RESEARCH_GRADE_PHOTO_CURRENT_NAME_MATCH,,True,research_grade_observation,577428765.0,https://inaturalist-open-data.s3.amazonaws.com/photos/577428765/medium.jpg,cc-by,"(c) zebedeugalinha, some rights reserved (CC BY)",319436504.0,https://www.inaturalist.org/observations/319436504,https://www.inaturalist.org/photos/577428765
Marsilea mutica,True,EXACT_CURRENT_NAME,Marsilea mutica,369384.0,Marsilea mutica,Nardoo,species,https://www.inaturalist.org/taxa/369384,False,True,,USABLE_RESEARCH_GRADE_PHOTO_CURRENT_NAME_MATCH,,True,research_grade_observation,139635222.0,https://inaturalist-open-data.s3.amazonaws.com/photos/139635222/medium.jpg,cc-by,"(c) Tom Field, some rights reserved (CC BY)",84920208.0,https://www.inaturalist.org/observations/84920208,https://www.inaturalist.org/photos/139635222
Matthiola incana,True,EXACT_CURRENT_NAME,Matthiola incana,77966.0,Matthiola incana,hoary stock,species,https://www.inaturalist.org/taxa/77966,False,True,cc-by-nc,USABLE_RESEARCH_GRADE_PHOTO_CURRENT_NAME_MATCH,,True,research_grade_observation,266487596.0,https://inaturalist-open-data.s3.amazonaws.com/photos/266487596/medium.jpg,cc-by,"(c) Petr Harant, some rights reserved (CC BY)",154239447.0,https://www.inaturalist.org/observations/154239447,https://www.inaturalist.org/photos/266487596
Medicago arabica,True,EXACT_CURRENT_NAME,Medicago arabica,61012.0,Medicago arabica,Spotted medick,species,https://www.inaturalist.org/taxa/61012,False,True,,USABLE_RESEARCH_GRADE_PHOTO_CURRENT_NAME_MATCH,,True,research_grade_observation,495564318.0,https://inaturalist-open-data.s3.amazonaws.com/photos/495564318/medium.jpeg,cc-by,"(c) Caroline Wiechmann, some rights reserved (CC BY)",275869146.0,https://www.inaturalist.org/observations/275869146,https://www.inaturalist.org/photos/495564318
Medicago polymorpha,True,EXACT_CURRENT_NAME,Medicago polymorpha,53151.0,Medicago polymorpha,bur clover,species,https://www.inaturalist.org/taxa/53151,False,True,cc-by-nc,USABLE_RESEARCH_GRADE_PHOTO_CURRENT_NAME_MATCH,,True,research_grade_observation,244701846.0,https://inaturalist-open-data.s3.amazonaws.com/photos/244701846/medium.jpg,cc0,no rights reserved,142703066.0,https://www.inaturalist.org/observations/142703066,https://www.inaturalist.org/photos/244701846
Melaleuca armillaris,True,EXACT_CURRENT_NAME,Melaleuca armillaris,323997.0,Melaleuca armillaris,Bracelet Honey-myrtle,species,https://www.inaturalist.org/taxa/323997,False,True,cc-by-nc,USABLE_RESEARCH_GRADE_PHOTO_CURRENT_NAME_MATCH,,True,research_grade_observation,58070181.0,https://inaturalist-open-data.s3.amazonaws.com/photos/58070181/medium.jpg,cc0,no rights reserved,36710120.0,https://www.inaturalist.org/observations/36710120,https://www.inaturalist.org/photos/58070181
Melaleuca armillaris subsp. armillaris,False,,,,,,,,False,False,,NO_SAFE_EXACT_OR_SYNONYM_MATCH,,False,,,,,,,,
Melaleuca ericifolia,True,EXACT_CURRENT_NAME,Melaleuca ericifolia,323834.0,Melaleuca ericifolia,Swamp Paperbark,species,https://www.inaturalist.org/taxa/323834,False,True,cc-by-nc-sa,USABLE_RESEARCH_GRADE_PHOTO_CURRENT_NAME_MATCH,,True,research_grade_observation,528401864.0,https://inaturalist-open-data.s3.amazonaws.com/photos/528401864/medium.jpg,cc-by,"(c) Bryce Watts-Parker, some rights reserved (CC BY)",293580689.0,https://www.inaturalist.org/observations/293580689,https://www.inaturalist.org/photos/528401864
Melaleuca lanceolata,True,EXACT_CURRENT_NAME,Melaleuca lanceolata,465912.0,Melaleuca lanceolata,Moonah,species,https://www.inaturalist.org/taxa/465912,False,True,cc-by,USABLE_DEFAULT_PHOTO_CURRENT_NAME_MATCH,,True,taxon_default_photo,73922570.0,https://inaturalist-open-data.s3.amazonaws.com/photos/73922570/medium.jpeg,cc-by,"(c) Chris Lindorff, some rights reserved (CC BY), uploaded by Chris Lindorff",,,https://www.inaturalist.org/photos/73922570
Melaleuca squarrosa,True,EXACT_CURRENT_NAME,Melaleuca squarrosa,323294.0,Melaleuca squarrosa,scented paperbark,species,https://www.inaturalist.org/taxa/323294,False,True,cc-by-nc,USABLE_RESEARCH_GRADE_PHOTO_CURRENT_NAME_MATCH,,True,research_grade_observation,324599894.0,https://inaturalist-open-data.s3.amazonaws.com/photos/324599894/medium.jpg,cc-by,"(c) T. Hammer, some rights reserved (CC BY)",185829518.0,https://www.inaturalist.org/observations/185829518,https://www.inaturalist.org/photos/324599894
Melia azedarach,True,EXACT_CURRENT_NAME,Melia azedarach,53720.0,Melia azedarach,Chinaberry,species,https://www.inaturalist.org/taxa/53720,False,True,cc0,USABLE_DEFAULT_PHOTO_CURRENT_NAME_MATCH,,True,taxon_default_photo,33351307.0,https://inaturalist-open-data.s3.amazonaws.com/photos/33351307/medium.jpeg,cc0,"no rights reserved, uploaded by 葉子",,,https://www.inaturalist.org/photos/33351307
Melicytus dentatus,True,EXACT_CURRENT_NAME,Melicytus dentatus,537927.0,Melicytus dentatus,tree violet,species,https://www.inaturalist.org/taxa/537927,False,True,cc-by-nc,USABLE_RESEARCH_GRADE_PHOTO_CURRENT_NAME_MATCH,,True,research_grade_observation,74449377.0,https://inaturalist-open-data.s3.amazonaws.com/photos/74449377/medium.jpeg,cc-by,"(c) Kevin Sparrow, some rights reserved (CC BY)",46942364.0,https://www.inaturalist.org/observations/46942364,https://www.inaturalist.org/photos/74449377
Mentha australis,True,EXACT_CURRENT_NAME,Mentha australis,403857.0,Mentha australis,Native River Mint,species,https://www.inaturalist.org/taxa/403857,False,True,cc-by-nc-sa,USABLE_RESEARCH_GRADE_PHOTO_CURRENT_NAME_MATCH,,True,research_grade_observation,254539047.0,https://inaturalist-open-data.s3.amazonaws.com/photos/254539047/medium.jpeg,cc-by,"(c) Josh, some rights reserved (CC BY)",147876497.0,https://www.inaturalist.org/observations/147876497,https://www.inaturalist.org/photos/254539047
Mentha pulegium,True,EXACT_CURRENT_NAME,Mentha pulegium,57116.0,Mentha pulegium,Pennyroyal,species,https://www.inaturalist.org/taxa/57116,False,True,cc-by-nc,USABLE_RESEARCH_GRADE_PHOTO_CURRENT_NAME_MATCH,,True,research_grade_observation,607923121.0,https://inaturalist-open-data.s3.amazonaws.com/photos/607923121/medium.jpg,cc-by,"(c) zebedeugalinha, some rights reserved (CC BY)",334725457.0,https://www.inaturalist.org/observations/334725457,https://www.inaturalist.org/photos/607923121
Mentha ×rotundifolia,False,,,,,,,,False,False,,NO_SAFE_EXACT_OR_SYNONYM_MATCH,,False,,,,,,,,
Microlaena stipoides,True,EXACT_CURRENT_NAME,Microlaena stipoides,559367.0,Microlaena stipoides,Weeping-grass,species,https://www.inaturalist.org/taxa/559367,False,True,cc-by-nc,USABLE_RESEARCH_GRADE_PHOTO_CURRENT_NAME_MATCH,,True,research_grade_observation,469787653.0,https://inaturalist-open-data.s3.amazonaws.com/photos/469787653/medium.jpeg,cc0,no rights reserved,261489507.0,https://www.inaturalist.org/observations/261489507,https://www.inaturalist.org/photos/469787653
Microlaena stipoides var. stipoides,False,,,,,,,,False,False,,NO_SAFE_EXACT_OR_SYNONYM_MATCH,,False,,,,,,,,
Microseris scapigera,True,EXACT_CURRENT_NAME,Microseris scapigera,403940.0,Microseris scapigera,yam daisy,species,https://www.inaturalist.org/taxa/403940,False,True,cc-by-nc-sa,USABLE_RESEARCH_GRADE_PHOTO_CURRENT_NAME_MATCH,,True,research_grade_observation,611420590.0,https://inaturalist-open-data.s3.amazonaws.com/photos/611420590/medium.jpg,cc0,no rights reserved,336459295.0,https://www.inaturalist.org/observations/336459295,https://www.inaturalist.org/photos/611420590
Microtis atrata,True,EXACT_CURRENT_NAME,Microtis atrata,558110.0,Microtis atrata,yellow onion-orchid,species,https://www.inaturalist.org/taxa/558110,False,True,cc-by-nc,USABLE_RESEARCH_GRADE_PHOTO_CURRENT_NAME_MATCH,,True,research_grade_observation,239036814.0,https://inaturalist-open-data.s3.amazonaws.com/photos/239036814/medium.jpeg,cc-by,"(c) Hugo Innes, some rights reserved (CC BY)",139724230.0,https://www.inaturalist.org/observations/139724230,https://www.inaturalist.org/photos/239036814
Microtis parviflora,True,EXACT_CURRENT_NAME,Microtis parviflora,403938.0,Microtis parviflora,slender onion-orchid,species,https://www.inaturalist.org/taxa/403938,False,True,cc-by-nc-sa,USABLE_RESEARCH_GRADE_PHOTO_CURRENT_NAME_MATCH,,True,research_grade_observation,438188047.0,https://inaturalist-open-data.s3.amazonaws.com/photos/438188047/medium.jpeg,cc-by,"(c) Scott W. Gavins, some rights reserved (CC BY)",245544904.0,https://www.inaturalist.org/observations/245544904,https://www.inaturalist.org/photos/438188047
Microtis unifolia,True,EXACT_CURRENT_NAME,Microtis unifolia,353958.0,Microtis unifolia,common onion-orchid,species,https://www.inaturalist.org/taxa/353958,False,True,cc-by-nc,USABLE_RESEARCH_GRADE_PHOTO_CURRENT_NAME_MATCH,,True,research_grade_observation,597001891.0,https://inaturalist-open-data.s3.amazonaws.com/photos/597001891/medium.jpg,cc-by,"(c) Pablo Silva, some rights reserved (CC BY)",329356647.0,https://www.inaturalist.org/observations/329356647,https://www.inaturalist.org/photos/597001891
Mirabilis jalapa,True,EXACT_CURRENT_NAME,Mirabilis jalapa,50616.0,Mirabilis jalapa,marvel of Peru,species,https://www.inaturalist.org/taxa/50616,False,True,cc-by-nc,USABLE_RESEARCH_GRADE_PHOTO_CURRENT_NAME_MATCH,,True,research_grade_observation,249554242.0,https://inaturalist-open-data.s3.amazonaws.com/photos/249554242/medium.jpeg,cc-by,"(c) Ricard Busquets Reverte, some rights reserved (CC BY)",145292728.0,https://www.inaturalist.org/observations/145292728,https://www.inaturalist.org/photos/249554242
Modiola caroliniana,True,EXACT_CURRENT_NAME,Modiola caroliniana,78087.0,Modiola caroliniana,Bristly Mallow,species,https://www.inaturalist.org/taxa/78087,False,True,cc-by-nc,USABLE_RESEARCH_GRADE_PHOTO_CURRENT_NAME_MATCH,,True,research_grade_observation,9556378.0,https://inaturalist-open-data.s3.amazonaws.com/photos/9556378/medium.jpeg,cc-by,"(c) Sam Kieschnick, some rights reserved (CC BY)",7368446.0,https://www.inaturalist.org/observations/7368446,https://www.inaturalist.org/photos/9556378
Moenchia erecta,True,EXACT_CURRENT_NAME,Moenchia erecta,78088.0,Moenchia erecta,Upright Chickweed,species,https://www.inaturalist.org/taxa/78088,False,True,cc-by,USABLE_DEFAULT_PHOTO_CURRENT_NAME_MATCH,,True,taxon_default_photo,236895552.0,https://inaturalist-open-data.s3.amazonaws.com/photos/236895552/medium.jpeg,cc-by,"(c) Elspeth Swan, some rights reserved (CC BY), uploaded by Elspeth Swan",,,https://www.inaturalist.org/photos/236895552
Monotoca scoparia,True,EXACT_CURRENT_NAME,Monotoca scoparia,323189.0,Monotoca scoparia,Prickly Broom-heath,species,https://www.inaturalist.org/taxa/323189,False,True,cc-by-nc-sa,USABLE_RESEARCH_GRADE_PHOTO_CURRENT_NAME_MATCH,,True,research_grade_observation,425102097.0,https://inaturalist-open-data.s3.amazonaws.com/photos/425102097/medium.jpeg,cc-by-sa,"(c) Greg Tasney, some rights reserved (CC BY-SA)",238752470.0,https://www.inaturalist.org/observations/238752470,https://www.inaturalist.org/photos/425102097
Montia australasica,True,EXACT_CURRENT_NAME,Montia australasica,410942.0,Montia australasica,White Purslane,species,https://www.inaturalist.org/taxa/410942,False,True,cc-by-nc,USABLE_RESEARCH_GRADE_PHOTO_CURRENT_NAME_MATCH,,True,research_grade_observation,345309320.0,https://inaturalist-open-data.s3.amazonaws.com/photos/345309320/medium.jpeg,cc-by,"(c) Nina Kerr, some rights reserved (CC BY)",196178762.0,https://www.inaturalist.org/observations/196178762,https://www.inaturalist.org/photos/345309320
Muellerina celastroides,True,EXACT_CURRENT_NAME,Muellerina celastroides,410296.0,Muellerina celastroides,coast mistletoe,species,https://www.inaturalist.org/taxa/410296,False,True,cc-by-nc,USABLE_RESEARCH_GRADE_PHOTO_CURRENT_NAME_MATCH,,True,research_grade_observation,108486932.0,https://inaturalist-open-data.s3.amazonaws.com/photos/108486932/medium.jpeg,cc-by,"(c) Thomas Mesaglio, some rights reserved (CC BY)",67185652.0,https://www.inaturalist.org/observations/67185652,https://www.inaturalist.org/photos/108486932
Muellerina eucalyptoides,True,EXACT_CURRENT_NAME,Muellerina eucalyptoides,849062.0,Muellerina eucalyptoides,creeping mistletoe,species,https://www.inaturalist.org/taxa/849062,False,True,cc-by-nc-sa,USABLE_RESEARCH_GRADE_PHOTO_CURRENT_NAME_MATCH,,True,research_grade_observation,355624449.0,https://inaturalist-open-data.s3.amazonaws.com/photos/355624449/medium.jpg,cc-by,"(c) Kerri-Lee Harris, some rights reserved (CC BY)",201455558.0,https://www.inaturalist.org/observations/201455558,https://www.inaturalist.org/photos/355624449
Myosotis sylvatica,True,EXACT_CURRENT_NAME,Myosotis sylvatica,55826.0,Myosotis sylvatica,Wood Forget-me-not,species,https://www.inaturalist.org/taxa/55826,False,True,cc-by-nc,USABLE_RESEARCH_GRADE_PHOTO_CURRENT_NAME_MATCH,,True,research_grade_observation,410299202.0,https://inaturalist-open-data.s3.amazonaws.com/photos/410299202/medium.jpeg,cc-by,"(c) Katrin Simon, some rights reserved (CC BY)",231042917.0,https://www.inaturalist.org/observations/231042917,https://www.inaturalist.org/photos/410299202
Myriophyllum crispatum,True,EXACT_CURRENT_NAME,Myriophyllum crispatum,243498.0,Myriophyllum crispatum,upright water-milfoil,species,https://www.inaturalist.org/taxa/243498,False,True,cc-by-nc,USABLE_RESEARCH_GRADE_PHOTO_CURRENT_NAME_MATCH,,True,research_grade_observation,31166276.0,https://inaturalist-open-data.s3.amazonaws.com/photos/31166276/medium.jpg,cc-by,"(c) Terra Occ, some rights reserved (CC BY)",20193429.0,https://www.inaturalist.org/observations/20193429,https://www.inaturalist.org/photos/31166276
Myriophyllum integrifolium,True,EXACT_CURRENT_NAME,Myriophyllum integrifolium,1340705.0,Myriophyllum integrifolium,,species,https://www.inaturalist.org/taxa/1340705,False,True,cc-by-nc,USABLE_LICENSED_PHOTO_CURRENT_NAME_MATCH,,True,licensed_observation,639485082.0,https://inaturalist-open-data.s3.amazonaws.com/photos/639485082/medium.jpg,cc-by,"(c) grampianshiker, some rights reserved (CC BY)",350545045.0,https://www.inaturalist.org/observations/350545045,https://www.inaturalist.org/photos/639485082
Myrsine howittiana,True,EXACT_CURRENT_NAME,Myrsine howittiana,353926.0,Myrsine howittiana,Brush Muttonwood,species,https://www.inaturalist.org/taxa/353926,False,True,cc-by,USABLE_DEFAULT_PHOTO_CURRENT_NAME_MATCH,,True,taxon_default_photo,1353864.0,https://inaturalist-open-data.s3.amazonaws.com/photos/1353864/medium.jpg,cc-by,"(c) John Tann, some rights reserved (CC BY)",,,https://www.inaturalist.org/photos/1353864
Nassella trichotoma,True,EXACT_CURRENT_NAME,Nassella trichotoma,208820.0,Nassella trichotoma,Nassella Tussock,species,https://www.inaturalist.org/taxa/208820,False,True,cc-by-nc,USABLE_RESEARCH_GRADE_PHOTO_CURRENT_NAME_MATCH,,True,research_grade_observation,340785397.0,https://inaturalist-open-data.s3.amazonaws.com/photos/340785397/medium.jpg,cc-by,"(c) Valentín Alfano, some rights reserved (CC BY)",193945852.0,https://www.inaturalist.org/observations/193945852,https://www.inaturalist.org/photos/340785397
Nasturtium officinale,True,EXACT_CURRENT_NAME,Nasturtium officinale,78174.0,Nasturtium officinale,watercress,species,https://www.inaturalist.org/taxa/78174,False,True,cc-by,USABLE_DEFAULT_PHOTO_CURRENT_NAME_MATCH,,True,taxon_default_photo,203236672.0,https://inaturalist-open-data.s3.amazonaws.com/photos/203236672/medium.jpeg,cc-by,"(c) Andrew Tree, some rights reserved (CC BY), uploaded by Andrew Tree",,,https://www.inaturalist.org/photos/203236672
Navarretia squarrosa,True,EXACT_CURRENT_NAME,Navarretia squarrosa,53157.0,Navarretia squarrosa,Skunkweed,species,https://www.inaturalist.org/taxa/53157,False,True,cc-by-nc,USABLE_RESEARCH_GRADE_PHOTO_CURRENT_NAME_MATCH,,True,research_grade_observation,1994977.0,https://inaturalist-open-data.s3.amazonaws.com/photos/1994977/medium.jpg,cc-by,"(c) Ken-ichi Ueda, some rights reserved (CC BY)",1625916.0,https://www.inaturalist.org/observations/1625916,https://www.inaturalist.org/photos/1994977
Olearia astroloba,True,EXACT_CURRENT_NAME,Olearia astroloba,1294886.0,Olearia astroloba,,species,https://www.inaturalist.org/taxa/1294886,False,True,cc-by-nc,PHOTO_EXISTS_BUT_NO_ACCEPTED_LICENSE_FOUND,,False,,,,,,,,
Olearia axillaris,True,EXACT_CURRENT_NAME,Olearia axillaris,428475.0,Olearia axillaris,Coastal Daisy-Bush,species,https://www.inaturalist.org/taxa/428475,False,True,cc-by-nc,USABLE_RESEARCH_GRADE_PHOTO_CURRENT_NAME_MATCH,,True,research_grade_observation,212678746.0,https://inaturalist-open-data.s3.amazonaws.com/photos/212678746/medium.jpg,cc-by,"(c) Andrew Allen, some rights reserved (CC BY)",125412643.0,https://www.inaturalist.org/observations/125412643,https://www.inaturalist.org/photos/212678746
Olearia glandulosa,True,EXACT_CURRENT_NAME,Olearia glandulosa,493351.0,Olearia glandulosa,Swamp Daisy-bush,species,https://www.inaturalist.org/taxa/493351,False,True,cc-by-nc,USABLE_RESEARCH_GRADE_PHOTO_CURRENT_NAME_MATCH,,True,research_grade_observation,75660084.0,https://inaturalist-open-data.s3.amazonaws.com/photos/75660084/medium.jpeg,cc-by,"(c) Russell Best, some rights reserved (CC BY)",47697886.0,https://www.inaturalist.org/observations/47697886,https://www.inaturalist.org/photos/75660084
Olearia iodochroa,True,EXACT_CURRENT_NAME,Olearia iodochroa,1125707.0,Olearia iodochroa,,species,https://www.inaturalist.org/taxa/1125707,False,True,cc-by,USABLE_DEFAULT_PHOTO_CURRENT_NAME_MATCH,,True,taxon_default_photo,416887799.0,https://inaturalist-open-data.s3.amazonaws.com/photos/416887799/medium.jpeg,cc-by,"(c) Bryce Watts-Parker, some rights reserved (CC BY), uploaded by Bryce Watts-Parker",,,https://www.inaturalist.org/photos/416887799
Olearia ramulosa,True,EXACT_CURRENT_NAME,Olearia ramulosa,465914.0,Olearia ramulosa,Twiggy Daisy-Bush,species,https://www.inaturalist.org/taxa/465914,False,True,cc-by,USABLE_DEFAULT_PHOTO_CURRENT_NAME_MATCH,,True,taxon_default_photo,1978794.0,https://inaturalist-open-data.s3.amazonaws.com/photos/1978794/medium.jpg,cc-by,"(c) Melburnian, some rights reserved (CC BY)",,,https://www.inaturalist.org/photos/1978794
Oloptum miliaceum,True,EXACT_CURRENT_NAME,Oloptum miliaceum,524183.0,Oloptum miliaceum,Smilo Grass,species,https://www.inaturalist.org/taxa/524183,False,True,cc-by-nc,USABLE_RESEARCH_GRADE_PHOTO_CURRENT_NAME_MATCH,,True,research_grade_observation,612178145.0,https://inaturalist-open-data.s3.amazonaws.com/photos/612178145/medium.jpg,cc-by,"(c) zebedeugalinha, some rights reserved (CC BY)",336830576.0,https://www.inaturalist.org/observations/336830576,https://www.inaturalist.org/photos/612178145
Ononis repens,True,EXACT_SYNONYM,Ononis repens,82729.0,Ononis spinosa procurrens,common restharrow,subspecies,https://www.inaturalist.org/taxa/82729,True,True,cc-by-nc-nd,USABLE_RESEARCH_GRADE_PHOTO_SYNONYM_MATCH,,True,research_grade_observation,41534561.0,https://inaturalist-open-data.s3.amazonaws.com/photos/41534561/medium.jpg,cc0,no rights reserved,26737046.0,https://www.inaturalist.org/observations/26737046,https://www.inaturalist.org/photos/41534561
Opercularia ovata,True,EXACT_CURRENT_NAME,Opercularia ovata,906234.0,Opercularia ovata,Broad-leaved stinkweed,species,https://www.inaturalist.org/taxa/906234,False,True,cc-by-nc,USABLE_RESEARCH_GRADE_PHOTO_CURRENT_NAME_MATCH,,True,research_grade_observation,105124052.0,https://inaturalist-open-data.s3.amazonaws.com/photos/105124052/medium.jpeg,cc-by,"(c) Nina Kerr, some rights reserved (CC BY)",65326210.0,https://www.inaturalist.org/observations/65326210,https://www.inaturalist.org/photos/105124052
Opercularia varia,True,EXACT_CURRENT_NAME,Opercularia varia,323851.0,Opercularia varia,variable stinkweed,species,https://www.inaturalist.org/taxa/323851,False,True,cc0,USABLE_DEFAULT_PHOTO_CURRENT_NAME_MATCH,,True,taxon_default_photo,364679454.0,https://inaturalist-open-data.s3.amazonaws.com/photos/364679454/medium.jpeg,cc0,"no rights reserved, uploaded by corunastylis",,,https://www.inaturalist.org/photos/364679454
Ornduffia reniformis,True,EXACT_CURRENT_NAME,Ornduffia reniformis,855356.0,Ornduffia reniformis,,species,https://www.inaturalist.org/taxa/855356,False,True,cc-by-nc,USABLE_RESEARCH_GRADE_PHOTO_CURRENT_NAME_MATCH,,True,research_grade_observation,596082547.0,https://inaturalist-open-data.s3.amazonaws.com/photos/596082547/medium.jpg,cc-by,"(c) grampianshiker, some rights reserved (CC BY)",328908760.0,https://www.inaturalist.org/observations/328908760,https://www.inaturalist.org/photos/596082547
Orthoceras strictum,True,EXACT_CURRENT_NAME,Orthoceras strictum,55664.0,Orthoceras strictum,Birds mouth orchid,species,https://www.inaturalist.org/taxa/55664,False,True,cc-by-nc-sa,USABLE_RESEARCH_GRADE_PHOTO_CURRENT_NAME_MATCH,,True,research_grade_observation,88328486.0,https://inaturalist-open-data.s3.amazonaws.com/photos/88328486/medium.jpg,cc-by,"(c) dhfischer, some rights reserved (CC BY)",55468822.0,https://www.inaturalist.org/observations/55468822,https://www.inaturalist.org/photos/88328486
Oxalis corniculata,True,EXACT_CURRENT_NAME,Oxalis corniculata,53168.0,Oxalis corniculata,Creeping Woodsorrel,species,https://www.inaturalist.org/taxa/53168,False,True,cc-by-sa,USABLE_DEFAULT_PHOTO_CURRENT_NAME_MATCH,,True,taxon_default_photo,279196.0,https://inaturalist-open-data.s3.amazonaws.com/photos/279196/medium.jpg,cc-by-sa,"(c) jacinta lluch valero, some rights reserved (CC BY-SA)",,,https://www.inaturalist.org/photos/279196
Oxalis exilis,True,EXACT_CURRENT_NAME,Oxalis exilis,57865.0,Oxalis exilis,least yellow-sorrel,species,https://www.inaturalist.org/taxa/57865,False,True,cc-by-nc,USABLE_RESEARCH_GRADE_PHOTO_CURRENT_NAME_MATCH,,True,research_grade_observation,29863065.0,https://inaturalist-open-data.s3.amazonaws.com/photos/29863065/medium.jpg,cc-by,"(c) Jerry Cooper, some rights reserved (CC BY)",19414659.0,https://www.inaturalist.org/observations/19414659,https://www.inaturalist.org/photos/29863065
Oxalis incarnata,True,EXACT_CURRENT_NAME,Oxalis incarnata,61776.0,Oxalis incarnata,Pale pink-sorrel,species,https://www.inaturalist.org/taxa/61776,False,True,cc-by-nc-sa,USABLE_RESEARCH_GRADE_PHOTO_CURRENT_NAME_MATCH,,True,research_grade_observation,177930934.0,https://inaturalist-open-data.s3.amazonaws.com/photos/177930934/medium.jpeg,cc-by-sa,"(c) Nicola van Berkel, some rights reserved (CC BY-SA)",105974073.0,https://www.inaturalist.org/observations/105974073,https://www.inaturalist.org/photos/177930934
Oxalis latifolia,True,EXACT_CURRENT_NAME,Oxalis latifolia,61839.0,Oxalis latifolia,Garden pink-sorrel,species,https://www.inaturalist.org/taxa/61839,False,True,cc-by-nc,USABLE_RESEARCH_GRADE_PHOTO_CURRENT_NAME_MATCH,,True,research_grade_observation,699615583.0,https://inaturalist-open-data.s3.amazonaws.com/photos/699615583/medium.jpg,cc-by,"(c) zebedeugalinha, some rights reserved (CC BY)",382304511.0,https://www.inaturalist.org/observations/382304511,https://www.inaturalist.org/photos/699615583
Oxalis perennans,True,EXACT_CURRENT_NAME,Oxalis perennans,353868.0,Oxalis perennans,woody-root woodsorrel,species,https://www.inaturalist.org/taxa/353868,False,True,cc-by-nc,USABLE_RESEARCH_GRADE_PHOTO_CURRENT_NAME_MATCH,,True,research_grade_observation,572607013.0,https://inaturalist-open-data.s3.amazonaws.com/photos/572607013/medium.jpg,cc-by,"(c) Alex Stuart, some rights reserved (CC BY)",316906033.0,https://www.inaturalist.org/observations/316906033,https://www.inaturalist.org/photos/572607013
Oxalis pes-caprae,True,EXACT_CURRENT_NAME,Oxalis pes-caprae,53169.0,Oxalis pes-caprae,Bermuda buttercup,species,https://www.inaturalist.org/taxa/53169,False,True,cc-by,USABLE_DEFAULT_PHOTO_CURRENT_NAME_MATCH,,True,taxon_default_photo,454705867.0,https://inaturalist-open-data.s3.amazonaws.com/photos/454705867/medium.jpg,cc-by,"(c) portioid, some rights reserved (CC BY), uploaded by portioid",,,https://www.inaturalist.org/photos/454705867
Oxalis purpurea,True,EXACT_CURRENT_NAME,Oxalis purpurea,78301.0,Oxalis purpurea,Purple woodsorrel,species,https://www.inaturalist.org/taxa/78301,False,True,cc-by-nc,USABLE_RESEARCH_GRADE_PHOTO_CURRENT_NAME_MATCH,,True,research_grade_observation,136458535.0,https://inaturalist-open-data.s3.amazonaws.com/photos/136458535/medium.jpg,cc-by-sa,"(c) Cecile Roux, some rights reserved (CC BY-SA)",83103197.0,https://www.inaturalist.org/observations/83103197,https://www.inaturalist.org/photos/136458535
Ozothamnus ferrugineus,True,EXACT_CURRENT_NAME,Ozothamnus ferrugineus,353934.0,Ozothamnus ferrugineus,Tree Everlasting,species,https://www.inaturalist.org/taxa/353934,False,True,cc-by-nc-sa,USABLE_RESEARCH_GRADE_PHOTO_CURRENT_NAME_MATCH,,True,research_grade_observation,472224309.0,https://inaturalist-open-data.s3.amazonaws.com/photos/472224309/medium.jpg,cc-by,"(c) Bruce Homer-Smith, some rights reserved (CC BY)",262914458.0,https://www.inaturalist.org/observations/262914458,https://www.inaturalist.org/photos/472224309
Ozothamnus obcordatus,True,EXACT_CURRENT_NAME,Ozothamnus obcordatus,353933.0,Ozothamnus obcordatus,Grey Everlasting,species,https://www.inaturalist.org/taxa/353933,False,True,cc-by-nc,USABLE_RESEARCH_GRADE_PHOTO_CURRENT_NAME_MATCH,,True,research_grade_observation,248536109.0,https://inaturalist-open-data.s3.amazonaws.com/photos/248536109/medium.jpeg,cc-by,"(c) Matt Berger, some rights reserved (CC BY)",144767806.0,https://www.inaturalist.org/observations/144767806,https://www.inaturalist.org/photos/248536109
Panicum effusum,True,EXACT_CURRENT_NAME,Panicum effusum,140127.0,Panicum effusum,Branched Panic,species,https://www.inaturalist.org/taxa/140127,False,True,cc0,USABLE_DEFAULT_PHOTO_CURRENT_NAME_MATCH,,True,taxon_default_photo,292237691.0,https://inaturalist-open-data.s3.amazonaws.com/photos/292237691/medium.jpg,cc0,"no rights reserved, uploaded by Harry Rose",,,https://www.inaturalist.org/photos/292237691
Panicum miliaceum,True,EXACT_CURRENT_NAME,Panicum miliaceum,78340.0,Panicum miliaceum,Proso Millet,species,https://www.inaturalist.org/taxa/78340,False,True,cc-by-nc,USABLE_RESEARCH_GRADE_PHOTO_CURRENT_NAME_MATCH,,True,research_grade_observation,402414029.0,https://inaturalist-open-data.s3.amazonaws.com/photos/402414029/medium.jpeg,cc-by,"(c) Andre Hosper, some rights reserved (CC BY)",226872890.0,https://www.inaturalist.org/observations/226872890,https://www.inaturalist.org/photos/402414029
Paraserianthes lophantha,True,EXACT_CURRENT_NAME,Paraserianthes lophantha,139851.0,Paraserianthes lophantha,Plume Albizia,species,https://www.inaturalist.org/taxa/139851,False,True,cc-by-nc,USABLE_RESEARCH_GRADE_PHOTO_CURRENT_NAME_MATCH,,True,research_grade_observation,324707163.0,https://inaturalist-open-data.s3.amazonaws.com/photos/324707163/medium.jpg,cc-by,"(c) dizzyurid, some rights reserved (CC BY)",185875225.0,https://www.inaturalist.org/observations/185875225,https://www.inaturalist.org/photos/324707163
Paraserianthes lophantha subsp. lophantha,False,,,,,,,,False,False,,NO_SAFE_EXACT_OR_SYNONYM_MATCH,,False,,,,,,,,
Paronychia brasiliana,True,EXACT_CURRENT_NAME,Paronychia brasiliana,404646.0,Paronychia brasiliana,Brazilian Whitlow,species,https://www.inaturalist.org/taxa/404646,False,True,cc-by-nc,USABLE_RESEARCH_GRADE_PHOTO_CURRENT_NAME_MATCH,,True,research_grade_observation,113061440.0,https://inaturalist-open-data.s3.amazonaws.com/photos/113061440/medium.jpg,cc-by,"(c) Paul Bell-Butler, some rights reserved (CC BY)",69651602.0,https://www.inaturalist.org/observations/69651602,https://www.inaturalist.org/photos/113061440
Paspalum dilatatum,True,EXACT_CURRENT_NAME,Paspalum dilatatum,60295.0,Paspalum dilatatum,Dallis grass,species,https://www.inaturalist.org/taxa/60295,False,True,cc-by-nc,USABLE_RESEARCH_GRADE_PHOTO_CURRENT_NAME_MATCH,,True,research_grade_observation,419371498.0,https://inaturalist-open-data.s3.amazonaws.com/photos/419371498/medium.jpeg,cc-by,"(c) Nathan Aaron, some rights reserved (CC BY)",235783020.0,https://www.inaturalist.org/observations/235783020,https://www.inaturalist.org/photos/419371498
Paspalum distichum,True,EXACT_CURRENT_NAME,Paspalum distichum,60297.0,Paspalum distichum,knot grass,species,https://www.inaturalist.org/taxa/60297,False,True,cc-by-nc,USABLE_RESEARCH_GRADE_PHOTO_CURRENT_NAME_MATCH,,True,research_grade_observation,349256902.0,https://inaturalist-open-data.s3.amazonaws.com/photos/349256902/medium.jpeg,cc-by,"(c) Stephen Thorpe, some rights reserved (CC BY)",198189011.0,https://www.inaturalist.org/observations/198189011,https://www.inaturalist.org/photos/349256902
Paspalum quadrifarium,True,EXACT_CURRENT_NAME,Paspalum quadrifarium,279627.0,Paspalum quadrifarium,tussock paspalum,species,https://www.inaturalist.org/taxa/279627,False,True,cc-by-nc,USABLE_RESEARCH_GRADE_PHOTO_CURRENT_NAME_MATCH,,True,research_grade_observation,57073100.0,https://inaturalist-open-data.s3.amazonaws.com/photos/57073100/medium.jpeg,cc0,no rights reserved,36128256.0,https://www.inaturalist.org/observations/36128256,https://www.inaturalist.org/photos/57073100
Patersonia occidentalis,True,EXACT_CURRENT_NAME,Patersonia occidentalis,145396.0,Patersonia occidentalis,Purple Flag,species,https://www.inaturalist.org/taxa/145396,False,True,cc-by-nc-nd,USABLE_RESEARCH_GRADE_PHOTO_CURRENT_NAME_MATCH,,True,research_grade_observation,74311290.0,https://inaturalist-open-data.s3.amazonaws.com/photos/74311290/medium.jpeg,cc-by,"(c) Lorraine Phelan, some rights reserved (CC BY)",46856736.0,https://www.inaturalist.org/observations/46856736,https://www.inaturalist.org/photos/74311290
Patersonia occidentalis var. occidentalis,False,,,,,,,,False,False,,NO_SAFE_EXACT_OR_SYNONYM_MATCH,,False,,,,,,,,
Pauridia glabella,True,EXACT_CURRENT_NAME,Pauridia glabella,748411.0,Pauridia glabella,Tiny Star,species,https://www.inaturalist.org/taxa/748411,False,True,cc-by,USABLE_DEFAULT_PHOTO_CURRENT_NAME_MATCH,,True,taxon_default_photo,154958732.0,https://inaturalist-open-data.s3.amazonaws.com/photos/154958732/medium.jpg,cc-by,"(c) Kym Nicolson, some rights reserved (CC BY), uploaded by Kym Nicolson",,,https://www.inaturalist.org/photos/154958732
Pauridia glabella var. glabella,False,,,,,,,,False,False,,NO_SAFE_EXACT_OR_SYNONYM_MATCH,,False,,,,,,,,
Pauridia vaginata,True,EXACT_CURRENT_NAME,Pauridia vaginata,774098.0,Pauridia vaginata,yellow star,species,https://www.inaturalist.org/taxa/774098,False,True,cc-by-nc,USABLE_RESEARCH_GRADE_PHOTO_CURRENT_NAME_MATCH,,True,research_grade_observation,237082735.0,https://inaturalist-open-data.s3.amazonaws.com/photos/237082735/medium.jpeg,cc-by,"(c) Elspeth Swan, some rights reserved (CC BY)",138684147.0,https://www.inaturalist.org/observations/138684147,https://www.inaturalist.org/photos/237082735
Pauridia vaginata var. vaginata,False,,,,,,,,False,False,,NO_SAFE_EXACT_OR_SYNONYM_MATCH,,False,,,,,,,,
Pelargonium australe,True,EXACT_CURRENT_NAME,Pelargonium australe,323850.0,Pelargonium australe,Austral Stork's-bill,species,https://www.inaturalist.org/taxa/323850,False,True,cc-by-nc-sa,USABLE_RESEARCH_GRADE_PHOTO_CURRENT_NAME_MATCH,,True,research_grade_observation,30741252.0,https://inaturalist-open-data.s3.amazonaws.com/photos/30741252/medium.jpg,cc-by,"(c) Terra Occ, some rights reserved (CC BY)",19927515.0,https://www.inaturalist.org/observations/19927515,https://www.inaturalist.org/photos/30741252
Pelargonium inodorum,True,EXACT_CURRENT_NAME,Pelargonium inodorum,166285.0,Pelargonium inodorum,Kopata,species,https://www.inaturalist.org/taxa/166285,False,True,cc-by,USABLE_DEFAULT_PHOTO_CURRENT_NAME_MATCH,,True,taxon_default_photo,515485315.0,https://inaturalist-open-data.s3.amazonaws.com/photos/515485315/medium.jpg,cc-by,"(c) Saryu Mae 前 朝琉, some rights reserved (CC BY), uploaded by Saryu Mae 前 朝琉",,,https://www.inaturalist.org/photos/515485315
Pelargonium ×domesticum,False,,,,,,,,False,False,,NO_SAFE_EXACT_OR_SYNONYM_MATCH,,False,,,,,,,,
Pentapogon quadrifidus,True,EXACT_CURRENT_NAME,Pentapogon quadrifidus,404693.0,Pentapogon quadrifidus,,species,https://www.inaturalist.org/taxa/404693,False,True,cc-by,USABLE_DEFAULT_PHOTO_CURRENT_NAME_MATCH,,True,taxon_default_photo,341267732.0,https://inaturalist-open-data.s3.amazonaws.com/photos/341267732/medium.jpg,cc-by,"(c) Ben Fisher, some rights reserved (CC BY), uploaded by Ben Fisher",,,https://www.inaturalist.org/photos/341267732
Pentapogon quadrifidus var. quadrifidus,False,,,,,,,,False,False,,NO_SAFE_EXACT_OR_SYNONYM_MATCH,,False,,,,,,,,
Persicaria decipiens,True,EXACT_CURRENT_NAME,Persicaria decipiens,369917.0,Persicaria decipiens,slender knotweed,species,https://www.inaturalist.org/taxa/369917,False,True,cc-by,USABLE_DEFAULT_PHOTO_CURRENT_NAME_MATCH,,True,taxon_default_photo,31165463.0,https://inaturalist-open-data.s3.amazonaws.com/photos/31165463/medium.jpg,cc-by,"(c) Terra Occ, some rights reserved (CC BY), uploaded by Terra Occ",,,https://www.inaturalist.org/photos/31165463
Persicaria hydropiper,True,EXACT_CURRENT_NAME,Persicaria hydropiper,78452.0,Persicaria hydropiper,waterpepper,species,https://www.inaturalist.org/taxa/78452,False,True,cc0,USABLE_DEFAULT_PHOTO_CURRENT_NAME_MATCH,,True,taxon_default_photo,238043925.0,https://inaturalist-open-data.s3.amazonaws.com/photos/238043925/medium.jpg,cc0,"no rights reserved, uploaded by Татьяна Горбушина",,,https://www.inaturalist.org/photos/238043925
Persicaria maculosa,True,EXACT_CURRENT_NAME,Persicaria maculosa,56166.0,Persicaria maculosa,spotted lady's thumb,species,https://www.inaturalist.org/taxa/56166,False,True,cc-by-nc,USABLE_RESEARCH_GRADE_PHOTO_CURRENT_NAME_MATCH,,True,research_grade_observation,624080605.0,https://inaturalist-open-data.s3.amazonaws.com/photos/624080605/medium.jpg,cc0,no rights reserved,342685410.0,https://www.inaturalist.org/observations/342685410,https://www.inaturalist.org/photos/624080605
Persicaria odorata,True,EXACT_CURRENT_NAME,Persicaria odorata,361865.0,Persicaria odorata,Vietnamese coriander,species,https://www.inaturalist.org/taxa/361865,False,True,cc-by,USABLE_DEFAULT_PHOTO_CURRENT_NAME_MATCH,,True,taxon_default_photo,11292763.0,https://inaturalist-open-data.s3.amazonaws.com/photos/11292763/medium.jpeg,cc-by,"(c) Lek Khauv, some rights reserved (CC BY), uploaded by Lek Khauv",,,https://www.inaturalist.org/photos/11292763
Persicaria praetermissa,True,EXACT_CURRENT_NAME,Persicaria praetermissa,866262.0,Persicaria praetermissa,,species,https://www.inaturalist.org/taxa/866262,False,True,cc-by,USABLE_DEFAULT_PHOTO_CURRENT_NAME_MATCH,,True,taxon_default_photo,376172712.0,https://inaturalist-open-data.s3.amazonaws.com/photos/376172712/medium.jpg,cc-by,"(c) grampianshiker, some rights reserved (CC BY)",,,https://www.inaturalist.org/photos/376172712
Persoonia juniperina,True,EXACT_CURRENT_NAME,Persoonia juniperina,323847.0,Persoonia juniperina,Prickly Geebung,species,https://www.inaturalist.org/taxa/323847,False,True,cc-by-nc-sa,USABLE_RESEARCH_GRADE_PHOTO_CURRENT_NAME_MATCH,,True,research_grade_observation,58607243.0,https://inaturalist-open-data.s3.amazonaws.com/photos/58607243/medium.jpeg,cc0,no rights reserved,37015417.0,https://www.inaturalist.org/observations/37015417,https://www.inaturalist.org/photos/58607243
Phalaris aquatica,True,EXACT_CURRENT_NAME,Phalaris aquatica,57188.0,Phalaris aquatica,harding grass,species,https://www.inaturalist.org/taxa/57188,False,True,cc-by-nc,USABLE_RESEARCH_GRADE_PHOTO_CURRENT_NAME_MATCH,,True,research_grade_observation,393690102.0,https://inaturalist-open-data.s3.amazonaws.com/photos/393690102/medium.jpg,cc-by,"(c) Eric Knight, some rights reserved (CC BY)",222264319.0,https://www.inaturalist.org/observations/222264319,https://www.inaturalist.org/photos/393690102
Phalaris arundinacea,True,EXACT_CURRENT_NAME,Phalaris arundinacea,63337.0,Phalaris arundinacea,reed canary grass,species,https://www.inaturalist.org/taxa/63337,False,True,cc-by-nc,USABLE_RESEARCH_GRADE_PHOTO_CURRENT_NAME_MATCH,,True,research_grade_observation,202633462.0,https://inaturalist-open-data.s3.amazonaws.com/photos/202633462/medium.jpeg,cc-by,"(c) Manuel R Popp, some rights reserved (CC BY)",119840724.0,https://www.inaturalist.org/observations/119840724,https://www.inaturalist.org/photos/202633462
Phalaris arundinacea var. arundinacea,False,,,,,,,,False,False,,NO_SAFE_EXACT_OR_SYNONYM_MATCH,,False,,,,,,,,
Phalaris canariensis,True,EXACT_CURRENT_NAME,Phalaris canariensis,57191.0,Phalaris canariensis,canary grass,species,https://www.inaturalist.org/taxa/57191,False,True,cc-by-nc,USABLE_RESEARCH_GRADE_PHOTO_CURRENT_NAME_MATCH,,True,research_grade_observation,674403715.0,https://inaturalist-open-data.s3.amazonaws.com/photos/674403715/medium.jpg,cc0,no rights reserved,369211354.0,https://www.inaturalist.org/observations/369211354,https://www.inaturalist.org/photos/674403715
Phoenix canariensis,True,EXACT_CURRENT_NAME,Phoenix canariensis,78554.0,Phoenix canariensis,Canary Island palm,species,https://www.inaturalist.org/taxa/78554,False,True,cc-by-nc,USABLE_RESEARCH_GRADE_PHOTO_CURRENT_NAME_MATCH,,True,research_grade_observation,456180870.0,https://inaturalist-open-data.s3.amazonaws.com/photos/456180870/medium.jpg,cc-by,"(c) zebedeugalinha, some rights reserved (CC BY)",254655827.0,https://www.inaturalist.org/observations/254655827,https://www.inaturalist.org/photos/456180870
Phragmites australis,True,EXACT_CURRENT_NAME,Phragmites australis,64237.0,Phragmites australis,common reed,species,https://www.inaturalist.org/taxa/64237,False,True,,USABLE_RESEARCH_GRADE_PHOTO_CURRENT_NAME_MATCH,,True,research_grade_observation,51626641.0,https://inaturalist-open-data.s3.amazonaws.com/photos/51626641/medium.jpg,cc-by-sa,"(c) Douglas Goldman, some rights reserved (CC BY-SA)",32894320.0,https://www.inaturalist.org/observations/32894320,https://www.inaturalist.org/photos/51626641
Phyllanthus hirtellus,True,EXACT_CURRENT_NAME,Phyllanthus hirtellus,353885.0,Phyllanthus hirtellus,Thyme Spurge,species,https://www.inaturalist.org/taxa/353885,False,True,cc-by-sa,USABLE_DEFAULT_PHOTO_CURRENT_NAME_MATCH,,True,taxon_default_photo,228369298.0,https://inaturalist-open-data.s3.amazonaws.com/photos/228369298/medium.jpeg,cc-by-sa,"(c) Greg Tasney, some rights reserved (CC BY-SA), uploaded by Greg Tasney",,,https://www.inaturalist.org/photos/228369298
Phytolacca octandra,True,EXACT_CURRENT_NAME,Phytolacca octandra,155483.0,Phytolacca octandra,Inkweed,species,https://www.inaturalist.org/taxa/155483,False,True,cc-by-nc,USABLE_RESEARCH_GRADE_PHOTO_CURRENT_NAME_MATCH,,True,research_grade_observation,563470640.0,https://inaturalist-open-data.s3.amazonaws.com/photos/563470640/medium.jpg,cc-by-sa,"(c) Oscar Alejandro Morales Juárez, some rights reserved (CC BY-SA)",312110915.0,https://www.inaturalist.org/observations/312110915,https://www.inaturalist.org/photos/563470640
Pimelea humilis,True,EXACT_CURRENT_NAME,Pimelea humilis,323889.0,Pimelea humilis,Common Rice-flower,species,https://www.inaturalist.org/taxa/323889,False,True,cc-by-nc-nd,USABLE_RESEARCH_GRADE_PHOTO_CURRENT_NAME_MATCH,,True,research_grade_observation,103408006.0,https://inaturalist-open-data.s3.amazonaws.com/photos/103408006/medium.jpeg,cc-by,"(c) Kiri Bee, some rights reserved (CC BY)",64331351.0,https://www.inaturalist.org/observations/64331351,https://www.inaturalist.org/photos/103408006
Pimelea octophylla,True,EXACT_CURRENT_NAME,Pimelea octophylla,564889.0,Pimelea octophylla,Woolly Rice-flower,species,https://www.inaturalist.org/taxa/564889,False,True,cc-by-nc,USABLE_RESEARCH_GRADE_PHOTO_CURRENT_NAME_MATCH,,True,research_grade_observation,53867448.0,https://inaturalist-open-data.s3.amazonaws.com/photos/53867448/medium.jpeg,cc-by,"(c) Andrew Thornhill, some rights reserved (CC BY)",34242633.0,https://www.inaturalist.org/observations/34242633,https://www.inaturalist.org/photos/53867448
Pimelea phylicoides,True,EXACT_CURRENT_NAME,Pimelea phylicoides,565104.0,Pimelea phylicoides,heath riceflower,species,https://www.inaturalist.org/taxa/565104,False,True,cc-by,USABLE_DEFAULT_PHOTO_CURRENT_NAME_MATCH,,True,taxon_default_photo,55394263.0,https://inaturalist-open-data.s3.amazonaws.com/photos/55394263/medium.jpg,cc-by,"(c) Kym Nicolson, some rights reserved (CC BY), uploaded by Kym Nicolson",,,https://www.inaturalist.org/photos/55394263
Pinus radiata,True,EXACT_CURRENT_NAME,Pinus radiata,53421.0,Pinus radiata,Monterey pine,species,https://www.inaturalist.org/taxa/53421,False,True,cc-by-nc,USABLE_RESEARCH_GRADE_PHOTO_CURRENT_NAME_MATCH,,True,research_grade_observation,77000728.0,https://inaturalist-open-data.s3.amazonaws.com/photos/77000728/medium.jpeg,cc-by,"(c) Jeremy Gilmore, some rights reserved (CC BY)",48524181.0,https://www.inaturalist.org/observations/48524181,https://www.inaturalist.org/photos/77000728
Pittosporum undulatum,True,EXACT_CURRENT_NAME,Pittosporum undulatum,51594.0,Pittosporum undulatum,Australian Cheesewood,species,https://www.inaturalist.org/taxa/51594,False,True,cc-by-nc,USABLE_RESEARCH_GRADE_PHOTO_CURRENT_NAME_MATCH,,True,research_grade_observation,473024976.0,https://inaturalist-open-data.s3.amazonaws.com/photos/473024976/medium.jpg,cc-by,"(c) Skyler K, some rights reserved (CC BY)",263317772.0,https://www.inaturalist.org/observations/263317772,https://www.inaturalist.org/photos/473024976
Plantago coronopus,True,EXACT_CURRENT_NAME,Plantago coronopus,58960.0,Plantago coronopus,Buck's-horn Plantain,species,https://www.inaturalist.org/taxa/58960,False,True,cc-by-nc,USABLE_RESEARCH_GRADE_PHOTO_CURRENT_NAME_MATCH,,True,research_grade_observation,608390942.0,https://inaturalist-open-data.s3.amazonaws.com/photos/608390942/medium.jpg,cc-by,"(c) zebedeugalinha, some rights reserved (CC BY)",334953524.0,https://www.inaturalist.org/observations/334953524,https://www.inaturalist.org/photos/608390942
Plantago coronopus subsp. coronopus,False,,,,,,,,False,False,,NO_SAFE_EXACT_OR_SYNONYM_MATCH,,False,,,,,,,,
Plantago gaudichaudii,True,EXACT_CURRENT_NAME,Plantago gaudichaudii,940794.0,Plantago gaudichaudii,narrow plantain,species,https://www.inaturalist.org/taxa/940794,False,True,cc-by,USABLE_DEFAULT_PHOTO_CURRENT_NAME_MATCH,,True,taxon_default_photo,55516845.0,https://inaturalist-open-data.s3.amazonaws.com/photos/55516845/medium.jpg,cc-by,"(c) Harry Rose, some rights reserved (CC BY)",,,https://www.inaturalist.org/photos/55516845
Plantago lanceolata,True,EXACT_CURRENT_NAME,Plantago lanceolata,53178.0,Plantago lanceolata,ribwort plantain,species,https://www.inaturalist.org/taxa/53178,False,True,cc-by-nc,USABLE_RESEARCH_GRADE_PHOTO_CURRENT_NAME_MATCH,,True,research_grade_observation,17471535.0,https://inaturalist-open-data.s3.amazonaws.com/photos/17471535/medium.jpg,cc-by,"(c) LJ Moore-McClelland, some rights reserved (CC BY)",12169871.0,https://www.inaturalist.org/observations/12169871,https://www.inaturalist.org/photos/17471535
Plantago major,True,EXACT_CURRENT_NAME,Plantago major,58961.0,Plantago major,greater plantain,species,https://www.inaturalist.org/taxa/58961,False,True,cc-by-nc-sa,USABLE_RESEARCH_GRADE_PHOTO_CURRENT_NAME_MATCH,,True,research_grade_observation,205592455.0,https://inaturalist-open-data.s3.amazonaws.com/photos/205592455/medium.jpeg,cc0,no rights reserved,121494688.0,https://www.inaturalist.org/observations/121494688,https://www.inaturalist.org/photos/205592455
Plantago varia,True,EXACT_CURRENT_NAME,Plantago varia,404986.0,Plantago varia,Variable Plantain,species,https://www.inaturalist.org/taxa/404986,False,True,cc-by-nc,USABLE_RESEARCH_GRADE_PHOTO_CURRENT_NAME_MATCH,,True,research_grade_observation,243901442.0,https://inaturalist-open-data.s3.amazonaws.com/photos/243901442/medium.jpeg,cc-by,"(c) yatesy, some rights reserved (CC BY)",142281638.0,https://www.inaturalist.org/observations/142281638,https://www.inaturalist.org/photos/243901442
Platylobium obtusangulum,True,EXACT_CURRENT_NAME,Platylobium obtusangulum,323854.0,Platylobium obtusangulum,Common Flat-pea,species,https://www.inaturalist.org/taxa/323854,False,True,cc-by-nc-nd,USABLE_RESEARCH_GRADE_PHOTO_CURRENT_NAME_MATCH,,True,research_grade_observation,105358865.0,https://inaturalist-open-data.s3.amazonaws.com/photos/105358865/medium.jpg,cc-by,"(c) Kym Nicolson, some rights reserved (CC BY)",65456458.0,https://www.inaturalist.org/observations/65456458,https://www.inaturalist.org/photos/105358865
Platysace heterophylla,True,EXACT_CURRENT_NAME,Platysace heterophylla,891423.0,Platysace heterophylla,Slender Platysace,species,https://www.inaturalist.org/taxa/891423,False,True,cc-by-nc,USABLE_RESEARCH_GRADE_PHOTO_CURRENT_NAME_MATCH,,True,research_grade_observation,363612670.0,https://inaturalist-open-data.s3.amazonaws.com/photos/363612670/medium.jpeg,cc-by,"(c) Rosalie Lawrence, some rights reserved (CC BY)",205626635.0,https://www.inaturalist.org/observations/205626635,https://www.inaturalist.org/photos/363612670
Platysace heterophylla var. heterophylla,False,,,,,,,,False,False,,NO_SAFE_EXACT_OR_SYNONYM_MATCH,,False,,,,,,,,
Platysace lanceolata,True,EXACT_CURRENT_NAME,Platysace lanceolata,321207.0,Platysace lanceolata,Shrubby Platysace,species,https://www.inaturalist.org/taxa/321207,False,True,,USABLE_RESEARCH_GRADE_PHOTO_CURRENT_NAME_MATCH,,True,research_grade_observation,600019769.0,https://inaturalist-open-data.s3.amazonaws.com/photos/600019769/medium.jpg,cc-by-sa,"(c) Greg Tasney, some rights reserved (CC BY-SA)",330838216.0,https://www.inaturalist.org/observations/330838216,https://www.inaturalist.org/photos/600019769
Pleuridium nervosum,True,EXACT_CURRENT_NAME,Pleuridium nervosum,405014.0,Pleuridium nervosum,,species,https://www.inaturalist.org/taxa/405014,False,True,cc-by-nc,USABLE_RESEARCH_GRADE_PHOTO_CURRENT_NAME_MATCH,,True,research_grade_observation,93946408.0,https://inaturalist-open-data.s3.amazonaws.com/photos/93946408/medium.jpeg,cc-by,"(c) Em Lamond, some rights reserved (CC BY)",58828420.0,https://www.inaturalist.org/observations/58828420,https://www.inaturalist.org/photos/93946408
Poa annua,True,EXACT_CURRENT_NAME,Poa annua,52808.0,Poa annua,Annual Meadow-grass,species,https://www.inaturalist.org/taxa/52808,False,True,cc-by-nc,USABLE_RESEARCH_GRADE_PHOTO_CURRENT_NAME_MATCH,,True,research_grade_observation,611301321.0,https://inaturalist-open-data.s3.amazonaws.com/photos/611301321/medium.jpg,cc-by,"(c) zebedeugalinha, some rights reserved (CC BY)",336400891.0,https://www.inaturalist.org/observations/336400891,https://www.inaturalist.org/photos/611301321
Poa bulbosa,True,EXACT_CURRENT_NAME,Poa bulbosa,58382.0,Poa bulbosa,Bulbous Bluegrass,species,https://www.inaturalist.org/taxa/58382,False,True,cc-by-nc,USABLE_RESEARCH_GRADE_PHOTO_CURRENT_NAME_MATCH,,True,research_grade_observation,200481689.0,https://inaturalist-open-data.s3.amazonaws.com/photos/200481689/medium.jpeg,cc-by,"(c) Tom Norton, some rights reserved (CC BY)",118643898.0,https://www.inaturalist.org/observations/118643898,https://www.inaturalist.org/photos/200481689
Poa bulbosa var. bulbosa,False,,,,,,,,False,False,,NO_SAFE_EXACT_OR_SYNONYM_MATCH,,False,,,,,,,,
Poa labillardierei,True,EXACT_CURRENT_NAME,Poa labillardierei,323470.0,Poa labillardierei,common tussock grass,species,https://www.inaturalist.org/taxa/323470,False,True,cc-by-nc,USABLE_RESEARCH_GRADE_PHOTO_CURRENT_NAME_MATCH,,True,research_grade_observation,309498525.0,https://inaturalist-open-data.s3.amazonaws.com/photos/309498525/medium.jpg,cc-by,"(c) Ayesha Burdett, some rights reserved (CC BY)",177787552.0,https://www.inaturalist.org/observations/177787552,https://www.inaturalist.org/photos/309498525
Poa labillardierei var. labillardierei,False,,,,,,,,False,False,,NO_SAFE_EXACT_OR_SYNONYM_MATCH,,False,,,,,,,,
Poa morrisii,True,EXACT_CURRENT_NAME,Poa morrisii,1007038.0,Poa morrisii,soft tussock-grass,species,https://www.inaturalist.org/taxa/1007038,False,True,,USABLE_RESEARCH_GRADE_PHOTO_CURRENT_NAME_MATCH,,True,research_grade_observation,585102344.0,https://inaturalist-open-data.s3.amazonaws.com/photos/585102344/medium.jpg,cc-by,"(c) Josh, some rights reserved (CC BY)",323367819.0,https://www.inaturalist.org/observations/323367819,https://www.inaturalist.org/photos/585102344
Poa pratensis,True,EXACT_CURRENT_NAME,Poa pratensis,60307.0,Poa pratensis,Smooth Meadow-grass,species,https://www.inaturalist.org/taxa/60307,False,True,cc-by-nc,USABLE_RESEARCH_GRADE_PHOTO_CURRENT_NAME_MATCH,,True,research_grade_observation,250829762.0,https://inaturalist-open-data.s3.amazonaws.com/photos/250829762/medium.jpg,cc-by-sa,"(c) Douglas Goldman, some rights reserved (CC BY-SA)",145960331.0,https://www.inaturalist.org/observations/145960331,https://www.inaturalist.org/photos/250829762
Poa rodwayi,True,EXACT_CURRENT_NAME,Poa rodwayi,520362.0,Poa rodwayi,,species,https://www.inaturalist.org/taxa/520362,False,True,cc-by-nc,PHOTO_EXISTS_BUT_NO_ACCEPTED_LICENSE_FOUND,,False,,,,,,,,
Poa sieberiana,True,EXACT_CURRENT_NAME,Poa sieberiana,405071.0,Poa sieberiana,snow grass,species,https://www.inaturalist.org/taxa/405071,False,True,cc-by-nc,USABLE_RESEARCH_GRADE_PHOTO_CURRENT_NAME_MATCH,,True,research_grade_observation,105239498.0,https://inaturalist-open-data.s3.amazonaws.com/photos/105239498/medium.jpeg,cc-by,"(c) Thomas Mesaglio, some rights reserved (CC BY)",65390515.0,https://www.inaturalist.org/observations/65390515,https://www.inaturalist.org/photos/105239498
Poa tenera,True,EXACT_CURRENT_NAME,Poa tenera,574095.0,Poa tenera,,species,https://www.inaturalist.org/taxa/574095,False,True,cc-by-nc,USABLE_LICENSED_PHOTO_CURRENT_NAME_MATCH,,True,licensed_observation,162624214.0,https://inaturalist-open-data.s3.amazonaws.com/photos/162624214/medium.jpg,cc0,no rights reserved,97751812.0,https://www.inaturalist.org/observations/97751812,https://www.inaturalist.org/photos/162624214
Poa trivialis,True,EXACT_CURRENT_NAME,Poa trivialis,78657.0,Poa trivialis,Rough Meadow-grass,species,https://www.inaturalist.org/taxa/78657,False,True,cc-by-nc,USABLE_RESEARCH_GRADE_PHOTO_CURRENT_NAME_MATCH,,True,research_grade_observation,128679249.0,https://inaturalist-open-data.s3.amazonaws.com/photos/128679249/medium.jpeg,cc-by,"(c) Jason Grant, some rights reserved (CC BY)",78615932.0,https://www.inaturalist.org/observations/78615932,https://www.inaturalist.org/photos/128679249
Podolepis decipiens,True,EXACT_CURRENT_NAME,Podolepis decipiens,827895.0,Podolepis decipiens,Common Podolepis,species,https://www.inaturalist.org/taxa/827895,False,True,cc-by-nc-sa,USABLE_RESEARCH_GRADE_PHOTO_CURRENT_NAME_MATCH,,True,research_grade_observation,601203955.0,https://inaturalist-open-data.s3.amazonaws.com/photos/601203955/medium.jpg,cc-by,"(c) grampianshiker, some rights reserved (CC BY)",331422477.0,https://www.inaturalist.org/observations/331422477,https://www.inaturalist.org/photos/601203955
Podolepis jaceoides,True,EXACT_CURRENT_NAME,Podolepis jaceoides,577914.0,Podolepis jaceoides,Showy Copper-wire Daisy,species,https://www.inaturalist.org/taxa/577914,False,True,cc-by-nc,USABLE_RESEARCH_GRADE_PHOTO_CURRENT_NAME_MATCH,,True,research_grade_observation,343441076.0,https://inaturalist-open-data.s3.amazonaws.com/photos/343441076/medium.jpg,cc-by-sa,"(c) Tony Eales, some rights reserved (CC BY-SA)",195249185.0,https://www.inaturalist.org/observations/195249185,https://www.inaturalist.org/photos/343441076
Polycarpon tetraphyllum,True,EXACT_CURRENT_NAME,Polycarpon tetraphyllum,58876.0,Polycarpon tetraphyllum,fourleaf manyseed,species,https://www.inaturalist.org/taxa/58876,False,True,cc-by-nc,USABLE_RESEARCH_GRADE_PHOTO_CURRENT_NAME_MATCH,,True,research_grade_observation,42975480.0,https://inaturalist-open-data.s3.amazonaws.com/photos/42975480/medium.jpg,cc-by,"(c) Sula Vanderplank, some rights reserved (CC BY)",27608803.0,https://www.inaturalist.org/observations/27608803,https://www.inaturalist.org/photos/42975480
Polygala virgata,True,EXACT_CURRENT_NAME,Polygala virgata,405101.0,Polygala virgata,Purple Broom,species,https://www.inaturalist.org/taxa/405101,False,True,cc-by-nc,USABLE_RESEARCH_GRADE_PHOTO_CURRENT_NAME_MATCH,,True,research_grade_observation,498566186.0,https://inaturalist-open-data.s3.amazonaws.com/photos/498566186/medium.jpeg,cc0,no rights reserved,277664196.0,https://www.inaturalist.org/observations/277664196,https://www.inaturalist.org/photos/498566186
Polygonum aviculare,True,EXACT_CURRENT_NAME,Polygonum aviculare,1290817.0,Polygonum aviculare,Common Knotgrass Complex,complex,https://www.inaturalist.org/taxa/1290817,False,True,cc-by-sa,USABLE_DEFAULT_PHOTO_CURRENT_NAME_MATCH,,True,taxon_default_photo,390699947.0,https://inaturalist-open-data.s3.amazonaws.com/photos/390699947/medium.jpg,cc-by-sa,"(c) Douglas Goldman, some rights reserved (CC BY-SA), uploaded by Douglas Goldman",,,https://www.inaturalist.org/photos/390699947
Polypogon monspeliensis,True,EXACT_CURRENT_NAME,Polypogon monspeliensis,57197.0,Polypogon monspeliensis,rabbitfoot grass,species,https://www.inaturalist.org/taxa/57197,False,True,cc-by-nc,USABLE_RESEARCH_GRADE_PHOTO_CURRENT_NAME_MATCH,,True,research_grade_observation,507283260.0,https://inaturalist-open-data.s3.amazonaws.com/photos/507283260/medium.jpg,cc-by,"(c) Elizabete Marchante, some rights reserved (CC BY)",282353787.0,https://www.inaturalist.org/observations/282353787,https://www.inaturalist.org/photos/507283260
Polyscias sambucifolia,True,EXACT_CURRENT_NAME,Polyscias sambucifolia,353971.0,Polyscias sambucifolia,Elderberry Panax,species,https://www.inaturalist.org/taxa/353971,False,True,cc-by-nc-sa,USABLE_RESEARCH_GRADE_PHOTO_CURRENT_NAME_MATCH,,True,research_grade_observation,173957705.0,https://inaturalist-open-data.s3.amazonaws.com/photos/173957705/medium.jpg,cc-by-sa,"(c) James K. Douch, some rights reserved (CC BY-SA)",103871627.0,https://www.inaturalist.org/observations/103871627,https://www.inaturalist.org/photos/173957705
Polytrichum juniperinum,True,EXACT_CURRENT_NAME,Polytrichum juniperinum,68286.0,Polytrichum juniperinum,juniper haircap moss,species,https://www.inaturalist.org/taxa/68286,False,True,cc-by-nc,USABLE_RESEARCH_GRADE_PHOTO_CURRENT_NAME_MATCH,,True,research_grade_observation,89422056.0,https://inaturalist-open-data.s3.amazonaws.com/photos/89422056/medium.jpeg,cc0,no rights reserved,56129412.0,https://www.inaturalist.org/observations/56129412,https://www.inaturalist.org/photos/89422056
Pomaderris racemosa,True,EXACT_CURRENT_NAME,Pomaderris racemosa,603252.0,Pomaderris racemosa,,species,https://www.inaturalist.org/taxa/603252,False,True,cc-by-nc,USABLE_RESEARCH_GRADE_PHOTO_CURRENT_NAME_MATCH,,True,research_grade_observation,253483905.0,https://inaturalist-open-data.s3.amazonaws.com/photos/253483905/medium.jpeg,cc-by,"(c) J. Sayers, some rights reserved (CC BY)",147322404.0,https://www.inaturalist.org/observations/147322404,https://www.inaturalist.org/photos/253483905
Populus alba,True,EXACT_CURRENT_NAME,Populus alba,47570.0,Populus alba,white poplar,species,https://www.inaturalist.org/taxa/47570,False,True,,USABLE_RESEARCH_GRADE_PHOTO_CURRENT_NAME_MATCH,,True,research_grade_observation,258917000.0,https://inaturalist-open-data.s3.amazonaws.com/photos/258917000/medium.jpeg,cc-by,"(c) Leon Perrie, some rights reserved (CC BY)",150185116.0,https://www.inaturalist.org/observations/150185116,https://www.inaturalist.org/photos/258917000
Poranthera microphylla,True,EXACT_CURRENT_NAME,Poranthera microphylla,210166.0,Poranthera microphylla,Small Poranthera,species,https://www.inaturalist.org/taxa/210166,False,True,cc-by,USABLE_DEFAULT_PHOTO_CURRENT_NAME_MATCH,,True,taxon_default_photo,327125222.0,https://inaturalist-open-data.s3.amazonaws.com/photos/327125222/medium.jpg,cc-by,"(c) Connor Margetts, some rights reserved (CC BY), uploaded by Connor Margetts",,,https://www.inaturalist.org/photos/327125222
Portulaca oleracea,True,EXACT_CURRENT_NAME,Portulaca oleracea,1571188.0,Portulaca oleracea,,complex,https://www.inaturalist.org/taxa/1571188,False,True,cc-by-nc-sa,USABLE_RESEARCH_GRADE_PHOTO_CURRENT_NAME_MATCH,,True,research_grade_observation,265092297.0,https://inaturalist-open-data.s3.amazonaws.com/photos/265092297/medium.jpg,cc-by-sa,"(c) Douglas Goldman, some rights reserved (CC BY-SA)",153482997.0,https://www.inaturalist.org/observations/153482997,https://www.inaturalist.org/photos/265092297
Potamogeton crispus,True,EXACT_CURRENT_NAME,Potamogeton crispus,78707.0,Potamogeton crispus,Curly-leaf Pondweed,species,https://www.inaturalist.org/taxa/78707,False,True,cc-by,USABLE_DEFAULT_PHOTO_CURRENT_NAME_MATCH,,True,taxon_default_photo,341749943.0,https://inaturalist-open-data.s3.amazonaws.com/photos/341749943/medium.jpeg,cc-by,"(c) gwynmwilliams, some rights reserved (CC BY), uploaded by gwynmwilliams",,,https://www.inaturalist.org/photos/341749943
Potentilla indica,True,EXACT_CURRENT_NAME,Potentilla indica,243824.0,Potentilla indica,mock strawberry,species,https://www.inaturalist.org/taxa/243824,False,True,cc-by-nc-sa,USABLE_RESEARCH_GRADE_PHOTO_CURRENT_NAME_MATCH,,True,research_grade_observation,52436300.0,https://inaturalist-open-data.s3.amazonaws.com/photos/52436300/medium.jpg,cc-by,"(c) Sandy Wolkenberg, some rights reserved (CC BY)",33388702.0,https://www.inaturalist.org/observations/33388702,https://www.inaturalist.org/photos/52436300
Prasophyllum elatum,True,EXACT_CURRENT_NAME,Prasophyllum elatum,323927.0,Prasophyllum elatum,Tall Leek Orchid,species,https://www.inaturalist.org/taxa/323927,False,True,,USABLE_RESEARCH_GRADE_PHOTO_CURRENT_NAME_MATCH,,True,research_grade_observation,73953216.0,https://inaturalist-open-data.s3.amazonaws.com/photos/73953216/medium.jpeg,cc-by,"(c) Chris Lindorff, some rights reserved (CC BY)",46626909.0,https://www.inaturalist.org/observations/46626909,https://www.inaturalist.org/photos/73953216
Prasophyllum frenchii,True,EXACT_CURRENT_NAME,Prasophyllum frenchii,1064790.0,Prasophyllum frenchii,Maroon leek orchid,species,https://www.inaturalist.org/taxa/1064790,False,True,cc-by-nc,PHOTO_EXISTS_BUT_NO_ACCEPTED_LICENSE_FOUND,,False,,,,,,,,
Prasophyllum odoratum,True,EXACT_CURRENT_NAME,Prasophyllum odoratum,553195.0,Prasophyllum odoratum,Fragrant Leek Orchid,species,https://www.inaturalist.org/taxa/553195,False,True,cc-by-nc,USABLE_RESEARCH_GRADE_PHOTO_CURRENT_NAME_MATCH,,True,research_grade_observation,662650741.0,https://inaturalist-open-data.s3.amazonaws.com/photos/662650741/medium.jpg,cc-by,"(c) Eamonn Culhane, some rights reserved (CC BY)",363045594.0,https://www.inaturalist.org/observations/363045594,https://www.inaturalist.org/photos/662650741
Prostanthera lasianthos,True,EXACT_CURRENT_NAME,Prostanthera lasianthos,155196.0,Prostanthera lasianthos,Christmas Bush,species,https://www.inaturalist.org/taxa/155196,False,True,,USABLE_RESEARCH_GRADE_PHOTO_CURRENT_NAME_MATCH,,True,research_grade_observation,346326542.0,https://inaturalist-open-data.s3.amazonaws.com/photos/346326542/medium.jpeg,cc-by,"(c) ronavery, some rights reserved (CC BY)",196737785.0,https://www.inaturalist.org/observations/196737785,https://www.inaturalist.org/photos/346326542
Prunella vulgaris,True,EXACT_CURRENT_NAME,Prunella vulgaris,52764.0,Prunella vulgaris,common selfheal,species,https://www.inaturalist.org/taxa/52764,False,True,cc-by-nc,USABLE_RESEARCH_GRADE_PHOTO_CURRENT_NAME_MATCH,,True,research_grade_observation,497367631.0,https://inaturalist-open-data.s3.amazonaws.com/photos/497367631/medium.jpeg,cc-by,"(c) Millie Basden, some rights reserved (CC BY)",276985381.0,https://www.inaturalist.org/observations/276985381,https://www.inaturalist.org/photos/497367631
Prunus cerasifera,True,EXACT_CURRENT_NAME,Prunus cerasifera,55837.0,Prunus cerasifera,Cherry-plum,species,https://www.inaturalist.org/taxa/55837,False,True,,USABLE_RESEARCH_GRADE_PHOTO_CURRENT_NAME_MATCH,,True,research_grade_observation,182100262.0,https://inaturalist-open-data.s3.amazonaws.com/photos/182100262/medium.jpeg,cc-by,"(c) Daniel Cahen, some rights reserved (CC BY)",108185534.0,https://www.inaturalist.org/observations/108185534,https://www.inaturalist.org/photos/182100262
Psoralea pinnata,True,EXACT_CURRENT_NAME,Psoralea pinnata,199336.0,Psoralea pinnata,Dally pine,species,https://www.inaturalist.org/taxa/199336,False,True,cc-by-nc,USABLE_RESEARCH_GRADE_PHOTO_CURRENT_NAME_MATCH,,True,research_grade_observation,372071837.0,https://inaturalist-open-data.s3.amazonaws.com/photos/372071837/medium.jpg,cc-by-sa,"(c) magriet b, some rights reserved (CC BY-SA)",210355146.0,https://www.inaturalist.org/observations/210355146,https://www.inaturalist.org/photos/372071837
Pteridium esculentum,True,EXACT_CURRENT_NAME,Pteridium esculentum,194768.0,Pteridium esculentum,Austral Bracken,species,https://www.inaturalist.org/taxa/194768,False,True,cc-by-sa,USABLE_DEFAULT_PHOTO_CURRENT_NAME_MATCH,,True,taxon_default_photo,452392932.0,https://inaturalist-open-data.s3.amazonaws.com/photos/452392932/medium.jpeg,cc-by-sa,"(c) jirau, some rights reserved (CC BY-SA)",,,https://www.inaturalist.org/photos/452392932
Pteridium esculentum subsp. esculentum,False,,,,,,,,False,False,,NO_SAFE_EXACT_OR_SYNONYM_MATCH,,False,,,,,,,,
Pterostylis melagramma,True,EXACT_CURRENT_NAME,Pterostylis melagramma,516647.0,Pterostylis melagramma,tall greenhood,species,https://www.inaturalist.org/taxa/516647,False,True,cc-by-nc,USABLE_RESEARCH_GRADE_PHOTO_CURRENT_NAME_MATCH,,True,research_grade_observation,32122655.0,https://inaturalist-open-data.s3.amazonaws.com/photos/32122655/medium.jpg,cc-by,"(c) Lek Khauv, some rights reserved (CC BY)",17037505.0,https://www.inaturalist.org/observations/17037505,https://www.inaturalist.org/photos/32122655
Pterostylis nutans,True,EXACT_CURRENT_NAME,Pterostylis nutans,321216.0,Pterostylis nutans,Nodding Greenhood,species,https://www.inaturalist.org/taxa/321216,False,True,cc-by-nc-nd,USABLE_RESEARCH_GRADE_PHOTO_CURRENT_NAME_MATCH,,True,research_grade_observation,313308997.0,https://inaturalist-open-data.s3.amazonaws.com/photos/313308997/medium.jpeg,cc0,no rights reserved,179915912.0,https://www.inaturalist.org/observations/179915912,https://www.inaturalist.org/photos/313308997
Pterostylis parviflora,True,EXACT_CURRENT_NAME,Pterostylis parviflora,323438.0,Pterostylis parviflora,tiny greenhood,species,https://www.inaturalist.org/taxa/323438,False,True,cc-by-nc-sa,USABLE_RESEARCH_GRADE_PHOTO_CURRENT_NAME_MATCH,,True,research_grade_observation,273131665.0,https://inaturalist-open-data.s3.amazonaws.com/photos/273131665/medium.jpg,cc-by,"(c) Elspeth Swan, some rights reserved (CC BY)",158012496.0,https://www.inaturalist.org/observations/158012496,https://www.inaturalist.org/photos/273131665
Pterostylis pedoglossa,True,EXACT_CURRENT_NAME,Pterostylis pedoglossa,914525.0,Pterostylis pedoglossa,Prawn Greenhood,species,https://www.inaturalist.org/taxa/914525,False,True,cc-by-nc,USABLE_RESEARCH_GRADE_PHOTO_CURRENT_NAME_MATCH,,True,research_grade_observation,291166845.0,https://inaturalist-open-data.s3.amazonaws.com/photos/291166845/medium.jpg,cc-by,"(c) Brendan Costello, some rights reserved (CC BY)",168035964.0,https://www.inaturalist.org/observations/168035964,https://www.inaturalist.org/photos/291166845
Pterostylis striata,True,EXACT_CURRENT_NAME,Pterostylis striata,555356.0,Pterostylis striata,mainland striped greenhood,species,https://www.inaturalist.org/taxa/555356,False,True,cc-by-nc-sa,USABLE_RESEARCH_GRADE_PHOTO_CURRENT_NAME_MATCH,,True,research_grade_observation,706396613.0,https://inaturalist-open-data.s3.amazonaws.com/photos/706396613/medium.jpg,cc-by,"(c) krumpianking, some rights reserved (CC BY)",385838601.0,https://www.inaturalist.org/observations/385838601,https://www.inaturalist.org/photos/706396613
Pterostylis tasmanica,True,EXACT_CURRENT_NAME,Pterostylis tasmanica,405444.0,Pterostylis tasmanica,small bearded greenhood,species,https://www.inaturalist.org/taxa/405444,False,True,cc0,USABLE_DEFAULT_PHOTO_CURRENT_NAME_MATCH,,True,taxon_default_photo,1754910.0,https://inaturalist-open-data.s3.amazonaws.com/photos/1754910/medium.jpg,cc0,"no rights reserved, uploaded by Peter de Lange",,,https://www.inaturalist.org/photos/1754910
Pultenaea dentata,True,EXACT_CURRENT_NAME,Pultenaea dentata,323857.0,Pultenaea dentata,clustered bush-pea,species,https://www.inaturalist.org/taxa/323857,False,True,cc-by,USABLE_DEFAULT_PHOTO_CURRENT_NAME_MATCH,,True,taxon_default_photo,74243773.0,https://inaturalist-open-data.s3.amazonaws.com/photos/74243773/medium.jpeg,cc-by,"(c) Cathy Powers, some rights reserved (CC BY), uploaded by Cathy Powers",,,https://www.inaturalist.org/photos/74243773
Pultenaea sericea,True,EXACT_CURRENT_NAME,Pultenaea sericea,1144066.0,Pultenaea sericea,chaffy bush-pea,species,https://www.inaturalist.org/taxa/1144066,False,True,cc-by-nc,USABLE_RESEARCH_GRADE_PHOTO_CURRENT_NAME_MATCH,,True,research_grade_observation,74915227.0,https://inaturalist-open-data.s3.amazonaws.com/photos/74915227/medium.jpeg,cc-by,"(c) Chris Clarke, some rights reserved (CC BY)",47235550.0,https://www.inaturalist.org/observations/47235550,https://www.inaturalist.org/photos/74915227
Pultenaea stricta,True,EXACT_CURRENT_NAME,Pultenaea stricta,323861.0,Pultenaea stricta,rigid bush-pea,species,https://www.inaturalist.org/taxa/323861,False,True,cc-by-nc-nd,USABLE_RESEARCH_GRADE_PHOTO_CURRENT_NAME_MATCH,,True,research_grade_observation,52584972.0,https://inaturalist-open-data.s3.amazonaws.com/photos/52584972/medium.jpeg,cc0,no rights reserved,33478381.0,https://www.inaturalist.org/observations/33478381,https://www.inaturalist.org/photos/52584972
Pyrorchis nigricans,True,EXACT_CURRENT_NAME,Pyrorchis nigricans,323928.0,Pyrorchis nigricans,Red Beaks,species,https://www.inaturalist.org/taxa/323928,False,True,cc-by-nc,USABLE_RESEARCH_GRADE_PHOTO_CURRENT_NAME_MATCH,,True,research_grade_observation,325952938.0,https://inaturalist-open-data.s3.amazonaws.com/photos/325952938/medium.jpg,cc-by,"(c) pimelea, some rights reserved (CC BY)",186506995.0,https://www.inaturalist.org/observations/186506995,https://www.inaturalist.org/photos/325952938
Quercus robur,True,EXACT_CURRENT_NAME,Quercus robur,1520309.0,Quercus robur,Pedunculate Oak Complex,complex,https://www.inaturalist.org/taxa/1520309,False,True,cc-by-nc,USABLE_RESEARCH_GRADE_PHOTO_CURRENT_NAME_MATCH,,True,research_grade_observation,10407529.0,https://inaturalist-open-data.s3.amazonaws.com/photos/10407529/medium.jpeg,cc-by,"(c) Natalya Ivanova, some rights reserved (CC BY)",7891944.0,https://www.inaturalist.org/observations/7891944,https://www.inaturalist.org/photos/10407529
Racopilum cuspidigerum,True,EXACT_CURRENT_NAME,Racopilum cuspidigerum,273701.0,Racopilum cuspidigerum,,species,https://www.inaturalist.org/taxa/273701,False,True,cc-by,USABLE_DEFAULT_PHOTO_CURRENT_NAME_MATCH,,True,taxon_default_photo,84666680.0,https://inaturalist-open-data.s3.amazonaws.com/photos/84666680/medium.jpeg,cc-by,"(c) Em Lamond, some rights reserved (CC BY), uploaded by Em Lamond",,,https://www.inaturalist.org/photos/84666680
Racopilum cuspidigerum var. convolutaceum,False,,,,,,,,False,False,,NO_SAFE_EXACT_OR_SYNONYM_MATCH,,False,,,,,,,,
Ranunculus lappaceus,True,EXACT_CURRENT_NAME,Ranunculus lappaceus,369571.0,Ranunculus lappaceus,Australian Buttercup,species,https://www.inaturalist.org/taxa/369571,False,True,cc-by-nc,USABLE_RESEARCH_GRADE_PHOTO_CURRENT_NAME_MATCH,,True,research_grade_observation,308273003.0,https://inaturalist-open-data.s3.amazonaws.com/photos/308273003/medium.jpeg,cc-by-sa,"(c) James (Jim) Duggan, some rights reserved (CC BY-SA)",177260361.0,https://www.inaturalist.org/observations/177260361,https://www.inaturalist.org/photos/308273003
Ranunculus muricatus,True,EXACT_CURRENT_NAME,Ranunculus muricatus,57240.0,Ranunculus muricatus,Rough-fruited buttercup,species,https://www.inaturalist.org/taxa/57240,False,True,cc-by,USABLE_DEFAULT_PHOTO_CURRENT_NAME_MATCH,,True,taxon_default_photo,90028972.0,https://inaturalist-open-data.s3.amazonaws.com/photos/90028972/medium.jpg,cc-by,"(c) Don Loarie, some rights reserved (CC BY)",,,https://www.inaturalist.org/photos/90028972
Ranunculus repens,True,EXACT_CURRENT_NAME,Ranunculus repens,48229.0,Ranunculus repens,Creeping buttercup,species,https://www.inaturalist.org/taxa/48229,False,True,cc-by-nc-sa,USABLE_RESEARCH_GRADE_PHOTO_CURRENT_NAME_MATCH,,True,research_grade_observation,288380498.0,https://inaturalist-open-data.s3.amazonaws.com/photos/288380498/medium.jpeg,cc-by,"(c) Gavin Slater, some rights reserved (CC BY)",166524074.0,https://www.inaturalist.org/observations/166524074,https://www.inaturalist.org/photos/288380498
Ranunculus sceleratus,True,EXACT_CURRENT_NAME,Ranunculus sceleratus,59301.0,Ranunculus sceleratus,cursed crowfoot,species,https://www.inaturalist.org/taxa/59301,False,True,cc-by-sa,USABLE_DEFAULT_PHOTO_CURRENT_NAME_MATCH,,True,taxon_default_photo,218307513.0,https://inaturalist-open-data.s3.amazonaws.com/photos/218307513/medium.jpeg,cc-by-sa,"(c) Brian Finzel, some rights reserved (CC BY-SA), uploaded by Brian Finzel",,,https://www.inaturalist.org/photos/218307513
Ranunculus sceleratus subsp. sceleratus,False,,,,,,,,False,False,,NO_SAFE_EXACT_OR_SYNONYM_MATCH,,False,,,,,,,,
Raphanus raphanistrum,True,EXACT_CURRENT_NAME,Raphanus raphanistrum,55411.0,Raphanus raphanistrum,Wild radish,species,https://www.inaturalist.org/taxa/55411,False,True,,USABLE_RESEARCH_GRADE_PHOTO_CURRENT_NAME_MATCH,,True,research_grade_observation,671565075.0,https://inaturalist-open-data.s3.amazonaws.com/photos/671565075/medium.jpg,cc-by,"(c) zebedeugalinha, some rights reserved (CC BY)",367722784.0,https://www.inaturalist.org/observations/367722784,https://www.inaturalist.org/photos/671565075
Raphanus sativus,True,EXACT_SYNONYM,Raphanus sativus,995125.0,Raphanus raphanistrum sativus,garden radish,subspecies,https://www.inaturalist.org/taxa/995125,True,True,cc0,USABLE_DEFAULT_PHOTO_SYNONYM_MATCH,,True,taxon_default_photo,28387821.0,https://inaturalist-open-data.s3.amazonaws.com/photos/28387821/medium.jpeg,cc0,"no rights reserved, uploaded by 葉子",,,https://www.inaturalist.org/photos/28387821
Reseda lutea,True,EXACT_CURRENT_NAME,Reseda lutea,78838.0,Reseda lutea,Wild Mignonette,species,https://www.inaturalist.org/taxa/78838,False,True,cc-by-nc-sa,USABLE_RESEARCH_GRADE_PHOTO_CURRENT_NAME_MATCH,,True,research_grade_observation,505790039.0,https://inaturalist-open-data.s3.amazonaws.com/photos/505790039/medium.jpg,cc-by,"(c) Benjamin Flatt, some rights reserved (CC BY)",281557454.0,https://www.inaturalist.org/observations/281557454,https://www.inaturalist.org/photos/505790039
Rhagodia candolleana,True,EXACT_CURRENT_NAME,Rhagodia candolleana,323862.0,Rhagodia candolleana,Seaberry Saltbush,species,https://www.inaturalist.org/taxa/323862,False,True,cc-by-nc-nd,USABLE_RESEARCH_GRADE_PHOTO_CURRENT_NAME_MATCH,,True,research_grade_observation,30740646.0,https://inaturalist-open-data.s3.amazonaws.com/photos/30740646/medium.jpg,cc-by,"(c) Terra Occ, some rights reserved (CC BY)",19927061.0,https://www.inaturalist.org/observations/19927061,https://www.inaturalist.org/photos/30740646
Rhaphidorrhynchium amoenum,True,EXACT_CURRENT_NAME,Rhaphidorrhynchium amoenum,409258.0,Rhaphidorrhynchium amoenum,,species,https://www.inaturalist.org/taxa/409258,False,True,cc-by,USABLE_DEFAULT_PHOTO_CURRENT_NAME_MATCH,,True,taxon_default_photo,79062623.0,https://inaturalist-open-data.s3.amazonaws.com/photos/79062623/medium.jpeg,cc-by,"(c) Em Lamond, some rights reserved (CC BY), uploaded by Em Lamond",,,https://www.inaturalist.org/photos/79062623
Ricinocarpos pinifolius,True,EXACT_CURRENT_NAME,Ricinocarpos pinifolius,321196.0,Ricinocarpos pinifolius,Wedding Bush,species,https://www.inaturalist.org/taxa/321196,False,True,cc-by-nc-nd,USABLE_RESEARCH_GRADE_PHOTO_CURRENT_NAME_MATCH,,True,research_grade_observation,12493144.0,https://inaturalist-open-data.s3.amazonaws.com/photos/12493144/medium.jpeg,cc-by,"(c) ronavery, some rights reserved (CC BY)",9231046.0,https://www.inaturalist.org/observations/9231046,https://www.inaturalist.org/photos/12493144
Romulea rosea,True,EXACT_CURRENT_NAME,Romulea rosea,68896.0,Romulea rosea,Rosy sandcrocus,species,https://www.inaturalist.org/taxa/68896,False,True,cc-by-nc,USABLE_RESEARCH_GRADE_PHOTO_CURRENT_NAME_MATCH,,True,research_grade_observation,462550613.0,https://inaturalist-open-data.s3.amazonaws.com/photos/462550613/medium.jpg,cc-by,"(c) zebedeugalinha, some rights reserved (CC BY)",257831122.0,https://www.inaturalist.org/observations/257831122,https://www.inaturalist.org/photos/462550613
Romulea rosea var. australis,False,,,,,,,,False,False,,NO_SAFE_EXACT_OR_SYNONYM_MATCH,,False,,,,,,,,
Rorippa palustris,True,EXACT_CURRENT_NAME,Rorippa palustris,64162.0,Rorippa palustris,Bog Yellowcress,species,https://www.inaturalist.org/taxa/64162,False,True,cc-by-nc-nd,USABLE_RESEARCH_GRADE_PHOTO_CURRENT_NAME_MATCH,,True,research_grade_observation,76330475.0,https://inaturalist-open-data.s3.amazonaws.com/photos/76330475/medium.jpg,cc-by,"(c) Нурхайдарова Татьяна, some rights reserved (CC BY)",48115468.0,https://www.inaturalist.org/observations/48115468,https://www.inaturalist.org/photos/76330475
Rosa rubiginosa,True,EXACT_CURRENT_NAME,Rosa rubiginosa,78886.0,Rosa rubiginosa,Sweet-brier,species,https://www.inaturalist.org/taxa/78886,False,True,cc-by-sa,USABLE_DEFAULT_PHOTO_CURRENT_NAME_MATCH,,True,taxon_default_photo,26171838.0,https://inaturalist-open-data.s3.amazonaws.com/photos/26171838/medium.jpg,cc-by-sa,"(c) Rosa_rubiginosa_mit_einigen_Knospen.jpg, some rights reserved (CC BY-SA)",,,https://www.inaturalist.org/photos/26171838
Rubus anglocandicans,True,EXACT_SYNONYM,Rubus anglocandicans,495987.0,Rubus grabowskii,Grabowski Bramble,species,https://www.inaturalist.org/taxa/495987,True,True,cc-by-nc,USABLE_RESEARCH_GRADE_PHOTO_SYNONYM_MATCH,,True,research_grade_observation,536557002.0,https://inaturalist-open-data.s3.amazonaws.com/photos/536557002/medium.jpg,cc-by,"(c) Vladimír Fuka, some rights reserved (CC BY)",297907842.0,https://www.inaturalist.org/observations/297907842,https://www.inaturalist.org/photos/536557002
Rubus leucostachys,True,EXACT_CURRENT_NAME,Rubus leucostachys,953771.0,Rubus leucostachys,,species,https://www.inaturalist.org/taxa/953771,False,True,cc-by-nc,USABLE_LICENSED_PHOTO_CURRENT_NAME_MATCH,,True,licensed_observation,166540535.0,https://inaturalist-open-data.s3.amazonaws.com/photos/166540535/medium.jpg,cc-by,"(c) T. Hammer, some rights reserved (CC BY)",99849781.0,https://www.inaturalist.org/observations/99849781,https://www.inaturalist.org/photos/166540535
Rubus parvifolius,True,EXACT_CURRENT_NAME,Rubus parvifolius,51645.0,Rubus parvifolius,small-leaf bramble,species,https://www.inaturalist.org/taxa/51645,False,True,cc-by-nc,USABLE_RESEARCH_GRADE_PHOTO_CURRENT_NAME_MATCH,,True,research_grade_observation,112652378.0,https://inaturalist-open-data.s3.amazonaws.com/photos/112652378/medium.jpeg,cc-by,"(c) Ian Rainbow, some rights reserved (CC BY)",69431616.0,https://www.inaturalist.org/observations/69431616,https://www.inaturalist.org/photos/112652378
Rumex brownii,True,EXACT_CURRENT_NAME,Rumex brownii,369722.0,Rumex brownii,Slender Dock,species,https://www.inaturalist.org/taxa/369722,False,True,cc-by-nc,USABLE_RESEARCH_GRADE_PHOTO_CURRENT_NAME_MATCH,,True,research_grade_observation,355211213.0,https://inaturalist-open-data.s3.amazonaws.com/photos/355211213/medium.jpeg,cc-by,"(c) Thomas Mesaglio, some rights reserved (CC BY)",201242029.0,https://www.inaturalist.org/observations/201242029,https://www.inaturalist.org/photos/355211213
Rumex conglomeratus,True,EXACT_CURRENT_NAME,Rumex conglomeratus,57215.0,Rumex conglomeratus,Clustered Dock,species,https://www.inaturalist.org/taxa/57215,False,True,cc0,USABLE_DEFAULT_PHOTO_CURRENT_NAME_MATCH,,True,taxon_default_photo,295358545.0,https://inaturalist-open-data.s3.amazonaws.com/photos/295358545/medium.jpg,cc0,"no rights reserved, uploaded by Piermario Maculan",,,https://www.inaturalist.org/photos/295358545
Rumex crispus,True,EXACT_CURRENT_NAME,Rumex crispus,53197.0,Rumex crispus,curled dock,species,https://www.inaturalist.org/taxa/53197,False,True,cc-by-nc,USABLE_RESEARCH_GRADE_PHOTO_CURRENT_NAME_MATCH,,True,research_grade_observation,839161.0,https://inaturalist-open-data.s3.amazonaws.com/photos/839161/medium.jpg,cc-by,"(c) Justin Johnsen, some rights reserved (CC BY)",665952.0,https://www.inaturalist.org/observations/665952,https://www.inaturalist.org/photos/839161
Rumex obtusifolius,True,EXACT_CURRENT_NAME,Rumex obtusifolius,63371.0,Rumex obtusifolius,broad-leaved dock,species,https://www.inaturalist.org/taxa/63371,False,True,cc-by-sa,USABLE_DEFAULT_PHOTO_CURRENT_NAME_MATCH,,True,taxon_default_photo,5084024.0,https://inaturalist-open-data.s3.amazonaws.com/photos/5084024/medium.jpg,cc-by-sa,"(c) Andreas Rockstein, some rights reserved (CC BY-SA)",,,https://www.inaturalist.org/photos/5084024
Rumex obtusifolius subsp. obtusifolius,False,,,,,,,,False,False,,NO_SAFE_EXACT_OR_SYNONYM_MATCH,,False,,,,,,,,
Rumex pulcher,True,EXACT_CURRENT_NAME,Rumex pulcher,60232.0,Rumex pulcher,fiddle dock,species,https://www.inaturalist.org/taxa/60232,False,True,,USABLE_RESEARCH_GRADE_PHOTO_CURRENT_NAME_MATCH,,True,research_grade_observation,545218550.0,https://inaturalist-open-data.s3.amazonaws.com/photos/545218550/medium.jpg,cc-by,"(c) zebedeugalinha, some rights reserved (CC BY)",302526463.0,https://www.inaturalist.org/observations/302526463,https://www.inaturalist.org/photos/545218550
Rumex pulcher subsp. pulcher,False,,,,,,,,False,False,,NO_SAFE_EXACT_OR_SYNONYM_MATCH,,False,,,,,,,,
Rytidosperma bipartitum,True,EXACT_CURRENT_NAME,Rytidosperma bipartitum,417796.0,Rytidosperma bipartitum,Leafy Wallaby-grass,species,https://www.inaturalist.org/taxa/417796,False,True,cc-by-nc,USABLE_RESEARCH_GRADE_PHOTO_CURRENT_NAME_MATCH,,True,research_grade_observation,444332883.0,https://inaturalist-open-data.s3.amazonaws.com/photos/444332883/medium.jpeg,cc-by,"(c) Josh, some rights reserved (CC BY)",248652201.0,https://www.inaturalist.org/observations/248652201,https://www.inaturalist.org/photos/444332883
Rytidosperma caespitosum,True,EXACT_CURRENT_NAME,Rytidosperma caespitosum,78918.0,Rytidosperma caespitosum,Common Wallaby-grass,species,https://www.inaturalist.org/taxa/78918,False,True,cc-by,USABLE_DEFAULT_PHOTO_CURRENT_NAME_MATCH,,True,taxon_default_photo,177213896.0,https://inaturalist-open-data.s3.amazonaws.com/photos/177213896/medium.jpg,cc-by,"(c) Kym Nicolson, some rights reserved (CC BY), uploaded by Kym Nicolson",,,https://www.inaturalist.org/photos/177213896
Rytidosperma erianthum,True,EXACT_CURRENT_NAME,Rytidosperma erianthum,405781.0,Rytidosperma erianthum,Hill Wallaby-grass,species,https://www.inaturalist.org/taxa/405781,False,True,cc-by-nc,USABLE_RESEARCH_GRADE_PHOTO_CURRENT_NAME_MATCH,,True,research_grade_observation,174519593.0,https://inaturalist-open-data.s3.amazonaws.com/photos/174519593/medium.jpg,cc-by,"(c) Ben Fisher, some rights reserved (CC BY)",104169224.0,https://www.inaturalist.org/observations/104169224,https://www.inaturalist.org/photos/174519593
Rytidosperma fulvum,True,EXACT_CURRENT_NAME,Rytidosperma fulvum,417797.0,Rytidosperma fulvum,Copper-awned Wallaby Grass,species,https://www.inaturalist.org/taxa/417797,False,True,cc-by,USABLE_DEFAULT_PHOTO_CURRENT_NAME_MATCH,,True,taxon_default_photo,169555373.0,https://inaturalist-open-data.s3.amazonaws.com/photos/169555373/medium.jpg,cc-by,"(c) Nina Kerr, some rights reserved (CC BY), uploaded by Nina Kerr",,,https://www.inaturalist.org/photos/169555373
Rytidosperma geniculatum,True,EXACT_CURRENT_NAME,Rytidosperma geniculatum,405779.0,Rytidosperma geniculatum,Kneed Wallaby-grass,species,https://www.inaturalist.org/taxa/405779,False,True,,USABLE_RESEARCH_GRADE_PHOTO_CURRENT_NAME_MATCH,,True,research_grade_observation,32165034.0,https://inaturalist-open-data.s3.amazonaws.com/photos/32165034/medium.jpeg,cc-by,"(c) Michael D. Pirie, some rights reserved (CC BY)",20849605.0,https://www.inaturalist.org/observations/20849605,https://www.inaturalist.org/photos/32165034
Rytidosperma laeve,True,EXACT_CURRENT_NAME,Rytidosperma laeve,380966.0,Rytidosperma laeve,Smooth Wallaby-grass,species,https://www.inaturalist.org/taxa/380966,False,True,cc-by-nc,USABLE_RESEARCH_GRADE_PHOTO_CURRENT_NAME_MATCH,,True,research_grade_observation,174522397.0,https://inaturalist-open-data.s3.amazonaws.com/photos/174522397/medium.jpg,cc-by,"(c) Ben Fisher, some rights reserved (CC BY)",104169228.0,https://www.inaturalist.org/observations/104169228,https://www.inaturalist.org/photos/174522397
Rytidosperma pallidum,True,EXACT_CURRENT_NAME,Rytidosperma pallidum,553265.0,Rytidosperma pallidum,red-anther wallaby grass,species,https://www.inaturalist.org/taxa/553265,False,True,cc-by-nc-sa,USABLE_RESEARCH_GRADE_PHOTO_CURRENT_NAME_MATCH,,True,research_grade_observation,587208403.0,https://inaturalist-open-data.s3.amazonaws.com/photos/587208403/medium.jpg,cc-by-sa,"(c) Tony Eales, some rights reserved (CC BY-SA)",324432321.0,https://www.inaturalist.org/observations/324432321,https://www.inaturalist.org/photos/587208403
Rytidosperma penicillatum,True,EXACT_CURRENT_NAME,Rytidosperma penicillatum,78919.0,Rytidosperma penicillatum,Slender Wallaby Grass,species,https://www.inaturalist.org/taxa/78919,False,True,cc-by,USABLE_DEFAULT_PHOTO_CURRENT_NAME_MATCH,,True,taxon_default_photo,322700849.0,https://inaturalist-open-data.s3.amazonaws.com/photos/322700849/medium.jpeg,cc-by,"(c) Kevin Faccenda, some rights reserved (CC BY), uploaded by Kevin Faccenda",,,https://www.inaturalist.org/photos/322700849
Rytidosperma pilosum,True,EXACT_CURRENT_NAME,Rytidosperma pilosum,118431.0,Rytidosperma pilosum,Velvet Wallaby-grass,species,https://www.inaturalist.org/taxa/118431,False,True,cc-by,USABLE_DEFAULT_PHOTO_CURRENT_NAME_MATCH,,True,taxon_default_photo,32164973.0,https://inaturalist-open-data.s3.amazonaws.com/photos/32164973/medium.jpeg,cc-by,"(c) Michael D. Pirie, some rights reserved (CC BY), uploaded by Michael D. Pirie",,,https://www.inaturalist.org/photos/32164973
Rytidosperma racemosum,True,EXACT_CURRENT_NAME,Rytidosperma racemosum,78920.0,Rytidosperma racemosum,Clustered Wallaby-grass,species,https://www.inaturalist.org/taxa/78920,False,True,cc-by,USABLE_DEFAULT_PHOTO_CURRENT_NAME_MATCH,,True,taxon_default_photo,98658852.0,https://inaturalist-open-data.s3.amazonaws.com/photos/98658852/medium.jpg,cc-by,"(c) Kym Nicolson, some rights reserved (CC BY), uploaded by Kym Nicolson",,,https://www.inaturalist.org/photos/98658852
Rytidosperma racemosum var. racemosum,False,,,,,,,,False,False,,NO_SAFE_EXACT_OR_SYNONYM_MATCH,,False,,,,,,,,
Rytidosperma semiannulare,True,EXACT_CURRENT_NAME,Rytidosperma semiannulare,417753.0,Rytidosperma semiannulare,Tasmanian wallaby grass,species,https://www.inaturalist.org/taxa/417753,False,True,cc-by-nc,USABLE_RESEARCH_GRADE_PHOTO_CURRENT_NAME_MATCH,,True,research_grade_observation,611142627.0,https://inaturalist-open-data.s3.amazonaws.com/photos/611142627/medium.jpg,cc-by,"(c) Nina Kerr, some rights reserved (CC BY)",336321170.0,https://www.inaturalist.org/observations/336321170,https://www.inaturalist.org/photos/611142627
Rytidosperma setaceum,True,EXACT_CURRENT_NAME,Rytidosperma setaceum,323903.0,Rytidosperma setaceum,Bristly Wallaby-grass,species,https://www.inaturalist.org/taxa/323903,False,True,cc-by-nc,USABLE_RESEARCH_GRADE_PHOTO_CURRENT_NAME_MATCH,,True,research_grade_observation,621857744.0,https://inaturalist-open-data.s3.amazonaws.com/photos/621857744/medium.jpg,cc-by,"(c) plantlookymagee, some rights reserved (CC BY)",341579227.0,https://www.inaturalist.org/observations/341579227,https://www.inaturalist.org/photos/621857744
Rytidosperma tenuius,True,EXACT_CURRENT_NAME,Rytidosperma tenuius,405794.0,Rytidosperma tenuius,Purplish Wallaby Grass,species,https://www.inaturalist.org/taxa/405794,False,True,cc-by,USABLE_DEFAULT_PHOTO_CURRENT_NAME_MATCH,,True,taxon_default_photo,581173868.0,https://inaturalist-open-data.s3.amazonaws.com/photos/581173868/medium.jpg,cc-by,"(c) Harry Rose, some rights reserved (CC BY)",,,https://www.inaturalist.org/photos/581173868
Salix babylonica,True,EXACT_CURRENT_NAME,Salix babylonica,58316.0,Salix babylonica,weeping willow,species,https://www.inaturalist.org/taxa/58316,False,True,cc-by-nc,USABLE_RESEARCH_GRADE_PHOTO_CURRENT_NAME_MATCH,,True,research_grade_observation,272253549.0,https://inaturalist-open-data.s3.amazonaws.com/photos/272253549/medium.jpeg,cc-by-sa,"(c) Rob Cruickshank, some rights reserved (CC BY-SA)",157458281.0,https://www.inaturalist.org/observations/157458281,https://www.inaturalist.org/photos/272253549
Salix cinerea,True,EXACT_CURRENT_NAME,Salix cinerea,168326.0,Salix cinerea,Grey Willow,species,https://www.inaturalist.org/taxa/168326,False,True,cc0,USABLE_DEFAULT_PHOTO_CURRENT_NAME_MATCH,,True,taxon_default_photo,99054997.0,https://inaturalist-open-data.s3.amazonaws.com/photos/99054997/medium.jpeg,cc0,"no rights reserved, uploaded by Stephen James McWilliam",,,https://www.inaturalist.org/photos/99054997
Salix ×pendulina,False,,,,,,,,False,False,,NO_SAFE_EXACT_OR_SYNONYM_MATCH,,False,,,,,,,,
Salpichroa origanifolia,True,EXACT_CURRENT_NAME,Salpichroa origanifolia,78954.0,Salpichroa origanifolia,Cock's-eggs,species,https://www.inaturalist.org/taxa/78954,False,True,cc-by-nc,USABLE_RESEARCH_GRADE_PHOTO_CURRENT_NAME_MATCH,,True,research_grade_observation,347694368.0,https://inaturalist-open-data.s3.amazonaws.com/photos/347694368/medium.jpeg,cc0,no rights reserved,197414242.0,https://www.inaturalist.org/observations/197414242,https://www.inaturalist.org/photos/347694368
Salvinia molesta,True,EXACT_CURRENT_NAME,Salvinia molesta,78976.0,Salvinia molesta,Giant Salvinia,species,https://www.inaturalist.org/taxa/78976,False,True,cc-by,USABLE_DEFAULT_PHOTO_CURRENT_NAME_MATCH,,True,taxon_default_photo,39028206.0,https://inaturalist-open-data.s3.amazonaws.com/photos/39028206/medium.jpeg,cc-by,"(c) Will McFarland, some rights reserved (CC BY), uploaded by Will McFarland",,,https://www.inaturalist.org/photos/39028206
Schenkia australis,True,EXACT_CURRENT_NAME,Schenkia australis,369495.0,Schenkia australis,Spike Centaury,species,https://www.inaturalist.org/taxa/369495,False,True,,USABLE_RESEARCH_GRADE_PHOTO_CURRENT_NAME_MATCH,,True,research_grade_observation,44135341.0,https://inaturalist-open-data.s3.amazonaws.com/photos/44135341/medium.jpg,cc0,no rights reserved,28319681.0,https://www.inaturalist.org/observations/28319681,https://www.inaturalist.org/photos/44135341
Schizaea bifida,True,EXACT_CURRENT_NAME,Schizaea bifida,405884.0,Schizaea bifida,Forked Comb Fern,species,https://www.inaturalist.org/taxa/405884,False,True,cc-by-nc,USABLE_RESEARCH_GRADE_PHOTO_CURRENT_NAME_MATCH,,True,research_grade_observation,415726508.0,https://inaturalist-open-data.s3.amazonaws.com/photos/415726508/medium.jpeg,cc-by-sa,"(c) Greg Tasney, some rights reserved (CC BY-SA)",233904430.0,https://www.inaturalist.org/observations/233904430,https://www.inaturalist.org/photos/415726508
Schizaea fistulosa,True,EXACT_CURRENT_NAME,Schizaea fistulosa,323528.0,Schizaea fistulosa,Comb Fern,species,https://www.inaturalist.org/taxa/323528,False,True,cc-by-nc-sa,USABLE_RESEARCH_GRADE_PHOTO_CURRENT_NAME_MATCH,,True,research_grade_observation,246506820.0,https://inaturalist-open-data.s3.amazonaws.com/photos/246506820/medium.jpg,cc-by,"(c) Matt Berger, some rights reserved (CC BY)",143708103.0,https://www.inaturalist.org/observations/143708103,https://www.inaturalist.org/photos/246506820
Schoenoplectus tabernaemontani,True,EXACT_CURRENT_NAME,Schoenoplectus tabernaemontani,78998.0,Schoenoplectus tabernaemontani,soft-stemmed bulrush,species,https://www.inaturalist.org/taxa/78998,False,True,cc-by-nd,USABLE_RESEARCH_GRADE_PHOTO_CURRENT_NAME_MATCH,,True,research_grade_observation,536510900.0,https://inaturalist-open-data.s3.amazonaws.com/photos/536510900/medium.jpg,cc0,no rights reserved,297882807.0,https://www.inaturalist.org/observations/297882807,https://www.inaturalist.org/photos/536510900
Schoenus apogon,True,EXACT_CURRENT_NAME,Schoenus apogon,210177.0,Schoenus apogon,common bog-rush,species,https://www.inaturalist.org/taxa/210177,False,True,cc-by-nc,USABLE_RESEARCH_GRADE_PHOTO_CURRENT_NAME_MATCH,,True,research_grade_observation,394552114.0,https://inaturalist-open-data.s3.amazonaws.com/photos/394552114/medium.jpeg,cc-by,"(c) Saryu Mae 前 朝琉, some rights reserved (CC BY)",222720552.0,https://www.inaturalist.org/observations/222720552,https://www.inaturalist.org/photos/394552114
Schoenus brevifolius,True,EXACT_CURRENT_NAME,Schoenus brevifolius,353839.0,Schoenus brevifolius,Zig-zag Bogrush,species,https://www.inaturalist.org/taxa/353839,False,True,cc-by-nc,USABLE_RESEARCH_GRADE_PHOTO_CURRENT_NAME_MATCH,,True,research_grade_observation,473310175.0,https://inaturalist-open-data.s3.amazonaws.com/photos/473310175/medium.jpeg,cc-by,"(c) Lucas Christofides, some rights reserved (CC BY)",263463610.0,https://www.inaturalist.org/observations/263463610,https://www.inaturalist.org/photos/473310175
Schoenus lepidosperma,True,EXACT_CURRENT_NAME,Schoenus lepidosperma,323929.0,Schoenus lepidosperma,,species,https://www.inaturalist.org/taxa/323929,False,True,cc-by-nc,USABLE_RESEARCH_GRADE_PHOTO_CURRENT_NAME_MATCH,,True,research_grade_observation,314237479.0,https://inaturalist-open-data.s3.amazonaws.com/photos/314237479/medium.jpeg,cc-by,"(c) Peter Crowcroft, some rights reserved (CC BY)",180401995.0,https://www.inaturalist.org/observations/180401995,https://www.inaturalist.org/photos/314237479
Schoenus lepidosperma subsp. lepidosperma,False,,,,,,,,False,False,,NO_SAFE_EXACT_OR_SYNONYM_MATCH,,False,,,,,,,,
Scorpiurium cucullatum,True,EXACT_CURRENT_NAME,Scorpiurium cucullatum,405937.0,Scorpiurium cucullatum,,species,https://www.inaturalist.org/taxa/405937,False,True,cc-by-nc-sa,PHOTO_EXISTS_BUT_NO_ACCEPTED_LICENSE_FOUND,,False,,,,,,,,
Sebaea ovata,True,EXACT_CURRENT_NAME,Sebaea ovata,405936.0,Sebaea ovata,,species,https://www.inaturalist.org/taxa/405936,False,True,cc-by,USABLE_DEFAULT_PHOTO_CURRENT_NAME_MATCH,,True,taxon_default_photo,75675472.0,https://inaturalist-open-data.s3.amazonaws.com/photos/75675472/medium.jpeg,cc-by,"(c) Russell Best, some rights reserved (CC BY), uploaded by Russell Best",,,https://www.inaturalist.org/photos/75675472
Selaginella uliginosa,True,EXACT_CURRENT_NAME,Selaginella uliginosa,137058.0,Selaginella uliginosa,Swamp Spikemoss,species,https://www.inaturalist.org/taxa/137058,False,True,cc-by-nc,USABLE_RESEARCH_GRADE_PHOTO_CURRENT_NAME_MATCH,,True,research_grade_observation,597602272.0,https://inaturalist-open-data.s3.amazonaws.com/photos/597602272/medium.jpg,cc-by,"(c) Toby Jin, some rights reserved (CC BY)",329654703.0,https://www.inaturalist.org/observations/329654703,https://www.inaturalist.org/photos/597602272
Senecio glomeratus,True,EXACT_CURRENT_NAME,Senecio glomeratus,60981.0,Senecio glomeratus,Cutleaf burnweed,species,https://www.inaturalist.org/taxa/60981,False,True,cc-by,USABLE_DEFAULT_PHOTO_CURRENT_NAME_MATCH,,True,taxon_default_photo,10604658.0,https://inaturalist-open-data.s3.amazonaws.com/photos/10604658/medium.jpg,cc-by,"(c) Jon Sullivan, some rights reserved (CC BY), uploaded by Jon Sullivan",,,https://www.inaturalist.org/photos/10604658
Senecio glomeratus subsp. glomeratus,False,,,,,,,,False,False,,NO_SAFE_EXACT_OR_SYNONYM_MATCH,,False,,,,,,,,
Senecio hispidulus,True,EXACT_CURRENT_NAME,Senecio hispidulus,405973.0,Senecio hispidulus,Hill Fireweed,species,https://www.inaturalist.org/taxa/405973,False,True,cc-by,USABLE_DEFAULT_PHOTO_CURRENT_NAME_MATCH,,True,taxon_default_photo,1179869.0,https://inaturalist-open-data.s3.amazonaws.com/photos/1179869/medium.jpg,cc-by,"(c) Jon Sullivan, some rights reserved (CC BY)",,,https://www.inaturalist.org/photos/1179869
Senecio jacobaea,True,EXACT_SYNONYM,Senecio jacobaea,62498.0,Jacobaea vulgaris,ragwort,species,https://www.inaturalist.org/taxa/62498,True,True,cc-by-nc,USABLE_RESEARCH_GRADE_PHOTO_SYNONYM_MATCH,,True,research_grade_observation,214180355.0,https://inaturalist-open-data.s3.amazonaws.com/photos/214180355/medium.jpg,cc-by,"(c) jamie-aa, some rights reserved (CC BY)",126244220.0,https://www.inaturalist.org/observations/126244220,https://www.inaturalist.org/photos/214180355
Senecio minimus,True,EXACT_CURRENT_NAME,Senecio minimus,60980.0,Senecio minimus,coastal burnweed,species,https://www.inaturalist.org/taxa/60980,False,True,cc-by-sa,USABLE_DEFAULT_PHOTO_CURRENT_NAME_MATCH,,True,taxon_default_photo,475722255.0,https://inaturalist-open-data.s3.amazonaws.com/photos/475722255/medium.jpg,cc-by-sa,"(c) Lachlan Copeland, some rights reserved (CC BY-SA), uploaded by Lachlan Copeland",,,https://www.inaturalist.org/photos/475722255
Senecio pinnatifolius,True,EXACT_CURRENT_NAME,Senecio pinnatifolius,353931.0,Senecio pinnatifolius,pinnate-leaved groundsel,species,https://www.inaturalist.org/taxa/353931,False,True,cc-by-nc,USABLE_RESEARCH_GRADE_PHOTO_CURRENT_NAME_MATCH,,True,research_grade_observation,62982744.0,https://inaturalist-open-data.s3.amazonaws.com/photos/62982744/medium.jpeg,cc0,no rights reserved,39683701.0,https://www.inaturalist.org/observations/39683701,https://www.inaturalist.org/photos/62982744
Senecio pinnatifolius var. lanceolatus,False,,,,,,,,False,False,,NO_SAFE_EXACT_OR_SYNONYM_MATCH,,False,,,,,,,,
Senecio quadridentatus,True,EXACT_CURRENT_NAME,Senecio quadridentatus,79052.0,Senecio quadridentatus,cotton burnweed,species,https://www.inaturalist.org/taxa/79052,False,True,cc-by-nc,USABLE_RESEARCH_GRADE_PHOTO_CURRENT_NAME_MATCH,,True,research_grade_observation,298993802.0,https://inaturalist-open-data.s3.amazonaws.com/photos/298993802/medium.jpeg,cc-by-sa,"(c) Julia Palmer, some rights reserved (CC BY-SA)",172248824.0,https://www.inaturalist.org/observations/172248824,https://www.inaturalist.org/photos/298993802
Senecio vulgaris,True,EXACT_CURRENT_NAME,Senecio vulgaris,53211.0,Senecio vulgaris,common groundsel,species,https://www.inaturalist.org/taxa/53211,False,True,cc-by-nc,USABLE_RESEARCH_GRADE_PHOTO_CURRENT_NAME_MATCH,,True,research_grade_observation,319356902.0,https://inaturalist-open-data.s3.amazonaws.com/photos/319356902/medium.jpg,cc-by-sa,"(c) Douglas Goldman, some rights reserved (CC BY-SA)",183086852.0,https://www.inaturalist.org/observations/183086852,https://www.inaturalist.org/photos/319356902
Setaria italica,True,EXACT_CURRENT_NAME,Setaria italica,168879.0,Setaria italica,Foxtail Bristle-grass,species,https://www.inaturalist.org/taxa/168879,False,True,,USABLE_RESEARCH_GRADE_PHOTO_CURRENT_NAME_MATCH,,True,research_grade_observation,59749115.0,https://inaturalist-open-data.s3.amazonaws.com/photos/59749115/medium.jpeg,cc-by,"(c) Brandon Corder, some rights reserved (CC BY)",37661856.0,https://www.inaturalist.org/observations/37661856,https://www.inaturalist.org/photos/59749115
Setaria parviflora,True,EXACT_CURRENT_NAME,Setaria parviflora,79068.0,Setaria parviflora,knotroot bristlegrass,species,https://www.inaturalist.org/taxa/79068,False,True,cc0,USABLE_DEFAULT_PHOTO_CURRENT_NAME_MATCH,,True,taxon_default_photo,50707544.0,https://inaturalist-open-data.s3.amazonaws.com/photos/50707544/medium.jpeg,cc0,"no rights reserved, uploaded by 葉子",,,https://www.inaturalist.org/photos/50707544
Setaria pumila,True,EXACT_CURRENT_NAME,Setaria pumila,48688.0,Setaria pumila,yellow foxtail,species,https://www.inaturalist.org/taxa/48688,False,True,cc-by-nc,USABLE_RESEARCH_GRADE_PHOTO_CURRENT_NAME_MATCH,,True,research_grade_observation,95789820.0,https://inaturalist-open-data.s3.amazonaws.com/photos/95789820/medium.jpeg,cc-by,"(c) Tom Norton, some rights reserved (CC BY)",59927679.0,https://www.inaturalist.org/observations/59927679,https://www.inaturalist.org/photos/95789820
Silene gallica,True,EXACT_CURRENT_NAME,Silene gallica,53212.0,Silene gallica,Small-flowered Catchfly,species,https://www.inaturalist.org/taxa/53212,False,True,,USABLE_RESEARCH_GRADE_PHOTO_CURRENT_NAME_MATCH,,True,research_grade_observation,38965706.0,https://inaturalist-open-data.s3.amazonaws.com/photos/38965706/medium.jpeg,cc0,no rights reserved,25173716.0,https://www.inaturalist.org/observations/25173716,https://www.inaturalist.org/photos/38965706
Silene gallica var. quinquevulnera,False,,,,,,,,False,False,,NO_SAFE_EXACT_OR_SYNONYM_MATCH,,False,,,,,,,,
Silene longicaulis,True,EXACT_SYNONYM,Silene longicaulis,1007798.0,Silene gracilis,,species,https://www.inaturalist.org/taxa/1007798,True,True,cc-by-nc,USABLE_RESEARCH_GRADE_PHOTO_SYNONYM_MATCH,,True,research_grade_observation,511071691.0,https://inaturalist-open-data.s3.amazonaws.com/photos/511071691/medium.jpg,cc-by,"(c) Duarte Frade, some rights reserved (CC BY)",284382287.0,https://www.inaturalist.org/observations/284382287,https://www.inaturalist.org/photos/511071691
Sisyrinchium micranthum,True,EXACT_CURRENT_NAME,Sisyrinchium micranthum,284004.0,Sisyrinchium micranthum,Blue Pigroot,species,https://www.inaturalist.org/taxa/284004,False,True,,USABLE_RESEARCH_GRADE_PHOTO_CURRENT_NAME_MATCH,,True,research_grade_observation,128676343.0,https://inaturalist-open-data.s3.amazonaws.com/photos/128676343/medium.jpeg,cc-by,"(c) Chris Hughes, some rights reserved (CC BY)",78614091.0,https://www.inaturalist.org/observations/78614091,https://www.inaturalist.org/photos/128676343
Solanum americanum,True,EXACT_CURRENT_NAME,Solanum americanum,59035.0,Solanum americanum,American black nightshade,species,https://www.inaturalist.org/taxa/59035,False,True,cc-by-nc,USABLE_RESEARCH_GRADE_PHOTO_CURRENT_NAME_MATCH,,True,research_grade_observation,95900662.0,https://inaturalist-open-data.s3.amazonaws.com/photos/95900662/medium.jpg,cc-by,"(c) Frederick Nunley, some rights reserved (CC BY)",59994619.0,https://www.inaturalist.org/observations/59994619,https://www.inaturalist.org/photos/95900662
Solanum aviculare,True,EXACT_CURRENT_NAME,Solanum aviculare,79135.0,Solanum aviculare,New Zealand nightshade,species,https://www.inaturalist.org/taxa/79135,False,True,cc0,USABLE_DEFAULT_PHOTO_CURRENT_NAME_MATCH,,True,taxon_default_photo,3028939.0,https://inaturalist-open-data.s3.amazonaws.com/photos/3028939/medium.jpg,cc0,"no rights reserved, uploaded by Peter de Lange",,,https://www.inaturalist.org/photos/3028939
Solanum laciniatum,True,EXACT_CURRENT_NAME,Solanum laciniatum,328092.0,Solanum laciniatum,kangaroo-apple,species,https://www.inaturalist.org/taxa/328092,False,True,cc-by,USABLE_DEFAULT_PHOTO_CURRENT_NAME_MATCH,,True,taxon_default_photo,1303523.0,https://inaturalist-open-data.s3.amazonaws.com/photos/1303523/medium.jpg,cc-by,"(c) Murray NZ, some rights reserved (CC BY), uploaded by Murray NZ",,,https://www.inaturalist.org/photos/1303523
Solanum lycopersicum,True,EXACT_CURRENT_NAME,Solanum lycopersicum,51737.0,Solanum lycopersicum,tomato,species,https://www.inaturalist.org/taxa/51737,False,True,cc-by-nc,USABLE_RESEARCH_GRADE_PHOTO_CURRENT_NAME_MATCH,,True,research_grade_observation,103246800.0,https://inaturalist-open-data.s3.amazonaws.com/photos/103246800/medium.jpg,cc-by,"(c) Георгий Виноградов (Georgy Vinogradov), some rights reserved (CC BY)",64241091.0,https://www.inaturalist.org/observations/64241091,https://www.inaturalist.org/photos/103246800
Solanum mauritianum,True,EXACT_CURRENT_NAME,Solanum mauritianum,133287.0,Solanum mauritianum,bugweed,species,https://www.inaturalist.org/taxa/133287,False,True,cc-by-nc-sa,USABLE_RESEARCH_GRADE_PHOTO_CURRENT_NAME_MATCH,,True,research_grade_observation,476514895.0,https://inaturalist-open-data.s3.amazonaws.com/photos/476514895/medium.jpeg,cc-by,"(c) zebedeugalinha, some rights reserved (CC BY)",265301627.0,https://www.inaturalist.org/observations/265301627,https://www.inaturalist.org/photos/476514895
Solanum nigrum,True,EXACT_CURRENT_NAME,Solanum nigrum,1351686.0,Solanum nigrum,Black Nightshade Complex,complex,https://www.inaturalist.org/taxa/1351686,False,True,cc0,USABLE_DEFAULT_PHOTO_CURRENT_NAME_MATCH,,True,taxon_default_photo,199968095.0,https://inaturalist-open-data.s3.amazonaws.com/photos/199968095/medium.jpeg,cc0,"no rights reserved, uploaded by 葉子",,,https://www.inaturalist.org/photos/199968095
Solanum pseudocapsicum,True,EXACT_CURRENT_NAME,Solanum pseudocapsicum,169078.0,Solanum pseudocapsicum,Jerusalem cherry,species,https://www.inaturalist.org/taxa/169078,False,True,cc-by-nc,USABLE_RESEARCH_GRADE_PHOTO_CURRENT_NAME_MATCH,,True,research_grade_observation,302278481.0,https://inaturalist-open-data.s3.amazonaws.com/photos/302278481/medium.jpeg,cc-by,"(c) aacocucci, some rights reserved (CC BY)",174029157.0,https://www.inaturalist.org/observations/174029157,https://www.inaturalist.org/photos/302278481
Solenogyne dominii,True,EXACT_CURRENT_NAME,Solenogyne dominii,210170.0,Solenogyne dominii,Smooth Solenogyne,species,https://www.inaturalist.org/taxa/210170,False,True,cc-by-nc,USABLE_RESEARCH_GRADE_PHOTO_CURRENT_NAME_MATCH,,True,research_grade_observation,75622063.0,https://inaturalist-open-data.s3.amazonaws.com/photos/75622063/medium.jpeg,cc-by,"(c) Russell Best, some rights reserved (CC BY)",47675172.0,https://www.inaturalist.org/observations/47675172,https://www.inaturalist.org/photos/75622063
Solenogyne gunnii,True,EXACT_CURRENT_NAME,Solenogyne gunnii,406076.0,Solenogyne gunnii,,species,https://www.inaturalist.org/taxa/406076,False,True,cc-by-nc,USABLE_RESEARCH_GRADE_PHOTO_CURRENT_NAME_MATCH,,True,research_grade_observation,106002235.0,https://inaturalist-open-data.s3.amazonaws.com/photos/106002235/medium.jpeg,cc-by,"(c) Ben Fisher, some rights reserved (CC BY)",65820037.0,https://www.inaturalist.org/observations/65820037,https://www.inaturalist.org/photos/106002235
Soliva sessilis,True,EXACT_CURRENT_NAME,Soliva sessilis,60150.0,Soliva sessilis,common soliva,species,https://www.inaturalist.org/taxa/60150,False,True,cc-by-nc,USABLE_RESEARCH_GRADE_PHOTO_CURRENT_NAME_MATCH,,True,research_grade_observation,239655226.0,https://inaturalist-open-data.s3.amazonaws.com/photos/239655226/medium.jpeg,cc-by,"(c) Thomas Mesaglio, some rights reserved (CC BY)",140047247.0,https://www.inaturalist.org/observations/140047247,https://www.inaturalist.org/photos/239655226
Sonchus asper,True,EXACT_CURRENT_NAME,Sonchus asper,53269.0,Sonchus asper,prickly sowthistle,species,https://www.inaturalist.org/taxa/53269,False,True,cc-by-nc,USABLE_RESEARCH_GRADE_PHOTO_CURRENT_NAME_MATCH,,True,research_grade_observation,236565957.0,https://inaturalist-open-data.s3.amazonaws.com/photos/236565957/medium.jpg,cc-by-sa,"(c) Douglas Goldman, some rights reserved (CC BY-SA)",138412061.0,https://www.inaturalist.org/observations/138412061,https://www.inaturalist.org/photos/236565957
Sonchus asper subsp. asper,False,,,,,,,,False,False,,NO_SAFE_EXACT_OR_SYNONYM_MATCH,,False,,,,,,,,
Sonchus oleraceus,True,EXACT_CURRENT_NAME,Sonchus oleraceus,53294.0,Sonchus oleraceus,Common Sow-thistle,species,https://www.inaturalist.org/taxa/53294,False,True,cc-by-nc,USABLE_RESEARCH_GRADE_PHOTO_CURRENT_NAME_MATCH,,True,research_grade_observation,202120314.0,https://inaturalist-open-data.s3.amazonaws.com/photos/202120314/medium.jpeg,cc-by,"(c) Gavin Slater, some rights reserved (CC BY)",119555843.0,https://www.inaturalist.org/observations/119555843,https://www.inaturalist.org/photos/202120314
Spergula arvensis,True,EXACT_CURRENT_NAME,Spergula arvensis,57005.0,Spergula arvensis,Corn spurrey,species,https://www.inaturalist.org/taxa/57005,False,True,cc-by-nc,USABLE_RESEARCH_GRADE_PHOTO_CURRENT_NAME_MATCH,,True,research_grade_observation,26107506.0,https://inaturalist-open-data.s3.amazonaws.com/photos/26107506/medium.jpeg,cc-by,"(c) Simon, some rights reserved (CC BY)",17219114.0,https://www.inaturalist.org/observations/17219114,https://www.inaturalist.org/photos/26107506
Spergularia bocconei,True,EXACT_CURRENT_NAME,Spergularia bocconei,594639.0,Spergularia bocconei,Greek Sea-spurrey,species,https://www.inaturalist.org/taxa/594639,False,True,cc-by-nc,USABLE_RESEARCH_GRADE_PHOTO_CURRENT_NAME_MATCH,,True,research_grade_observation,119936746.0,https://inaturalist-open-data.s3.amazonaws.com/photos/119936746/medium.jpg,cc-by,"(c) Adam J. Searcy, some rights reserved (CC BY)",73462262.0,https://www.inaturalist.org/observations/73462262,https://www.inaturalist.org/photos/119936746
Sphaerolobium minus,True,EXACT_CURRENT_NAME,Sphaerolobium minus,323866.0,Sphaerolobium minus,globe-pea,species,https://www.inaturalist.org/taxa/323866,False,True,cc-by-nc,USABLE_RESEARCH_GRADE_PHOTO_CURRENT_NAME_MATCH,,True,research_grade_observation,168330776.0,https://inaturalist-open-data.s3.amazonaws.com/photos/168330776/medium.jpg,cc-by,"(c) Steve Llewellyn, some rights reserved (CC BY)",100794474.0,https://www.inaturalist.org/observations/100794474,https://www.inaturalist.org/photos/168330776
Sphaerolobium vimineum,True,EXACT_CURRENT_NAME,Sphaerolobium vimineum,569070.0,Sphaerolobium vimineum,leafless globe-pea,species,https://www.inaturalist.org/taxa/569070,False,True,cc-by-nc,USABLE_RESEARCH_GRADE_PHOTO_CURRENT_NAME_MATCH,,True,research_grade_observation,557936270.0,https://inaturalist-open-data.s3.amazonaws.com/photos/557936270/medium.jpg,cc-by,"(c) Daniel Stephan, some rights reserved (CC BY)",309201218.0,https://www.inaturalist.org/observations/309201218,https://www.inaturalist.org/photos/557936270
Spirodela punctata,True,EXACT_SYNONYM,Spirodela punctata,77623.0,Landoltia punctata,dotted duckweed,species,https://www.inaturalist.org/taxa/77623,True,True,cc-by-nc-nd,USABLE_RESEARCH_GRADE_PHOTO_SYNONYM_MATCH,,True,research_grade_observation,684322851.0,https://inaturalist-open-data.s3.amazonaws.com/photos/684322851/medium.jpg,cc-by,"(c) zebedeugalinha, some rights reserved (CC BY)",374399138.0,https://www.inaturalist.org/observations/374399138,https://www.inaturalist.org/photos/684322851
Sporobolus africanus,True,EXACT_CURRENT_NAME,Sporobolus africanus,369711.0,Sporobolus africanus,Parramatta Grass,species,https://www.inaturalist.org/taxa/369711,False,True,cc-by-nc,USABLE_RESEARCH_GRADE_PHOTO_CURRENT_NAME_MATCH,,True,research_grade_observation,105568180.0,https://inaturalist-open-data.s3.amazonaws.com/photos/105568180/medium.jpeg,cc-by,"(c) Jacqui Geux, some rights reserved (CC BY)",65575377.0,https://www.inaturalist.org/observations/65575377,https://www.inaturalist.org/photos/105568180
Sprengelia incarnata,True,EXACT_CURRENT_NAME,Sprengelia incarnata,323196.0,Sprengelia incarnata,Pink Swamp Heath,species,https://www.inaturalist.org/taxa/323196,False,True,cc-by-nc,USABLE_RESEARCH_GRADE_PHOTO_CURRENT_NAME_MATCH,,True,research_grade_observation,344849818.0,https://inaturalist-open-data.s3.amazonaws.com/photos/344849818/medium.jpeg,cc-by,"(c) Todd Huang, some rights reserved (CC BY)",195945711.0,https://www.inaturalist.org/observations/195945711,https://www.inaturalist.org/photos/344849818
Spyridium parvifolium,True,EXACT_CURRENT_NAME,Spyridium parvifolium,516890.0,Spyridium parvifolium,Australian dusty miller,species,https://www.inaturalist.org/taxa/516890,False,True,cc-by,USABLE_DEFAULT_PHOTO_CURRENT_NAME_MATCH,,True,taxon_default_photo,300746789.0,https://inaturalist-open-data.s3.amazonaws.com/photos/300746789/medium.jpg,cc-by,"(c) Connor Margetts, some rights reserved (CC BY), uploaded by Connor Margetts",,,https://www.inaturalist.org/photos/300746789
Stachys arvensis,True,EXACT_CURRENT_NAME,Stachys arvensis,169309.0,Stachys arvensis,Field woundwort,species,https://www.inaturalist.org/taxa/169309,False,True,cc-by-nc,USABLE_RESEARCH_GRADE_PHOTO_CURRENT_NAME_MATCH,,True,research_grade_observation,33901578.0,https://inaturalist-open-data.s3.amazonaws.com/photos/33901578/medium.jpeg,cc0,no rights reserved,21881511.0,https://www.inaturalist.org/observations/21881511,https://www.inaturalist.org/photos/33901578
Stackhousia monogyna,True,EXACT_CURRENT_NAME,Stackhousia monogyna,323868.0,Stackhousia monogyna,Creamy Candles,species,https://www.inaturalist.org/taxa/323868,False,True,cc-by,USABLE_DEFAULT_PHOTO_CURRENT_NAME_MATCH,,True,taxon_default_photo,167684323.0,https://inaturalist-open-data.s3.amazonaws.com/photos/167684323/medium.jpg,cc-by,"(c) Lukas Clews, some rights reserved (CC BY), uploaded by Lukas Clews",,,https://www.inaturalist.org/photos/167684323
Stellaria media,True,EXACT_CURRENT_NAME,Stellaria media,1087592.0,Stellaria media,Common Chickweed Complex,complex,https://www.inaturalist.org/taxa/1087592,False,True,cc-by-nc,USABLE_RESEARCH_GRADE_PHOTO_CURRENT_NAME_MATCH,,True,research_grade_observation,681073826.0,https://inaturalist-open-data.s3.amazonaws.com/photos/681073826/medium.jpg,cc-by,"(c) zebedeugalinha, some rights reserved (CC BY)",372705350.0,https://www.inaturalist.org/observations/372705350,https://www.inaturalist.org/photos/681073826
Stenotaphrum secundatum,True,EXACT_CURRENT_NAME,Stenotaphrum secundatum,79210.0,Stenotaphrum secundatum,Saint Augustine grass,species,https://www.inaturalist.org/taxa/79210,False,True,cc-by-sa,USABLE_DEFAULT_PHOTO_CURRENT_NAME_MATCH,,True,taxon_default_photo,49482131.0,https://inaturalist-open-data.s3.amazonaws.com/photos/49482131/medium.jpeg,cc-by-sa,"(c) Douglas Goldman, some rights reserved (CC BY-SA), uploaded by Douglas Goldman",,,https://www.inaturalist.org/photos/49482131
Stylidium armeria,True,EXACT_CURRENT_NAME,Stylidium armeria,342322.0,Stylidium armeria,Thrift-leaved Triggerplant,species,https://www.inaturalist.org/taxa/342322,False,True,cc-by,USABLE_DEFAULT_PHOTO_CURRENT_NAME_MATCH,,True,taxon_default_photo,74911544.0,https://inaturalist-open-data.s3.amazonaws.com/photos/74911544/medium.jpeg,cc-by,"(c) Chris Clarke, some rights reserved (CC BY), uploaded by Chris Clarke",,,https://www.inaturalist.org/photos/74911544
Stylidium armeria subsp. armeria,False,,,,,,,,False,False,,NO_SAFE_EXACT_OR_SYNONYM_MATCH,,False,,,,,,,,
Stylidium despectum,True,EXACT_CURRENT_NAME,Stylidium despectum,145685.0,Stylidium despectum,Small Triggerplant,species,https://www.inaturalist.org/taxa/145685,False,True,cc-by-nc,USABLE_RESEARCH_GRADE_PHOTO_CURRENT_NAME_MATCH,,True,research_grade_observation,599168482.0,https://inaturalist-open-data.s3.amazonaws.com/photos/599168482/medium.jpg,cc-by,"(c) grampianshiker, some rights reserved (CC BY)",330427974.0,https://www.inaturalist.org/observations/330427974,https://www.inaturalist.org/photos/599168482
Stylidium graminifolium,True,EXACT_CURRENT_NAME,Stylidium graminifolium,145703.0,Stylidium graminifolium,Grass Triggerplant,species,https://www.inaturalist.org/taxa/145703,False,True,cc-by-nc-nd,USABLE_RESEARCH_GRADE_PHOTO_CURRENT_NAME_MATCH,,True,research_grade_observation,165286233.0,https://inaturalist-open-data.s3.amazonaws.com/photos/165286233/medium.jpeg,cc-by,"(c) Jane Canaway, some rights reserved (CC BY)",99182316.0,https://www.inaturalist.org/observations/99182316,https://www.inaturalist.org/photos/165286233
Stylidium perpusillum,True,EXACT_CURRENT_NAME,Stylidium perpusillum,323894.0,Stylidium perpusillum,Tiny Triggerplant,species,https://www.inaturalist.org/taxa/323894,False,True,cc-by-nc,USABLE_RESEARCH_GRADE_PHOTO_CURRENT_NAME_MATCH,,True,research_grade_observation,74320782.0,https://inaturalist-open-data.s3.amazonaws.com/photos/74320782/medium.jpeg,cc-by,"(c) Lorraine Phelan, some rights reserved (CC BY)",46862738.0,https://www.inaturalist.org/observations/46862738,https://www.inaturalist.org/photos/74320782
Styphelia humifusa,True,EXACT_CURRENT_NAME,Styphelia humifusa,1391449.0,Styphelia humifusa,Cranberry Heath,species,https://www.inaturalist.org/taxa/1391449,False,True,,USABLE_RESEARCH_GRADE_PHOTO_CURRENT_NAME_MATCH,,True,research_grade_observation,622367560.0,https://inaturalist-open-data.s3.amazonaws.com/photos/622367560/medium.jpg,cc-by,"(c) Rod Lowther, some rights reserved (CC BY)",341828672.0,https://www.inaturalist.org/observations/341828672,https://www.inaturalist.org/photos/622367560
Symphyotrichum subulatum,True,EXACT_CURRENT_NAME,Symphyotrichum subulatum,64208.0,Symphyotrichum subulatum,annual saltmarsh aster,species,https://www.inaturalist.org/taxa/64208,False,True,cc0,USABLE_DEFAULT_PHOTO_CURRENT_NAME_MATCH,,True,taxon_default_photo,27993962.0,https://inaturalist-open-data.s3.amazonaws.com/photos/27993962/medium.jpeg,cc0,"no rights reserved, uploaded by 葉子",,,https://www.inaturalist.org/photos/27993962
Syzygium smithii,True,EXACT_CURRENT_NAME,Syzygium smithii,338330.0,Syzygium smithii,Lilly Pilly,species,https://www.inaturalist.org/taxa/338330,False,True,cc-by-nc,USABLE_RESEARCH_GRADE_PHOTO_CURRENT_NAME_MATCH,,True,research_grade_observation,168047895.0,https://inaturalist-open-data.s3.amazonaws.com/photos/168047895/medium.jpeg,cc-by-sa,"(c) Greg Tasney, some rights reserved (CC BY-SA)",100668976.0,https://www.inaturalist.org/observations/100668976,https://www.inaturalist.org/photos/168047895
Tayloria octoblepharum,True,EXACT_CURRENT_NAME,Tayloria octoblepharum,406409.0,Tayloria octoblepharum,Austral Poop Moss,species,https://www.inaturalist.org/taxa/406409,False,True,cc-by-nc-sa,USABLE_RESEARCH_GRADE_PHOTO_CURRENT_NAME_MATCH,,True,research_grade_observation,80796747.0,https://inaturalist-open-data.s3.amazonaws.com/photos/80796747/medium.jpeg,cc-by,"(c) Em Lamond, some rights reserved (CC BY)",50869210.0,https://www.inaturalist.org/observations/50869210,https://www.inaturalist.org/photos/80796747
Tetratheca ciliata,True,EXACT_CURRENT_NAME,Tetratheca ciliata,83366.0,Tetratheca ciliata,Pink-bells,species,https://www.inaturalist.org/taxa/83366,False,True,cc-by-nc-sa,USABLE_RESEARCH_GRADE_PHOTO_CURRENT_NAME_MATCH,,True,research_grade_observation,226347199.0,https://inaturalist-open-data.s3.amazonaws.com/photos/226347199/medium.jpg,cc-by,"(c) Jesse de Vries, some rights reserved (CC BY)",132928968.0,https://www.inaturalist.org/observations/132928968,https://www.inaturalist.org/photos/226347199
Thelionema caespitosum,True,EXACT_CURRENT_NAME,Thelionema caespitosum,423671.0,Thelionema caespitosum,Tufted Blue Lily,species,https://www.inaturalist.org/taxa/423671,False,True,cc-by-nc-sa,USABLE_RESEARCH_GRADE_PHOTO_CURRENT_NAME_MATCH,,True,research_grade_observation,447136383.0,https://inaturalist-open-data.s3.amazonaws.com/photos/447136383/medium.jpg,cc-by,"(c) T. Hammer, some rights reserved (CC BY)",250068004.0,https://www.inaturalist.org/observations/250068004,https://www.inaturalist.org/photos/447136383
Thelymitra antennifera,True,EXACT_CURRENT_NAME,Thelymitra antennifera,323935.0,Thelymitra antennifera,lemon-scented sun orchid,species,https://www.inaturalist.org/taxa/323935,False,True,cc-by-nc-nd,USABLE_RESEARCH_GRADE_PHOTO_CURRENT_NAME_MATCH,,True,research_grade_observation,316000229.0,https://inaturalist-open-data.s3.amazonaws.com/photos/316000229/medium.jpeg,cc-by,"(c) Rosalie Lawrence, some rights reserved (CC BY)",181324840.0,https://www.inaturalist.org/observations/181324840,https://www.inaturalist.org/photos/316000229
Thelymitra flexuosa,True,EXACT_CURRENT_NAME,Thelymitra flexuosa,323933.0,Thelymitra flexuosa,twisted sun-orchid,species,https://www.inaturalist.org/taxa/323933,False,True,cc-by-nc-sa,USABLE_RESEARCH_GRADE_PHOTO_CURRENT_NAME_MATCH,,True,research_grade_observation,441550329.0,https://inaturalist-open-data.s3.amazonaws.com/photos/441550329/medium.jpeg,cc-by,"(c) Brendan Costello, some rights reserved (CC BY)",247247703.0,https://www.inaturalist.org/observations/247247703,https://www.inaturalist.org/photos/441550329
Thelymitra ixioides,True,EXACT_CURRENT_NAME,Thelymitra ixioides,83359.0,Thelymitra ixioides,spotted sun-orchid,species,https://www.inaturalist.org/taxa/83359,False,True,cc-by-nc,USABLE_RESEARCH_GRADE_PHOTO_CURRENT_NAME_MATCH,,True,research_grade_observation,331392836.0,https://inaturalist-open-data.s3.amazonaws.com/photos/331392836/medium.jpeg,cc0,no rights reserved,189211303.0,https://www.inaturalist.org/observations/189211303,https://www.inaturalist.org/photos/331392836
Thelymitra pauciflora,True,EXACT_CURRENT_NAME,Thelymitra pauciflora,406514.0,Thelymitra pauciflora,slender sun-orchid,species,https://www.inaturalist.org/taxa/406514,False,True,cc-by-nc,USABLE_RESEARCH_GRADE_PHOTO_CURRENT_NAME_MATCH,,True,research_grade_observation,453628931.0,https://inaturalist-open-data.s3.amazonaws.com/photos/453628931/medium.jpg,cc0,no rights reserved,253356880.0,https://www.inaturalist.org/observations/253356880,https://www.inaturalist.org/photos/453628931
Thelymitra rubra,True,EXACT_CURRENT_NAME,Thelymitra rubra,516247.0,Thelymitra rubra,salmon sun-orchid,species,https://www.inaturalist.org/taxa/516247,False,True,cc-by,USABLE_DEFAULT_PHOTO_CURRENT_NAME_MATCH,,True,taxon_default_photo,74915122.0,https://inaturalist-open-data.s3.amazonaws.com/photos/74915122/medium.jpeg,cc-by,"(c) Chris Clarke, some rights reserved (CC BY), uploaded by Chris Clarke",,,https://www.inaturalist.org/photos/74915122
Themeda triandra,True,EXACT_CURRENT_NAME,Themeda triandra,208571.0,Themeda triandra,Kangaroo Grass,species,https://www.inaturalist.org/taxa/208571,False,True,cc-by-nc,USABLE_RESEARCH_GRADE_PHOTO_CURRENT_NAME_MATCH,,True,research_grade_observation,501682260.0,https://inaturalist-open-data.s3.amazonaws.com/photos/501682260/medium.jpeg,cc-by,"(c) Lucas Christofides, some rights reserved (CC BY)",279380630.0,https://www.inaturalist.org/observations/279380630,https://www.inaturalist.org/photos/501682260
Thesium australe,True,EXACT_CURRENT_NAME,Thesium australe,967153.0,Thesium australe,austral toadflax,species,https://www.inaturalist.org/taxa/967153,False,True,cc-by-nc,USABLE_RESEARCH_GRADE_PHOTO_CURRENT_NAME_MATCH,,True,research_grade_observation,101859292.0,https://inaturalist-open-data.s3.amazonaws.com/photos/101859292/medium.jpg,cc-by,"(c) Lukas Clews, some rights reserved (CC BY)",63466668.0,https://www.inaturalist.org/observations/63466668,https://www.inaturalist.org/photos/101859292
Thuidiopsis furfurosa,True,EXACT_CURRENT_NAME,Thuidiopsis furfurosa,406528.0,Thuidiopsis furfurosa,,species,https://www.inaturalist.org/taxa/406528,False,True,cc-by-nc,USABLE_RESEARCH_GRADE_PHOTO_CURRENT_NAME_MATCH,,True,research_grade_observation,608487971.0,https://inaturalist-open-data.s3.amazonaws.com/photos/608487971/medium.jpg,cc-by,"(c) William Harland, some rights reserved (CC BY)",335000959.0,https://www.inaturalist.org/observations/335000959,https://www.inaturalist.org/photos/608487971
Thysanotus patersonii,True,EXACT_CURRENT_NAME,Thysanotus patersonii,323937.0,Thysanotus patersonii,Twining Fringe-lily,species,https://www.inaturalist.org/taxa/323937,False,True,cc-by-nc-sa,USABLE_RESEARCH_GRADE_PHOTO_CURRENT_NAME_MATCH,,True,research_grade_observation,331169586.0,https://inaturalist-open-data.s3.amazonaws.com/photos/331169586/medium.jpeg,cc-by,"(c) Thomas Mesaglio, some rights reserved (CC BY)",189101778.0,https://www.inaturalist.org/observations/189101778,https://www.inaturalist.org/photos/331169586
Thysanotus tuberosus,True,EXACT_CURRENT_NAME,Thysanotus tuberosus,122043.0,Thysanotus tuberosus,Common Fringe-lily,species,https://www.inaturalist.org/taxa/122043,False,True,cc-by-nc-sa,USABLE_RESEARCH_GRADE_PHOTO_CURRENT_NAME_MATCH,,True,research_grade_observation,172547915.0,https://inaturalist-open-data.s3.amazonaws.com/photos/172547915/medium.jpg,cc-by,"(c) Thomas Mesaglio, some rights reserved (CC BY)",103134383.0,https://www.inaturalist.org/observations/103134383,https://www.inaturalist.org/photos/172547915
Thysanotus tuberosus subsp. tuberosus,False,,,,,,,,False,False,,NO_SAFE_EXACT_OR_SYNONYM_MATCH,,False,,,,,,,,
Todea barbara,True,EXACT_CURRENT_NAME,Todea barbara,323949.0,Todea barbara,king fern,species,https://www.inaturalist.org/taxa/323949,False,True,cc-by-nc-sa,USABLE_RESEARCH_GRADE_PHOTO_CURRENT_NAME_MATCH,,True,research_grade_observation,163306372.0,https://inaturalist-open-data.s3.amazonaws.com/photos/163306372/medium.jpeg,cc-by,"(c) Jeremy Gilmore, some rights reserved (CC BY)",98128365.0,https://www.inaturalist.org/observations/98128365,https://www.inaturalist.org/photos/163306372
Tortula truncata,True,EXACT_CURRENT_NAME,Tortula truncata,406582.0,Tortula truncata,Common Pottia,species,https://www.inaturalist.org/taxa/406582,False,True,cc-by-nc,USABLE_RESEARCH_GRADE_PHOTO_CURRENT_NAME_MATCH,,True,research_grade_observation,11462467.0,https://inaturalist-open-data.s3.amazonaws.com/photos/11462467/medium.jpg,cc-by,"(c) George Greiff, some rights reserved (CC BY)",8579257.0,https://www.inaturalist.org/observations/8579257,https://www.inaturalist.org/photos/11462467
Trachymene composita,True,EXACT_CURRENT_NAME,Trachymene composita,353969.0,Trachymene composita,Parsnip Laceflower,species,https://www.inaturalist.org/taxa/353969,False,True,,USABLE_RESEARCH_GRADE_PHOTO_CURRENT_NAME_MATCH,,True,research_grade_observation,74924493.0,https://inaturalist-open-data.s3.amazonaws.com/photos/74924493/medium.jpeg,cc-by,"(c) Chris Clarke, some rights reserved (CC BY)",47241659.0,https://www.inaturalist.org/observations/47241659,https://www.inaturalist.org/photos/74924493
Trachymene composita var. composita,False,,,,,,,,False,False,,NO_SAFE_EXACT_OR_SYNONYM_MATCH,,False,,,,,,,,
Trachymene pilosa,True,EXACT_CURRENT_NAME,Trachymene pilosa,511206.0,Trachymene pilosa,Native Parsnip,species,https://www.inaturalist.org/taxa/511206,False,True,,USABLE_RESEARCH_GRADE_PHOTO_CURRENT_NAME_MATCH,,True,research_grade_observation,537952566.0,https://inaturalist-open-data.s3.amazonaws.com/photos/537952566/medium.jpg,cc-by,"(c) gwynmwilliams, some rights reserved (CC BY)",298637302.0,https://www.inaturalist.org/observations/298637302,https://www.inaturalist.org/photos/537952566
Tradescantia fluminensis,True,EXACT_CURRENT_NAME,Tradescantia fluminensis,79382.0,Tradescantia fluminensis,Rio Spiderwort,species,https://www.inaturalist.org/taxa/79382,False,True,,USABLE_RESEARCH_GRADE_PHOTO_CURRENT_NAME_MATCH,,True,research_grade_observation,268861785.0,https://inaturalist-open-data.s3.amazonaws.com/photos/268861785/medium.jpeg,cc-by-sa,"(c) Greg Tasney, some rights reserved (CC BY-SA)",155534705.0,https://www.inaturalist.org/observations/155534705,https://www.inaturalist.org/photos/268861785
Tribolium obliterum,True,EXACT_CURRENT_NAME,Tribolium obliterum,181609.0,Tribolium obliterum,Capetown grass,species,https://www.inaturalist.org/taxa/181609,False,True,cc-by,USABLE_DEFAULT_PHOTO_CURRENT_NAME_MATCH,,True,taxon_default_photo,108376598.0,https://inaturalist-open-data.s3.amazonaws.com/photos/108376598/medium.jpeg,cc-by,"(c) Nina Kerr, some rights reserved (CC BY), uploaded by Nina Kerr",,,https://www.inaturalist.org/photos/108376598
Tricoryne elatior,True,EXACT_CURRENT_NAME,Tricoryne elatior,209397.0,Tricoryne elatior,yellow rush-lily,species,https://www.inaturalist.org/taxa/209397,False,True,cc-by-nc-sa,USABLE_RESEARCH_GRADE_PHOTO_CURRENT_NAME_MATCH,,True,research_grade_observation,449061853.0,https://inaturalist-open-data.s3.amazonaws.com/photos/449061853/medium.jpeg,cc-by,"(c) Dylan Wishart, some rights reserved (CC BY)",251018295.0,https://www.inaturalist.org/observations/251018295,https://www.inaturalist.org/photos/449061853
Trifolium angustifolium,True,EXACT_CURRENT_NAME,Trifolium angustifolium,69939.0,Trifolium angustifolium,Narrow-leaved clover,species,https://www.inaturalist.org/taxa/69939,False,True,,USABLE_RESEARCH_GRADE_PHOTO_CURRENT_NAME_MATCH,,True,research_grade_observation,16722836.0,https://inaturalist-open-data.s3.amazonaws.com/photos/16722836/medium.jpeg,cc0,no rights reserved,11700725.0,https://www.inaturalist.org/observations/11700725,https://www.inaturalist.org/photos/16722836
Trifolium angustifolium var. angustifolium,False,,,,,,,,False,False,,NO_SAFE_EXACT_OR_SYNONYM_MATCH,,False,,,,,,,,
Trifolium cernuum,True,EXACT_CURRENT_NAME,Trifolium cernuum,79414.0,Trifolium cernuum,nodding clover,species,https://www.inaturalist.org/taxa/79414,False,True,cc-by-nc,USABLE_RESEARCH_GRADE_PHOTO_CURRENT_NAME_MATCH,,True,research_grade_observation,518571822.0,https://inaturalist-open-data.s3.amazonaws.com/photos/518571822/medium.jpg,cc-by,"(c) zebedeugalinha, some rights reserved (CC BY)",288363823.0,https://www.inaturalist.org/observations/288363823,https://www.inaturalist.org/photos/518571822
Trifolium dubium,True,EXACT_CURRENT_NAME,Trifolium dubium,53313.0,Trifolium dubium,Lesser hop trefoil,species,https://www.inaturalist.org/taxa/53313,False,True,cc-by-nc,USABLE_RESEARCH_GRADE_PHOTO_CURRENT_NAME_MATCH,,True,research_grade_observation,523602199.0,https://inaturalist-open-data.s3.amazonaws.com/photos/523602199/medium.jpg,cc-by,"(c) zebedeugalinha, some rights reserved (CC BY)",291036220.0,https://www.inaturalist.org/observations/291036220,https://www.inaturalist.org/photos/523602199
Trifolium fragiferum,True,EXACT_CURRENT_NAME,Trifolium fragiferum,58167.0,Trifolium fragiferum,Strawberry clover,species,https://www.inaturalist.org/taxa/58167,False,True,cc-by-nc,USABLE_RESEARCH_GRADE_PHOTO_CURRENT_NAME_MATCH,,True,research_grade_observation,226413420.0,https://inaturalist-open-data.s3.amazonaws.com/photos/226413420/medium.jpg,cc-by-sa,"(c) Douglas Goldman, some rights reserved (CC BY-SA)",132965662.0,https://www.inaturalist.org/observations/132965662,https://www.inaturalist.org/photos/226413420
Trifolium fragiferum var. fragiferum,False,,,,,,,,False,False,,NO_SAFE_EXACT_OR_SYNONYM_MATCH,,False,,,,,,,,
Trifolium glomeratum,True,EXACT_CURRENT_NAME,Trifolium glomeratum,61021.0,Trifolium glomeratum,Clustered clover,species,https://www.inaturalist.org/taxa/61021,False,True,cc-by-nc,USABLE_RESEARCH_GRADE_PHOTO_CURRENT_NAME_MATCH,,True,research_grade_observation,609534104.0,https://inaturalist-open-data.s3.amazonaws.com/photos/609534104/medium.jpg,cc-by,"(c) zebedeugalinha, some rights reserved (CC BY)",335519192.0,https://www.inaturalist.org/observations/335519192,https://www.inaturalist.org/photos/609534104
Trifolium incarnatum,True,EXACT_CURRENT_NAME,Trifolium incarnatum,64268.0,Trifolium incarnatum,crimson clover,species,https://www.inaturalist.org/taxa/64268,False,True,cc-by-nc-sa,USABLE_RESEARCH_GRADE_PHOTO_CURRENT_NAME_MATCH,,True,research_grade_observation,501331631.0,https://inaturalist-open-data.s3.amazonaws.com/photos/501331631/medium.jpg,cc0,no rights reserved,279187413.0,https://www.inaturalist.org/observations/279187413,https://www.inaturalist.org/photos/501331631
Trifolium michelianum,True,EXACT_CURRENT_NAME,Trifolium michelianum,491209.0,Trifolium michelianum,Micheli's clover,species,https://www.inaturalist.org/taxa/491209,False,True,cc-by-nc,USABLE_RESEARCH_GRADE_PHOTO_CURRENT_NAME_MATCH,,True,research_grade_observation,7450700.0,https://inaturalist-open-data.s3.amazonaws.com/photos/7450700/medium.jpg,cc-by-sa,"(c) Eddie Dunbar, some rights reserved (CC BY-SA)",5962957.0,https://www.inaturalist.org/observations/5962957,https://www.inaturalist.org/photos/7450700
Trifolium michelianum var. michelianum,False,,,,,,,,False,False,,NO_SAFE_EXACT_OR_SYNONYM_MATCH,,False,,,,,,,,
Trifolium pratense,True,EXACT_CURRENT_NAME,Trifolium pratense,51875.0,Trifolium pratense,Red Clover,species,https://www.inaturalist.org/taxa/51875,False,True,cc-by-nc,USABLE_RESEARCH_GRADE_PHOTO_CURRENT_NAME_MATCH,,True,research_grade_observation,55619862.0,https://inaturalist-open-data.s3.amazonaws.com/photos/55619862/medium.jpeg,cc-by,"(c) Tom Norton, some rights reserved (CC BY)",35283254.0,https://www.inaturalist.org/observations/35283254,https://www.inaturalist.org/photos/55619862
Trifolium repens,True,EXACT_CURRENT_NAME,Trifolium repens,55745.0,Trifolium repens,white clover,species,https://www.inaturalist.org/taxa/55745,False,True,cc-by-nc,USABLE_RESEARCH_GRADE_PHOTO_CURRENT_NAME_MATCH,,True,research_grade_observation,392307181.0,https://inaturalist-open-data.s3.amazonaws.com/photos/392307181/medium.jpeg,cc-by,"(c) Tom Norton, some rights reserved (CC BY)",221521630.0,https://www.inaturalist.org/observations/221521630,https://www.inaturalist.org/photos/392307181
Trifolium repens var. repens,False,,,,,,,,False,False,,NO_SAFE_EXACT_OR_SYNONYM_MATCH,,False,,,,,,,,
Trifolium resupinatum,True,EXACT_CURRENT_NAME,Trifolium resupinatum,79429.0,Trifolium resupinatum,Reversed clover,species,https://www.inaturalist.org/taxa/79429,False,True,,USABLE_RESEARCH_GRADE_PHOTO_CURRENT_NAME_MATCH,,True,research_grade_observation,578416754.0,https://inaturalist-open-data.s3.amazonaws.com/photos/578416754/medium.jpg,cc-by,"(c) zebedeugalinha, some rights reserved (CC BY)",319949935.0,https://www.inaturalist.org/observations/319949935,https://www.inaturalist.org/photos/578416754
Trifolium striatum,True,EXACT_CURRENT_NAME,Trifolium striatum,79432.0,Trifolium striatum,Knotted clover,species,https://www.inaturalist.org/taxa/79432,False,True,cc-by-nc-sa,USABLE_RESEARCH_GRADE_PHOTO_CURRENT_NAME_MATCH,,True,research_grade_observation,668549990.0,https://inaturalist-open-data.s3.amazonaws.com/photos/668549990/medium.jpg,cc-by,"(c) Brenda Black, some rights reserved (CC BY)",366149573.0,https://www.inaturalist.org/observations/366149573,https://www.inaturalist.org/photos/668549990
Trifolium subterraneum,True,EXACT_CURRENT_NAME,Trifolium subterraneum,60201.0,Trifolium subterraneum,Subterranean Clover,species,https://www.inaturalist.org/taxa/60201,False,True,cc-by-nc,USABLE_RESEARCH_GRADE_PHOTO_CURRENT_NAME_MATCH,,True,research_grade_observation,708517014.0,https://inaturalist-open-data.s3.amazonaws.com/photos/708517014/medium.jpg,cc-by,"(c) zebedeugalinha, some rights reserved (CC BY)",386946722.0,https://www.inaturalist.org/observations/386946722,https://www.inaturalist.org/photos/708517014
Trifolium vesiculosum,True,EXACT_SYNONYM,Trifolium vesiculosum,79434.0,Trifolium vessiculosum,arrowleaf clover,species,https://www.inaturalist.org/taxa/79434,True,True,,USABLE_RESEARCH_GRADE_PHOTO_SYNONYM_MATCH,,True,research_grade_observation,374841796.0,https://inaturalist-open-data.s3.amazonaws.com/photos/374841796/medium.jpg,cc-by,"(c) Leila Dasher, some rights reserved (CC BY)",212118853.0,https://www.inaturalist.org/observations/212118853,https://www.inaturalist.org/photos/374841796
Trifolium vesiculosum var. vesiculosum,False,,,,,,,,False,False,,NO_SAFE_EXACT_OR_SYNONYM_MATCH,,False,,,,,,,,
Triglochin striata,True,EXACT_CURRENT_NAME,Triglochin striata,79438.0,Triglochin striata,Three-ribbed Arrowgrass,species,https://www.inaturalist.org/taxa/79438,False,True,cc-by,USABLE_DEFAULT_PHOTO_CURRENT_NAME_MATCH,,True,taxon_default_photo,579830553.0,https://inaturalist-open-data.s3.amazonaws.com/photos/579830553/medium.jpg,cc-by,"(c) Joe Potter Butler, some rights reserved (CC BY)",,,https://www.inaturalist.org/photos/579830553
Typha domingensis,True,EXACT_CURRENT_NAME,Typha domingensis,58392.0,Typha domingensis,southern cattail,species,https://www.inaturalist.org/taxa/58392,False,True,cc-by-nc,USABLE_RESEARCH_GRADE_PHOTO_CURRENT_NAME_MATCH,,True,research_grade_observation,327430549.0,https://inaturalist-open-data.s3.amazonaws.com/photos/327430549/medium.jpeg,cc-by,"(c) Lightning Star Sky / Skyler Noah Wall, some rights reserved (CC BY)",187255982.0,https://www.inaturalist.org/observations/187255982,https://www.inaturalist.org/photos/327430549
Typha latifolia,True,EXACT_CURRENT_NAME,Typha latifolia,48685.0,Typha latifolia,broadleaf cattail,species,https://www.inaturalist.org/taxa/48685,False,True,cc-by-nc,USABLE_RESEARCH_GRADE_PHOTO_CURRENT_NAME_MATCH,,True,research_grade_observation,60027939.0,https://inaturalist-open-data.s3.amazonaws.com/photos/60027939/medium.jpg,cc-by,"(c) Bill Keim, some rights reserved (CC BY)",37816852.0,https://www.inaturalist.org/observations/37816852,https://www.inaturalist.org/photos/60027939
Typha orientalis,True,EXACT_CURRENT_NAME,Typha orientalis,341639.0,Typha orientalis,Oriental Cattail,species,https://www.inaturalist.org/taxa/341639,False,True,cc-by-nc-sa,USABLE_RESEARCH_GRADE_PHOTO_CURRENT_NAME_MATCH,,True,research_grade_observation,271945722.0,https://inaturalist-open-data.s3.amazonaws.com/photos/271945722/medium.jpeg,cc-by,"(c) Halema J, some rights reserved (CC BY)",157271249.0,https://www.inaturalist.org/observations/157271249,https://www.inaturalist.org/photos/271945722
Ulex europaeus,True,EXACT_CURRENT_NAME,Ulex europaeus,51751.0,Ulex europaeus,gorse,species,https://www.inaturalist.org/taxa/51751,False,True,cc-by-sa,USABLE_DEFAULT_PHOTO_CURRENT_NAME_MATCH,,True,taxon_default_photo,459991680.0,https://inaturalist-open-data.s3.amazonaws.com/photos/459991680/medium.jpg,cc-by-sa,"(c) lejones417, some rights reserved (CC BY-SA)",,,https://www.inaturalist.org/photos/459991680
Urtica urens,True,EXACT_CURRENT_NAME,Urtica urens,53315.0,Urtica urens,Dwarf Nettle,species,https://www.inaturalist.org/taxa/53315,False,True,cc0,USABLE_DEFAULT_PHOTO_CURRENT_NAME_MATCH,,True,taxon_default_photo,346153612.0,https://inaturalist-open-data.s3.amazonaws.com/photos/346153612/medium.jpg,cc0,no rights reserved,,,https://www.inaturalist.org/photos/346153612
Utricularia dichotoma,True,EXACT_CURRENT_NAME,Utricularia dichotoma,123241.0,Utricularia dichotoma,fairy aprons,species,https://www.inaturalist.org/taxa/123241,False,True,cc-by-nc,USABLE_RESEARCH_GRADE_PHOTO_CURRENT_NAME_MATCH,,True,research_grade_observation,337434942.0,https://inaturalist-open-data.s3.amazonaws.com/photos/337434942/medium.jpeg,cc-by,"(c) Joe Potter Butler, some rights reserved (CC BY)",192241782.0,https://www.inaturalist.org/observations/192241782,https://www.inaturalist.org/photos/337434942
Utricularia lateriflora,True,EXACT_CURRENT_NAME,Utricularia lateriflora,320833.0,Utricularia lateriflora,Tiny Bladderwort,species,https://www.inaturalist.org/taxa/320833,False,True,cc-by-sa,USABLE_DEFAULT_PHOTO_CURRENT_NAME_MATCH,,True,taxon_default_photo,365291.0,https://inaturalist-open-data.s3.amazonaws.com/photos/365291/medium.jpg,cc-by-sa,"(c) Noah Elhardt, some rights reserved (CC BY-SA)",,,https://www.inaturalist.org/photos/365291
Utricularia tenella,True,EXACT_CURRENT_NAME,Utricularia tenella,508360.0,Utricularia tenella,Pink Bladderwort,species,https://www.inaturalist.org/taxa/508360,False,True,cc-by,USABLE_DEFAULT_PHOTO_CURRENT_NAME_MATCH,,True,taxon_default_photo,228817701.0,https://inaturalist-open-data.s3.amazonaws.com/photos/228817701/medium.jpeg,cc-by,"(c) Hugo Innes, some rights reserved (CC BY), uploaded by Hugo Innes",,,https://www.inaturalist.org/photos/228817701
Vellereophyton dealbatum,True,EXACT_CURRENT_NAME,Vellereophyton dealbatum,353929.0,Vellereophyton dealbatum,White Cudweed,species,https://www.inaturalist.org/taxa/353929,False,True,cc-by,USABLE_DEFAULT_PHOTO_CURRENT_NAME_MATCH,,True,taxon_default_photo,56025103.0,https://inaturalist-open-data.s3.amazonaws.com/photos/56025103/medium.jpeg,cc-by,"(c) Andrew Thornhill, some rights reserved (CC BY), uploaded by Andrew Thornhill",,,https://www.inaturalist.org/photos/56025103
Veronica arvensis,True,EXACT_CURRENT_NAME,Veronica arvensis,55748.0,Veronica arvensis,corn speedwell,species,https://www.inaturalist.org/taxa/55748,False,True,cc-by-nc,USABLE_RESEARCH_GRADE_PHOTO_CURRENT_NAME_MATCH,,True,research_grade_observation,196797334.0,https://inaturalist-open-data.s3.amazonaws.com/photos/196797334/medium.jpg,cc-by-sa,"(c) Judy Gallagher, some rights reserved (CC BY-SA)",116578084.0,https://www.inaturalist.org/observations/116578084,https://www.inaturalist.org/photos/196797334
Veronica calycina,True,EXACT_CURRENT_NAME,Veronica calycina,568774.0,Veronica calycina,hairy speedwell,species,https://www.inaturalist.org/taxa/568774,False,True,cc-by-nc,USABLE_RESEARCH_GRADE_PHOTO_CURRENT_NAME_MATCH,,True,research_grade_observation,30582958.0,https://inaturalist-open-data.s3.amazonaws.com/photos/30582958/medium.jpeg,cc-by,"(c) Jacqui Geux, some rights reserved (CC BY)",19837789.0,https://www.inaturalist.org/observations/19837789,https://www.inaturalist.org/photos/30582958
Veronica gracilis,True,EXACT_CURRENT_NAME,Veronica gracilis,804469.0,Veronica gracilis,Slender Speedwell,species,https://www.inaturalist.org/taxa/804469,False,True,cc-by-nc,USABLE_RESEARCH_GRADE_PHOTO_CURRENT_NAME_MATCH,,True,research_grade_observation,240196669.0,https://inaturalist-open-data.s3.amazonaws.com/photos/240196669/medium.jpeg,cc-by,"(c) Nina Kerr, some rights reserved (CC BY)",140332952.0,https://www.inaturalist.org/observations/140332952,https://www.inaturalist.org/photos/240196669
Veronica persica,True,EXACT_CURRENT_NAME,Veronica persica,55666.0,Veronica persica,bird's-eye speedwell,species,https://www.inaturalist.org/taxa/55666,False,True,cc-by-nc,USABLE_RESEARCH_GRADE_PHOTO_CURRENT_NAME_MATCH,,True,research_grade_observation,114006721.0,https://inaturalist-open-data.s3.amazonaws.com/photos/114006721/medium.jpg,cc-by-sa,"(c) Douglas Goldman, some rights reserved (CC BY-SA)",70162455.0,https://www.inaturalist.org/observations/70162455,https://www.inaturalist.org/photos/114006721
Veronica plebeia,True,EXACT_CURRENT_NAME,Veronica plebeia,353889.0,Veronica plebeia,Australian Speedwell,species,https://www.inaturalist.org/taxa/353889,False,True,cc-by-nc,USABLE_RESEARCH_GRADE_PHOTO_CURRENT_NAME_MATCH,,True,research_grade_observation,382840797.0,https://inaturalist-open-data.s3.amazonaws.com/photos/382840797/medium.jpeg,cc-by,"(c) Lucas Christofides, some rights reserved (CC BY)",216504093.0,https://www.inaturalist.org/observations/216504093,https://www.inaturalist.org/photos/382840797
Veronica serpyllifolia,True,EXACT_CURRENT_NAME,Veronica serpyllifolia,55749.0,Veronica serpyllifolia,thyme-leaved speedwell,species,https://www.inaturalist.org/taxa/55749,False,True,cc-by,USABLE_DEFAULT_PHOTO_CURRENT_NAME_MATCH,,True,taxon_default_photo,7749660.0,https://inaturalist-open-data.s3.amazonaws.com/photos/7749660/medium.jpg,cc-by,"(c) aarongunnar, some rights reserved (CC BY), uploaded by aarongunnar",,,https://www.inaturalist.org/photos/7749660
Viburnum tinus,True,EXACT_CURRENT_NAME,Viburnum tinus,82666.0,Viburnum tinus,Laurustinus viburnum,species,https://www.inaturalist.org/taxa/82666,False,True,cc-by-nc-sa,USABLE_RESEARCH_GRADE_PHOTO_CURRENT_NAME_MATCH,,True,research_grade_observation,726622503.0,https://inaturalist-open-data.s3.amazonaws.com/photos/726622503/medium.jpg,cc-by,"(c) zebedeugalinha, some rights reserved (CC BY)",396228265.0,https://www.inaturalist.org/observations/396228265,https://www.inaturalist.org/photos/726622503
Vicia hirsuta,True,EXACT_CURRENT_NAME,Vicia hirsuta,56188.0,Vicia hirsuta,Hairy tare,species,https://www.inaturalist.org/taxa/56188,False,True,,USABLE_RESEARCH_GRADE_PHOTO_CURRENT_NAME_MATCH,,True,research_grade_observation,428606051.0,https://inaturalist-open-data.s3.amazonaws.com/photos/428606051/medium.jpeg,cc-by,"(c) Алёна Осипова, some rights reserved (CC BY)",240562164.0,https://www.inaturalist.org/observations/240562164,https://www.inaturalist.org/photos/428606051
Vicia sativa,True,EXACT_CURRENT_NAME,Vicia sativa,53324.0,Vicia sativa,Common Vetch,species,https://www.inaturalist.org/taxa/53324,False,True,cc-by-nc,USABLE_RESEARCH_GRADE_PHOTO_CURRENT_NAME_MATCH,,True,research_grade_observation,138162427.0,https://inaturalist-open-data.s3.amazonaws.com/photos/138162427/medium.jpeg,cc-by,"(c) Элеонора Анатольевна, some rights reserved (CC BY)",84084823.0,https://www.inaturalist.org/observations/84084823,https://www.inaturalist.org/photos/138162427
Vicia sativa subsp. sativa,False,,,,,,,,False,False,,NO_SAFE_EXACT_OR_SYNONYM_MATCH,,False,,,,,,,,
Vicia tetrasperma,True,EXACT_CURRENT_NAME,Vicia tetrasperma,57310.0,Vicia tetrasperma,Lentil Vetch,species,https://www.inaturalist.org/taxa/57310,False,True,cc-by-nc,USABLE_RESEARCH_GRADE_PHOTO_CURRENT_NAME_MATCH,,True,research_grade_observation,185902373.0,https://inaturalist-open-data.s3.amazonaws.com/photos/185902373/medium.jpg,cc-by,"(c) Sam Kieschnick, some rights reserved (CC BY)",110223502.0,https://www.inaturalist.org/observations/110223502,https://www.inaturalist.org/photos/185902373
Viminaria juncea,True,EXACT_CURRENT_NAME,Viminaria juncea,353911.0,Viminaria juncea,native broom,species,https://www.inaturalist.org/taxa/353911,False,True,cc-by-nc-sa,USABLE_RESEARCH_GRADE_PHOTO_CURRENT_NAME_MATCH,,True,research_grade_observation,325956922.0,https://inaturalist-open-data.s3.amazonaws.com/photos/325956922/medium.jpg,cc-by,"(c) neilfws, some rights reserved (CC BY)",186509766.0,https://www.inaturalist.org/observations/186509766,https://www.inaturalist.org/photos/325956922
Viola hederacea,True,EXACT_CURRENT_NAME,Viola hederacea,321186.0,Viola hederacea,Ivy Leaved Violet,species,https://www.inaturalist.org/taxa/321186,False,True,cc-by-nc-sa,USABLE_RESEARCH_GRADE_PHOTO_CURRENT_NAME_MATCH,,True,research_grade_observation,544879628.0,https://inaturalist-open-data.s3.amazonaws.com/photos/544879628/medium.jpg,cc-by,"(c) grampianshiker, some rights reserved (CC BY)",302347782.0,https://www.inaturalist.org/observations/302347782,https://www.inaturalist.org/photos/544879628
Viola odorata,True,EXACT_CURRENT_NAME,Viola odorata,55845.0,Viola odorata,Sweet violet,species,https://www.inaturalist.org/taxa/55845,False,True,cc-by-nc,USABLE_RESEARCH_GRADE_PHOTO_CURRENT_NAME_MATCH,,True,research_grade_observation,63654949.0,https://inaturalist-open-data.s3.amazonaws.com/photos/63654949/medium.jpeg,cc-by,"(c) Katerina Kalogerini, some rights reserved (CC BY)",40021186.0,https://www.inaturalist.org/observations/40021186,https://www.inaturalist.org/photos/63654949
Vulpia bromoides,True,EXACT_SYNONYM,Vulpia bromoides,77136.0,Festuca bromoides,brome fescue,species,https://www.inaturalist.org/taxa/77136,True,True,,USABLE_RESEARCH_GRADE_PHOTO_SYNONYM_MATCH,,True,research_grade_observation,286586283.0,https://inaturalist-open-data.s3.amazonaws.com/photos/286586283/medium.jpeg,cc0,no rights reserved,165554189.0,https://www.inaturalist.org/observations/165554189,https://www.inaturalist.org/photos/286586283
Vulpia myuros,True,EXACT_SYNONYM,Vulpia myuros,77140.0,Festuca myuros,rattail sixweeks grass,species,https://www.inaturalist.org/taxa/77140,True,True,cc-by-nc,USABLE_RESEARCH_GRADE_PHOTO_SYNONYM_MATCH,,True,research_grade_observation,158414377.0,https://inaturalist-open-data.s3.amazonaws.com/photos/158414377/medium.jpg,cc-by,"(c) Matt Lavin, some rights reserved (CC BY)",95423386.0,https://www.inaturalist.org/observations/95423386,https://www.inaturalist.org/photos/158414377
Vulpia myuros f. myuros,False,,,,,,,,False,False,,NO_SAFE_EXACT_OR_SYNONYM_MATCH,,False,,,,,,,,
Wahlenbergia gracilis,True,EXACT_CURRENT_NAME,Wahlenbergia gracilis,321055.0,Wahlenbergia gracilis,Australian Bluebell,species,https://www.inaturalist.org/taxa/321055,False,True,cc-by-nc,USABLE_RESEARCH_GRADE_PHOTO_CURRENT_NAME_MATCH,,True,research_grade_observation,476210713.0,https://inaturalist-open-data.s3.amazonaws.com/photos/476210713/medium.jpeg,cc0,no rights reserved,265146473.0,https://www.inaturalist.org/observations/265146473,https://www.inaturalist.org/photos/476210713
Wahlenbergia gymnoclada,True,EXACT_CURRENT_NAME,Wahlenbergia gymnoclada,1150722.0,Wahlenbergia gymnoclada,,species,https://www.inaturalist.org/taxa/1150722,False,True,cc-by-nc,USABLE_RESEARCH_GRADE_PHOTO_CURRENT_NAME_MATCH,,True,research_grade_observation,245784597.0,https://inaturalist-open-data.s3.amazonaws.com/photos/245784597/medium.jpeg,cc-by,"(c) Jacob Moore, some rights reserved (CC BY)",143215861.0,https://www.inaturalist.org/observations/143215861,https://www.inaturalist.org/photos/245784597
Wahlenbergia multicaulis,True,EXACT_CURRENT_NAME,Wahlenbergia multicaulis,520378.0,Wahlenbergia multicaulis,Tadgell's Bluebell,species,https://www.inaturalist.org/taxa/520378,False,True,cc-by-nc,USABLE_RESEARCH_GRADE_PHOTO_CURRENT_NAME_MATCH,,True,research_grade_observation,93378156.0,https://inaturalist-open-data.s3.amazonaws.com/photos/93378156/medium.jpg,cc-by,"(c) Paul Whitington, some rights reserved (CC BY)",58485144.0,https://www.inaturalist.org/observations/58485144,https://www.inaturalist.org/photos/93378156
Wahlenbergia stricta,True,EXACT_CURRENT_NAME,Wahlenbergia stricta,131651.0,Wahlenbergia stricta,Australian bluebell,species,https://www.inaturalist.org/taxa/131651,False,True,cc-by-nc-nd,USABLE_RESEARCH_GRADE_PHOTO_CURRENT_NAME_MATCH,,True,research_grade_observation,55394306.0,https://inaturalist-open-data.s3.amazonaws.com/photos/55394306/medium.jpg,cc-by,"(c) Kym Nicolson, some rights reserved (CC BY)",35150318.0,https://www.inaturalist.org/observations/35150318,https://www.inaturalist.org/photos/55394306
Wahlenbergia stricta subsp. stricta,False,,,,,,,,False,False,,NO_SAFE_EXACT_OR_SYNONYM_MATCH,,False,,,,,,,,
Watsonia meriana,True,EXACT_CURRENT_NAME,Watsonia meriana,79523.0,Watsonia meriana,Bulbil Bugle-lily,species,https://www.inaturalist.org/taxa/79523,False,True,cc-by-sa,USABLE_DEFAULT_PHOTO_CURRENT_NAME_MATCH,,True,taxon_default_photo,15129653.0,https://inaturalist-open-data.s3.amazonaws.com/photos/15129653/medium.jpg,cc-by-sa,"(c) Chris Vynbos, some rights reserved (CC BY-SA), uploaded by Chris Vynbos",,,https://www.inaturalist.org/photos/15129653
Watsonia meriana var. bulbillifera,False,,,,,,,,False,False,,NO_SAFE_EXACT_OR_SYNONYM_MATCH,,False,,,,,,,,
Wurmbea dioica,True,EXACT_CURRENT_NAME,Wurmbea dioica,504086.0,Wurmbea dioica,Early Nancy,species,https://www.inaturalist.org/taxa/504086,False,True,cc-by-nc,USABLE_RESEARCH_GRADE_PHOTO_CURRENT_NAME_MATCH,,True,research_grade_observation,489612.0,https://inaturalist-open-data.s3.amazonaws.com/photos/489612/medium.jpg,cc-by-sa,"(c) dr.scott.mills, some rights reserved (CC BY-SA)",391344.0,https://www.inaturalist.org/observations/391344,https://www.inaturalist.org/photos/489612
Wurmbea dioica subsp. dioica,False,,,,,,,,False,False,,NO_SAFE_EXACT_OR_SYNONYM_MATCH,,False,,,,,,,,
Xanthorrhoea minor,True,EXACT_CURRENT_NAME,Xanthorrhoea minor,560378.0,Xanthorrhoea minor,small grass-tree,species,https://www.inaturalist.org/taxa/560378,False,True,cc-by-nc,USABLE_RESEARCH_GRADE_PHOTO_CURRENT_NAME_MATCH,,True,research_grade_observation,75311777.0,https://inaturalist-open-data.s3.amazonaws.com/photos/75311777/medium.jpeg,cc-by,"(c) guymer, some rights reserved (CC BY)",47482078.0,https://www.inaturalist.org/observations/47482078,https://www.inaturalist.org/photos/75311777
Xanthorrhoea minor subsp. lutea,False,,,,,,,,False,False,,NO_SAFE_EXACT_OR_SYNONYM_MATCH,,False,,,,,,,,
Xanthosia dissecta,True,EXACT_CURRENT_NAME,Xanthosia dissecta,121652.0,Xanthosia dissecta,Cut-leaved Xanthosia,species,https://www.inaturalist.org/taxa/121652,False,True,cc-by-nc,USABLE_RESEARCH_GRADE_PHOTO_CURRENT_NAME_MATCH,,True,research_grade_observation,410100493.0,https://inaturalist-open-data.s3.amazonaws.com/photos/410100493/medium.jpeg,cc-by,"(c) Rosalie Lawrence, some rights reserved (CC BY)",230934341.0,https://www.inaturalist.org/observations/230934341,https://www.inaturalist.org/photos/410100493
Xyris gracilis,True,EXACT_CURRENT_NAME,Xyris gracilis,140018.0,Xyris gracilis,slender yellow-eye,species,https://www.inaturalist.org/taxa/140018,False,True,,USABLE_RESEARCH_GRADE_PHOTO_CURRENT_NAME_MATCH,,True,research_grade_observation,111101018.0,https://inaturalist-open-data.s3.amazonaws.com/photos/111101018/medium.jpeg,cc-by,"(c) Thomas Mesaglio, some rights reserved (CC BY)",68588847.0,https://www.inaturalist.org/observations/68588847,https://www.inaturalist.org/photos/111101018
Zantedeschia aethiopica,True,EXACT_CURRENT_NAME,Zantedeschia aethiopica,56006.0,Zantedeschia aethiopica,calla lily,species,https://www.inaturalist.org/taxa/56006,False,True,cc-by-nc-sa,USABLE_RESEARCH_GRADE_PHOTO_CURRENT_NAME_MATCH,,True,research_grade_observation,328892033.0,https://inaturalist-open-data.s3.amazonaws.com/photos/328892033/medium.jpeg,cc-by,"(c) Siphiwe Bright Zengele, some rights reserved (CC BY)",187991519.0,https://www.inaturalist.org/observations/187991519,https://www.inaturalist.org/photos/328892033
