scientific_name,vernacular_name,family,establishment_means,degree_of_establishment,match_key,Risk Rating,growth_form,woodiness,life_history,height_min,height_max,griis_listed,griis_is_invasive,vba100_record_count,vba100_most_recent_year,ala_record_count,ala_most_recent_date,recommendation,common_name,common_name_source,flowers_jan,flowers_feb,flowers_mar,flowers_apr,flowers_may,flowers_jun,flowers_jul,flowers_aug,flowers_sep,flowers_oct,flowers_nov,flowers_dec,flowering_months,flowering_sources,flowering_blocks,resprouting,vegetative_spread,seedbank_longevity,dispersal,wet_soil_tolerance,wet_soil_needs_review,plant_type,vicflora_id,vicflora_url,evidence_available,evidence_missing,evidence_strength
Acacia acinacea,Gold-dust Wattle,Fabaceae,native,native,acacia acinacea,Not Assessed / No exact match,shrub,woody,perennial,0.3,2.5,True,False,1.0,2006,16.0,2026-08-24T13:04:57Z,Not Assessed,Gold-dust Wattle,VicFlora,False,False,False,False,False,True,True,True,True,True,True,False,Jun–Nov,3,1.0,resprouts,vegetative,persistent,ants / animals,,True,Shrub,63bd1b91-99f6-4eff-b093-675b249e7aad,https://vicflora.rbg.vic.gov.au/flora/taxon/63bd1b91-99f6-4eff-b093-675b249e7aad,"['origin', 'local_records', 'traits', 'flowering']",['rating'],Moderate
Acacia aculeatissima,Thin-leaf Wattle | Snake Wattle,Fabaceae,native,native,acacia aculeatissima,Not Assessed / No exact match,shrub,woody,perennial,0.3,1.0,False,False,3.0,2000,4.0,2000-10-12T00:00:00Z,Not Assessed,Thin-leaf Wattle | Snake Wattle,VicFlora,False,False,False,False,False,False,False,True,True,True,True,False,Aug–Nov,3,1.0,fire_killed,not_vegetative,persistent,ants / falling near the parent plant,,True,Shrub,72dd0540-6407-42f7-aa78-d90a36a66e82,https://vicflora.rbg.vic.gov.au/flora/taxon/72dd0540-6407-42f7-aa78-d90a36a66e82,"['origin', 'local_records', 'traits', 'flowering']",['rating'],Moderate
Acacia baileyana,Cootamundra Wattle,Fabaceae,introduced,naturalised,acacia baileyana,Moderately High Risk,shrub tree,woody,perennial,3.0,10.0,True,False,2.0,2000,12.0,2026-04-25T10:35:33Z,Use Caution,Cootamundra Wattle,VicFlora,False,False,False,False,False,True,True,True,True,False,False,False,Jun–Sep,4,1.0,fire_killed,not_vegetative,long_persistent,ants,,False,Tree,238b3bfd-4a0c-4638-b928-485897ec580d,https://vicflora.rbg.vic.gov.au/flora/taxon/238b3bfd-4a0c-4638-b928-485897ec580d,"['rating', 'origin', 'local_records', 'traits', 'flowering', 'griis']",[],Strong
Acacia boormanii,,Fabaceae,native,native,acacia boormanii,Moderately High Risk,shrub,woody,perennial,1.0,4.5,False,False,1.0,2019,3.0,2025-07-22T07:07:46Z,Use Caution,Snowy River Wattle,VBA,False,False,False,False,False,False,False,True,True,True,False,False,Aug–Oct,3,1.0,fire_killed,not_vegetative,persistent,animals,Copes with short wet spells (under a month),False,Shrub,424647e8-19d1-49dd-9a05-9285475d54a3,https://vicflora.rbg.vic.gov.au/flora/taxon/424647e8-19d1-49dd-9a05-9285475d54a3,"['rating', 'origin', 'local_records', 'traits', 'flowering']",[],Strong
Acacia brownii,Heath Wattle,Fabaceae,native,native,acacia brownii,Not Assessed / No exact match,shrub,woody,perennial,0.3,1.0,False,False,1.0,1770,5.0,2025-09-12T09:48:32Z,Not Assessed,Heath Wattle,VicFlora,False,False,False,False,False,False,True,True,True,True,True,False,Jul–Nov,6,1.0,fire_killed,not_vegetative,persistent,animals / falling near the parent plant,,True,Shrub,3b409aa5-3392-4d3a-affe-c74116ef1553,https://vicflora.rbg.vic.gov.au/flora/taxon/3b409aa5-3392-4d3a-affe-c74116ef1553,"['origin', 'local_records', 'traits', 'flowering']",['rating'],Moderate
Acacia cultriformis,,Fabaceae,introduced,adventive,acacia cultriformis,Medium Risk,shrub,woody,perennial,4.0,4.0,True,False,0.0,No local records found,1.0,,Use Caution,Knife-leaf Wattle,DEECA Advisory List,False,False,False,False,False,False,False,True,True,True,True,False,Aug–Nov,1,1.0,resprouts,,,ants,,False,Shrub,76abff97-353c-4dcb-9c1b-a4beacdd8371,https://vicflora.rbg.vic.gov.au/flora/taxon/76abff97-353c-4dcb-9c1b-a4beacdd8371,"['rating', 'origin', 'local_records', 'traits', 'flowering', 'griis']",[],Strong
Acacia dealbata,Silver Wattle,Fabaceae,native,native,acacia dealbata,Medium Risk,shrub tree,woody,perennial,1.5,33.0,True,False,9.0,2024,106.0,2026-07-24T15:46:09Z,Use Caution,Silver Wattle,VicFlora,False,False,False,False,False,False,True,True,True,True,True,False,Jul–Nov,4,1.0,fire_killed,vegetative,persistent,ants / animals,Copes with waterlogged soil for 1-6 months,False,Tree,0c8e21a6-fe09-4835-84e1-d9531ad24728,https://vicflora.rbg.vic.gov.au/flora/taxon/0c8e21a6-fe09-4835-84e1-d9531ad24728,"['rating', 'origin', 'local_records', 'traits', 'flowering']",[],Strong
Acacia decurrens,Early Black-wattle,Fabaceae,introduced,naturalised,acacia decurrens,High Risk,tree,woody,perennial,2.0,15.0,True,False,2.0,2000,7.0,2025-08-25T13:21:00Z,Reconsider Planting,Early Black-wattle,VicFlora,False,False,False,False,False,False,True,True,True,True,True,True,Jul–Dec,6,1.0,fire_killed,not_vegetative,persistent,ants,,False,Tree,450d5c45-2a9e-4975-800e-8bb891debdc1,https://vicflora.rbg.vic.gov.au/flora/taxon/450d5c45-2a9e-4975-800e-8bb891debdc1,"['rating', 'origin', 'local_records', 'traits', 'flowering', 'griis']",[],Strong
Acacia elata,Cedar Wattle,Fabaceae,introduced,naturalised,acacia elata,High Risk,tree,woody,perennial,5.0,30.0,True,False,2.0,2013,4.0,2025-01-06T19:12:16Z,Reconsider Planting,Cedar Wattle,VicFlora,True,True,True,False,False,False,False,False,False,False,False,True,Dec–Mar,5,1.0,fire_killed,not_vegetative,persistent,ants,,False,Tree,05c9d5ce-b88d-4671-92a6-4efa7a6fee0d,https://vicflora.rbg.vic.gov.au/flora/taxon/05c9d5ce-b88d-4671-92a6-4efa7a6fee0d,"['rating', 'origin', 'local_records', 'traits', 'flowering', 'griis']",[],Strong
Acacia genistifolia,Spreading Wattle,Fabaceae,native,native,acacia genistifolia,Not Assessed / No exact match,shrub,woody,perennial,0.6,3.0,False,False,5.0,1975,20.0,2026-08-15T13:54:59Z,Not Assessed,Spreading Wattle,VicFlora,False,True,True,True,True,True,True,True,True,True,False,False,Feb–Oct,3,1.0,fire_killed,not_vegetative,persistent,ants / animals,,True,Shrub,eea96412-e771-4d26-8263-45c5f9bfd414,https://vicflora.rbg.vic.gov.au/flora/taxon/eea96412-e771-4d26-8263-45c5f9bfd414,"['origin', 'local_records', 'traits', 'flowering']",['rating'],Moderate
Acacia genistifolia subsp. genistifolia,,Fabaceae,native,native,acacia genistifolia,Not Assessed / No exact match,shrub,woody,perennial,0.6,3.0,False,False,5.0,1975,20.0,2026-08-15T13:54:59Z,Not Assessed,Spreading Wattle,ALA,False,True,True,True,True,True,True,True,True,True,False,False,Feb–Oct,3,1.0,fire_killed,not_vegetative,persistent,ants / animals,,True,Shrub,f2d57523-a804-4a84-b98c-b4a25637b5c5,https://vicflora.rbg.vic.gov.au/flora/taxon/f2d57523-a804-4a84-b98c-b4a25637b5c5,"['origin', 'local_records', 'traits', 'flowering']",['rating'],Moderate
Acacia howittii,Sticky Wattle,Fabaceae,native,native,acacia howittii,High Risk,shrub tree,woody,perennial,3.0,9.0,True,False,1.0,1985,1.0,1985-11-28T00:00:00Z,Reconsider Planting,Sticky Wattle,VicFlora,False,False,False,False,False,False,False,False,False,True,False,False,Oct,1,1.0,fire_killed,not_vegetative,persistent,animals,Copes with short wet spells (under a month),False,Tree,f9d0ac14-065c-462d-a5f5-565343ef3761,https://vicflora.rbg.vic.gov.au/flora/taxon/f9d0ac14-065c-462d-a5f5-565343ef3761,"['rating', 'origin', 'local_records', 'traits', 'flowering']",[],Strong
Acacia implexa,Lightwood | Hickory Wattle,Fabaceae,native,native,acacia implexa,Not Assessed / No exact match,tree,woody,perennial,3.0,15.0,False,False,3.0,2006,25.0,2026-04-24T08:05:08Z,Not Assessed,Lightwood | Hickory Wattle,VicFlora,True,True,True,True,False,False,False,True,False,False,False,True,"Aug, Dec–Apr",6,2.0,resprouts,vegetative,persistent,ants / animals,Copes with short wet spells (under a month),False,Tree,7d607d97-2df6-4817-8415-3a82555bce42,https://vicflora.rbg.vic.gov.au/flora/taxon/7d607d97-2df6-4817-8415-3a82555bce42,"['origin', 'local_records', 'traits', 'flowering']",['rating'],Moderate
Acacia iteaphylla,Flinders Range Wattle | Willow-leaved Wattle,Fabaceae,introduced,naturalised,acacia iteaphylla,Moderately High Risk,shrub,woody,perennial,2.0,5.0,True,False,0.0,No local records found,4.0,2025-04-08T12:32:45Z,Use Caution,Flinders Range Wattle | Willow-leaved Wattle,VicFlora,False,False,True,True,True,True,True,True,False,False,False,False,Mar–Aug,1,1.0,fire_killed,not_vegetative,,ants,,False,Shrub,9be0f6d3-1f3e-4cb7-b096-76e30c1fc02f,https://vicflora.rbg.vic.gov.au/flora/taxon/9be0f6d3-1f3e-4cb7-b096-76e30c1fc02f,"['rating', 'origin', 'local_records', 'traits', 'flowering', 'griis']",[],Strong
Acacia leprosa,Cinnamon Wattle,Fabaceae,native,native,acacia leprosa,Not Assessed / No exact match,shrub,woody,perennial,1.0,12.0,False,False,0.0,No local records found,0.0,No local records found,Not Assessed,Cinnamon Wattle,VicFlora,False,False,False,False,False,False,True,True,True,True,True,False,Jul–Nov,3,1.0,fire_killed,not_vegetative,persistent,animals / ants,,True,Shrub,da49fd90-e9b7-4041-bd31-e7510215bead,https://vicflora.rbg.vic.gov.au/flora/taxon/da49fd90-e9b7-4041-bd31-e7510215bead,"['origin', 'traits', 'flowering']","['rating', 'local_records']",Moderate
Acacia leprosa var. uninervia,,Fabaceae,native,native,acacia leprosa,Not Assessed / No exact match,shrub,woody,perennial,1.0,12.0,False,False,0.0,No local records found,0.0,No local records found,Not Assessed,,,False,False,False,False,False,False,True,True,True,True,True,False,Jul–Nov,3,1.0,fire_killed,not_vegetative,persistent,animals / ants,,True,Shrub,41778fcb-5b12-4bc0-9fff-bec041c347bc,https://vicflora.rbg.vic.gov.au/flora/taxon/41778fcb-5b12-4bc0-9fff-bec041c347bc,"['origin', 'traits', 'flowering']","['rating', 'local_records']",Moderate
Acacia longifolia,,Fabaceae,native,native,acacia longifolia,Very High Risk,shrub tree,woody,perennial,0.2,10.0,True,False,4.0,2009,22.0,2026-08-21T15:32:51Z,Reconsider Planting,Sallow Wattle,ALA,False,False,False,False,False,True,True,True,True,True,True,False,Jun–Nov,6,1.0,fire_killed,not_vegetative,persistent,ants / animals,Copes with short wet spells (under a month),False,Tree,6fbc322c-cdf2-4526-a261-353a4a41f290,https://vicflora.rbg.vic.gov.au/flora/taxon/6fbc322c-cdf2-4526-a261-353a4a41f290,"['rating', 'origin', 'local_records', 'traits', 'flowering']",[],Strong
Acacia longifolia subsp. longifolia,,Fabaceae,native,native,acacia longifolia,Very High Risk,shrub tree,woody,perennial,0.2,10.0,True,False,4.0,2009,22.0,2026-08-21T15:32:51Z,Reconsider Planting,Sallow Wattle,VBA,False,False,False,False,False,True,True,True,True,True,True,False,Jun–Nov,6,1.0,fire_killed,not_vegetative,persistent,ants / animals,Copes with short wet spells (under a month),False,Tree,44e79a17-8e5e-4988-a39c-35e1f35a1364,https://vicflora.rbg.vic.gov.au/flora/taxon/44e79a17-8e5e-4988-a39c-35e1f35a1364,"['rating', 'origin', 'local_records', 'traits', 'flowering']",[],Strong
Acacia longifolia subsp. sophorae,,Fabaceae,native,native,acacia longifolia,Very High Risk,shrub tree,woody,perennial,0.2,10.0,True,False,4.0,2009,22.0,2026-08-21T15:32:51Z,Reconsider Planting,Coast Wattle,DEECA Advisory List,False,False,False,False,False,True,True,True,True,True,True,False,Jun–Nov,6,1.0,fire_killed,not_vegetative,persistent,ants / animals,Copes with short wet spells (under a month),False,Tree,032751af-9771-46f8-99f0-dd6da352096f,https://vicflora.rbg.vic.gov.au/flora/taxon/032751af-9771-46f8-99f0-dd6da352096f,"['rating', 'origin', 'local_records', 'traits', 'flowering']",[],Strong
Acacia mearnsii,Black Wattle,Fabaceae,native,native,acacia mearnsii,Not Assessed / No exact match,tree,woody,perennial,3.0,25.0,False,False,18.0,2024,88.0,2026-08-21T16:38:16Z,Not Assessed,Black Wattle,VicFlora,False,False,False,False,False,False,False,False,True,True,True,True,Sep–Dec,5,1.0,fire_killed,not_vegetative,persistent,ants / animals,Copes with short wet spells (under a month),False,Tree,a72a846c-7a92-4a4a-8dca-e2582a0f393e,https://vicflora.rbg.vic.gov.au/flora/taxon/a72a846c-7a92-4a4a-8dca-e2582a0f393e,"['origin', 'local_records', 'traits', 'flowering']",['rating'],Moderate
Acacia melanoxylon,Blackwood | Mudgerabah | Hickory | Sally Wattle | Blackwood,Fabaceae,native,native,acacia melanoxylon,Not Assessed / No exact match,tree,woody,perennial,1.5,45.0,False,False,17.0,2024,117.0,2026-08-15T13:43:41Z,Not Assessed,Blackwood | Mudgerabah | Hickory | Sally Wattle | Blackwood,VicFlora,True,True,True,True,True,False,True,True,True,True,True,True,Jul–May,5,1.0,resprouts,not_vegetative,persistent,birds and animals eating the fruit / animals,Copes with waterlogged soil for over 6 months,False,Tree,a7b5e691-0803-40d6-a1d4-dd96e54720a0,https://vicflora.rbg.vic.gov.au/flora/taxon/a7b5e691-0803-40d6-a1d4-dd96e54720a0,"['origin', 'local_records', 'traits', 'flowering']",['rating'],Moderate
Acacia myrtifolia,Myrtle Wattle,Fabaceae,native,native,acacia myrtifolia,Medium Risk,shrub,woody,perennial,0.3,3.0,False,False,1.0,1980,46.0,2026-08-15T13:55:25Z,Use Caution,Myrtle Wattle,VicFlora,False,False,False,False,True,True,True,True,True,True,True,True,May–Dec,4,1.0,fire_killed,not_vegetative,persistent,ants / animals,,True,Shrub,71f40fab-0f6d-4b84-8e37-bbfae90b13d4,https://vicflora.rbg.vic.gov.au/flora/taxon/71f40fab-0f6d-4b84-8e37-bbfae90b13d4,"['rating', 'origin', 'local_records', 'traits', 'flowering']",[],Strong
Acacia oxycedrus,Spike Wattle,Fabaceae,native,native,acacia oxycedrus,Not Assessed / No exact match,shrub,woody,perennial,1.0,10.0,False,False,2.0,1903,10.0,2026-06-01T08:03:20Z,Not Assessed,Spike Wattle,VicFlora,False,False,False,False,False,True,True,True,True,True,True,False,Jun–Nov,6,1.0,fire_killed,not_vegetative,persistent,ants / falling near the parent plant,Copes with short wet spells (under a month),False,Shrub,6c44588e-53df-47cd-8c1c-70cba14758f7,https://vicflora.rbg.vic.gov.au/flora/taxon/6c44588e-53df-47cd-8c1c-70cba14758f7,"['origin', 'local_records', 'traits', 'flowering']",['rating'],Moderate
Acacia paradoxa,Hedge Wattle | Kangaroo Thorn | Prickly Wattle,Fabaceae,native,native,acacia paradoxa,Not Assessed / No exact match,shrub,woody,perennial,1.0,5.0,True,False,14.0,2010,123.0,2026-08-23T10:46:00Z,Not Assessed,Hedge Wattle | Kangaroo Thorn | Prickly Wattle,VicFlora,False,False,False,False,False,False,True,True,True,True,True,False,Jul–Nov,4,1.0,fire_killed,not_vegetative,persistent,ants / animals,Copes with short wet spells (under a month),False,Shrub,fc1c0e04-bf6f-4220-aac8-7a26a9eb36dc,https://vicflora.rbg.vic.gov.au/flora/taxon/fc1c0e04-bf6f-4220-aac8-7a26a9eb36dc,"['origin', 'local_records', 'traits', 'flowering']",['rating'],Moderate
Acacia pravissima,Ovens Wattle | Wedge-leaf Wattle,Fabaceae,native,native,acacia pravissima,High Risk,shrub tree,woody,perennial,1.0,8.0,True,False,3.0,2009,8.0,2026-09-03T07:35:41Z,Reconsider Planting,Ovens Wattle | Wedge-leaf Wattle,VicFlora,False,False,False,False,False,False,False,False,True,True,True,False,Sep–Nov,2,1.0,resprouts,not_vegetative,long_persistent,ants / animals,Copes with short wet spells (under a month),False,Tree,86b75989-5d25-4071-8b70-6d1696287d3b,https://vicflora.rbg.vic.gov.au/flora/taxon/86b75989-5d25-4071-8b70-6d1696287d3b,"['rating', 'origin', 'local_records', 'traits', 'flowering']",[],Strong
Acacia provincialis,Wirilda,Fabaceae,native,native,acacia provincialis,Very High Risk,shrub tree,woody,perennial,5.0,10.0,True,False,3.0,2006,3.0,2006-10-10T00:00:00Z,Reconsider Planting,Wirilda,VicFlora,True,False,False,False,False,False,False,False,False,True,True,True,Oct–Jan,1,1.0,fire_killed,not_vegetative,persistent,falling near the parent plant / birds and animals eating the fruit,Copes with waterlogged soil for 1-6 months,False,Tree,70059a9d-a1fc-46b1-8339-0034360edf0c,https://vicflora.rbg.vic.gov.au/flora/taxon/70059a9d-a1fc-46b1-8339-0034360edf0c,"['rating', 'origin', 'local_records', 'traits', 'flowering']",[],Strong
Acacia pycnantha,Golden Wattle,Fabaceae,native,native,acacia pycnantha,Medium Risk,shrub tree,woody,perennial,2.0,10.0,True,False,6.0,2022,41.0,2026-09-01T18:00:38Z,Use Caution,Golden Wattle,VicFlora,False,False,False,False,False,False,True,True,True,True,True,False,Jul–Nov,3,1.0,fire_killed,not_vegetative,persistent,ants / animals,,True,Tree,20f70d14-0560-467d-a05e-e23eefc93ac6,https://vicflora.rbg.vic.gov.au/flora/taxon/20f70d14-0560-467d-a05e-e23eefc93ac6,"['rating', 'origin', 'local_records', 'traits', 'flowering']",[],Strong
Acacia siculiformis,Dagger Wattle,Fabaceae,native,native,acacia siculiformis,Not Assessed / No exact match,shrub,woody,perennial,0.5,3.000000001,False,False,0.0,No local records found,1.0,1894-12-05T00:00:00Z,Not Assessed,Dagger Wattle,VicFlora,False,False,False,False,False,False,False,True,True,True,True,True,Aug–Dec,2,1.0,fire_killed,not_vegetative,persistent,animals,Copes with short wet spells (under a month),False,Shrub,5cbe32aa-1014-4ceb-97b9-ac492e7950a6,https://vicflora.rbg.vic.gov.au/flora/taxon/5cbe32aa-1014-4ceb-97b9-ac492e7950a6,"['origin', 'local_records', 'traits', 'flowering']",['rating'],Moderate
Acacia stricta,Hop Wattle,Fabaceae,native,native,acacia stricta,Not Assessed / No exact match,shrub,woody,perennial,1.0,6.0,False,False,3.0,2009,8.0,2023-08-08T00:00:00Z,Not Assessed,Hop Wattle,VicFlora,False,False,False,False,True,True,True,True,True,True,False,False,May–Oct,4,1.0,fire_killed,not_vegetative,persistent,ants / animals,Copes with short wet spells (under a month),False,Shrub,20306051-ddde-458d-98cb-86d1d3b5393a,https://vicflora.rbg.vic.gov.au/flora/taxon/20306051-ddde-458d-98cb-86d1d3b5393a,"['origin', 'local_records', 'traits', 'flowering']",['rating'],Moderate
Acacia suaveolens,Sweet Wattle,Fabaceae,native,native,acacia suaveolens,Not Assessed / No exact match,shrub,woody,perennial,0.3,3.0,False,False,0.0,No local records found,1.0,2012-08-29T11:50:00Z,Not Assessed,Sweet Wattle,VicFlora,False,False,True,True,True,True,True,True,True,True,False,False,Mar–Oct,4,1.0,fire_killed,not_vegetative,persistent,ants / animals,Copes with short wet spells (under a month),False,Shrub,4d90c72f-8085-4654-8d36-4cf4398252c4,https://vicflora.rbg.vic.gov.au/flora/taxon/4d90c72f-8085-4654-8d36-4cf4398252c4,"['origin', 'local_records', 'traits', 'flowering']",['rating'],Moderate
Acacia ulicifolia,Juniper Wattle,Fabaceae,native,native,acacia ulicifolia,Not Assessed / No exact match,shrub,woody,perennial,0.5,2.19,False,False,0.0,No local records found,4.0,2025-09-11T11:14:03Z,Not Assessed,Juniper Wattle,VicFlora,False,False,False,True,True,True,True,True,True,True,False,False,Apr–Oct,7,1.0,fire_killed,not_vegetative,persistent,animals / ants,Copes with short wet spells (under a month),False,Shrub,0ec6ff94-353e-4a16-9bcf-dd98980db575,https://vicflora.rbg.vic.gov.au/flora/taxon/0ec6ff94-353e-4a16-9bcf-dd98980db575,"['origin', 'local_records', 'traits', 'flowering']",['rating'],Moderate
Acacia verticillata,Prickly Moses,Fabaceae,native,native,acacia verticillata,Not Assessed / No exact match,shrub,woody,perennial,1.0,10.0,False,False,5.0,2006,68.0,2026-08-30T15:27:16Z,Not Assessed,Prickly Moses,VicFlora,False,False,False,False,False,False,True,True,True,True,True,True,Jul–Dec,4,1.0,fire_killed,not_vegetative,persistent,ants / animals,Copes with waterlogged soil for 1-6 months,False,Shrub,4014dc41-ab27-44fa-aef9-d109934061b9,https://vicflora.rbg.vic.gov.au/flora/taxon/4014dc41-ab27-44fa-aef9-d109934061b9,"['origin', 'local_records', 'traits', 'flowering']",['rating'],Moderate
Acacia verticillata subsp. cephalantha,,Fabaceae,native,native,acacia verticillata,Not Assessed / No exact match,shrub,woody,perennial,1.0,10.0,False,False,5.0,2006,68.0,2026-08-30T15:27:16Z,Not Assessed,Needle-leaf Prickly Moses,VBA,False,False,False,False,False,False,True,True,True,True,True,True,Jul–Dec,4,1.0,fire_killed,not_vegetative,persistent,ants / animals,Copes with waterlogged soil for 1-6 months,False,Shrub,2708b884-ab7d-4963-b659-7d6a39235bd5,https://vicflora.rbg.vic.gov.au/flora/taxon/2708b884-ab7d-4963-b659-7d6a39235bd5,"['origin', 'local_records', 'traits', 'flowering']",['rating'],Moderate
Acacia verticillata subsp. verticillata,,Fabaceae,native,native,acacia verticillata,Not Assessed / No exact match,shrub,woody,perennial,1.0,10.0,False,False,5.0,2006,68.0,2026-08-30T15:27:16Z,Not Assessed,Prickly Moses,VBA,False,False,False,False,False,False,True,True,True,True,True,True,Jul–Dec,4,1.0,fire_killed,not_vegetative,persistent,ants / animals,Copes with waterlogged soil for 1-6 months,False,Shrub,2cae18e2-9490-44ab-bc9d-3de1c69746b9,https://vicflora.rbg.vic.gov.au/flora/taxon/2cae18e2-9490-44ab-bc9d-3de1c69746b9,"['origin', 'local_records', 'traits', 'flowering']",['rating'],Moderate
Acaena echinata,Sheep's Burr,Rosaceae,native,native,acaena echinata,Not Assessed / No exact match,herb,herbaceous,perennial,0.07,0.45,True,False,3.0,2009,5.0,2023-07-13T00:00:00Z,Not Assessed,Sheep's Burr,VicFlora,True,True,True,True,False,False,False,True,True,True,True,True,Aug–Apr,3,1.0,resprouts,vegetative,persistent,sticking to animals and clothing / animals,Copes with short wet spells (under a month),False,Herb,7fb6e40c-e46c-434e-a318-b3ff0e20c4b8,https://vicflora.rbg.vic.gov.au/flora/taxon/7fb6e40c-e46c-434e-a318-b3ff0e20c4b8,"['origin', 'local_records', 'traits', 'flowering']",['rating'],Moderate
Acaena novae-zelandiae,Bidgee-widgee,Rosaceae,native,native,acaena novae-zelandiae,Not Assessed / No exact match,herb,herbaceous,perennial,0.05,0.2,True,False,6.0,2009,63.0,2026-04-24T08:15:13Z,Not Assessed,Bidgee-widgee,VicFlora,True,True,True,True,False,False,False,False,True,True,True,True,Sep–Apr,2,1.0,partial_resprouting,vegetative,long_persistent,sticking to animals and clothing / animals,Copes with waterlogged soil for 1-6 months,False,Herb,4dc33918-59b1-4f71-9702-928c603f44eb,https://vicflora.rbg.vic.gov.au/flora/taxon/4dc33918-59b1-4f71-9702-928c603f44eb,"['origin', 'local_records', 'traits', 'flowering']",['rating'],Moderate
Acaena ×ovina,Sheep's Burr,Rosaceae,native,native,acaena ovina,Not Assessed / No exact match,herb,,,,,False,False,0.0,No local records found,0.0,No local records found,Not Assessed,Sheep's Burr,VicFlora,True,True,True,True,False,False,False,False,True,True,True,True,Sep–Apr,1,1.0,resprouts,vegetative,persistent,sticking to animals and clothing,Copes with short wet spells (under a month),False,Herb,0f44f2f6-9243-476f-9aad-37141fadb6ac,https://vicflora.rbg.vic.gov.au/flora/taxon/0f44f2f6-9243-476f-9aad-37141fadb6ac,"['origin', 'traits', 'flowering']","['rating', 'local_records']",Moderate
Acanthus mollis,Bear's Breech,Acanthaceae,introduced,naturalised,acanthus mollis,High Risk,herb,woody,perennial,0.5,0.5,True,False,1.0,2000,4.0,2025-04-02T12:29:12Z,Reconsider Planting,Bear's Breech,VicFlora,,,,,,,,,,,,,,0,,,,,,,False,Herb,a4ac9cf5-f2c5-4c79-8ba6-7903fe1a4523,https://vicflora.rbg.vic.gov.au/flora/taxon/a4ac9cf5-f2c5-4c79-8ba6-7903fe1a4523,"['rating', 'origin', 'local_records', 'traits', 'griis']",['flowering'],Moderate
Acer negundo,Box Elder,Sapindaceae,introduced,naturalised,acer negundo,Very High Risk,tree,woody,perennial,8.0,20.0,True,False,0.0,No local records found,55.0,2023-03-17T11:34:05Z,Reconsider Planting,Box Elder,VicFlora,False,False,False,False,False,False,False,False,True,True,True,False,Sep–Nov,2,1.0,resprouts,not_vegetative,,,,False,Tree,43af663c-4702-47b2-9147-095d2fc79048,https://vicflora.rbg.vic.gov.au/flora/taxon/43af663c-4702-47b2-9147-095d2fc79048,"['rating', 'origin', 'local_records', 'traits', 'flowering', 'griis']",[],Strong
Acetosella vulgaris,Sheep Sorrel,Polygonaceae,introduced,naturalised,acetosella vulgaris,Moderately High Risk,,,,,,True,False,4.0,2022,0.0,No local records found,Use Caution,Sheep Sorrel,VicFlora,,,,,,,,,,,,,,0,,,,,,,False,,82987ef3-32a0-4090-aca3-9ae8ea48a071,https://vicflora.rbg.vic.gov.au/flora/taxon/82987ef3-32a0-4090-aca3-9ae8ea48a071,"['rating', 'origin', 'local_records', 'griis']","['traits', 'flowering']",Moderate
Achrophyllum dentatum,,Daltoniaceae,native,native,achrophyllum dentatum,Not Assessed / No exact match,,,,,,False,False,1.0,1886,1.0,1886-07-12T00:00:00Z,Not Assessed,Toothed Mitre-moss,VBA,,,,,,,,,,,,,,0,,,,,,,False,,adfd303d-5dc8-470f-98d1-6e1cfaa2ff44,https://vicflora.rbg.vic.gov.au/flora/taxon/adfd303d-5dc8-470f-98d1-6e1cfaa2ff44,"['origin', 'local_records']","['rating', 'traits', 'flowering']",Limited
Acianthus pusillus,Small Mosquito Orchid,Orchidaceae,native,native,acianthus pusillus,Not Assessed / No exact match,herb,herbaceous,perennial,0.03,0.18,False,False,3.0,1925,4.0,2023-05-21T16:31:00Z,Not Assessed,Small Mosquito Orchid,VicFlora,False,False,True,True,True,True,True,True,False,False,False,False,Mar–Aug,3,1.0,resprouts,vegetative,transient,wind,,True,Herb,1548ca6a-621b-4eef-b1e1-f50266c38909,https://vicflora.rbg.vic.gov.au/flora/taxon/1548ca6a-621b-4eef-b1e1-f50266c38909,"['origin', 'local_records', 'traits', 'flowering']",['rating'],Moderate
Acrocladium chlamydophyllum,,Acrocladiaceae,native,native,acrocladium chlamydophyllum,Not Assessed / No exact match,,,,,,False,False,1.0,1886,1.0,1886-09-14T00:00:00Z,Not Assessed,Spear Moss,VBA,,,,,,,,,,,,,,0,,,,,,,False,,881b144b-b599-41ce-8ee4-b6d705881649,https://vicflora.rbg.vic.gov.au/flora/taxon/881b144b-b599-41ce-8ee4-b6d705881649,"['origin', 'local_records']","['rating', 'traits', 'flowering']",Limited
Acrotriche serrulata,Honey-pots,Ericaceae,native,native,acrotriche serrulata,Not Assessed / No exact match,shrub,woody,perennial,0.3,0.38,False,False,6.0,1980,13.0,2025-09-17T11:35:19Z,Not Assessed,Honey-pots,VicFlora,False,False,False,False,False,True,True,True,True,True,True,False,Jun–Nov,3,1.0,resprouts,not_vegetative,persistent,birds and animals eating the fruit / ants,,True,Shrub,94ad4263-480e-4d4c-bf73-3c0b0573ff4e,https://vicflora.rbg.vic.gov.au/flora/taxon/94ad4263-480e-4d4c-bf73-3c0b0573ff4e,"['origin', 'local_records', 'traits', 'flowering']",['rating'],Moderate
Adiantum aethiopicum,Common Maidenhair,Pteridaceae,native,native,adiantum aethiopicum,Not Assessed / No exact match,fern,herbaceous,perennial,0.1,0.5,False,False,3.0,1987,26.0,2026-07-16T14:30:28Z,Not Assessed,Common Maidenhair,VicFlora,,,,,,,,,,,,,,0,,resprouts,vegetative,transient,wind / falling near the parent plant,Copes with waterlogged soil for over 6 months,False,Fern,7ae5329e-dec7-4932-b377-f4d121ff95f9,https://vicflora.rbg.vic.gov.au/flora/taxon/7ae5329e-dec7-4932-b377-f4d121ff95f9,"['origin', 'local_records', 'traits']","['rating', 'flowering']",Moderate
Agapanthus praecox,,Amaryllidaceae,introduced,Not available,agapanthus praecox,Very High Risk,herb,herbaceous,perennial,1.0,1.0,True,False,3.0,2009,4.0,2025-08-10T12:10:00Z,Reconsider Planting,Agapanthus,ALA,True,False,False,False,False,False,False,False,False,False,False,True,Dec–Jan,1,1.0,,,,,,False,Herb,9af576d9-07e9-4491-84b0-3de71adbe509,https://vicflora.rbg.vic.gov.au/flora/taxon/9af576d9-07e9-4491-84b0-3de71adbe509,"['rating', 'origin', 'local_records', 'traits', 'flowering', 'griis']",[],Strong
Agapanthus praecox subsp. orientalis,Agapanthus,Amaryllidaceae,introduced,naturalised,agapanthus praecox,Very High Risk,herb,herbaceous,perennial,1.0,1.0,True,False,3.0,2009,4.0,2025-08-10T12:10:00Z,Reconsider Planting,Agapanthus,VicFlora,True,False,False,False,False,False,False,False,False,False,False,True,Dec–Jan,1,1.0,,,,,,False,Herb,f4b0a03e-9739-42dd-9bff-9b1dc3ce0459,https://vicflora.rbg.vic.gov.au/flora/taxon/f4b0a03e-9739-42dd-9bff-9b1dc3ce0459,"['rating', 'origin', 'local_records', 'traits', 'flowering', 'griis']",[],Strong
Agrostis capillaris,Brown-top Bent,Poaceae,introduced,Not available,agrostis capillaris,High Risk,graminoid herb,herbaceous,perennial,0.2,0.5,True,False,12.0,2010,19.0,2023-08-08T00:00:00Z,Reconsider Planting,Brown-top Bent,VicFlora,True,True,False,False,False,False,False,False,True,True,True,True,Sep–Feb,1,1.0,resprouts,,widely_dispersed,,,False,Grass,f2c8989a-4e8b-46e1-b80f-57a98c6d79fc,https://vicflora.rbg.vic.gov.au/flora/taxon/f2c8989a-4e8b-46e1-b80f-57a98c6d79fc,"['rating', 'origin', 'local_records', 'traits', 'flowering', 'griis']",[],Strong
Agrostis capillaris var. capillaris,,Poaceae,introduced,naturalised,agrostis capillaris,High Risk,graminoid herb,herbaceous,perennial,0.2,0.5,True,False,12.0,2010,19.0,2023-08-08T00:00:00Z,Reconsider Planting,Brown-top Bent,VBA,True,True,False,False,False,False,False,False,True,True,True,True,Sep–Feb,1,1.0,resprouts,,widely_dispersed,,,False,Grass,567ed900-e7ba-4aa7-8935-920ee901afc2,https://vicflora.rbg.vic.gov.au/flora/taxon/567ed900-e7ba-4aa7-8935-920ee901afc2,"['rating', 'origin', 'local_records', 'traits', 'flowering', 'griis']",[],Strong
Agrostis stolonifera,Creeping Bent,Poaceae,introduced,naturalised,agrostis stolonifera,High Risk,graminoid herb,herbaceous,perennial,0.08,0.4,True,False,0.0,No local records found,2.0,1994-03-02T00:00:00Z,Reconsider Planting,Creeping Bent,VicFlora,True,True,False,False,False,False,False,False,True,True,True,True,Sep–Feb,1,1.0,,,,,,False,Grass,79bf0cc5-2a4b-4f2b-a458-ab042d7f60a2,https://vicflora.rbg.vic.gov.au/flora/taxon/79bf0cc5-2a4b-4f2b-a458-ab042d7f60a2,"['rating', 'origin', 'local_records', 'traits', 'flowering', 'griis']",[],Strong
Aira elegantissima,,Poaceae,introduced,naturalised,aira elegantissima,Moderately High Risk,graminoid herb,herbaceous,annual,0.06,0.5,True,False,0.0,No local records found,1.0,1986-11-01T00:00:00Z,Use Caution,Delicate Hair-grass,DEECA Advisory List,False,False,False,False,False,False,False,False,True,True,True,False,Sep–Nov,1,1.0,fire_killed,,widely_dispersed,,,False,Grass,cd44a568-359a-4e20-9f66-f30126ea9aa7,https://vicflora.rbg.vic.gov.au/flora/taxon/cd44a568-359a-4e20-9f66-f30126ea9aa7,"['rating', 'origin', 'local_records', 'traits', 'flowering', 'griis']",[],Strong
Aizoon pubescens,Galenia,Aizoaceae,introduced,naturalised,aizoon pubescens,Moderately High Risk,herb,herbaceous,perennial,0.1,0.6,True,False,1.0,2010,5.0,2026-01-22T09:12:23Z,Use Caution,Galenia,VicFlora,,,,,,,,,,,,,,0,,fire_killed,,,,,False,Herb,563f8d13-726f-4dd2-8460-db4bbb555f5a,https://vicflora.rbg.vic.gov.au/flora/taxon/563f8d13-726f-4dd2-8460-db4bbb555f5a,"['rating', 'origin', 'local_records', 'traits', 'griis']",['flowering'],Moderate
Alisma plantago-aquatica,Water Plantain,Alismataceae,native,native,alisma plantago-aquatica,Not Assessed / No exact match,herb,herbaceous,annual perennial short_lived_perennial,1.0,1.5,True,False,5.0,2007,22.0,2026-08-07T15:40:07Z,Not Assessed,Water Plantain,VicFlora,True,True,True,False,False,False,False,False,False,False,True,True,Nov–Mar,2,1.0,resprouts,not_vegetative,transient,water / sticking to animals and clothing,,False,Herb,4e795283-e2cd-492b-8811-b1ba3662b0e5,https://vicflora.rbg.vic.gov.au/flora/taxon/4e795283-e2cd-492b-8811-b1ba3662b0e5,"['origin', 'local_records', 'traits', 'flowering']",['rating'],Moderate
Allittia cardiocarpa,Swamp Daisy,Asteraceae,native,native,allittia cardiocarpa,Not Assessed / No exact match,herb,herbaceous,perennial,0.3,0.45,False,False,1.0,1903,1.0,1903-07-30T00:00:00Z,Not Assessed,Swamp Daisy,VicFlora,False,False,False,False,False,True,True,True,True,True,True,True,Jun–Dec,3,1.0,fire_killed,not_vegetative,persistent,wind / sticking to animals and clothing,Copes with waterlogged soil for over 6 months,False,Herb,ed62304b-f70b-4b64-b9e7-d15ca9132c13,https://vicflora.rbg.vic.gov.au/flora/taxon/ed62304b-f70b-4b64-b9e7-d15ca9132c13,"['origin', 'local_records', 'traits', 'flowering']",['rating'],Moderate
Allium triquetrum,Three-corner Garlic,Amaryllidaceae,introduced,naturalised,allium triquetrum,High Risk,herb,herbaceous,perennial,0.3,0.4,True,False,8.0,2024,120.0,2026-08-16T17:56:19Z,Reconsider Planting,Three-corner Garlic,VicFlora,False,False,False,False,False,False,False,True,True,True,True,False,Aug–Nov,1,1.0,resprouts,,,,,False,Herb,88b31d41-7bd4-4583-ae99-56a728936720,https://vicflora.rbg.vic.gov.au/flora/taxon/88b31d41-7bd4-4583-ae99-56a728936720,"['rating', 'origin', 'local_records', 'traits', 'flowering', 'griis']",[],Strong
Allocasuarina littoralis,Black Sheoak,Casuarinaceae,native,native,allocasuarina littoralis,Not Assessed / No exact match,tree,woody,perennial,5.0,15.0,False,False,10.0,2006,37.0,2026-07-11T10:47:43Z,Not Assessed,Black Sheoak,VicFlora,True,True,True,True,True,True,True,True,True,True,True,True,All year,3,1.0,fire_killed,not_vegetative,transient,wind,Copes with short wet spells (under a month),False,Tree,ffb1666e-3e9a-4d25-9b99-fc5a7edfaf69,https://vicflora.rbg.vic.gov.au/flora/taxon/ffb1666e-3e9a-4d25-9b99-fc5a7edfaf69,"['origin', 'local_records', 'traits', 'flowering']",['rating'],Moderate
Allocasuarina paludosa,Scrub Sheoak,Casuarinaceae,native,native,allocasuarina paludosa,Not Assessed / No exact match,shrub,woody,perennial,0.3,4.0,False,False,1.0,1898,1.0,,Not Assessed,Scrub Sheoak,VicFlora,True,True,True,True,True,True,True,True,True,True,True,True,All year,2,1.0,resprouts,vegetative,transient,wind / birds and animals eating the fruit,Copes with waterlogged soil for 1-6 months,False,Shrub,fc96cb48-6bf6-430b-b2e9-c0887dd98cf2,https://vicflora.rbg.vic.gov.au/flora/taxon/fc96cb48-6bf6-430b-b2e9-c0887dd98cf2,"['origin', 'local_records', 'traits', 'flowering']",['rating'],Moderate
Allocasuarina paradoxa,,Casuarinaceae,native,native,allocasuarina paradoxa,Not Assessed / No exact match,shrub,woody,perennial,0.5,2.0,False,False,2.0,1933,10.0,1933-04-01T00:00:00Z,Not Assessed,Green Sheoak,VBA,True,True,True,True,True,True,True,True,True,True,True,True,All year,1,1.0,resprouts,vegetative,transient,wind,Copes with short wet spells (under a month),False,Shrub,e843ec6a-2a15-46cc-a3d6-e19ee0d0c987,https://vicflora.rbg.vic.gov.au/flora/taxon/e843ec6a-2a15-46cc-a3d6-e19ee0d0c987,"['origin', 'local_records', 'traits', 'flowering']",['rating'],Moderate
Allocasuarina pusilla,Dwarf Sheoak,Casuarinaceae,native,native,allocasuarina pusilla,Not Assessed / No exact match,shrub,woody,perennial,0.2,2.0,False,False,0.0,No local records found,1.0,,Not Assessed,Dwarf Sheoak,VicFlora,False,False,False,False,False,False,False,False,True,True,True,False,Sep–Nov,1,1.0,resprouts,vegetative,transient,wind / birds and animals eating the fruit,Copes with short wet spells (under a month),False,Shrub,ee526b30-89b9-4065-93c1-d426dfbaf700,https://vicflora.rbg.vic.gov.au/flora/taxon/ee526b30-89b9-4065-93c1-d426dfbaf700,"['origin', 'local_records', 'traits', 'flowering']",['rating'],Moderate
Allocasuarina verticillata,Drooping Sheoak,Casuarinaceae,native,native,allocasuarina verticillata,Not Assessed / No exact match,tree,woody,perennial,4.0,11.0,False,False,1.0,2009,6.0,2024-09-23T16:54:46Z,Not Assessed,Drooping Sheoak,VicFlora,True,True,True,True,True,True,True,True,True,True,True,True,All year,2,1.0,fire_killed,not_vegetative,transient,wind / birds and animals eating the fruit,,True,Tree,08e8dacc-5804-4ce7-9dec-f3e34960d801,https://vicflora.rbg.vic.gov.au/flora/taxon/08e8dacc-5804-4ce7-9dec-f3e34960d801,"['origin', 'local_records', 'traits', 'flowering']",['rating'],Moderate
Alopecurus pratensis,Meadow Fox-tail,Poaceae,introduced,naturalised,alopecurus pratensis,High Risk,graminoid herb,herbaceous,perennial,0.3,1.0,True,False,1.0,1985,3.0,2025-10-25T16:58:07Z,Reconsider Planting,Meadow Fox-tail,VicFlora,False,False,False,False,False,False,False,False,True,True,True,False,Sep–Nov,1,1.0,,,,,,False,Grass,864aa30d-7cdb-4c80-afa6-17c572508a62,https://vicflora.rbg.vic.gov.au/flora/taxon/864aa30d-7cdb-4c80-afa6-17c572508a62,"['rating', 'origin', 'local_records', 'traits', 'flowering', 'griis']",[],Strong
Alternanthera denticulata,Lesser Joyweed,Amaranthaceae,native,native,alternanthera denticulata,Not Assessed / No exact match,herb,herbaceous,annual perennial short_lived_perennial,0.4,0.9,False,False,2.0,2002,6.0,2026-08-06T21:13:14Z,Not Assessed,Lesser Joyweed,VicFlora,True,True,True,True,True,True,True,True,True,True,True,True,All year,5,1.0,fire_killed,not_vegetative,persistent,water / animals,Copes with waterlogged soil for over 6 months,False,Herb,a2698aa0-d263-468a-944f-4efc263f276a,https://vicflora.rbg.vic.gov.au/flora/taxon/a2698aa0-d263-468a-944f-4efc263f276a,"['origin', 'local_records', 'traits', 'flowering']",['rating'],Moderate
Alternanthera philoxeroides,Alligator Weed,Amaranthaceae,introduced,naturalised,alternanthera philoxeroides,Very High Risk,herb,herbaceous,perennial,0.5,0.5,True,False,0.0,No local records found,79.0,2004-05-20T00:00:00Z,Reconsider Planting,Alligator Weed,VicFlora,True,False,False,False,False,False,False,False,False,False,False,False,Jan,1,1.0,,,,,,False,Herb,b91fa6b9-be61-415a-83f9-1d2b126e0d1e,https://vicflora.rbg.vic.gov.au/flora/taxon/b91fa6b9-be61-415a-83f9-1d2b126e0d1e,"['rating', 'origin', 'local_records', 'traits', 'flowering', 'griis']",[],Strong
Amelichloa caudata,,Poaceae,introduced,naturalised,amelichloa caudata,Very High Risk,graminoid herb,herbaceous,perennial,0.8,1.0,True,False,1.0,1999,1.0,1999-11-22T00:00:00Z,Reconsider Planting,Espartillo,VBA,,,,,,,,,,,,,,0,,,,,,,False,Grass,4b9b2caa-c41b-4c02-9624-6fef659ca593,https://vicflora.rbg.vic.gov.au/flora/taxon/4b9b2caa-c41b-4c02-9624-6fef659ca593,"['rating', 'origin', 'local_records', 'traits', 'griis']",['flowering'],Moderate
Amperea xiphoclada,,Euphorbiaceae,native,native,amperea xiphoclada,Not Assessed / No exact match,shrub,herbaceous,perennial,0.2,1.0,False,False,6.0,2006,15.0,2026-03-30T09:36:53Z,Not Assessed,,,True,True,True,True,True,True,True,True,True,True,True,True,All year,2,1.0,resprouts,not_vegetative,persistent,animals / ants,,True,Shrub,a6457e6c-2bdc-493a-817c-0d07d2123372,https://vicflora.rbg.vic.gov.au/flora/taxon/a6457e6c-2bdc-493a-817c-0d07d2123372,"['origin', 'local_records', 'traits', 'flowering']",['rating'],Moderate
Amperea xiphoclada var. xiphoclada,Broom Spurge,Euphorbiaceae,native,native,amperea xiphoclada,Not Assessed / No exact match,shrub,herbaceous,perennial,0.2,1.0,False,False,6.0,2006,15.0,2026-03-30T09:36:53Z,Not Assessed,Broom Spurge,VicFlora,True,True,True,True,True,True,True,True,True,True,True,True,All year,2,1.0,resprouts,not_vegetative,persistent,animals / ants,,True,Shrub,c5c852b2-5fdd-4da3-b4d4-433e2408bd57,https://vicflora.rbg.vic.gov.au/flora/taxon/c5c852b2-5fdd-4da3-b4d4-433e2408bd57,"['origin', 'local_records', 'traits', 'flowering']",['rating'],Moderate
Amphibromus archeri,Pointed Swamp Wallaby-grass,Poaceae,native,native,amphibromus archeri,Not Assessed / No exact match,tussock,herbaceous,perennial,0.3,1.2,False,False,1.0,1987,1.0,1987-02-01T00:00:00Z,Not Assessed,Pointed Swamp Wallaby-grass,VicFlora,True,False,False,False,False,False,False,False,False,True,True,True,Oct–Jan,1,1.0,,not_vegetative,persistent,sticking to animals and clothing / animals,Copes with waterlogged soil for over 6 months,False,Grass,35666223-8023-4c3d-860e-36547e17dcbd,https://vicflora.rbg.vic.gov.au/flora/taxon/35666223-8023-4c3d-860e-36547e17dcbd,"['origin', 'local_records', 'traits', 'flowering']",['rating'],Moderate
Amphibromus nervosus,Common Swamp Wallaby-grass,Poaceae,native,native,amphibromus nervosus,Not Assessed / No exact match,graminoid herb,herbaceous,perennial,0.25,1.5,True,False,2.0,1985,5.0,1994-03-02T00:00:00Z,Not Assessed,Common Swamp Wallaby-grass,VicFlora,True,False,False,False,False,False,False,False,False,True,True,True,Oct–Jan,1,1.0,partial_resprouting,not_vegetative,persistent,sticking to animals and clothing / animals,Copes with waterlogged soil for over 6 months,False,Grass,c77ee760-31ec-4e70-82f6-4d884d7b37b8,https://vicflora.rbg.vic.gov.au/flora/taxon/c77ee760-31ec-4e70-82f6-4d884d7b37b8,"['origin', 'local_records', 'traits', 'flowering']",['rating'],Moderate
Amyema miquelii,Box Mistletoe,Loranthaceae,native,native,amyema miquelii,Not Assessed / No exact match,shrub,woody,perennial,3.0,5.0,True,False,1.0,1968,1.0,1968-09-26T00:00:00Z,Not Assessed,Box Mistletoe,VicFlora,True,True,True,True,True,True,True,True,True,True,True,True,All year,7,1.0,fire_killed,not_vegetative,widely_dispersed,birds and animals eating the fruit / animals,,True,Shrub,120c772d-437c-4a21-99f1-26266296827a,https://vicflora.rbg.vic.gov.au/flora/taxon/120c772d-437c-4a21-99f1-26266296827a,"['origin', 'local_records', 'traits', 'flowering']",['rating'],Moderate
Amyema miraculosa,Fleshy Mistletoe,Loranthaceae,native,native,amyema miraculosa,Not Assessed / No exact match,shrub,woody,perennial,,,False,False,0.0,No local records found,1.0,,Not Assessed,Fleshy Mistletoe,VicFlora,True,True,True,True,False,False,False,True,True,True,False,False,"Jan–Apr, Aug–Oct",3,2.0,fire_killed,not_vegetative,transient,birds and animals eating the fruit,,True,Shrub,40e38c92-b836-460e-8329-8ad4c0b23608,https://vicflora.rbg.vic.gov.au/flora/taxon/40e38c92-b836-460e-8329-8ad4c0b23608,"['origin', 'local_records', 'traits', 'flowering']",['rating'],Moderate
Amyema pendula,Drooping Mistletoe,Loranthaceae,native,native,amyema pendula,Not Assessed / No exact match,shrub,woody,perennial,3.0,25.0,True,False,3.0,1969,18.0,2023-11-16T14:49:58Z,Not Assessed,Drooping Mistletoe,VicFlora,True,True,True,True,True,True,True,True,True,True,True,True,All year,4,1.0,fire_killed,not_vegetative,transient,birds and animals eating the fruit / animals,,True,Shrub,15ff3b4b-f086-4ff8-8840-f5f4287d5eea,https://vicflora.rbg.vic.gov.au/flora/taxon/15ff3b4b-f086-4ff8-8840-f5f4287d5eea,"['origin', 'local_records', 'traits', 'flowering']",['rating'],Moderate
Amyema pendula subsp. pendula,Drooping Mistletoe,Loranthaceae,native,native,amyema pendula,Not Assessed / No exact match,shrub,woody,perennial,3.0,25.0,True,False,3.0,1969,18.0,2023-11-16T14:49:58Z,Not Assessed,Drooping Mistletoe,VicFlora,True,True,True,True,True,True,True,True,True,True,True,True,All year,4,1.0,fire_killed,not_vegetative,transient,birds and animals eating the fruit / animals,,True,Shrub,35a45df5-f18f-4446-9d7a-63df7e2f78dc,https://vicflora.rbg.vic.gov.au/flora/taxon/35a45df5-f18f-4446-9d7a-63df7e2f78dc,"['origin', 'local_records', 'traits', 'flowering']",['rating'],Moderate
Angianthus preissianus,Salt Angianthus,Asteraceae,native,native,angianthus preissianus,Not Assessed / No exact match,herb,herbaceous,annual,0.01,0.3,False,False,0.0,No local records found,0.0,No local records found,Not Assessed,Salt Angianthus,VicFlora,True,False,False,False,False,False,False,True,True,True,True,True,Aug–Jan,3,1.0,fire_killed,not_vegetative,widely_dispersed,wind / sticking to animals and clothing,Copes with waterlogged soil for over 6 months,False,Herb,f0527aba-b4f6-4826-a98a-c668366433cf,https://vicflora.rbg.vic.gov.au/flora/taxon/f0527aba-b4f6-4826-a98a-c668366433cf,"['origin', 'traits', 'flowering']","['rating', 'local_records']",Moderate
Anredera cordifolia,Madeira Vine | Jalap,Basellaceae,introduced,naturalised,anredera cordifolia,High Risk,climber_herbaceous,herbaceous,perennial,6.0,6.0,True,False,0.0,No local records found,3.0,2022-04-10T00:00:00Z,Reconsider Planting,Madeira Vine | Jalap,VicFlora,True,True,True,True,False,False,False,False,True,True,True,True,Sep–Apr,3,1.0,resprouts,,,,,False,Climber,87fd7364-4d39-446c-a2e3-529c0cbeff83,https://vicflora.rbg.vic.gov.au/flora/taxon/87fd7364-4d39-446c-a2e3-529c0cbeff83,"['rating', 'origin', 'local_records', 'traits', 'flowering', 'griis']",[],Strong
Anthosachne scabra,Common Wheat-grass,Poaceae,native,native,anthosachne scabra,Not Assessed / No exact match,tussock,herbaceous,perennial,0.35,1.5,False,False,1.0,2013,4.0,2023-07-13T00:00:00Z,Not Assessed,Common Wheat-grass,VicFlora,True,True,False,False,False,False,True,True,True,True,True,True,Jul–Feb,3,1.0,resprouts,not_vegetative,persistent,sticking to animals and clothing / wind,Copes with short wet spells (under a month),False,Grass,a4579989-10f6-4a57-8be6-9181f1ef128b,https://vicflora.rbg.vic.gov.au/flora/taxon/a4579989-10f6-4a57-8be6-9181f1ef128b,"['origin', 'local_records', 'traits', 'flowering']",['rating'],Moderate
Anthoxanthum odoratum,Sweet Vernal-grass,Poaceae,introduced,naturalised,anthoxanthum odoratum,High Risk,graminoid herb,herbaceous,perennial,0.1,1.0,True,False,12.0,2009,43.0,2026-08-03T10:15:38Z,Reconsider Planting,Sweet Vernal-grass,VicFlora,True,True,False,False,False,False,False,False,True,True,True,True,Sep–Feb,1,1.0,resprouts,not_vegetative,widely_dispersed,,,False,Grass,d628f2f9-610d-42af-933b-fa9900c04bd0,https://vicflora.rbg.vic.gov.au/flora/taxon/d628f2f9-610d-42af-933b-fa9900c04bd0,"['rating', 'origin', 'local_records', 'traits', 'flowering', 'griis']",[],Strong
Aotus ericoides,Common Aotus,Fabaceae,native,native,aotus ericoides,Not Assessed / No exact match,shrub,woody,perennial,1.0,2.0,False,False,2.0,1985,13.0,2026-04-15T10:51:11Z,Not Assessed,Common Aotus,VicFlora,False,False,False,False,False,False,False,True,True,True,True,False,Aug–Nov,4,1.0,resprouts,not_vegetative,persistent,ants / animals,Copes with short wet spells (under a month),False,Shrub,a95270b8-9b7a-417c-a7c7-f445539b93c3,https://vicflora.rbg.vic.gov.au/flora/taxon/a95270b8-9b7a-417c-a7c7-f445539b93c3,"['origin', 'local_records', 'traits', 'flowering']",['rating'],Moderate
Aphelia gracilis,Slender Aphelia,Restionaceae,native,native,aphelia gracilis,Not Assessed / No exact match,graminoid herb,herbaceous,annual,0.02,0.05,False,False,0.0,No local records found,9.0,1983-11-20T00:00:00Z,Not Assessed,Slender Aphelia,VicFlora,False,False,False,False,False,False,False,True,True,True,True,False,Aug–Nov,3,1.0,fire_killed,not_vegetative,long_persistent,falling near the parent plant,Copes with waterlogged soil for 1-6 months,False,Grass,6eb4960e-bedc-4361-a071-2047f20a3c04,https://vicflora.rbg.vic.gov.au/flora/taxon/6eb4960e-bedc-4361-a071-2047f20a3c04,"['origin', 'local_records', 'traits', 'flowering']",['rating'],Moderate
Aphelia pumilio,Dwarf Aphelia,Restionaceae,native,native,aphelia pumilio,Not Assessed / No exact match,graminoid,herbaceous,annual,0.03,0.03,False,False,0.0,No local records found,1.0,1889-10-24T00:00:00Z,Not Assessed,Dwarf Aphelia,VicFlora,False,False,False,False,False,False,False,False,True,True,True,False,Sep–Nov,1,1.0,fire_killed,not_vegetative,long_persistent,falling near the parent plant,Copes with waterlogged soil for 1-6 months,False,Grass,a344d0bc-ff36-4cbb-9e64-f3374a22c244,https://vicflora.rbg.vic.gov.au/flora/taxon/a344d0bc-ff36-4cbb-9e64-f3374a22c244,"['origin', 'local_records', 'traits', 'flowering']",['rating'],Moderate
Arbutus unedo,Irish Strawberry Tree,Ericaceae,introduced,naturalised,arbutus unedo,High Risk,shrub tree,woody,perennial,1.5,10.0,True,False,0.0,No local records found,1.0,1985-05-01T00:00:00Z,Reconsider Planting,Irish Strawberry Tree,VicFlora,,,,,,,,,,,,,,0,,,,,,,False,Tree,96298485-4b5b-4255-9a4d-fa544aecb29d,https://vicflora.rbg.vic.gov.au/flora/taxon/96298485-4b5b-4255-9a4d-fa544aecb29d,"['rating', 'origin', 'local_records', 'traits', 'griis']",['flowering'],Moderate
Arctotheca calendula,Capeweed,Asteraceae,introduced,naturalised,arctotheca calendula,Medium Risk,herb,herbaceous,annual,0.03,0.3,True,False,10.0,2019,55.0,2026-07-15T12:17:58Z,Use Caution,Capeweed,VicFlora,True,False,False,False,True,True,True,True,True,True,True,True,May–Jan,3,1.0,fire_killed,,widely_dispersed,,,False,Herb,2e2f45c1-5adb-4eec-8e1d-dd20c60200ac,https://vicflora.rbg.vic.gov.au/flora/taxon/2e2f45c1-5adb-4eec-8e1d-dd20c60200ac,"['rating', 'origin', 'local_records', 'traits', 'flowering', 'griis']",[],Strong
Arthropodium fimbriatum,Nodding Chocolate-lily,Asparagaceae,native,native,arthropodium fimbriatum,Not Assessed / No exact match,herb,herbaceous,perennial,0.094,1.0,False,False,3.0,1975,3.0,1975-10-23T00:00:00Z,Not Assessed,Nodding Chocolate-lily,VicFlora,True,True,False,False,False,False,False,False,True,True,True,True,Sep–Feb,4,1.0,fire_killed,not_vegetative,transient,falling near the parent plant / wind,Copes with short wet spells (under a month),False,Herb,995138d1-ef45-438e-9ffe-d916eb3832c9,https://vicflora.rbg.vic.gov.au/flora/taxon/995138d1-ef45-438e-9ffe-d916eb3832c9,"['origin', 'local_records', 'traits', 'flowering']",['rating'],Moderate
Arthropodium milleflorum,Pale Vanilla-lily,Asparagaceae,native,native,arthropodium milleflorum,Not Assessed / No exact match,herb,herbaceous,perennial,0.2,1.3,False,False,1.0,1980,2.0,2024-02-09T11:37:16Z,Not Assessed,Pale Vanilla-lily,VicFlora,True,True,False,False,False,False,False,False,False,False,True,True,Nov–Feb,5,1.0,resprouts,not_vegetative,long_persistent,falling near the parent plant / wind,,True,Herb,124bad05-8e7f-4f30-86f7-8fdb5f766ea0,https://vicflora.rbg.vic.gov.au/flora/taxon/124bad05-8e7f-4f30-86f7-8fdb5f766ea0,"['origin', 'local_records', 'traits', 'flowering']",['rating'],Moderate
Arthropodium strictum,Chocolate Lily,Asparagaceae,native,native,arthropodium strictum,Not Assessed / No exact match,herb,herbaceous,perennial,0.1336,1.2,False,False,6.0,2009,42.0,2026-04-27T11:56:27Z,Not Assessed,Chocolate Lily,VicFlora,True,False,False,False,False,False,False,True,True,True,True,True,Aug–Jan,5,1.0,resprouts,not_vegetative,transient,falling near the parent plant / wind,Copes with waterlogged soil for 1-6 months,False,Herb,994436f9-653f-4531-a0cb-81a13e86e52a,https://vicflora.rbg.vic.gov.au/flora/taxon/994436f9-653f-4531-a0cb-81a13e86e52a,"['origin', 'local_records', 'traits', 'flowering']",['rating'],Moderate
Asparagus asparagoides,,Asparagaceae,introduced,naturalised,asparagus asparagoides,High Risk,climber_herbaceous,herbaceous,perennial,1.0,5.0,True,False,1.0,2024,10.0,2025-08-25T13:45:00Z,Reconsider Planting,Bridal Creeper,VBA,False,False,False,False,False,True,True,True,True,False,False,False,Jun–Sep,3,1.0,resprouts,vegetative,persistent,animals / falling near the parent plant,,False,Climber,719e718c-8fe9-42e8-8b55-2191fdb8fe7b,https://vicflora.rbg.vic.gov.au/flora/taxon/719e718c-8fe9-42e8-8b55-2191fdb8fe7b,"['rating', 'origin', 'local_records', 'traits', 'flowering', 'griis']",[],Strong
Atriplex cinerea,Coast Saltbush,Chenopodiaceae,native,native,atriplex cinerea,Not Assessed / No exact match,shrub,woody,perennial,0.2,2.0,False,False,0.0,No local records found,0.0,No local records found,Not Assessed,Coast Saltbush,VicFlora,True,True,True,True,True,True,True,True,True,True,True,True,All year,2,1.0,fire_killed,not_vegetative,persistent,wind / falling near the parent plant,Copes with waterlogged soil for 1-6 months,False,Shrub,94c5bd77-1c9b-404a-9c40-aba63242ac9a,https://vicflora.rbg.vic.gov.au/flora/taxon/94c5bd77-1c9b-404a-9c40-aba63242ac9a,"['origin', 'traits', 'flowering']","['rating', 'local_records']",Moderate
Atriplex prostrata,Orache,Chenopodiaceae,introduced,naturalised,atriplex prostrata,High Risk,herb,herbaceous,annual,0.1,1.0,True,False,0.0,No local records found,3.0,2024-03-26T08:19:08Z,Reconsider Planting,Orache,VicFlora,,,,,,,,,,,,,,0,,fire_killed,not_vegetative,,,,False,Herb,788550ce-22bb-4a38-beeb-5e902de5c5aa,https://vicflora.rbg.vic.gov.au/flora/taxon/788550ce-22bb-4a38-beeb-5e902de5c5aa,"['rating', 'origin', 'local_records', 'traits', 'griis']",['flowering'],Moderate
Austrostipa mollis,,Poaceae,native,native,austrostipa mollis,Not Assessed / No exact match,tussock,herbaceous,perennial,0.15,1.5,False,False,3.0,1989,5.0,2023-07-13T00:00:00Z,Not Assessed,Supple Spear-grass,VBA,True,True,False,False,False,False,False,True,True,True,True,True,Aug–Feb,4,1.0,resprouts,not_vegetative,persistent,sticking to animals and clothing / animals,,True,Grass,50e7b111-e8ff-41b9-871e-862b93a12d6a,https://vicflora.rbg.vic.gov.au/flora/taxon/50e7b111-e8ff-41b9-871e-862b93a12d6a,"['origin', 'local_records', 'traits', 'flowering']",['rating'],Moderate
Austrostipa pubinodis,,Poaceae,native,native,austrostipa pubinodis,Not Assessed / No exact match,tussock,herbaceous,perennial,0.6,1.5,False,False,2.0,1989,10.0,2023-07-13T00:00:00Z,Not Assessed,Tall Spear-grass,VBA,True,True,False,False,False,False,False,False,True,True,True,True,Sep–Feb,3,1.0,resprouts,not_vegetative,persistent,sticking to animals and clothing / animals,Copes with short wet spells (under a month),False,Grass,aa5f344b-82b7-4cbd-a6e3-497a15005bcf,https://vicflora.rbg.vic.gov.au/flora/taxon/aa5f344b-82b7-4cbd-a6e3-497a15005bcf,"['origin', 'local_records', 'traits', 'flowering']",['rating'],Moderate
Austrostipa rudis,,Poaceae,native,native,austrostipa rudis,Not Assessed / No exact match,tussock,herbaceous,perennial,0.4,1.3,False,False,4.0,2009,21.0,2023-08-08T00:00:00Z,Not Assessed,Veined Spear-grass,VBA,True,True,False,False,False,False,False,False,True,True,True,True,Sep–Feb,2,1.0,resprouts,not_vegetative,persistent,sticking to animals and clothing / ants,Copes with short wet spells (under a month),False,Grass,81fd3576-5a2d-4484-b5dd-854e02c82971,https://vicflora.rbg.vic.gov.au/flora/taxon/81fd3576-5a2d-4484-b5dd-854e02c82971,"['origin', 'local_records', 'traits', 'flowering']",['rating'],Moderate
Austrostipa rudis subsp. rudis,,Poaceae,native,native,austrostipa rudis,Not Assessed / No exact match,tussock,herbaceous,perennial,0.4,1.3,False,False,4.0,2009,21.0,2023-08-08T00:00:00Z,Not Assessed,Veined Spear-grass,VBA,True,True,False,False,False,False,False,False,True,True,True,True,Sep–Feb,2,1.0,resprouts,not_vegetative,persistent,sticking to animals and clothing / ants,Copes with short wet spells (under a month),False,Grass,b206a1a4-cb46-446c-9bf2-0b3e3bb9e177,https://vicflora.rbg.vic.gov.au/flora/taxon/b206a1a4-cb46-446c-9bf2-0b3e3bb9e177,"['origin', 'local_records', 'traits', 'flowering']",['rating'],Moderate
Austrostipa scabra,,Poaceae,native,native,austrostipa scabra,Not Assessed / No exact match,graminoid herb,herbaceous,perennial,0.3,0.95,False,False,1.0,2006,1.0,2006-10-10T00:00:00Z,Not Assessed,,,False,False,False,False,True,True,True,True,True,True,True,True,May–Dec,2,1.0,partial_resprouting,not_vegetative,persistent,sticking to animals and clothing / animals,,True,Grass,2842b516-0194-43ca-b2b0-724d7788750d,https://vicflora.rbg.vic.gov.au/flora/taxon/2842b516-0194-43ca-b2b0-724d7788750d,"['origin', 'local_records', 'traits', 'flowering']",['rating'],Moderate
Austrostipa scabra subsp. scabra,,Poaceae,native,native,austrostipa scabra,Not Assessed / No exact match,graminoid herb,herbaceous,perennial,0.3,0.95,False,False,1.0,2006,1.0,2006-10-10T00:00:00Z,Not Assessed,Rough Spear-grass,VBA,False,False,False,False,True,True,True,True,True,True,True,True,May–Dec,2,1.0,partial_resprouting,not_vegetative,persistent,sticking to animals and clothing / animals,,True,Grass,3444f55b-e4fa-4cdb-ba9e-aa498ec07c06,https://vicflora.rbg.vic.gov.au/flora/taxon/3444f55b-e4fa-4cdb-ba9e-aa498ec07c06,"['origin', 'local_records', 'traits', 'flowering']",['rating'],Moderate
Austrostipa stipoides,,Poaceae,native,native,austrostipa stipoides,Not Assessed / No exact match,tussock,herbaceous,perennial,0.3,1.2,False,False,0.0,No local records found,0.0,No local records found,Not Assessed,,,True,True,True,False,False,False,False,False,True,True,True,True,Sep–Mar,2,1.0,,not_vegetative,persistent,sticking to animals and clothing / animals,Copes with waterlogged soil for over 6 months,False,Grass,8b16af1c-e247-4e63-a467-b0dde8f9d753,https://vicflora.rbg.vic.gov.au/flora/taxon/8b16af1c-e247-4e63-a467-b0dde8f9d753,"['origin', 'traits', 'flowering']","['rating', 'local_records']",Moderate
Avena fatua,Wild Oat,Poaceae,introduced,naturalised,avena fatua,High Risk,graminoid herb,herbaceous,annual,0.6,1.96,True,False,3.0,2009,6.0,2025-06-20T00:00:00Z,Reconsider Planting,Wild Oat,VicFlora,True,False,False,False,True,True,True,True,True,True,True,True,May–Jan,2,1.0,fire_killed,not_vegetative,widely_dispersed,animals,,False,Grass,8ac62cc5-dd0a-4474-9e66-e842cdf2323e,https://vicflora.rbg.vic.gov.au/flora/taxon/8ac62cc5-dd0a-4474-9e66-e842cdf2323e,"['rating', 'origin', 'local_records', 'traits', 'flowering', 'griis']",[],Strong
Avena sterilis,Sterile Oat,Poaceae,introduced,naturalised,avena sterilis,Moderately High Risk,graminoid herb,herbaceous,annual,0.45,1.8,True,False,0.0,No local records found,1.0,1986-12-09T00:00:00Z,Use Caution,Sterile Oat,VicFlora,False,False,False,False,False,False,False,False,True,True,True,False,Sep–Nov,1,1.0,,not_vegetative,,sticking to animals and clothing,,False,Grass,5597207b-b71b-41b5-b849-56e5779e0667,https://vicflora.rbg.vic.gov.au/flora/taxon/5597207b-b71b-41b5-b849-56e5779e0667,"['rating', 'origin', 'local_records', 'traits', 'flowering', 'griis']",[],Strong
Azolla rubra,,Salviniaceae,native,native,azolla rubra,Not Assessed / No exact match,fern,herbaceous,perennial,0.015,0.2,False,False,2.0,1975,4.0,2020-06-29T13:40:00Z,Not Assessed,Pacific Azolla,VBA,,,,,,,,,,,,,,0,,,not_vegetative,persistent,water / sticking to animals and clothing,Grows in water,False,Fern,b6546d20-0b54-42e4-9000-7661c7d18638,https://vicflora.rbg.vic.gov.au/flora/taxon/b6546d20-0b54-42e4-9000-7661c7d18638,"['origin', 'local_records', 'traits']","['rating', 'flowering']",Moderate
Banksia integrifolia,,Proteaceae,native,native,banksia integrifolia,Not Assessed / No exact match,tree,woody,perennial,5.0,30.0,False,False,1.0,1975,9.0,2026-03-16T13:26:08Z,Not Assessed,Coast Banksia,ALA,True,True,True,True,True,True,True,False,True,True,True,False,"Jan–Jul, Sep–Nov",6,2.0,resprouts,not_vegetative,transient,wind / falling near the parent plant,Copes with short wet spells (under a month),False,Tree,36a63a70-f6bb-44aa-9b00-fc71b4264b5e,https://vicflora.rbg.vic.gov.au/flora/taxon/36a63a70-f6bb-44aa-9b00-fc71b4264b5e,"['origin', 'local_records', 'traits', 'flowering']",['rating'],Moderate
Banksia integrifolia subsp. integrifolia,,Proteaceae,native,native,banksia integrifolia,Not Assessed / No exact match,tree,woody,perennial,5.0,30.0,False,False,1.0,1975,9.0,2026-03-16T13:26:08Z,Not Assessed,Coast Banksia,VBA,True,True,True,True,True,True,True,False,True,True,True,False,"Jan–Jul, Sep–Nov",6,2.0,resprouts,not_vegetative,transient,wind / falling near the parent plant,Copes with short wet spells (under a month),False,Tree,2b7b0e82-9f07-4a47-9da9-464f927946f6,https://vicflora.rbg.vic.gov.au/flora/taxon/2b7b0e82-9f07-4a47-9da9-464f927946f6,"['origin', 'local_records', 'traits', 'flowering']",['rating'],Moderate
Banksia marginata,Silver Banksia | Warrock,Proteaceae,native,native,banksia marginata,Not Assessed / No exact match,shrub,woody,perennial,0.3,12.0,False,False,4.0,2020,89.0,2026-08-21T13:59:26Z,Not Assessed,Silver Banksia | Warrock,VicFlora,False,True,True,True,True,True,True,False,False,False,False,False,Feb–Jul,6,1.0,fire_killed,not_vegetative,long_persistent,wind / falling near the parent plant,Copes with waterlogged soil for 1-6 months,False,Shrub,d53901b2-4f12-47e6-a8ad-7f57b8d32c42,https://vicflora.rbg.vic.gov.au/flora/taxon/d53901b2-4f12-47e6-a8ad-7f57b8d32c42,"['origin', 'local_records', 'traits', 'flowering']",['rating'],Moderate
Bellis perennis,English Daisy,Asteraceae,introduced,naturalised,bellis perennis,Medium Risk,herb,herbaceous,perennial,,,True,False,4.0,2006,50.0,2026-04-25T09:14:36Z,Use Caution,English Daisy,VicFlora,,,,,,,,,,,,,,0,,,,,,,False,Herb,8627a31b-68ee-4c31-911d-e2bd9a6452ee,https://vicflora.rbg.vic.gov.au/flora/taxon/8627a31b-68ee-4c31-911d-e2bd9a6452ee,"['rating', 'origin', 'local_records', 'traits', 'griis']",['flowering'],Moderate
Berula erecta,Water Parsnip,Apiaceae,uncertain,Not available,berula erecta,Lower Risk,herb,herbaceous,perennial,0.3,1.0,True,False,0.0,No local records found,1.0,2005-01-19T00:00:00Z,Lower Concern,Water Parsnip,VicFlora,True,True,True,False,False,False,False,False,False,False,False,False,Jan–Mar,2,1.0,resprouts,vegetative,transient,sticking to animals and clothing,Copes with waterlogged soil for over 6 months,False,Herb,39b8eee9-e0ff-4127-9774-610554b0e2ff,https://vicflora.rbg.vic.gov.au/flora/taxon/39b8eee9-e0ff-4127-9774-610554b0e2ff,"['rating', 'origin', 'local_records', 'traits', 'flowering']",[],Strong
Bidens pilosa,Cobbler's-pegs,Asteraceae,introduced,naturalised,bidens pilosa,Lower Risk,herb,herbaceous,annual,0.2,1.5,True,False,0.0,No local records found,3.0,2025-07-24T13:12:17Z,Lower Concern,Cobbler's-pegs,VicFlora,True,True,True,True,True,True,True,True,True,True,True,True,All year,3,1.0,fire_killed,not_vegetative,,,,False,Herb,20eb117d-d1d8-4340-a73b-6f3751165843,https://vicflora.rbg.vic.gov.au/flora/taxon/20eb117d-d1d8-4340-a73b-6f3751165843,"['rating', 'origin', 'local_records', 'traits', 'flowering', 'griis']",[],Strong
Bidens pilosa var. minor,,Asteraceae,introduced,naturalised,bidens pilosa,Lower Risk,herb,herbaceous,annual,0.2,1.5,True,False,0.0,No local records found,3.0,2025-07-24T13:12:17Z,Lower Concern,Cobbler's-pegs,DEECA Advisory List,True,True,True,True,True,True,True,True,True,True,True,True,All year,3,1.0,fire_killed,not_vegetative,,,,False,Herb,b8911674-e391-4b19-98ee-9294c4a37b6e,https://vicflora.rbg.vic.gov.au/flora/taxon/b8911674-e391-4b19-98ee-9294c4a37b6e,"['rating', 'origin', 'local_records', 'traits', 'flowering', 'griis']",[],Strong
Billardiera mutabilis,,Pittosporaceae,native,native,billardiera mutabilis,Not Assessed / No exact match,shrub,woody,perennial,2.5,2.5,False,False,2.0,2009,12.0,2025-10-27T16:13:01Z,Not Assessed,Common Apple-berry,VBA,True,False,False,False,False,False,False,False,True,True,True,True,Sep–Jan,1,1.0,,not_vegetative,persistent,birds and animals eating the fruit,,True,Shrub,169cd940-d54d-4f2c-9160-f723f9551d5c,https://vicflora.rbg.vic.gov.au/flora/taxon/169cd940-d54d-4f2c-9160-f723f9551d5c,"['origin', 'local_records', 'traits', 'flowering']",['rating'],Moderate
Billardiera scandens,Common Apple-berry,Pittosporaceae,native,native,billardiera scandens,Not Assessed / No exact match,climber,woody,perennial,0.5,3.0,False,False,5.0,2000,8.0,2000-10-12T00:00:00Z,Not Assessed,Common Apple-berry,VicFlora,True,True,False,False,False,False,False,False,True,True,True,True,Sep–Feb,4,1.0,resprouts,not_vegetative,persistent,birds and animals eating the fruit / animals,,True,Climber,6c325a2f-c22e-4773-83ae-6c5a2a810385,https://vicflora.rbg.vic.gov.au/flora/taxon/6c325a2f-c22e-4773-83ae-6c5a2a810385,"['origin', 'local_records', 'traits', 'flowering']",['rating'],Moderate
Boronia parviflora,Swamp Boronia,Rutaceae,native,native,boronia parviflora,Not Assessed / No exact match,shrub,woody,perennial,0.1,1.0,False,False,5.0,1911,11.0,1911-10-13T00:00:00Z,Not Assessed,Swamp Boronia,VicFlora,True,True,True,True,True,True,True,True,True,True,True,True,All year,5,1.0,resprouts,not_vegetative,persistent,ants / animals,Copes with waterlogged soil for over 6 months,False,Shrub,3df847ca-d85e-4f4b-8cbc-a4d924b3f71d,https://vicflora.rbg.vic.gov.au/flora/taxon/3df847ca-d85e-4f4b-8cbc-a4d924b3f71d,"['origin', 'local_records', 'traits', 'flowering']",['rating'],Moderate
Bossiaea cinerea,Showy Bossiaea,Fabaceae,native,native,bossiaea cinerea,Not Assessed / No exact match,shrub,woody,perennial,0.3,3.0,False,False,2.0,1990,32.0,2026-06-24T12:14:05Z,Not Assessed,Showy Bossiaea,VicFlora,False,False,False,False,False,False,False,True,True,True,True,False,Aug–Nov,3,1.0,resprouts,not_vegetative,persistent,ants / falling near the parent plant,Copes with short wet spells (under a month),False,Shrub,3044411e-8665-45cf-ba10-cc63c7b94237,https://vicflora.rbg.vic.gov.au/flora/taxon/3044411e-8665-45cf-ba10-cc63c7b94237,"['origin', 'local_records', 'traits', 'flowering']",['rating'],Moderate
Bossiaea prostrata,Creeping Bossiaea,Fabaceae,native,native,bossiaea prostrata,Not Assessed / No exact match,subshrub,woody,perennial,0.1,1.5,False,False,7.0,2006,18.0,2026-08-21T14:50:21Z,Not Assessed,Creeping Bossiaea,VicFlora,False,False,False,False,False,False,False,False,True,True,True,False,Sep–Nov,3,1.0,resprouts,not_vegetative,persistent,ants / falling near the parent plant,,True,Shrub,a6b263c4-c8c3-484d-aee2-620d17e8091b,https://vicflora.rbg.vic.gov.au/flora/taxon/a6b263c4-c8c3-484d-aee2-620d17e8091b,"['origin', 'local_records', 'traits', 'flowering']",['rating'],Moderate
Bothriochloa macra,Red-leg Grass,Poaceae,native,native,bothriochloa macra,Not Assessed / No exact match,graminoid herb,herbaceous,perennial,0.79,1.0,True,False,0.0,No local records found,0.0,No local records found,Not Assessed,Red-leg Grass,VicFlora,True,True,True,True,False,False,False,False,False,False,False,True,Dec–Apr,3,1.0,partial_resprouting,not_vegetative,long_persistent,sticking to animals and clothing / wind,Copes with short wet spells (under a month),False,Grass,bb5888c4-cc4e-406d-bff1-7eb7d7569fc7,https://vicflora.rbg.vic.gov.au/flora/taxon/bb5888c4-cc4e-406d-bff1-7eb7d7569fc7,"['origin', 'traits', 'flowering']","['rating', 'local_records']",Moderate
Brachyscome diversifolia,Tall Daisy,Asteraceae,native,native,brachyscome diversifolia,Not Assessed / No exact match,herb,herbaceous,annual perennial,0.45,0.5,False,False,0.0,No local records found,0.0,No local records found,Not Assessed,Tall Daisy,VicFlora,True,True,True,True,False,True,True,True,True,True,True,True,Jun–Apr,2,1.0,fire_killed,not_vegetative,transient,animals / wind,,True,Herb,d1feeb03-0e4d-480f-a697-8f9a72c186d1,https://vicflora.rbg.vic.gov.au/flora/taxon/d1feeb03-0e4d-480f-a697-8f9a72c186d1,"['origin', 'traits', 'flowering']","['rating', 'local_records']",Moderate
Brachyscome parvula,Coast Daisy,Asteraceae,native,native,brachyscome parvula,Not Assessed / No exact match,herb,herbaceous,annual perennial,0.4,0.45,False,False,1.0,1899,4.0,1899-02-09T00:00:00Z,Not Assessed,Coast Daisy,VicFlora,True,False,False,False,False,False,False,False,True,True,True,True,Sep–Jan,1,1.0,resprouts,vegetative,transient,animals / wind,Copes with waterlogged soil for 1-6 months,False,Herb,5cf6b2cd-c6c0-4e96-9e74-822b804710c8,https://vicflora.rbg.vic.gov.au/flora/taxon/5cf6b2cd-c6c0-4e96-9e74-822b804710c8,"['origin', 'local_records', 'traits', 'flowering']",['rating'],Moderate
Brachyscome perpusilla,Tiny Daisy,Asteraceae,native,native,brachyscome perpusilla,Not Assessed / No exact match,herb,herbaceous,annual,0.023,0.23,False,False,1.0,1987,1.0,1987-02-01T00:00:00Z,Not Assessed,Tiny Daisy,VicFlora,False,False,False,False,False,False,True,True,True,True,True,False,Jul–Nov,4,1.0,fire_killed,not_vegetative,transient,animals / wind,Copes with waterlogged soil for 1-6 months,False,Herb,2bbce132-ad86-45ac-a6ef-e251a73235ac,https://vicflora.rbg.vic.gov.au/flora/taxon/2bbce132-ad86-45ac-a6ef-e251a73235ac,"['origin', 'local_records', 'traits', 'flowering']",['rating'],Moderate
Brassica fruticulosa,Twiggy Turnip,Brassicaceae,introduced,naturalised,brassica fruticulosa,High Risk,herb,herbaceous,biennial perennial,0.5,0.5,True,False,2.0,2010,8.0,2026-04-25T09:33:35Z,Reconsider Planting,Twiggy Turnip,VicFlora,True,True,False,True,True,True,True,False,True,True,True,True,"Apr–Jul, Sep–Feb",2,2.0,fire_killed,not_vegetative,,,,False,Herb,288f7247-0a47-45e6-ae29-43d09a6b18bf,https://vicflora.rbg.vic.gov.au/flora/taxon/288f7247-0a47-45e6-ae29-43d09a6b18bf,"['rating', 'origin', 'local_records', 'traits', 'flowering', 'griis']",[],Strong
Briza maxima,Large Quaking Grass | Shelly Grass,Poaceae,introduced,naturalised,briza maxima,Moderately High Risk,graminoid herb,herbaceous,annual,0.2,0.65,True,False,8.0,2009,37.0,2026-03-18T14:30:05Z,Use Caution,Large Quaking Grass | Shelly Grass,VicFlora,False,False,False,False,False,False,False,True,True,True,True,False,Aug–Nov,2,1.0,fire_killed,,widely_dispersed,,,False,Grass,b69b4c51-96ea-4f2c-b27e-f885dd76a69f,https://vicflora.rbg.vic.gov.au/flora/taxon/b69b4c51-96ea-4f2c-b27e-f885dd76a69f,"['rating', 'origin', 'local_records', 'traits', 'flowering', 'griis']",[],Strong
Briza minor,Lesser Quaking Grass | Shivery Grass,Poaceae,introduced,naturalised,briza minor,Moderately High Risk,graminoid herb,herbaceous,annual,0.1,0.6,True,False,6.0,2006,12.0,2024-09-23T16:34:44Z,Use Caution,Lesser Quaking Grass | Shivery Grass,VicFlora,False,False,False,False,False,False,False,True,True,True,True,False,Aug–Nov,2,1.0,fire_killed,not_vegetative,widely_dispersed,wind,,False,Grass,23d135d4-214c-46d5-bae4-8f4a8b05341e,https://vicflora.rbg.vic.gov.au/flora/taxon/23d135d4-214c-46d5-bae4-8f4a8b05341e,"['rating', 'origin', 'local_records', 'traits', 'flowering', 'griis']",[],Strong
Bromus catharticus,Prairie Grass,Poaceae,introduced,Not available,bromus catharticus,High Risk,graminoid herb,herbaceous,annual short_lived_perennial,0.3,1.2,True,False,11.0,2010,37.0,2023-06-11T00:00:00Z,Reconsider Planting,Prairie Grass,VicFlora,False,False,False,False,False,False,False,False,True,True,True,False,Sep–Nov,1,1.0,resprouts,not_vegetative,,,,False,Grass,ec130011-3f45-4621-9c3b-a1f3a63de1e6,https://vicflora.rbg.vic.gov.au/flora/taxon/ec130011-3f45-4621-9c3b-a1f3a63de1e6,"['rating', 'origin', 'local_records', 'traits', 'flowering', 'griis']",[],Strong
Bromus diandrus,Great Brome,Poaceae,introduced,naturalised,bromus diandrus,Medium Risk,graminoid herb,herbaceous,annual,0.15,1.51,True,False,3.0,2009,7.0,2025-10-06T07:56:20Z,Use Caution,Great Brome,VicFlora,False,False,False,False,True,True,True,True,True,True,True,False,May–Nov,2,1.0,fire_killed,,widely_dispersed,sticking to animals and clothing / ants,,False,Grass,e71f9c19-b7a7-41f6-bcf7-946480d0c1f9,https://vicflora.rbg.vic.gov.au/flora/taxon/e71f9c19-b7a7-41f6-bcf7-946480d0c1f9,"['rating', 'origin', 'local_records', 'traits', 'flowering', 'griis']",[],Strong
Bromus hordeaceus,Soft Brome,Poaceae,introduced,naturalised,bromus hordeaceus,Medium Risk,graminoid herb,herbaceous,annual,0.1,1.0,True,False,3.0,2009,6.0,2009-07-16T00:00:00Z,Use Caution,Soft Brome,VicFlora,False,False,False,False,False,False,False,False,True,True,True,False,Sep–Nov,1,1.0,fire_killed,,transient,,,False,Grass,e0320d69-4d45-4eb5-a9f1-fe3f3c0d5c47,https://vicflora.rbg.vic.gov.au/flora/taxon/e0320d69-4d45-4eb5-a9f1-fe3f3c0d5c47,"['rating', 'origin', 'local_records', 'traits', 'flowering', 'griis']",[],Strong
Brunonia australis,Blue Pincushion,Goodeniaceae,native,native,brunonia australis,Not Assessed / No exact match,herb,herbaceous,perennial,0.028909082,0.5,False,False,3.0,2000,5.0,2023-12-29T12:21:49Z,Not Assessed,Blue Pincushion,VicFlora,True,True,False,False,True,True,True,True,True,True,True,True,May–Feb,5,1.0,resprouts,vegetative,transient,wind / sticking to animals and clothing,,True,Herb,b7f950e3-a7b6-4674-8d60-2839398eb343,https://vicflora.rbg.vic.gov.au/flora/taxon/b7f950e3-a7b6-4674-8d60-2839398eb343,"['origin', 'local_records', 'traits', 'flowering']",['rating'],Moderate
Bryum argenteum,,Bryaceae,uncertain,Not available,bryum argenteum,Not Assessed / No exact match,,,,,,False,False,0.0,No local records found,1.0,2012-10-13T00:00:00Z,Not Assessed,Silver Moss,ALA,,,,,,,,,,,,,,0,,,,,,,False,,5c7c3a9c-54cb-4b9c-9031-6790fb7b37ee,https://vicflora.rbg.vic.gov.au/flora/taxon/5c7c3a9c-54cb-4b9c-9031-6790fb7b37ee,"['origin', 'local_records']","['rating', 'traits', 'flowering']",Limited
Bulbine bulbosa,Bulbine Lily | Pike,Asphodelaceae,native,native,bulbine bulbosa,Not Assessed / No exact match,herb,herbaceous,perennial,0.1328,0.75,False,False,2.0,2007,39.0,2026-04-24T08:08:19Z,Not Assessed,Bulbine Lily | Pike,VicFlora,True,True,True,False,False,False,False,False,True,True,True,True,Sep–Mar,3,1.0,resprouts,not_vegetative,transient,falling near the parent plant / wind,Copes with waterlogged soil for 1-6 months,False,Herb,1eb00dc2-54bf-402a-8968-8361bb9d64bf,https://vicflora.rbg.vic.gov.au/flora/taxon/1eb00dc2-54bf-402a-8968-8361bb9d64bf,"['origin', 'local_records', 'traits', 'flowering']",['rating'],Moderate
Burchardia umbellata,Milkmaids | Popoto,Colchicaceae,native,native,burchardia umbellata,Not Assessed / No exact match,herb,herbaceous,perennial,0.1,0.8,False,False,8.0,2000,28.0,2025-10-24T16:42:36Z,Not Assessed,Milkmaids | Popoto,VicFlora,False,False,False,False,False,False,True,True,True,True,True,False,Jul–Nov,5,1.0,resprouts,not_vegetative,transient,falling near the parent plant,Copes with waterlogged soil for 1-6 months,False,Herb,e23707af-1674-431c-9cef-6004bd2e57ea,https://vicflora.rbg.vic.gov.au/flora/taxon/e23707af-1674-431c-9cef-6004bd2e57ea,"['origin', 'local_records', 'traits', 'flowering']",['rating'],Moderate
Burnettia cuneata,Burnettia | Lizard Orchid,Orchidaceae,native,native,burnettia cuneata,Not Assessed / No exact match,herb,herbaceous,perennial,0.05,0.13,False,False,1.0,1887,0.0,No local records found,Not Assessed,Burnettia | Lizard Orchid,VicFlora,False,False,False,False,False,False,False,False,True,True,True,True,Sep–Dec,3,1.0,resprouts,not_vegetative,transient,wind,Copes with waterlogged soil for over 6 months,False,Herb,a25d7841-6f37-479a-9009-07a09aa94464,https://vicflora.rbg.vic.gov.au/flora/taxon/a25d7841-6f37-479a-9009-07a09aa94464,"['origin', 'local_records', 'traits', 'flowering']",['rating'],Moderate
Bursaria spinosa,Kurwan | Tupy | Sweet Bursaria | Native Box,Pittosporaceae,native,native,bursaria spinosa,Not Assessed / No exact match,shrub,woody,perennial,0.5,12.0,True,False,15.0,2024,149.0,2026-08-20T11:51:59Z,Not Assessed,Kurwan | Tupy | Sweet Bursaria | Native Box,VicFlora,True,True,True,True,True,False,False,False,True,True,True,True,Sep–May,6,1.0,resprouts,not_vegetative,transient,water / wind,Copes with short wet spells (under a month),False,Shrub,536205ee-a735-4b04-b31f-4745f57e9588,https://vicflora.rbg.vic.gov.au/flora/taxon/536205ee-a735-4b04-b31f-4745f57e9588,"['origin', 'local_records', 'traits', 'flowering']",['rating'],Moderate
Bursaria spinosa subsp. spinosa,,Pittosporaceae,native,native,bursaria spinosa,Not Assessed / No exact match,shrub,woody,perennial,0.5,12.0,True,False,15.0,2024,149.0,2026-08-20T11:51:59Z,Not Assessed,Sweet Bursaria,VBA,True,True,True,True,True,False,False,False,True,True,True,True,Sep–May,6,1.0,resprouts,not_vegetative,transient,water / wind,Copes with short wet spells (under a month),False,Shrub,3a10a7b8-30a2-4f84-ab39-d1a63deae343,https://vicflora.rbg.vic.gov.au/flora/taxon/3a10a7b8-30a2-4f84-ab39-d1a63deae343,"['origin', 'local_records', 'traits', 'flowering']",['rating'],Moderate
Caesia calliantha,Blue Grass-lily,Asphodelaceae,native,native,caesia calliantha,Not Assessed / No exact match,herb,herbaceous,perennial,0.054,0.7,False,False,0.0,No local records found,2.0,1991-11-29T00:00:00Z,Not Assessed,Blue Grass-lily,VicFlora,True,True,False,False,False,False,False,False,True,True,True,True,Sep–Feb,3,1.0,resprouts,not_vegetative,transient,ants / falling near the parent plant,,True,Herb,4c0f0b74-af0f-4ae7-a1bf-24fa9cca92f0,https://vicflora.rbg.vic.gov.au/flora/taxon/4c0f0b74-af0f-4ae7-a1bf-24fa9cca92f0,"['origin', 'local_records', 'traits', 'flowering']",['rating'],Moderate
Caesia parviflora,Pale Grass-lily,Asphodelaceae,native,native,caesia parviflora,Not Assessed / No exact match,herb,herbaceous,perennial,0.2,0.75,False,False,2.0,1989,11.0,2025-12-08T13:13:41Z,Not Assessed,Pale Grass-lily,VicFlora,True,True,False,False,False,False,False,False,True,True,True,True,Sep–Feb,5,1.0,resprouts,not_vegetative,transient,ants / animals,Copes with waterlogged soil for 1-6 months,False,Herb,e98cb803-5449-4e8a-96fd-23dcdef81f61,https://vicflora.rbg.vic.gov.au/flora/taxon/e98cb803-5449-4e8a-96fd-23dcdef81f61,"['origin', 'local_records', 'traits', 'flowering']",['rating'],Moderate
Caesia parviflora var. minor,,Asphodelaceae,native,native,caesia parviflora,Not Assessed / No exact match,herb,herbaceous,perennial,0.2,0.75,False,False,2.0,1989,11.0,2025-12-08T13:13:41Z,Not Assessed,Pale Grass-lily,ALA,True,True,False,False,False,False,False,False,True,True,True,True,Sep–Feb,5,1.0,resprouts,not_vegetative,transient,ants / animals,Copes with waterlogged soil for 1-6 months,False,Herb,ff345ddf-32a3-45af-bebf-b41307902703,https://vicflora.rbg.vic.gov.au/flora/taxon/ff345ddf-32a3-45af-bebf-b41307902703,"['origin', 'local_records', 'traits', 'flowering']",['rating'],Moderate
Caesia parviflora var. parviflora,,Asphodelaceae,native,native,caesia parviflora,Not Assessed / No exact match,herb,herbaceous,perennial,0.2,0.75,False,False,2.0,1989,11.0,2025-12-08T13:13:41Z,Not Assessed,Pale Grass-lily,VBA,True,True,False,False,False,False,False,False,True,True,True,True,Sep–Feb,5,1.0,resprouts,not_vegetative,transient,ants / animals,Copes with waterlogged soil for 1-6 months,False,Herb,5e4531fd-f34a-4fff-a91a-173a3b4a6b9f,https://vicflora.rbg.vic.gov.au/flora/taxon/5e4531fd-f34a-4fff-a91a-173a3b4a6b9f,"['origin', 'local_records', 'traits', 'flowering']",['rating'],Moderate
Caladenia australis,Southern Spider-orchid,Orchidaceae,native,native,caladenia australis,Not Assessed / No exact match,herb,herbaceous,perennial,0.12,0.3,False,False,1.0,1943,1.0,1943-10-21T00:00:00Z,Not Assessed,Southern Spider-orchid,VicFlora,False,False,False,False,False,False,False,False,True,True,True,False,Sep–Nov,1,1.0,resprouts,not_vegetative,transient,wind,,True,Herb,185be4c5-d2c0-4b68-a914-1e8eebbcf19c,https://vicflora.rbg.vic.gov.au/flora/taxon/185be4c5-d2c0-4b68-a914-1e8eebbcf19c,"['origin', 'local_records', 'traits', 'flowering']",['rating'],Moderate
Caladenia oenochila,,Orchidaceae,native,native,caladenia oenochila,Not Assessed / No exact match,herb,herbaceous,perennial,0.15,0.4,False,False,1.0,1890,4.0,,Not Assessed,Wine-lipped Spider-orchid,VBA,False,False,False,False,False,False,False,True,True,True,False,False,Aug–Oct,1,1.0,resprouts,not_vegetative,transient,wind,,True,Herb,57231227-b5b5-4e6c-b6b4-541ddffc35c3,https://vicflora.rbg.vic.gov.au/flora/taxon/57231227-b5b5-4e6c-b6b4-541ddffc35c3,"['origin', 'local_records', 'traits', 'flowering']",['rating'],Moderate
Caladenia parva,Green-comb Spider-orchid,Orchidaceae,native,native,caladenia parva,Not Assessed / No exact match,herb,herbaceous,perennial,0.05,0.15,False,False,1.0,1890,1.0,,Not Assessed,Green-comb Spider-orchid,VicFlora,False,False,False,False,False,False,False,True,True,True,False,False,Aug–Oct,1,1.0,resprouts,not_vegetative,transient,wind,,True,Herb,079e6097-322b-43ba-b9b0-92a34eed4ab9,https://vicflora.rbg.vic.gov.au/flora/taxon/079e6097-322b-43ba-b9b0-92a34eed4ab9,"['origin', 'local_records', 'traits', 'flowering']",['rating'],Moderate
Caladenia robinsonii,,Orchidaceae,native,native,caladenia robinsonii,Not Assessed / No exact match,herb,herbaceous,perennial,0.11,0.3,False,False,0.0,No local records found,1.0,,Not Assessed,Frankston Spiderorchid,ALA,False,False,False,False,False,False,False,False,False,True,False,False,Oct,1,1.0,resprouts,not_vegetative,transient,wind,,True,Herb,ce6aaf57-e767-4c20-a3c9-1d9b1827014f,https://vicflora.rbg.vic.gov.au/flora/taxon/ce6aaf57-e767-4c20-a3c9-1d9b1827014f,"['origin', 'local_records', 'traits', 'flowering']",['rating'],Moderate
Caladenia venusta,White Spider-orchid,Orchidaceae,native,native,caladenia venusta,Not Assessed / No exact match,herb,herbaceous,perennial,0.2,0.6,False,False,3.0,1941,3.0,1941-11-12T00:00:00Z,Not Assessed,White Spider-orchid,VicFlora,False,False,False,False,False,False,False,False,False,True,True,False,Oct–Nov,1,1.0,resprouts,not_vegetative,transient,wind,,True,Herb,6f6da9ef-9390-4c4d-ad67-989ebfe5612e,https://vicflora.rbg.vic.gov.au/flora/taxon/6f6da9ef-9390-4c4d-ad67-989ebfe5612e,"['origin', 'local_records', 'traits', 'flowering']",['rating'],Moderate
Caleana major,Large Duck-orchid | Flying Ducks,Orchidaceae,native,native,caleana major,Not Assessed / No exact match,herb,herbaceous,perennial,0.13,0.5,False,False,3.0,1907,3.0,1907-11-19T00:00:00Z,Not Assessed,Large Duck-orchid | Flying Ducks,VicFlora,True,True,False,False,False,False,False,False,True,True,True,True,Sep–Feb,3,1.0,resprouts,not_vegetative,transient,wind / falling near the parent plant,,True,Herb,f950ab28-4dd3-45d4-bbd1-1b01811e713a,https://vicflora.rbg.vic.gov.au/flora/taxon/f950ab28-4dd3-45d4-bbd1-1b01811e713a,"['origin', 'local_records', 'traits', 'flowering']",['rating'],Moderate
Callitriche stagnalis,Common Water-starwort,Plantaginaceae,introduced,naturalised,callitriche stagnalis,Moderately High Risk,herb,herbaceous,annual,0.1,0.1,True,False,5.0,2007,16.0,2021-10-10T14:35:00Z,Use Caution,Common Water-starwort,VicFlora,True,True,False,False,False,False,False,False,True,True,True,True,Sep–Feb,1,1.0,resprouts,not_vegetative,long_persistent,,,False,Herb,cd80e5f1-02af-45f0-a5e0-bf21d03e08b9,https://vicflora.rbg.vic.gov.au/flora/taxon/cd80e5f1-02af-45f0-a5e0-bf21d03e08b9,"['rating', 'origin', 'local_records', 'traits', 'flowering', 'griis']",[],Strong
Calochilus paludosus,Red Beard-orchid,Orchidaceae,native,native,calochilus paludosus,Not Assessed / No exact match,herb,herbaceous,perennial,0.24,0.6,False,False,1.0,1889,2.0,,Not Assessed,Red Beard-orchid,VicFlora,False,False,False,False,False,False,False,True,True,True,True,False,Aug–Nov,3,1.0,resprouts,not_vegetative,persistent,wind,Copes with waterlogged soil for 1-6 months,False,Herb,063985ba-92cc-4f38-8ec8-a13f3741f3d4,https://vicflora.rbg.vic.gov.au/flora/taxon/063985ba-92cc-4f38-8ec8-a13f3741f3d4,"['origin', 'local_records', 'traits', 'flowering']",['rating'],Moderate
Calystegia sepium,Large Bindweed,Convolvulaceae,native,native,calystegia sepium,Not Assessed / No exact match,herb,herbaceous,perennial,4.0,4.0,False,False,1.0,1986,3.0,2026-04-25T10:10:01Z,Not Assessed,Large Bindweed,VicFlora,True,True,True,True,False,False,False,False,False,False,False,True,Dec–Apr,3,1.0,resprouts,not_vegetative,persistent,falling near the parent plant / animals,Copes with waterlogged soil for over 6 months,False,Herb,c772cb5d-c5be-4758-b8b0-d9c0526e164f,https://vicflora.rbg.vic.gov.au/flora/taxon/c772cb5d-c5be-4758-b8b0-d9c0526e164f,"['origin', 'local_records', 'traits', 'flowering']",['rating'],Moderate
Calystegia sepium subsp. roseata,,Convolvulaceae,native,native,calystegia sepium,Not Assessed / No exact match,herb,herbaceous,perennial,4.0,4.0,False,False,1.0,1986,3.0,2026-04-25T10:10:01Z,Not Assessed,Large Bindweed,VBA,True,True,True,True,False,False,False,False,False,False,False,True,Dec–Apr,3,1.0,resprouts,not_vegetative,persistent,falling near the parent plant / animals,Copes with waterlogged soil for over 6 months,False,Herb,ec062bf2-fea1-4e19-85ad-438458f96294,https://vicflora.rbg.vic.gov.au/flora/taxon/ec062bf2-fea1-4e19-85ad-438458f96294,"['origin', 'local_records', 'traits', 'flowering']",['rating'],Moderate
Calystegia silvatica,Greater Bindweed,Convolvulaceae,introduced,Not available,calystegia silvatica,Moderately High Risk,herb,herbaceous,perennial,,,True,False,0.0,No local records found,3.0,2022-04-20T00:00:00Z,Use Caution,Greater Bindweed,VicFlora,True,True,False,False,False,False,False,False,False,False,False,True,Dec–Feb,1,1.0,,,,,,False,Herb,16f377fa-0e71-42ce-895d-8799a6854021,https://vicflora.rbg.vic.gov.au/flora/taxon/16f377fa-0e71-42ce-895d-8799a6854021,"['rating', 'origin', 'local_records', 'traits', 'flowering', 'griis']",[],Strong
Calystegia silvatica subsp. silvatica,,Convolvulaceae,introduced,naturalised,calystegia silvatica,Moderately High Risk,herb,herbaceous,perennial,,,True,False,0.0,No local records found,3.0,2022-04-20T00:00:00Z,Use Caution,Greater Bindweed,DEECA Advisory List,True,True,False,False,False,False,False,False,False,False,False,True,Dec–Feb,1,1.0,,,,,,False,Herb,cb7d43d4-4cf3-44ae-a7f3-82cc07492c29,https://vicflora.rbg.vic.gov.au/flora/taxon/cb7d43d4-4cf3-44ae-a7f3-82cc07492c29,"['rating', 'origin', 'local_records', 'traits', 'flowering', 'griis']",[],Strong
Campylopus appressifolius,,Leucobryaceae,native,native,campylopus appressifolius,Not Assessed / No exact match,,,,,,False,False,0.0,No local records found,1.0,1952-03-08T00:00:00Z,Not Assessed,,,,,,,,,,,,,,,,0,,,,,,,False,,b42f6fd1-9d3a-4391-8644-7e179e160c50,https://vicflora.rbg.vic.gov.au/flora/taxon/b42f6fd1-9d3a-4391-8644-7e179e160c50,"['origin', 'local_records']","['rating', 'traits', 'flowering']",Limited
Campylopus introflexus,,Leucobryaceae,native,native,campylopus introflexus,Not Assessed / No exact match,,,,,,False,False,0.0,No local records found,8.0,2025-03-06T17:16:21Z,Not Assessed,Heath Star Moss,ALA,,,,,,,,,,,,,,0,,,,,,,False,,a9e3bcea-ddff-42ae-9b99-71c725de1af7,https://vicflora.rbg.vic.gov.au/flora/taxon/a9e3bcea-ddff-42ae-9b99-71c725de1af7,"['origin', 'local_records']","['rating', 'traits', 'flowering']",Limited
Campylopus kirkii,,Leucobryaceae,native,native,campylopus kirkii,Not Assessed / No exact match,,,,,,False,False,0.0,No local records found,1.0,1895-08-10T00:00:00Z,Not Assessed,,,,,,,,,,,,,,,,0,,,,,,,False,,e5d5f263-91ab-451c-abe0-3c958da02cbe,https://vicflora.rbg.vic.gov.au/flora/taxon/e5d5f263-91ab-451c-abe0-3c958da02cbe,"['origin', 'local_records']","['rating', 'traits', 'flowering']",Limited
Cardamine hirsuta,Common Bitter-cress,Brassicaceae,introduced,naturalised,cardamine hirsuta,Medium Risk,herb,herbaceous,annual,0.1,0.35,True,False,2.0,2007,6.0,2024-08-26T12:12:07Z,Use Caution,Common Bitter-cress,VicFlora,False,False,False,False,True,False,False,True,True,False,False,False,"May, Aug–Sep",1,2.0,fire_killed,,,,,False,Herb,cbdb46ec-1fe4-4f57-9f9a-c01c2f498047,https://vicflora.rbg.vic.gov.au/flora/taxon/cbdb46ec-1fe4-4f57-9f9a-c01c2f498047,"['rating', 'origin', 'local_records', 'traits', 'flowering', 'griis']",[],Strong
Cardamine moirensis,,Brassicaceae,native,native,cardamine moirensis,Not Assessed / No exact match,herb,herbaceous,annual,0.3,0.3,False,False,0.0,No local records found,1.0,1912-08-10T00:00:00Z,Not Assessed,Riverina Bitter-cress,ALA,False,False,False,False,False,True,True,True,True,True,True,False,Jun–Nov,1,1.0,fire_killed,not_vegetative,persistent,animals,Copes with waterlogged soil for 1-6 months,False,Herb,aefd1365-bf73-4c27-b2b2-8de75ff38c7d,https://vicflora.rbg.vic.gov.au/flora/taxon/aefd1365-bf73-4c27-b2b2-8de75ff38c7d,"['origin', 'local_records', 'traits', 'flowering']",['rating'],Moderate
Carduus pycnocephalus,Slender Thistle,Asteraceae,introduced,naturalised,carduus pycnocephalus,Moderately High Risk,herb,herbaceous,annual,0.2,1.2,True,False,0.0,No local records found,1.0,,Use Caution,Slender Thistle,VicFlora,False,False,False,False,False,False,False,False,False,True,True,False,Oct–Nov,1,1.0,fire_killed,,widely_dispersed,,,False,Herb,94e4af27-b138-4cc8-8431-ffdb32dc7dcc,https://vicflora.rbg.vic.gov.au/flora/taxon/94e4af27-b138-4cc8-8431-ffdb32dc7dcc,"['rating', 'origin', 'local_records', 'traits', 'flowering', 'griis']",[],Strong
Carex appressa,Tall Sedge,Cyperaceae,native,native,carex appressa,Not Assessed / No exact match,herb,herbaceous,perennial,0.45,2.0,False,False,8.0,2024,27.0,2026-05-20T16:05:20Z,Not Assessed,Tall Sedge,VicFlora,True,True,True,True,False,False,False,False,True,True,True,True,Sep–Apr,3,1.0,resprouts,not_vegetative,persistent,water / falling near the parent plant,Copes with waterlogged soil for over 6 months,False,Herb,4aa77c1c-b340-475a-bc0b-522d04921a97,https://vicflora.rbg.vic.gov.au/flora/taxon/4aa77c1c-b340-475a-bc0b-522d04921a97,"['origin', 'local_records', 'traits', 'flowering']",['rating'],Moderate
Carex breviculmis,Short-stem Sedge,Cyperaceae,native,native,carex breviculmis,Not Assessed / No exact match,herb,herbaceous,perennial,0.1119,1.0,False,False,6.0,2000,7.0,2000-10-12T00:00:00Z,Not Assessed,Short-stem Sedge,VicFlora,True,True,False,True,True,True,True,False,True,True,True,True,"Apr–Jul, Sep–Feb",3,2.0,partial_resprouting,not_vegetative,persistent,falling near the parent plant / water,Copes with short wet spells (under a month),False,Herb,21df61ee-dd6a-47bb-97b9-4f4a3649fad4,https://vicflora.rbg.vic.gov.au/flora/taxon/21df61ee-dd6a-47bb-97b9-4f4a3649fad4,"['origin', 'local_records', 'traits', 'flowering']",['rating'],Moderate
Carex fascicularis,Tassel Sedge,Cyperaceae,native,native,carex fascicularis,Not Assessed / No exact match,graminoid herb,herbaceous,perennial,0.5,1.5,False,False,0.0,No local records found,4.0,2025-10-24T16:56:05Z,Not Assessed,Tassel Sedge,VicFlora,True,True,False,False,False,False,False,False,True,True,True,True,Sep–Feb,3,1.0,resprouts,vegetative,persistent,water / ants,Copes with waterlogged soil for over 6 months,False,Grass,b6ce1dcc-ccc1-4a3a-bd76-eadd74c3ef9d,https://vicflora.rbg.vic.gov.au/flora/taxon/b6ce1dcc-ccc1-4a3a-bd76-eadd74c3ef9d,"['origin', 'local_records', 'traits', 'flowering']",['rating'],Moderate
Carex gaudichaudiana,Fen Sedge,Cyperaceae,native,native,carex gaudichaudiana,Not Assessed / No exact match,graminoid,herbaceous,perennial,0.4,1.009,False,False,0.0,No local records found,3.0,1994-03-02T00:00:00Z,Not Assessed,Fen Sedge,VicFlora,True,True,False,False,False,False,False,False,True,True,True,True,Sep–Feb,2,1.0,resprouts,vegetative,persistent,water / ants,Copes with waterlogged soil for over 6 months,False,Grass,9893ad3f-4c2d-464d-9fa1-6fca79c451fc,https://vicflora.rbg.vic.gov.au/flora/taxon/9893ad3f-4c2d-464d-9fa1-6fca79c451fc,"['origin', 'local_records', 'traits', 'flowering']",['rating'],Moderate
Carex inversa,Knob Sedge,Cyperaceae,native,native,carex inversa,Not Assessed / No exact match,tussock,herbaceous,perennial,0.3,0.75,True,False,2.0,2007,7.0,2025-10-27T16:36:41Z,Not Assessed,Knob Sedge,VicFlora,True,True,True,True,True,False,False,False,True,True,True,True,Sep–May,5,1.0,resprouts,vegetative,persistent,animals / falling near the parent plant,Copes with waterlogged soil for 1-6 months,False,Grass,37138406-9566-4b96-8273-d3f7167e080b,https://vicflora.rbg.vic.gov.au/flora/taxon/37138406-9566-4b96-8273-d3f7167e080b,"['origin', 'local_records', 'traits', 'flowering']",['rating'],Moderate
Carthamus tinctorius,Safflower,Asteraceae,introduced,naturalised,carthamus tinctorius,Lower Risk,herb,herbaceous,annual,0.6,1.5,True,False,1.0,1990,1.0,1990-03-15T00:00:00Z,Lower Concern,Safflower,VicFlora,True,True,False,False,False,True,True,True,True,True,True,True,Jun–Feb,1,1.0,,,,,,False,Herb,f1fbe15a-dbdd-49c1-8146-afd0cda8b3be,https://vicflora.rbg.vic.gov.au/flora/taxon/f1fbe15a-dbdd-49c1-8146-afd0cda8b3be,"['rating', 'origin', 'local_records', 'traits', 'flowering', 'griis']",[],Strong
Cassinia aculeata,Common Cassinia | Dogwood,Asteraceae,native,native,cassinia aculeata,Not Assessed / No exact match,shrub,woody,perennial,0.5,6.0,False,False,6.0,2009,17.0,2026-05-20T16:00:02Z,Not Assessed,Common Cassinia | Dogwood,VicFlora,True,True,True,True,True,False,False,False,False,False,True,True,Nov–May,3,1.0,fire_killed,not_vegetative,transient,wind,Copes with short wet spells (under a month),False,Shrub,720aa1d7-f20c-423a-97d8-91cb81478798,https://vicflora.rbg.vic.gov.au/flora/taxon/720aa1d7-f20c-423a-97d8-91cb81478798,"['origin', 'local_records', 'traits', 'flowering']",['rating'],Moderate
Cassinia aculeata subsp. aculeata,,Asteraceae,native,native,cassinia aculeata,Not Assessed / No exact match,shrub,woody,perennial,0.5,6.0,False,False,6.0,2009,17.0,2026-05-20T16:00:02Z,Not Assessed,Common Cassinia,VBA,True,True,True,True,True,False,False,False,False,False,True,True,Nov–May,3,1.0,fire_killed,not_vegetative,transient,wind,Copes with short wet spells (under a month),False,Shrub,f4f65285-981d-4ed1-aaad-1b055d4c1bdd,https://vicflora.rbg.vic.gov.au/flora/taxon/f4f65285-981d-4ed1-aaad-1b055d4c1bdd,"['origin', 'local_records', 'traits', 'flowering']",['rating'],Moderate
Cassinia arcuata,,Asteraceae,native,native,cassinia arcuata,Not Assessed / No exact match,shrub,woody,perennial,1.0,3.0,False,False,0.0,No local records found,1.0,,Not Assessed,Desert Cassinia,ALA,True,True,True,True,True,False,False,False,True,True,True,True,Sep–May,4,1.0,fire_killed,not_vegetative,long_persistent,wind,,True,Shrub,07af54ae-0106-4093-9344-68a6af40e4b0,https://vicflora.rbg.vic.gov.au/flora/taxon/07af54ae-0106-4093-9344-68a6af40e4b0,"['origin', 'local_records', 'traits', 'flowering']",['rating'],Moderate
Cassinia longifolia,Shiny Cassinia | Long-leaf Dogwood,Asteraceae,native,native,cassinia longifolia,Not Assessed / No exact match,shrub,woody,perennial,1.2,4.0,False,False,1.0,1985,37.0,2026-08-18T07:18:57Z,Not Assessed,Shiny Cassinia | Long-leaf Dogwood,VicFlora,True,True,True,True,True,False,False,False,False,False,True,True,Nov–May,3,1.0,fire_killed,not_vegetative,transient,wind,,True,Shrub,650ecad1-5d49-46a8-a50f-a1414c67941b,https://vicflora.rbg.vic.gov.au/flora/taxon/650ecad1-5d49-46a8-a50f-a1414c67941b,"['origin', 'local_records', 'traits', 'flowering']",['rating'],Moderate
Cassinia sifton,Drooping Cassinia  | Chinese Scrub | Sifton Bush,Asteraceae,uncertain,Not available,cassinia sifton,Medium Risk,shrub,woody,perennial,1.2,2.0,False,False,9.0,2019,53.0,2026-08-16T16:45:41Z,Use Caution,Drooping Cassinia  | Chinese Scrub | Sifton Bush,VicFlora,,,,,,,,,,,,,,0,,,,,wind,,False,Shrub,b63da76d-f3d0-44b0-bf60-803c7d9de56c,https://vicflora.rbg.vic.gov.au/flora/taxon/b63da76d-f3d0-44b0-bf60-803c7d9de56c,"['rating', 'origin', 'local_records', 'traits']",['flowering'],Moderate
Cassytha glabella,Slender Dodder-laurel | Tangled Dodder-laurel,Lauraceae,native,native,cassytha glabella,Not Assessed / No exact match,climber_herbaceous,herbaceous,perennial,5.0,5.0,False,False,3.0,2006,9.0,2006-10-10T00:00:00Z,Not Assessed,Slender Dodder-laurel | Tangled Dodder-laurel,VicFlora,True,True,True,True,True,True,True,True,True,True,True,True,All year,9,1.0,fire_killed,not_vegetative,persistent,birds and animals eating the fruit / animals,Copes with short wet spells (under a month),False,Climber,41beaafe-0c6d-4664-af7f-46664e8b6eac,https://vicflora.rbg.vic.gov.au/flora/taxon/41beaafe-0c6d-4664-af7f-46664e8b6eac,"['origin', 'local_records', 'traits', 'flowering']",['rating'],Moderate
Cassytha glabella f. dispar,,Lauraceae,native,native,cassytha glabella,Not Assessed / No exact match,climber_herbaceous,herbaceous,perennial,5.0,5.0,False,False,3.0,2006,9.0,2006-10-10T00:00:00Z,Not Assessed,Slender Dodder-laurel,VBA,True,True,True,True,True,True,True,True,True,True,True,True,All year,9,1.0,fire_killed,not_vegetative,persistent,birds and animals eating the fruit / animals,Copes with short wet spells (under a month),False,Climber,d986a701-a719-470a-9313-1f846be6258c,https://vicflora.rbg.vic.gov.au/flora/taxon/d986a701-a719-470a-9313-1f846be6258c,"['origin', 'local_records', 'traits', 'flowering']",['rating'],Moderate
Cassytha melantha,Coarse Dodder-laurel,Lauraceae,native,native,cassytha melantha,Not Assessed / No exact match,climber_herbaceous,herbaceous,perennial,,,False,False,1.0,1986,3.0,2023-07-13T00:00:00Z,Not Assessed,Coarse Dodder-laurel,VicFlora,True,True,True,True,True,True,True,True,True,True,True,True,All year,6,1.0,fire_killed,not_vegetative,widely_dispersed,birds and animals eating the fruit,Copes with short wet spells (under a month),False,Climber,330bbf5f-ab89-4dcd-b081-bfc6a8c0233e,https://vicflora.rbg.vic.gov.au/flora/taxon/330bbf5f-ab89-4dcd-b081-bfc6a8c0233e,"['origin', 'local_records', 'traits', 'flowering']",['rating'],Moderate
Cassytha pubescens,Downy Dodder-laurel,Lauraceae,native,native,cassytha pubescens,Not Assessed / No exact match,climber_herbaceous,herbaceous,perennial,,,False,False,2.0,1998,8.0,2023-02-22T15:22:48Z,Not Assessed,Downy Dodder-laurel,VicFlora,True,True,True,True,True,True,True,True,False,True,True,True,Oct–Aug,6,1.0,fire_killed,not_vegetative,persistent,birds and animals eating the fruit / animals,Copes with short wet spells (under a month),False,Climber,7ddd9d2a-a754-4b48-b718-7511e9a4243e,https://vicflora.rbg.vic.gov.au/flora/taxon/7ddd9d2a-a754-4b48-b718-7511e9a4243e,"['origin', 'local_records', 'traits', 'flowering']",['rating'],Moderate
Cenchrus clandestinus,Kikuyu,Poaceae,introduced,naturalised,cenchrus clandestinus,Very High Risk,herb,herbaceous,perennial,0.07,0.9,True,False,14.0,2024,83.0,2026-04-25T10:38:32Z,Reconsider Planting,Kikuyu,VicFlora,True,True,False,False,False,False,False,False,False,False,False,True,Dec–Feb,2,1.0,resprouts,vegetative,,,,False,Herb,bd22f2b1-0b54-4e53-959b-884a246cbfc8,https://vicflora.rbg.vic.gov.au/flora/taxon/bd22f2b1-0b54-4e53-959b-884a246cbfc8,"['rating', 'origin', 'local_records', 'traits', 'flowering', 'griis']",[],Strong
Cenchrus longispinus,Spiny Burr-grass,Poaceae,introduced,naturalised,cenchrus longispinus,High Risk,graminoid herb,herbaceous,annual,0.8,0.9,True,False,1.0,1982,1.0,1982-03-18T00:00:00Z,Reconsider Planting,Spiny Burr-grass,VicFlora,True,True,False,False,False,False,False,False,False,False,False,True,Dec–Feb,1,1.0,,,,,,False,Grass,da17a011-df66-415a-b229-307ed0ed2a33,https://vicflora.rbg.vic.gov.au/flora/taxon/da17a011-df66-415a-b229-307ed0ed2a33,"['rating', 'origin', 'local_records', 'traits', 'flowering', 'griis']",[],Strong
Centaurium erythraea,Common Centaury,Gentianaceae,introduced,naturalised,centaurium erythraea,Moderately High Risk,herb,herbaceous,annual biennial,0.02,0.5,True,False,3.0,2006,18.0,2025-12-09T12:44:26Z,Use Caution,Common Centaury,VicFlora,True,True,True,True,True,True,True,True,True,True,True,True,All year,3,1.0,fire_killed,not_vegetative,transient,wind,,False,Herb,ac53e2d4-d145-42da-a817-bc30b5c33a57,https://vicflora.rbg.vic.gov.au/flora/taxon/ac53e2d4-d145-42da-a817-bc30b5c33a57,"['rating', 'origin', 'local_records', 'traits', 'flowering', 'griis']",[],Strong
Centella cordifolia,Centella,Apiaceae,native,native,centella cordifolia,Not Assessed / No exact match,herb,herbaceous,perennial,0.1,0.2,False,False,6.0,2010,12.0,2010-04-21T00:00:00Z,Not Assessed,Centella,VicFlora,True,True,True,True,True,False,False,True,True,True,True,True,Aug–May,2,1.0,resprouts,vegetative,transient,water / animals,Copes with waterlogged soil for over 6 months,False,Herb,a5488047-c462-4f5e-89ec-2df1077fe5c7,https://vicflora.rbg.vic.gov.au/flora/taxon/a5488047-c462-4f5e-89ec-2df1077fe5c7,"['origin', 'local_records', 'traits', 'flowering']",['rating'],Moderate
Centipeda cunninghamii,Common Sneezeweed,Asteraceae,native,native,centipeda cunninghamii,Not Assessed / No exact match,herb,herbaceous,perennial,0.05,0.5,False,False,1.0,1962,1.0,1962-04-17T00:00:00Z,Not Assessed,Common Sneezeweed,VicFlora,True,True,True,True,True,False,False,False,True,True,True,True,Sep–May,3,1.0,fire_killed,not_vegetative,persistent,wind / sticking to animals and clothing,,False,Herb,14689c9e-c00a-4b26-a486-980b6d0b321c,https://vicflora.rbg.vic.gov.au/flora/taxon/14689c9e-c00a-4b26-a486-980b6d0b321c,"['origin', 'local_records', 'traits', 'flowering']",['rating'],Moderate
Centrolepis aristata,Pointed Centrolepis,Restionaceae,native,native,centrolepis aristata,Not Assessed / No exact match,graminoid herb,herbaceous,annual,0.015,0.2,False,False,2.0,1975,8.0,1975-10-23T00:00:00Z,Not Assessed,Pointed Centrolepis,VicFlora,False,False,False,False,False,False,False,True,True,True,True,True,Aug–Dec,5,1.0,fire_killed,not_vegetative,persistent,wind / falling near the parent plant,Copes with waterlogged soil for 1-6 months,False,Grass,85fc94b5-3e69-412d-a5d8-1bfe1037a56d,https://vicflora.rbg.vic.gov.au/flora/taxon/85fc94b5-3e69-412d-a5d8-1bfe1037a56d,"['origin', 'local_records', 'traits', 'flowering']",['rating'],Moderate
Centrolepis fascicularis,Tufted Centrolepis,Restionaceae,native,native,centrolepis fascicularis,Not Assessed / No exact match,graminoid herb,herbaceous,perennial,0.05,0.15,False,False,1.0,1901,6.0,1901-11-19T00:00:00Z,Not Assessed,Tufted Centrolepis,VicFlora,True,True,False,False,False,False,False,False,False,True,True,True,Oct–Feb,4,1.0,fire_killed,not_vegetative,persistent,wind / falling near the parent plant,Copes with waterlogged soil for 1-6 months,False,Grass,2ad19572-1419-404f-8b85-66dab15bc1c1,https://vicflora.rbg.vic.gov.au/flora/taxon/2ad19572-1419-404f-8b85-66dab15bc1c1,"['origin', 'local_records', 'traits', 'flowering']",['rating'],Moderate
Centrolepis strigosa,,Restionaceae,native,native,centrolepis strigosa,Not Assessed / No exact match,graminoid herb,herbaceous,annual,0.01,0.11,False,False,1.0,1900,19.0,1993-01-01T00:00:00Z,Not Assessed,Hairy Centrolepis,ALA,False,False,False,False,False,False,False,True,True,True,True,False,Aug–Nov,4,1.0,fire_killed,not_vegetative,transient,falling near the parent plant / wind,Copes with waterlogged soil for 1-6 months,False,Grass,7817706a-9a45-449c-975a-4fa27e1e0e60,https://vicflora.rbg.vic.gov.au/flora/taxon/7817706a-9a45-449c-975a-4fa27e1e0e60,"['origin', 'local_records', 'traits', 'flowering']",['rating'],Moderate
Centrolepis strigosa subsp. strigosa,Hairy Centrolepis,Restionaceae,native,native,centrolepis strigosa,Not Assessed / No exact match,graminoid herb,herbaceous,annual,0.01,0.11,False,False,1.0,1900,19.0,1993-01-01T00:00:00Z,Not Assessed,Hairy Centrolepis,VicFlora,False,False,False,False,False,False,False,True,True,True,True,False,Aug–Nov,4,1.0,fire_killed,not_vegetative,transient,falling near the parent plant / wind,Copes with waterlogged soil for 1-6 months,False,Grass,a0cba39a-7dc1-4579-b582-fa20792bf26b,https://vicflora.rbg.vic.gov.au/flora/taxon/a0cba39a-7dc1-4579-b582-fa20792bf26b,"['origin', 'local_records', 'traits', 'flowering']",['rating'],Moderate
Cerastium glomeratum,Sticky Mouse-ear Chickweed,Caryophyllaceae,introduced,naturalised,cerastium glomeratum,Medium Risk,herb,herbaceous,annual,0.05,0.45,True,False,4.0,2007,13.0,2025-10-24T16:46:50Z,Use Caution,Sticky Mouse-ear Chickweed,VicFlora,True,True,False,False,True,True,True,True,True,True,True,True,May–Feb,3,1.0,fire_killed,,long_persistent,,,False,Herb,fb300f28-0732-4d9b-be00-e08e5afc324e,https://vicflora.rbg.vic.gov.au/flora/taxon/fb300f28-0732-4d9b-be00-e08e5afc324e,"['rating', 'origin', 'local_records', 'traits', 'flowering', 'griis']",[],Strong
Ceratodon purpureus,,Ditrichaceae,native,native,ceratodon purpureus,High Risk,,,,,,True,False,1.0,1886,3.0,2012-09-23T00:00:00Z,Reconsider Planting,Redshank Moss,DEECA Advisory List,,,,,,,,,,,,,,0,,,,,,,False,,c099dbc8-b375-46a4-9567-a1d4b7219a53,https://vicflora.rbg.vic.gov.au/flora/taxon/c099dbc8-b375-46a4-9567-a1d4b7219a53,"['rating', 'origin', 'local_records']","['traits', 'flowering']",Moderate
Chamaecytisus palmensis,Tree Lucerne,Fabaceae,introduced,naturalised,chamaecytisus palmensis,Very High Risk,shrub tree,woody,perennial,0.7,6.0,True,False,4.0,2019,9.0,2025-06-20T00:00:00Z,Reconsider Planting,Tree Lucerne,VicFlora,False,False,False,False,False,True,True,True,True,False,False,False,Jun–Sep,1,1.0,fire_killed,,,,,False,Tree,e2262040-229a-4e72-b53b-4cea15075618,https://vicflora.rbg.vic.gov.au/flora/taxon/e2262040-229a-4e72-b53b-4cea15075618,"['rating', 'origin', 'local_records', 'traits', 'flowering', 'griis']",[],Strong
Chamaescilla corymbosa,,Asphodelaceae,native,native,chamaescilla corymbosa,Not Assessed / No exact match,herb,herbaceous,perennial,0.05,0.4,False,False,5.0,1975,13.0,2025-10-09T14:38:28Z,Not Assessed,Blue Stars,ALA,True,False,False,False,True,True,True,True,True,True,True,True,May–Jan,4,1.0,resprouts,not_vegetative,transient,wind / falling near the parent plant,Copes with waterlogged soil for 1-6 months,False,Herb,3a40b8e3-1d09-4560-bc4b-ac72dbeb458c,https://vicflora.rbg.vic.gov.au/flora/taxon/3a40b8e3-1d09-4560-bc4b-ac72dbeb458c,"['origin', 'local_records', 'traits', 'flowering']",['rating'],Moderate
Chamaescilla corymbosa var. corymbosa,Blue Stars | Mudrurt,Asphodelaceae,native,native,chamaescilla corymbosa,Not Assessed / No exact match,herb,herbaceous,perennial,0.05,0.4,False,False,5.0,1975,13.0,2025-10-09T14:38:28Z,Not Assessed,Blue Stars | Mudrurt,VicFlora,True,False,False,False,True,True,True,True,True,True,True,True,May–Jan,4,1.0,resprouts,not_vegetative,transient,wind / falling near the parent plant,Copes with waterlogged soil for 1-6 months,False,Herb,726387e9-e890-4948-a0c0-0908f4277452,https://vicflora.rbg.vic.gov.au/flora/taxon/726387e9-e890-4948-a0c0-0908f4277452,"['origin', 'local_records', 'traits', 'flowering']",['rating'],Moderate
Chasmanthe floribunda,,Iridaceae,introduced,naturalised,chasmanthe floribunda,Very High Risk,herb,herbaceous,perennial,0.4,1.5,True,False,1.0,1951,1.0,1951-07-23T00:00:00Z,Reconsider Planting,African Cornflag,VBA,False,False,False,False,False,False,True,True,True,True,False,False,Jul–Oct,1,1.0,resprouts,not_vegetative,,,,False,Herb,0c6f7f64-e74a-4458-bfa8-fb87559bb26c,https://vicflora.rbg.vic.gov.au/flora/taxon/0c6f7f64-e74a-4458-bfa8-fb87559bb26c,"['rating', 'origin', 'local_records', 'traits', 'flowering', 'griis']",[],Strong
Chenopodium album,Fat Hen | White Goosefoot,Chenopodiaceae,introduced,naturalised,chenopodium album,Medium Risk,herb,herbaceous,annual,0.2,3.0,True,False,3.0,2010,5.0,2026-04-13T08:23:36Z,Use Caution,Fat Hen | White Goosefoot,VicFlora,,,,,,,,,,,,,,0,,fire_killed,not_vegetative,,,,False,Herb,c9356d6f-6324-4aa2-996b-2bc9108d49ca,https://vicflora.rbg.vic.gov.au/flora/taxon/c9356d6f-6324-4aa2-996b-2bc9108d49ca,"['rating', 'origin', 'local_records', 'traits', 'griis']",['flowering'],Moderate
Chenopodium murale,Sowbane,Chenopodiaceae,introduced,naturalised,chenopodium murale,Medium Risk,herb,herbaceous,annual,0.2,1.5,True,False,2.0,2009,3.0,2025-06-18T13:51:15Z,Use Caution,Sowbane,VicFlora,False,False,False,False,True,True,True,True,True,True,False,False,May–Oct,1,1.0,,,,,,False,Herb,87b71eb8-f5bb-4212-b89b-a99dadf72acd,https://vicflora.rbg.vic.gov.au/flora/taxon/87b71eb8-f5bb-4212-b89b-a99dadf72acd,"['rating', 'origin', 'local_records', 'traits', 'flowering', 'griis']",[],Strong
Chiloglottis curviclavia,,Orchidaceae,native,native,chiloglottis curviclavia,Not Assessed / No exact match,herb,herbaceous,perennial,0.05,0.15,False,False,3.0,1888,0.0,No local records found,Not Assessed,Autumn Wasp-orchid,VBA,,,,,,,,,,,,,,0,,,,,,,False,Herb,59dc7611-f3d9-42b0-85f2-f6737ca254ed,https://vicflora.rbg.vic.gov.au/flora/taxon/59dc7611-f3d9-42b0-85f2-f6737ca254ed,"['origin', 'local_records', 'traits']","['rating', 'flowering']",Moderate
Chiloglottis reflexa,,Orchidaceae,native,native,chiloglottis reflexa,Not Assessed / No exact match,herb,herbaceous,perennial,0.05,0.1,True,False,0.0,No local records found,5.0,,Not Assessed,Tall Wasp-orchid,ALA,True,True,True,True,True,False,False,False,False,False,False,True,Dec–May,2,1.0,resprouts,vegetative,transient,wind,,True,Herb,76a3e8ee-c9a2-4697-a583-52f90e93db43,https://vicflora.rbg.vic.gov.au/flora/taxon/76a3e8ee-c9a2-4697-a583-52f90e93db43,"['origin', 'local_records', 'traits', 'flowering']",['rating'],Moderate
Chrysocephalum apiculatum,Common Everlasting,Asteraceae,native,native,chrysocephalum apiculatum,Not Assessed / No exact match,herb,herbaceous,perennial,0.07,0.8,False,False,1.0,1968,16.0,2026-07-03T09:25:58Z,Not Assessed,Common Everlasting,VicFlora,True,True,True,True,True,True,True,True,True,True,True,True,All year,6,1.0,resprouts,not_vegetative,transient,wind,,True,Herb,f8057638-4def-4448-afb6-7d90de1fae74,https://vicflora.rbg.vic.gov.au/flora/taxon/f8057638-4def-4448-afb6-7d90de1fae74,"['origin', 'local_records', 'traits', 'flowering']",['rating'],Moderate
Chrysocephalum semipapposum,Clustered Everlasting,Asteraceae,native,native,chrysocephalum semipapposum,Not Assessed / No exact match,herb,herbaceous,perennial,0.15,1.0,False,False,2.0,1998,61.0,2026-04-25T08:49:36Z,Not Assessed,Clustered Everlasting,VicFlora,True,True,True,True,True,False,False,False,True,True,True,True,Sep–May,3,1.0,resprouts,vegetative,transient,wind,,True,Herb,599ebb54-e248-4758-a45c-965b802f66ff,https://vicflora.rbg.vic.gov.au/flora/taxon/599ebb54-e248-4758-a45c-965b802f66ff,"['origin', 'local_records', 'traits', 'flowering']",['rating'],Moderate
Cirsium vulgare,Spear Thistle,Asteraceae,introduced,naturalised,cirsium vulgare,Moderately High Risk,herb,herbaceous,biennial,0.05,1.5,True,False,11.0,2024,25.0,2026-04-25T10:21:00Z,Use Caution,Spear Thistle,VicFlora,True,True,False,False,False,False,False,False,True,True,True,True,Sep–Feb,2,1.0,fire_killed,not_vegetative,widely_dispersed,wind,,False,Herb,51dbdb86-5c75-4825-a490-8f454170539f,https://vicflora.rbg.vic.gov.au/flora/taxon/51dbdb86-5c75-4825-a490-8f454170539f,"['rating', 'origin', 'local_records', 'traits', 'flowering', 'griis']",[],Strong
Clematis aristata,Mountain Clematis,Ranunculaceae,native,native,clematis aristata,Not Assessed / No exact match,climber_woody,woody,perennial,3.0,15.0,False,False,1.0,1980,22.0,2025-10-27T18:14:19Z,Not Assessed,Mountain Clematis,VicFlora,True,False,False,False,False,False,False,False,True,True,True,True,Sep–Jan,8,1.0,resprouts,not_vegetative,persistent,wind,Copes with short wet spells (under a month),False,Climber,10fa9d50-05b6-4557-9242-fb15ff4a5be2,https://vicflora.rbg.vic.gov.au/flora/taxon/10fa9d50-05b6-4557-9242-fb15ff4a5be2,"['origin', 'local_records', 'traits', 'flowering']",['rating'],Moderate
Clematis microphylla,Small-leaved Clematis | Kenam,Ranunculaceae,native,native,clematis microphylla,Not Assessed / No exact match,climber_woody,woody,perennial,2.0,6.0,False,False,2.0,2024,75.0,2026-08-30T15:11:02Z,Not Assessed,Small-leaved Clematis | Kenam,VicFlora,False,False,False,False,False,True,True,True,True,True,True,True,Jun–Dec,6,1.0,resprouts,not_vegetative,transient,wind,Copes with short wet spells (under a month),False,Climber,08d7e9bc-c930-41f1-b06d-e09520b24158,https://vicflora.rbg.vic.gov.au/flora/taxon/08d7e9bc-c930-41f1-b06d-e09520b24158,"['origin', 'local_records', 'traits', 'flowering']",['rating'],Moderate
Comesperma calymega,Blue-spike Milkwort,Polygalaceae,native,native,comesperma calymega,Not Assessed / No exact match,herb,woody,perennial,0.1,0.6,False,False,1.0,1899,6.0,1899-02-09T00:00:00Z,Not Assessed,Blue-spike Milkwort,VicFlora,True,False,False,False,False,False,False,True,True,True,True,True,Aug–Jan,4,1.0,resprouts,not_vegetative,long_persistent,wind / falling near the parent plant,Copes with short wet spells (under a month),False,Herb,544a5c62-3a33-4f97-bf2c-72af5c982078,https://vicflora.rbg.vic.gov.au/flora/taxon/544a5c62-3a33-4f97-bf2c-72af5c982078,"['origin', 'local_records', 'traits', 'flowering']",['rating'],Moderate
Comesperma defoliatum,Leafless Milkwort,Polygalaceae,native,native,comesperma defoliatum,Not Assessed / No exact match,shrub,woody,perennial,0.4,0.6,False,False,0.0,No local records found,2.0,1895-12-14T00:00:00Z,Not Assessed,Leafless Milkwort,VicFlora,True,True,True,True,True,False,False,False,False,False,True,True,Nov–May,4,1.0,resprouts,not_vegetative,persistent,falling near the parent plant / ants,Copes with waterlogged soil for 1-6 months,False,Shrub,fb08bb94-740c-4326-8e76-6cf8201ed252,https://vicflora.rbg.vic.gov.au/flora/taxon/fb08bb94-740c-4326-8e76-6cf8201ed252,"['origin', 'local_records', 'traits', 'flowering']",['rating'],Moderate
Comesperma ericinum,Heath Milkwort,Polygalaceae,native,native,comesperma ericinum,Not Assessed / No exact match,shrub,woody,perennial,0.3,2.0,False,False,3.0,1900,5.0,1900-11-12T00:00:00Z,Not Assessed,Heath Milkwort,VicFlora,True,True,False,False,False,False,False,False,True,True,True,True,Sep–Feb,4,1.0,resprouts,not_vegetative,persistent,wind / ants,Copes with waterlogged soil for 1-6 months,False,Shrub,e28c524e-fe96-43d5-813b-bd4e2d583336,https://vicflora.rbg.vic.gov.au/flora/taxon/e28c524e-fe96-43d5-813b-bd4e2d583336,"['origin', 'local_records', 'traits', 'flowering']",['rating'],Moderate
Comesperma volubile,Love Creeper,Polygalaceae,native,native,comesperma volubile,Not Assessed / No exact match,climber,herbaceous,perennial,0.15,3.0,False,False,4.0,1969,6.0,2023-09-07T14:43:36Z,Not Assessed,Love Creeper,VicFlora,True,True,False,False,True,True,True,True,True,True,True,True,May–Feb,6,1.0,resprouts,not_vegetative,transient,wind / falling near the parent plant,,True,Climber,da6eed71-d2bd-4b95-8694-f5916ed0ba55,https://vicflora.rbg.vic.gov.au/flora/taxon/da6eed71-d2bd-4b95-8694-f5916ed0ba55,"['origin', 'local_records', 'traits', 'flowering']",['rating'],Moderate
Coprosma quadrifida,Prickly Currant-bush,Rubiaceae,native,native,coprosma quadrifida,Not Assessed / No exact match,shrub,woody,perennial,2.0,5.0,False,False,3.0,2006,38.0,2026-08-20T11:52:19Z,Not Assessed,Prickly Currant-bush,VicFlora,True,True,False,False,False,False,False,False,True,True,True,True,Sep–Feb,3,1.0,resprouts,not_vegetative,transient,birds and animals eating the fruit / animals,Copes with waterlogged soil for 1-6 months,False,Shrub,1b8f3911-2ea5-499d-88af-ffe7fc4dbdb4,https://vicflora.rbg.vic.gov.au/flora/taxon/1b8f3911-2ea5-499d-88af-ffe7fc4dbdb4,"['origin', 'local_records', 'traits', 'flowering']",['rating'],Moderate
Coprosma repens,Mirror Bush | Taupata | Maori Name,Rubiaceae,introduced,naturalised,coprosma repens,Very High Risk,shrub tree,woody,perennial,0.5,8.0,True,False,8.0,2022,32.0,2026-08-20T12:01:05Z,Reconsider Planting,Mirror Bush | Taupata | Maori Name,VicFlora,True,True,False,False,False,False,False,False,True,True,True,True,Sep–Feb,1,1.0,resprouts,,,,,False,Tree,f349ca7f-0040-4c9e-9883-6f48668513fd,https://vicflora.rbg.vic.gov.au/flora/taxon/f349ca7f-0040-4c9e-9883-6f48668513fd,"['rating', 'origin', 'local_records', 'traits', 'flowering', 'griis']",[],Strong
Cordyline australis,New Zealand Cabbage-tree,Asparagaceae,introduced,naturalised,cordyline australis,High Risk,shrub tree,woody,perennial,8.0,12.0,True,False,1.0,2007,6.0,2025-10-27T21:07:32Z,Reconsider Planting,New Zealand Cabbage-tree,VicFlora,,,,,,,,,,,,,,0,,,,,,,False,Tree,1f7eae10-bd98-4ca0-9177-dced0cf80913,https://vicflora.rbg.vic.gov.au/flora/taxon/1f7eae10-bd98-4ca0-9177-dced0cf80913,"['rating', 'origin', 'local_records', 'traits', 'griis']",['flowering'],Moderate
Coronidium elatum,,Asteraceae,native,native,coronidium elatum,Not Assessed / No exact match,subshrub,woody,perennial,0.3,2.0,False,False,0.0,No local records found,1.0,2001-02-06T00:00:00Z,Not Assessed,,,False,False,False,False,False,False,False,True,True,True,True,False,Aug–Nov,4,1.0,fire_killed,not_vegetative,persistent,wind,,True,Shrub,d1e8d442-5716-48ba-9c0b-4cf8910c5481,https://vicflora.rbg.vic.gov.au/flora/taxon/d1e8d442-5716-48ba-9c0b-4cf8910c5481,"['origin', 'local_records', 'traits', 'flowering']",['rating'],Moderate
Coronidium gunnianum,,Asteraceae,native,native,coronidium gunnianum,Not Assessed / No exact match,herb,herbaceous,perennial,0.5,0.5,False,False,0.0,No local records found,2.0,1893-01-21T00:00:00Z,Not Assessed,Pale Swamp Everlasting,ALA,,,,,,,,,,,,,,0,,,,,wind,,False,Herb,a0c78fff-3328-4c1b-931a-fc4a62be41b0,https://vicflora.rbg.vic.gov.au/flora/taxon/a0c78fff-3328-4c1b-931a-fc4a62be41b0,"['origin', 'local_records', 'traits']","['rating', 'flowering']",Moderate
Coronidium scorpioides,,Asteraceae,native,native,coronidium scorpioides,Not Assessed / No exact match,herb,herbaceous,perennial,0.01,0.901,False,False,8.0,1980,11.0,2020-09-15T17:57:00Z,Not Assessed,Pale Everlasting,ALA,True,True,True,False,False,False,False,False,True,True,True,True,Sep–Mar,4,1.0,resprouts,vegetative,transient,wind,Copes with waterlogged soil for over 6 months,False,Herb,ed90d8a9-ae15-4210-adcd-c5013881f31a,https://vicflora.rbg.vic.gov.au/flora/taxon/ed90d8a9-ae15-4210-adcd-c5013881f31a,"['origin', 'local_records', 'traits', 'flowering']",['rating'],Moderate
Correa reflexa,Common Correa | Native Fuchsia,Rutaceae,native,native,correa reflexa,Not Assessed / No exact match,shrub,woody,perennial,0.5,3.0,False,False,9.0,2009,34.0,2026-08-30T15:07:07Z,Not Assessed,Common Correa | Native Fuchsia,VicFlora,True,True,True,True,True,True,True,True,True,True,True,True,All year,6,1.0,resprouts,not_vegetative,persistent,animals / ants,Copes with short wet spells (under a month),False,Shrub,fe05fca9-e2ea-417e-8b23-80649276ac99,https://vicflora.rbg.vic.gov.au/flora/taxon/fe05fca9-e2ea-417e-8b23-80649276ac99,"['origin', 'local_records', 'traits', 'flowering']",['rating'],Moderate
Correa reflexa var. lobata,,Rutaceae,native,native,correa reflexa,Not Assessed / No exact match,shrub,woody,perennial,0.5,3.0,False,False,9.0,2009,34.0,2026-08-30T15:07:07Z,Not Assessed,Powelltown Correa,ALA,True,True,True,True,True,True,True,True,True,True,True,True,All year,6,1.0,resprouts,not_vegetative,persistent,animals / ants,Copes with short wet spells (under a month),False,Shrub,fe222688-5677-477c-987e-7ddc15e9a9db,https://vicflora.rbg.vic.gov.au/flora/taxon/fe222688-5677-477c-987e-7ddc15e9a9db,"['origin', 'local_records', 'traits', 'flowering']",['rating'],Moderate
Correa reflexa var. reflexa,,Rutaceae,native,native,correa reflexa,Not Assessed / No exact match,shrub,woody,perennial,0.5,3.0,False,False,9.0,2009,34.0,2026-08-30T15:07:07Z,Not Assessed,Common Correa,VBA,True,True,True,True,True,True,True,True,True,True,True,True,All year,6,1.0,resprouts,not_vegetative,persistent,animals / ants,Copes with short wet spells (under a month),False,Shrub,2b977687-bb68-43b3-9641-85c1ce3e57f4,https://vicflora.rbg.vic.gov.au/flora/taxon/2b977687-bb68-43b3-9641-85c1ce3e57f4,"['origin', 'local_records', 'traits', 'flowering']",['rating'],Moderate
Cortaderia selloana,Pampas Grass,Poaceae,introduced,naturalised,cortaderia selloana,High Risk,graminoid herb,herbaceous,perennial,2.0,4.5,True,False,2.0,1986,3.0,2025-06-15T16:00:24Z,Reconsider Planting,Pampas Grass,VicFlora,True,True,True,True,True,False,False,False,False,False,False,True,Dec–May,2,1.0,resprouts,not_vegetative,,,,False,Grass,7204f38d-332b-4e70-8771-65ad2b7e36c0,https://vicflora.rbg.vic.gov.au/flora/taxon/7204f38d-332b-4e70-8771-65ad2b7e36c0,"['rating', 'origin', 'local_records', 'traits', 'flowering', 'griis']",[],Strong
Cortaderia selloana subsp. selloana,,Poaceae,introduced,naturalised,cortaderia selloana,High Risk,graminoid herb,herbaceous,perennial,2.0,4.5,True,False,2.0,1986,3.0,2025-06-15T16:00:24Z,Reconsider Planting,Pampas Grass,VBA,True,True,True,True,True,False,False,False,False,False,False,True,Dec–May,2,1.0,resprouts,not_vegetative,,,,False,Grass,96f5e336-58cc-4a36-b8ca-4ae25147e2cd,https://vicflora.rbg.vic.gov.au/flora/taxon/96f5e336-58cc-4a36-b8ca-4ae25147e2cd,"['rating', 'origin', 'local_records', 'traits', 'flowering', 'griis']",[],Strong
Corunastylis archeri,,Orchidaceae,native,native,corunastylis archeri,Not Assessed / No exact match,herb,herbaceous,perennial,0.05,0.25,True,False,0.0,No local records found,1.0,,Not Assessed,Elfin Midge-orchid,ALA,True,True,True,True,False,False,False,False,False,False,True,True,Nov–Apr,3,1.0,resprouts,not_vegetative,transient,wind,Copes with waterlogged soil for 1-6 months,False,Herb,f1176345-dd5b-47f7-a6c9-7cf6a422447c,https://vicflora.rbg.vic.gov.au/flora/taxon/f1176345-dd5b-47f7-a6c9-7cf6a422447c,"['origin', 'local_records', 'traits', 'flowering']",['rating'],Moderate
Corunastylis ciliata,,Orchidaceae,native,native,corunastylis ciliata,Not Assessed / No exact match,herb,herbaceous,perennial,0.1,0.15,False,False,5.0,1911,0.0,No local records found,Not Assessed,Fringed Midge-orchid,VBA,False,True,True,True,False,False,False,False,False,False,False,False,Feb–Apr,1,1.0,resprouts,not_vegetative,transient,wind,Copes with waterlogged soil for 1-6 months,False,Herb,8d9eb7d8-28b7-4d01-9636-6884ca48bba7,https://vicflora.rbg.vic.gov.au/flora/taxon/8d9eb7d8-28b7-4d01-9636-6884ca48bba7,"['origin', 'local_records', 'traits', 'flowering']",['rating'],Moderate
Corunastylis despectans,,Orchidaceae,native,native,corunastylis despectans,Not Assessed / No exact match,herb,herbaceous,perennial,0.05,0.25,False,False,2.0,1968,4.0,1968-09-26T00:00:00Z,Not Assessed,Sharp Midge-orchid,VBA,True,True,True,True,False,False,False,False,False,False,False,False,Jan–Apr,3,1.0,resprouts,not_vegetative,transient,wind,,True,Herb,300119f9-b4a9-4d75-bf3d-fdbbeca9083e,https://vicflora.rbg.vic.gov.au/flora/taxon/300119f9-b4a9-4d75-bf3d-fdbbeca9083e,"['origin', 'local_records', 'traits', 'flowering']",['rating'],Moderate
Corunastylis morrisii,,Orchidaceae,native,native,corunastylis morrisii,Not Assessed / No exact match,herb,herbaceous,perennial,0.15,0.25,False,False,8.0,1930,8.0,1930-04-14T00:00:00Z,Not Assessed,Bearded Midge-orchid,VBA,True,True,True,True,False,False,False,False,False,False,False,False,Jan–Apr,3,1.0,resprouts,not_vegetative,transient,wind,Copes with waterlogged soil for 1-6 months,False,Herb,6ea1b45b-8889-44a4-b46b-c1637a70db10,https://vicflora.rbg.vic.gov.au/flora/taxon/6ea1b45b-8889-44a4-b46b-c1637a70db10,"['origin', 'local_records', 'traits', 'flowering']",['rating'],Moderate
Corunastylis pumila,,Orchidaceae,native,native,corunastylis pumila,Not Assessed / No exact match,herb,herbaceous,perennial,0.08,0.2,False,False,1.0,1892,1.0,,Not Assessed,Green Midge-orchid,VBA,True,True,True,True,True,False,False,False,False,False,False,True,Dec–May,3,1.0,resprouts,not_vegetative,transient,wind,Copes with waterlogged soil for over 6 months,False,Herb,f62e925c-b816-47fb-8f30-611d9e2d1bf0,https://vicflora.rbg.vic.gov.au/flora/taxon/f62e925c-b816-47fb-8f30-611d9e2d1bf0,"['origin', 'local_records', 'traits', 'flowering']",['rating'],Moderate
Corybas fimbriatus,Fringed Helmet-orchid,Orchidaceae,native,native,corybas fimbriatus,Not Assessed / No exact match,herb,herbaceous,perennial,0.03,0.03,False,False,1.0,1900,0.0,No local records found,Not Assessed,Fringed Helmet-orchid,VicFlora,False,False,False,False,True,True,True,True,True,False,False,False,May–Sep,2,1.0,resprouts,vegetative,transient,wind,,True,Herb,66ccbf08-701b-4e3a-bb0f-5c4ce7733b3b,https://vicflora.rbg.vic.gov.au/flora/taxon/66ccbf08-701b-4e3a-bb0f-5c4ce7733b3b,"['origin', 'local_records', 'traits', 'flowering']",['rating'],Moderate
Corybas incurvus,Slaty Helmet-orchid,Orchidaceae,native,native,corybas incurvus,Not Assessed / No exact match,herb,herbaceous,perennial,0.02,0.05,False,False,1.0,1927,3.0,1900-09-04T00:00:00Z,Not Assessed,Slaty Helmet-orchid,VicFlora,False,False,False,False,False,True,True,True,True,False,False,False,Jun–Sep,2,1.0,resprouts,not_vegetative,transient,wind / falling near the parent plant,,True,Herb,3539dffb-cab9-4bb0-a871-b528d7785806,https://vicflora.rbg.vic.gov.au/flora/taxon/3539dffb-cab9-4bb0-a871-b528d7785806,"['origin', 'local_records', 'traits', 'flowering']",['rating'],Moderate
Corybas unguiculatus,Small Helmet-orchid,Orchidaceae,native,native,corybas unguiculatus,Not Assessed / No exact match,herb,herbaceous,perennial,0.03,0.03,False,False,8.0,1925,16.0,1915-07-01T00:00:00Z,Not Assessed,Small Helmet-orchid,VicFlora,False,False,False,False,True,True,True,True,False,False,False,False,May–Aug,2,1.0,resprouts,vegetative,transient,wind,Copes with waterlogged soil for 1-6 months,False,Herb,948b85ef-49b1-49ba-86cb-32115157a659,https://vicflora.rbg.vic.gov.au/flora/taxon/948b85ef-49b1-49ba-86cb-32115157a659,"['origin', 'local_records', 'traits', 'flowering']",['rating'],Moderate
Corymbia citriodora,,Myrtaceae,introduced,Not available,corymbia citriodora,Moderately High Risk,tree,woody,perennial,25.0,50.0,True,False,2.0,2013,8.0,2026-08-19T08:06:03Z,Use Caution,Lemon-scented Gum,ALA,True,False,False,True,True,True,True,True,True,True,False,True,"Apr–Oct, Dec–Jan",2,2.0,resprouts,,,,,False,Tree,48029e96-7b87-4122-8dda-b78d0cecccda,https://vicflora.rbg.vic.gov.au/flora/taxon/48029e96-7b87-4122-8dda-b78d0cecccda,"['rating', 'origin', 'local_records', 'traits', 'flowering', 'griis']",[],Strong
Corymbia citriodora subsp. citriodora,,Myrtaceae,introduced,naturalised,corymbia citriodora,Moderately High Risk,tree,woody,perennial,25.0,50.0,True,False,2.0,2013,8.0,2026-08-19T08:06:03Z,Use Caution,Lemon-scented Gum,VBA,True,False,False,True,True,True,True,True,True,True,False,True,"Apr–Oct, Dec–Jan",2,2.0,resprouts,,,,,False,Tree,b801ab5c-9874-484e-b816-801d9b8bbcd3,https://vicflora.rbg.vic.gov.au/flora/taxon/b801ab5c-9874-484e-b816-801d9b8bbcd3,"['rating', 'origin', 'local_records', 'traits', 'flowering', 'griis']",[],Strong
Corymbia maculata,,Myrtaceae,native,native,corymbia maculata,Very High Risk,tree,woody,perennial,20.0,60.0,True,False,4.0,2019,11.0,2025-03-07T12:45:12Z,Reconsider Planting,Spotted Gum,VBA,False,False,True,True,True,True,True,True,True,False,False,False,Mar–Sep,3,1.0,resprouts,not_vegetative,transient,animals,,True,Tree,a80bb5c8-e18f-4db0-b36e-36344cc3ffb5,https://vicflora.rbg.vic.gov.au/flora/taxon/a80bb5c8-e18f-4db0-b36e-36344cc3ffb5,"['rating', 'origin', 'local_records', 'traits', 'flowering']",[],Strong
Cotoneaster glaucophyllus,,Rosaceae,introduced,naturalised,cotoneaster glaucophyllus,Very High Risk,shrub,woody,perennial,1.0,3.0,True,False,1.0,2000,9.0,2026-06-05T11:27:03Z,Reconsider Planting,Large-leaf Cotoneaster,VBA,False,False,False,False,False,False,False,False,False,False,True,False,Nov,1,1.0,resprouts,,,,,False,Shrub,2e10b236-55cd-4305-8b16-9b3807c15af4,https://vicflora.rbg.vic.gov.au/flora/taxon/2e10b236-55cd-4305-8b16-9b3807c15af4,"['rating', 'origin', 'local_records', 'traits', 'flowering', 'griis']",[],Strong
Cotoneaster pannosus,,Rosaceae,introduced,naturalised,cotoneaster pannosus,Very High Risk,shrub,woody,perennial,1.0,3.5,True,False,1.0,2007,5.0,2024-09-23T16:55:34Z,Reconsider Planting,Velvet Cotoneaster,VBA,,,,,,,,,,,,,,0,,,,,,,False,Shrub,9201f362-5981-438f-8a5c-8fe453b150d1,https://vicflora.rbg.vic.gov.au/flora/taxon/9201f362-5981-438f-8a5c-8fe453b150d1,"['rating', 'origin', 'local_records', 'traits', 'griis']",['flowering'],Moderate
Cotoneaster simonsii,,Rosaceae,introduced,naturalised,cotoneaster simonsii,Very High Risk,shrub,woody,perennial,2.0,4.0,True,False,1.0,2000,1.0,2000-04-26T00:00:00Z,Reconsider Planting,Himalayan Cotoneaster,VBA,,,,,,,,,,,,,,0,,,,,,,False,Shrub,41c964ce-0387-48a4-ba74-5675e2aace64,https://vicflora.rbg.vic.gov.au/flora/taxon/41c964ce-0387-48a4-ba74-5675e2aace64,"['rating', 'origin', 'local_records', 'traits', 'griis']",['flowering'],Moderate
Cotula australis,Common Cotula,Asteraceae,uncertain,Not available,cotula australis,Not Assessed / No exact match,herb,herbaceous,annual,0.02,0.2,True,False,2.0,2013,12.0,2026-03-11T12:39:25Z,Not Assessed,Common Cotula,VicFlora,True,True,True,True,True,True,True,True,True,True,True,True,All year,7,1.0,fire_killed,not_vegetative,transient,wind / animals,Copes with short wet spells (under a month),False,Herb,9599de77-154f-42ee-926b-3f5489e782f4,https://vicflora.rbg.vic.gov.au/flora/taxon/9599de77-154f-42ee-926b-3f5489e782f4,"['origin', 'local_records', 'traits', 'flowering']",['rating'],Moderate
Cotula coronopifolia,Water-buttons,Asteraceae,introduced,naturalised,cotula coronopifolia,Medium Risk,herb,herbaceous,perennial,0.1,0.6,True,False,6.0,2000,8.0,2021-09-11T17:11:01Z,Use Caution,Water-buttons,VicFlora,True,True,True,True,True,True,True,True,True,True,True,True,All year,3,1.0,fire_killed,vegetative,,,,False,Herb,f7eeacf5-91db-464d-b871-7e6ca0682b65,https://vicflora.rbg.vic.gov.au/flora/taxon/f7eeacf5-91db-464d-b871-7e6ca0682b65,"['rating', 'origin', 'local_records', 'traits', 'flowering', 'griis']",[],Strong
Crassula decumbens,Spreading Crassula,Crassulaceae,native,native,crassula decumbens,Not Assessed / No exact match,herb,herbaceous,annual,0.1,0.15,True,False,2.0,2007,8.0,2007-09-24T00:00:00Z,Not Assessed,Spreading Crassula,VicFlora,False,False,False,False,True,True,True,True,True,True,False,False,May–Oct,2,1.0,fire_killed,not_vegetative,transient,wind / falling near the parent plant,Copes with waterlogged soil for 1-6 months,False,Herb,c14b3e81-e306-4d70-8085-c4d673da0973,https://vicflora.rbg.vic.gov.au/flora/taxon/c14b3e81-e306-4d70-8085-c4d673da0973,"['origin', 'local_records', 'traits', 'flowering']",['rating'],Moderate
Crassula decumbens var. decumbens,,Crassulaceae,native,native,crassula decumbens,Not Assessed / No exact match,herb,herbaceous,annual,0.1,0.15,True,False,2.0,2007,8.0,2007-09-24T00:00:00Z,Not Assessed,Spreading Crassula,VBA,False,False,False,False,True,True,True,True,True,True,False,False,May–Oct,2,1.0,fire_killed,not_vegetative,transient,wind / falling near the parent plant,Copes with waterlogged soil for 1-6 months,False,Herb,8db0d653-da3d-4be1-9495-a52c2168fa9e,https://vicflora.rbg.vic.gov.au/flora/taxon/8db0d653-da3d-4be1-9495-a52c2168fa9e,"['origin', 'local_records', 'traits', 'flowering']",['rating'],Moderate
Crassula helmsii,Swamp Crassula,Crassulaceae,native,native,crassula helmsii,Not Assessed / No exact match,herb,herbaceous,perennial,0.1,0.3,False,False,1.0,1998,12.0,2026-08-07T15:29:36Z,Not Assessed,Swamp Crassula,VicFlora,False,False,False,False,False,False,False,True,True,True,True,False,Aug–Nov,1,1.0,fire_killed,vegetative,transient,wind / falling near the parent plant,,False,Herb,47d18feb-cb5b-43ed-b753-52232122b95b,https://vicflora.rbg.vic.gov.au/flora/taxon/47d18feb-cb5b-43ed-b753-52232122b95b,"['origin', 'local_records', 'traits', 'flowering']",['rating'],Moderate
Crassula multicava,,Crassulaceae,introduced,Not available,crassula multicava,High Risk,herb,herbaceous,perennial,0.4,0.4,True,False,1.0,2000,3.0,2026-06-02T14:30:25Z,Reconsider Planting,,,False,False,False,False,False,False,False,False,True,True,False,False,Sep–Oct,1,1.0,resprouts,vegetative,,,,False,Herb,d249fe24-615b-47d1-b0c1-0e7df4fa43b5,https://vicflora.rbg.vic.gov.au/flora/taxon/d249fe24-615b-47d1-b0c1-0e7df4fa43b5,"['rating', 'origin', 'local_records', 'traits', 'flowering', 'griis']",[],Strong
Crassula multicava subsp. multicava,Fairy Crassula,Crassulaceae,introduced,naturalised,crassula multicava,High Risk,herb,herbaceous,perennial,0.4,0.4,True,False,1.0,2000,3.0,2026-06-02T14:30:25Z,Reconsider Planting,Fairy Crassula,VicFlora,False,False,False,False,False,False,False,False,True,True,False,False,Sep–Oct,1,1.0,resprouts,vegetative,,,,False,Herb,1ee1fb72-de98-4052-9aac-6899bdf522f7,https://vicflora.rbg.vic.gov.au/flora/taxon/1ee1fb72-de98-4052-9aac-6899bdf522f7,"['rating', 'origin', 'local_records', 'traits', 'flowering', 'griis']",[],Strong
Crassula peduncularis,Purple Crassula,Crassulaceae,native,native,crassula peduncularis,Not Assessed / No exact match,herb,herbaceous,annual,0.01,0.5,False,False,0.0,No local records found,1.0,1893-11-11T00:00:00Z,Not Assessed,Purple Crassula,VicFlora,False,False,False,False,False,False,False,True,True,True,True,False,Aug–Nov,2,1.0,fire_killed,not_vegetative,transient,wind / falling near the parent plant,Copes with waterlogged soil for over 6 months,False,Herb,818f8a5c-a2ff-49ad-b116-e47ba5c2d1fb,https://vicflora.rbg.vic.gov.au/flora/taxon/818f8a5c-a2ff-49ad-b116-e47ba5c2d1fb,"['origin', 'local_records', 'traits', 'flowering']",['rating'],Moderate
Crassula tetramera,,Crassulaceae,native,native,crassula tetramera,Not Assessed / No exact match,herb,herbaceous,annual,0.1,0.1,False,False,0.0,No local records found,0.0,No local records found,Not Assessed,,,False,False,False,False,False,False,False,True,True,True,True,False,Aug–Nov,1,1.0,fire_killed,not_vegetative,long_persistent,wind / falling near the parent plant,Copes with waterlogged soil for 1-6 months,False,Herb,a820a7db-30f6-4b5e-a39f-fac952e348db,https://vicflora.rbg.vic.gov.au/flora/taxon/a820a7db-30f6-4b5e-a39f-fac952e348db,"['origin', 'traits', 'flowering']","['rating', 'local_records']",Moderate
Crataegus monogyna,Hawthorn,Rosaceae,introduced,naturalised,crataegus monogyna,High Risk,shrub tree,woody,perennial,10.0,10.0,True,False,8.0,2010,37.0,2026-04-19T14:37:58Z,Reconsider Planting,Hawthorn,VicFlora,,,,,,,,,,,,,,0,,,,widely_dispersed,,,False,Tree,89ce8787-657a-4a79-b9fe-035acb2d3d95,https://vicflora.rbg.vic.gov.au/flora/taxon/89ce8787-657a-4a79-b9fe-035acb2d3d95,"['rating', 'origin', 'local_records', 'traits', 'griis']",['flowering'],Moderate
Crepis capillaris,Smooth Hawksbeard,Asteraceae,introduced,naturalised,crepis capillaris,High Risk,herb,herbaceous,annual biennial,0.04,1.2,True,False,1.0,2000,2.0,2000-10-12T00:00:00Z,Reconsider Planting,Smooth Hawksbeard,VicFlora,True,True,False,False,False,False,False,False,False,False,False,True,Dec–Feb,2,1.0,fire_killed,,transient,,,False,Herb,e838757a-9e49-4643-88cf-0d9b6ed446a8,https://vicflora.rbg.vic.gov.au/flora/taxon/e838757a-9e49-4643-88cf-0d9b6ed446a8,"['rating', 'origin', 'local_records', 'traits', 'flowering', 'griis']",[],Strong
Crocosmia ×crocosmiiflora,Montbretia,Iridaceae,introduced,naturalised,crocosmia crocosmiiflora,Not Assessed / No exact match,,,,,,True,False,0.0,No local records found,0.0,No local records found,Not Assessed,Montbretia,VicFlora,,,,,,,,,,,,,,0,,,,,,,False,,7dcca4ab-de42-4eb7-befe-02781e7c505f,https://vicflora.rbg.vic.gov.au/flora/taxon/7dcca4ab-de42-4eb7-befe-02781e7c505f,"['origin', 'griis']","['rating', 'local_records', 'traits', 'flowering']",Limited
Cryptostylis subulata,Large Tongue-orchid,Orchidaceae,native,native,cryptostylis subulata,Not Assessed / No exact match,herb,herbaceous,perennial,0.3,0.9,False,False,2.0,1980,4.0,1980-01-11T00:00:00Z,Not Assessed,Large Tongue-orchid,VicFlora,True,True,True,True,False,False,False,False,False,True,True,True,Oct–Apr,3,1.0,resprouts,not_vegetative,transient,wind / falling near the parent plant,,True,Herb,a85cbb3f-50a9-42b9-977e-7b4a5c105c70,https://vicflora.rbg.vic.gov.au/flora/taxon/a85cbb3f-50a9-42b9-977e-7b4a5c105c70,"['origin', 'local_records', 'traits', 'flowering']",['rating'],Moderate
Cyanicula caerulea,,Orchidaceae,native,native,cyanicula caerulea,Not Assessed / No exact match,herb,herbaceous,perennial,0.05,0.18,False,False,0.0,No local records found,1.0,,Not Assessed,Blue Fairy,ALA,False,False,False,False,False,True,True,True,True,True,False,False,Jun–Oct,4,1.0,resprouts,vegetative,transient,wind,,True,Herb,d5654aab-8de3-4fc0-a4d7-958e7c44f885,https://vicflora.rbg.vic.gov.au/flora/taxon/d5654aab-8de3-4fc0-a4d7-958e7c44f885,"['origin', 'local_records', 'traits', 'flowering']",['rating'],Moderate
Cyclospermum leptophyllum,Slender Celery,Apiaceae,introduced,naturalised,cyclospermum leptophyllum,Medium Risk,herb,herbaceous,annual,0.15,0.7,True,False,1.0,1949,1.0,1949-03-05T00:00:00Z,Use Caution,Slender Celery,VicFlora,True,False,False,False,False,False,False,False,True,True,True,True,Sep–Jan,2,1.0,fire_killed,not_vegetative,,,,False,Herb,114d4d55-0865-4592-8942-193a5576eaea,https://vicflora.rbg.vic.gov.au/flora/taxon/114d4d55-0865-4592-8942-193a5576eaea,"['rating', 'origin', 'local_records', 'traits', 'flowering', 'griis']",[],Strong
Cycnogeton procerum,,Juncaginaceae,native,native,cycnogeton procerum,Not Assessed / No exact match,herb,herbaceous,perennial,0.05,2.0,False,False,3.0,2007,23.0,2026-08-07T15:17:35Z,Not Assessed,Common Water-ribbons,ALA,True,True,True,True,False,False,False,True,True,True,True,True,Aug–Apr,3,1.0,resprouts,vegetative,persistent,water,Grows in water,False,Herb,687f7914-0b59-4c43-855a-d0619a49a832,https://vicflora.rbg.vic.gov.au/flora/taxon/687f7914-0b59-4c43-855a-d0619a49a832,"['origin', 'local_records', 'traits', 'flowering']",['rating'],Moderate
Cynodon dactylon,Couch,Poaceae,native,native,cynodon dactylon,Moderately High Risk,graminoid herb,herbaceous,perennial,0.05,0.4,True,False,16.0,2024,25.0,2025-06-20T00:00:00Z,Use Caution,Couch,VicFlora,True,True,True,True,True,True,True,True,True,True,True,True,All year,3,1.0,resprouts,vegetative,transient,wind / falling near the parent plant,Copes with waterlogged soil for 1-6 months,False,Grass,93a443f9-db63-4338-bb04-14cc16979fa9,https://vicflora.rbg.vic.gov.au/flora/taxon/93a443f9-db63-4338-bb04-14cc16979fa9,"['rating', 'origin', 'local_records', 'traits', 'flowering']",[],Strong
Cynodon dactylon var. dactylon,,Poaceae,introduced,naturalised,cynodon dactylon,Moderately High Risk,graminoid herb,herbaceous,perennial,0.05,0.4,True,False,16.0,2024,25.0,2025-06-20T00:00:00Z,Use Caution,Couch,VBA,True,True,True,True,True,True,True,True,True,True,True,True,All year,3,1.0,resprouts,vegetative,transient,wind / falling near the parent plant,Copes with waterlogged soil for 1-6 months,False,Grass,6a42c1f4-096c-439a-a1d7-c8dde6a04e5b,https://vicflora.rbg.vic.gov.au/flora/taxon/6a42c1f4-096c-439a-a1d7-c8dde6a04e5b,"['rating', 'origin', 'local_records', 'traits', 'flowering', 'griis']",[],Strong
Cynosurus echinatus,Rough Dog's-tail,Poaceae,introduced,naturalised,cynosurus echinatus,High Risk,graminoid herb,herbaceous,annual,0.1,1.0,True,False,1.0,1985,2.0,1987-12-08T00:00:00Z,Reconsider Planting,Rough Dog's-tail,VicFlora,False,False,False,False,False,False,False,False,True,True,True,False,Sep–Nov,1,1.0,fire_killed,not_vegetative,,,,False,Grass,1f3d56d2-3d90-4816-8b64-f9d4f5ede333,https://vicflora.rbg.vic.gov.au/flora/taxon/1f3d56d2-3d90-4816-8b64-f9d4f5ede333,"['rating', 'origin', 'local_records', 'traits', 'flowering', 'griis']",[],Strong
Cyperus eragrostis,Drain Flat-sedge,Cyperaceae,introduced,naturalised,cyperus eragrostis,Medium Risk,graminoid herb,herbaceous,perennial,0.2,1.4,True,False,11.0,2024,43.0,2026-04-24T17:10:28Z,Use Caution,Drain Flat-sedge,VicFlora,True,True,True,False,False,False,False,False,True,True,True,True,Sep–Mar,2,1.0,resprouts,vegetative,persistent,wind / water,,False,Grass,1591e06a-1275-4e7c-9f4e-d040cf30bc1a,https://vicflora.rbg.vic.gov.au/flora/taxon/1591e06a-1275-4e7c-9f4e-d040cf30bc1a,"['rating', 'origin', 'local_records', 'traits', 'flowering', 'griis']",[],Strong
Cyrtostylis reniformis,Gnat Orchid,Orchidaceae,native,native,cyrtostylis reniformis,Not Assessed / No exact match,herb,herbaceous,perennial,0.03,0.27,False,False,1.0,1900,1.0,1900-09-04T00:00:00Z,Not Assessed,Gnat Orchid,VicFlora,False,False,False,False,True,True,True,True,True,True,False,False,May–Oct,2,1.0,resprouts,vegetative,transient,wind,,True,Herb,d72b7212-d4ba-4936-9d7a-3a710adec63a,https://vicflora.rbg.vic.gov.au/flora/taxon/d72b7212-d4ba-4936-9d7a-3a710adec63a,"['origin', 'local_records', 'traits', 'flowering']",['rating'],Moderate
Dactylis glomerata,Cocksfoot,Poaceae,introduced,naturalised,dactylis glomerata,High Risk,graminoid herb,herbaceous,perennial,1.4,1.4,True,False,12.0,2024,36.0,2026-03-31T10:51:12Z,Reconsider Planting,Cocksfoot,VicFlora,False,False,False,False,False,False,False,False,True,True,True,False,Sep–Nov,1,1.0,fire_killed,,,,,False,Grass,40348658-ea95-4d41-8ba3-c054b703d8cf,https://vicflora.rbg.vic.gov.au/flora/taxon/40348658-ea95-4d41-8ba3-c054b703d8cf,"['rating', 'origin', 'local_records', 'traits', 'flowering', 'griis']",[],Strong
Datura stramonium,Common Thorn-apple,Solanaceae,introduced,naturalised,datura stramonium,Moderately High Risk,herb,herbaceous,annual,0.2,1.5,True,False,1.0,1914,1.0,1914-05-21T00:00:00Z,Use Caution,Common Thorn-apple,VicFlora,True,True,False,False,False,False,False,False,False,False,False,True,Dec–Feb,1,1.0,,not_vegetative,,,,False,Herb,f68e8c9d-8bea-4194-83a8-c67c5ebb27cd,https://vicflora.rbg.vic.gov.au/flora/taxon/f68e8c9d-8bea-4194-83a8-c67c5ebb27cd,"['rating', 'origin', 'local_records', 'traits', 'flowering', 'griis']",[],Strong
Daucus carota,Carrot,Apiaceae,introduced,naturalised,daucus carota,High Risk,herb,herbaceous,biennial,0.3,1.5,True,False,1.0,2000,6.0,2025-12-27T15:50:00Z,Reconsider Planting,Carrot,VicFlora,True,True,True,True,True,False,False,False,True,True,True,True,Sep–May,1,1.0,,not_vegetative,,sticking to animals and clothing,,False,Herb,bf16fb91-cb0f-44ad-94c5-4fefe4aa0807,https://vicflora.rbg.vic.gov.au/flora/taxon/bf16fb91-cb0f-44ad-94c5-4fefe4aa0807,"['rating', 'origin', 'local_records', 'traits', 'flowering', 'griis']",[],Strong
Daucus glochidiatus,Australian Carrot,Apiaceae,native,native,daucus glochidiatus,Not Assessed / No exact match,herb,herbaceous,annual,0.003,0.75,False,False,1.0,1998,1.0,1998-06-01T00:00:00Z,Not Assessed,Australian Carrot,VicFlora,True,True,False,False,True,True,True,True,True,True,True,True,May–Feb,6,1.0,fire_killed,not_vegetative,persistent,sticking to animals and clothing / animals,Copes with short wet spells (under a month),False,Herb,e1fec4a1-b30b-4cfd-9a87-23e874600c85,https://vicflora.rbg.vic.gov.au/flora/taxon/e1fec4a1-b30b-4cfd-9a87-23e874600c85,"['origin', 'local_records', 'traits', 'flowering']",['rating'],Moderate
Daviesia latifolia,Hop Bitter-pea,Fabaceae,native,native,daviesia latifolia,Not Assessed / No exact match,shrub,woody,perennial,1.0,5.0,False,False,5.0,2006,46.0,2025-10-27T18:22:40Z,Not Assessed,Hop Bitter-pea,VicFlora,False,False,False,False,False,False,False,False,True,True,True,True,Sep–Dec,4,1.0,resprouts,not_vegetative,persistent,ants / falling near the parent plant,,True,Shrub,0a47f243-e3be-451e-b178-75eeb33a2647,https://vicflora.rbg.vic.gov.au/flora/taxon/0a47f243-e3be-451e-b178-75eeb33a2647,"['origin', 'local_records', 'traits', 'flowering']",['rating'],Moderate
Daviesia leptophylla,Narrow-leaf Bitter-pea,Fabaceae,native,native,daviesia leptophylla,Not Assessed / No exact match,shrub,woody,perennial,1.0,2.0,False,False,2.0,1980,17.0,2026-04-24T08:47:45Z,Not Assessed,Narrow-leaf Bitter-pea,VicFlora,False,False,False,False,False,False,False,True,True,True,True,True,Aug–Dec,4,1.0,resprouts,not_vegetative,persistent,ants / animals,,True,Shrub,06900c86-5d37-4559-bc92-bd49f509d268,https://vicflora.rbg.vic.gov.au/flora/taxon/06900c86-5d37-4559-bc92-bd49f509d268,"['origin', 'local_records', 'traits', 'flowering']",['rating'],Moderate
Daviesia ulicifolia,Gorse Bitter-pea,Fabaceae,native,native,daviesia ulicifolia,Not Assessed / No exact match,shrub,woody,perennial,0.5,2.5,False,False,1.0,1900,4.0,2026-08-24T13:29:25Z,Not Assessed,Gorse Bitter-pea,VicFlora,True,False,False,True,True,True,True,True,True,True,True,True,Apr–Jan,6,1.0,resprouts,not_vegetative,persistent,animals / ants,,True,Shrub,0e224832-36a1-44a1-8a08-6c97923ac90f,https://vicflora.rbg.vic.gov.au/flora/taxon/0e224832-36a1-44a1-8a08-6c97923ac90f,"['origin', 'local_records', 'traits', 'flowering']",['rating'],Moderate
Daviesia ulicifolia subsp. ulicifolia,,Fabaceae,native,native,daviesia ulicifolia,Not Assessed / No exact match,shrub,woody,perennial,0.5,2.5,False,False,1.0,1900,4.0,2026-08-24T13:29:25Z,Not Assessed,Gorse Bitter-pea,VBA,True,False,False,True,True,True,True,True,True,True,True,True,Apr–Jan,6,1.0,resprouts,not_vegetative,persistent,animals / ants,,True,Shrub,2a05191e-3631-4191-a122-c2a292b80020,https://vicflora.rbg.vic.gov.au/flora/taxon/2a05191e-3631-4191-a122-c2a292b80020,"['origin', 'local_records', 'traits', 'flowering']",['rating'],Moderate
Delairea odorata,Ivy Groundsel | Cape Ivy,Asteraceae,introduced,naturalised,delairea odorata,Very High Risk,climber_herbaceous,herbaceous,perennial,3.0,4.0,True,False,1.0,2000,4.0,2023-07-13T00:00:00Z,Reconsider Planting,Ivy Groundsel | Cape Ivy,VicFlora,False,False,False,False,False,True,True,True,False,False,False,False,Jun–Aug,2,1.0,fire_killed,vegetative,,,,False,Climber,dc2ea7d1-95e8-4c6f-965d-f616ab9cd903,https://vicflora.rbg.vic.gov.au/flora/taxon/dc2ea7d1-95e8-4c6f-965d-f616ab9cd903,"['rating', 'origin', 'local_records', 'traits', 'flowering', 'griis']",[],Strong
Deschampsia cespitosa,Tufted Hair-grass,Poaceae,native,native,deschampsia cespitosa,Not Assessed / No exact match,graminoid herb,herbaceous,perennial,0.2,2.0,False,False,0.0,No local records found,1.0,1998-03-08T00:00:00Z,Not Assessed,Tufted Hair-grass,VicFlora,True,True,True,False,False,False,False,False,True,True,True,True,Sep–Mar,3,1.0,partial_resprouting,not_vegetative,transient,sticking to animals and clothing,Copes with waterlogged soil for 1-6 months,False,Grass,dc81dd60-010c-4c38-82e6-a2e327be2c70,https://vicflora.rbg.vic.gov.au/flora/taxon/dc81dd60-010c-4c38-82e6-a2e327be2c70,"['origin', 'local_records', 'traits', 'flowering']",['rating'],Moderate
Deyeuxia densa,,Poaceae,native,native,deyeuxia densa,Not Assessed / No exact match,tussock,herbaceous,perennial,0.3,1.0,False,False,1.0,1920,1.0,,Not Assessed,Heath Bent-grass,VBA,True,False,False,False,False,False,False,False,False,True,True,True,Oct–Jan,2,1.0,resprouts,not_vegetative,transient,wind / sticking to animals and clothing,Copes with waterlogged soil for 1-6 months,False,Grass,87b1f145-45be-46ab-8d77-d45bf0811c73,https://vicflora.rbg.vic.gov.au/flora/taxon/87b1f145-45be-46ab-8d77-d45bf0811c73,"['origin', 'local_records', 'traits', 'flowering']",['rating'],Moderate
Deyeuxia quadriseta,Reed Bent-grass,Poaceae,native,native,deyeuxia quadriseta,Not Assessed / No exact match,graminoid herb,herbaceous,perennial,0.15,1.5,False,False,1.0,1987,6.0,2023-07-13T00:00:00Z,Not Assessed,Reed Bent-grass,VicFlora,True,True,True,True,True,False,False,False,True,True,True,True,Sep–May,4,1.0,partial_resprouting,not_vegetative,transient,sticking to animals and clothing / wind,Copes with waterlogged soil for 1-6 months,False,Grass,617577c3-21cf-4522-a405-e5e6951a790c,https://vicflora.rbg.vic.gov.au/flora/taxon/617577c3-21cf-4522-a405-e5e6951a790c,"['origin', 'local_records', 'traits', 'flowering']",['rating'],Moderate
Dianella longifolia,Pale Flax-lily | Smooth Flax-lily,Asphodelaceae,native,native,dianella longifolia,Not Assessed / No exact match,herb,herbaceous,perennial,0.5,1.5,False,False,5.0,2006,11.0,2025-09-30T08:56:37Z,Not Assessed,Pale Flax-lily | Smooth Flax-lily,VicFlora,True,True,True,True,True,False,False,False,True,True,True,True,Sep–May,6,1.0,resprouts,not_vegetative,persistent,birds and animals eating the fruit / animals,Copes with waterlogged soil for 1-6 months,False,Herb,38e45bb0-2ee7-4f10-b975-e2bf996165f4,https://vicflora.rbg.vic.gov.au/flora/taxon/38e45bb0-2ee7-4f10-b975-e2bf996165f4,"['origin', 'local_records', 'traits', 'flowering']",['rating'],Moderate
Dianella longifolia var. longifolia,,Asphodelaceae,native,native,dianella longifolia,Not Assessed / No exact match,herb,herbaceous,perennial,0.5,1.5,False,False,5.0,2006,11.0,2025-09-30T08:56:37Z,Not Assessed,Dianella,ALA,True,True,True,True,True,False,False,False,True,True,True,True,Sep–May,6,1.0,resprouts,not_vegetative,persistent,birds and animals eating the fruit / animals,Copes with waterlogged soil for 1-6 months,False,Herb,59d93cb6-49aa-4313-8688-122a14f0aed8,https://vicflora.rbg.vic.gov.au/flora/taxon/59d93cb6-49aa-4313-8688-122a14f0aed8,"['origin', 'local_records', 'traits', 'flowering']",['rating'],Moderate
Dianella revoluta,Black-anther Flax-lily | Spreading Flax-lily,Asphodelaceae,native,native,dianella revoluta,Not Assessed / No exact match,herb,herbaceous,perennial,0.15,1.5,False,False,5.0,2006,30.0,2025-10-24T16:37:04Z,Not Assessed,Black-anther Flax-lily | Spreading Flax-lily,VicFlora,True,True,True,True,False,False,False,True,True,True,True,True,Aug–Apr,7,1.0,resprouts,vegetative,persistent,birds and animals eating the fruit / ants,,True,Herb,2c50f8b2-db48-4a27-831a-7e471fdaa39b,https://vicflora.rbg.vic.gov.au/flora/taxon/2c50f8b2-db48-4a27-831a-7e471fdaa39b,"['origin', 'local_records', 'traits', 'flowering']",['rating'],Moderate
Dianella revoluta var. revoluta,,Asphodelaceae,native,native,dianella revoluta,Not Assessed / No exact match,herb,herbaceous,perennial,0.15,1.5,False,False,5.0,2006,30.0,2025-10-24T16:37:04Z,Not Assessed,Black-anther Flax-lily,ALA,True,True,True,True,False,False,False,True,True,True,True,True,Aug–Apr,7,1.0,resprouts,vegetative,persistent,birds and animals eating the fruit / ants,,True,Herb,8168f420-2e27-40ef-b764-deee12b1be98,https://vicflora.rbg.vic.gov.au/flora/taxon/8168f420-2e27-40ef-b764-deee12b1be98,"['origin', 'local_records', 'traits', 'flowering']",['rating'],Moderate
Dichelachne rara,,Poaceae,native,native,dichelachne rara,Not Assessed / No exact match,tussock,herbaceous,perennial,0.18,1.3,False,False,1.0,1983,2.0,2005-01-19T00:00:00Z,Not Assessed,Common Plume-grass,VBA,True,True,True,False,False,False,False,False,False,True,True,True,Oct–Mar,4,1.0,resprouts,not_vegetative,persistent,sticking to animals and clothing / wind,Copes with short wet spells (under a month),False,Grass,39a08433-f482-435b-a15d-c5e57110bc7b,https://vicflora.rbg.vic.gov.au/flora/taxon/39a08433-f482-435b-a15d-c5e57110bc7b,"['origin', 'local_records', 'traits', 'flowering']",['rating'],Moderate
Dichondra repens,Kidney-weed,Convolvulaceae,native,native,dichondra repens,Not Assessed / No exact match,herb,herbaceous,perennial,0.02,0.1,False,False,7.0,2013,60.0,2026-08-08T12:45:00Z,Not Assessed,Kidney-weed,VicFlora,True,True,True,True,False,False,False,False,True,True,True,True,Sep–Apr,7,1.0,partial_resprouting,vegetative,transient,falling near the parent plant / animals,Copes with waterlogged soil for 1-6 months,False,Herb,3b9d7141-690a-4800-91d9-81b7c62a9dc0,https://vicflora.rbg.vic.gov.au/flora/taxon/3b9d7141-690a-4800-91d9-81b7c62a9dc0,"['origin', 'local_records', 'traits', 'flowering']",['rating'],Moderate
Dicksonia antarctica,Soft Tree-fern | Kombadik,Dicksoniaceae,native,native,dicksonia antarctica,Not Assessed / No exact match,fern palmoid,herbaceous,perennial,4.5,15.0,False,False,0.0,No local records found,3.0,2022-04-27T16:52:36Z,Not Assessed,Soft Tree-fern | Kombadik,VicFlora,,,,,,,,,,,,,,0,,resprouts,not_vegetative,transient,wind,Copes with waterlogged soil for over 6 months,False,Fern,9c9ecf70-9027-490a-b26e-add18d163bf7,https://vicflora.rbg.vic.gov.au/flora/taxon/9c9ecf70-9027-490a-b26e-add18d163bf7,"['origin', 'local_records', 'traits']","['rating', 'flowering']",Moderate
Dicranoloma billarderii,,Dicranaceae,native,native,dicranoloma billarderii,Not Assessed / No exact match,,,,,,False,False,0.0,No local records found,1.0,1886-08-31T00:00:00Z,Not Assessed,Common Fork-moss,ALA,,,,,,,,,,,,,,0,,,,,,,False,,6bc1c0d6-6c8d-4e61-8683-0fe70a666042,https://vicflora.rbg.vic.gov.au/flora/taxon/6bc1c0d6-6c8d-4e61-8683-0fe70a666042,"['origin', 'local_records']","['rating', 'traits', 'flowering']",Limited
Digitaria sanguinalis,Summer Grass,Poaceae,introduced,naturalised,digitaria sanguinalis,Medium Risk,graminoid herb,herbaceous,annual,0.15,1.0,True,False,2.0,2000,10.0,2026-03-30T09:42:25Z,Use Caution,Summer Grass,VicFlora,True,True,False,False,False,False,False,False,False,False,False,True,Dec–Feb,1,1.0,resprouts,,,,,False,Grass,e5b50097-2124-4a62-97c8-ca0fa52b0e3c,https://vicflora.rbg.vic.gov.au/flora/taxon/e5b50097-2124-4a62-97c8-ca0fa52b0e3c,"['rating', 'origin', 'local_records', 'traits', 'flowering', 'griis']",[],Strong
Dillwynia cinerascens,Grey Parrot-pea,Fabaceae,native,native,dillwynia cinerascens,Not Assessed / No exact match,shrub,woody,perennial,0.3,1.5,False,False,5.0,2006,76.0,2026-09-04T12:15:03Z,Not Assessed,Grey Parrot-pea,VicFlora,False,False,False,False,False,False,False,False,True,True,True,False,Sep–Nov,1,1.0,resprouts,not_vegetative,persistent,ants / animals,,True,Shrub,b5951903-149c-4eb4-8ff0-e16a6726b08b,https://vicflora.rbg.vic.gov.au/flora/taxon/b5951903-149c-4eb4-8ff0-e16a6726b08b,"['origin', 'local_records', 'traits', 'flowering']",['rating'],Moderate
Dillwynia glaberrima,Smooth Parrot-pea,Fabaceae,native,native,dillwynia glaberrima,Not Assessed / No exact match,shrub,woody,perennial,0.5,2.0,False,False,0.0,No local records found,7.0,2025-11-15T17:12:06Z,Not Assessed,Smooth Parrot-pea,VicFlora,True,False,False,False,False,False,False,True,True,True,True,True,Aug–Jan,1,1.0,resprouts,not_vegetative,persistent,ants / animals,Copes with short wet spells (under a month),False,Shrub,60167c14-46aa-460d-b140-28eb7bb19305,https://vicflora.rbg.vic.gov.au/flora/taxon/60167c14-46aa-460d-b140-28eb7bb19305,"['origin', 'local_records', 'traits', 'flowering']",['rating'],Moderate
Dillwynia sericea,,Fabaceae,native,native,dillwynia sericea,Not Assessed / No exact match,shrub,woody,perennial,0.15,1.5,False,False,1.0,2000,3.0,2026-08-17T14:18:46Z,Not Assessed,Showy Parrot-pea,VBA,False,False,False,False,False,False,False,False,True,True,True,True,Sep–Dec,1,1.0,resprouts,not_vegetative,persistent,ants / animals,Copes with short wet spells (under a month),False,Shrub,281f2c83-29e7-4a58-92ec-345a45f77895,https://vicflora.rbg.vic.gov.au/flora/taxon/281f2c83-29e7-4a58-92ec-345a45f77895,"['origin', 'local_records', 'traits', 'flowering']",['rating'],Moderate
Dipodium roseum,Hyacinth Orchid,Orchidaceae,native,native,dipodium roseum,Not Assessed / No exact match,herb,herbaceous,perennial,0.3,0.9,False,False,1.0,1906,1.0,,Not Assessed,Hyacinth Orchid,VicFlora,True,True,True,True,False,False,False,False,False,False,True,True,Nov–Apr,2,1.0,resprouts,not_vegetative,transient,wind,,True,Herb,85a02b22-3cfa-4f74-8845-b88c5dc85bed,https://vicflora.rbg.vic.gov.au/flora/taxon/85a02b22-3cfa-4f74-8845-b88c5dc85bed,"['origin', 'local_records', 'traits', 'flowering']",['rating'],Moderate
Dittrichia graveolens,Stinkwort,Asteraceae,introduced,naturalised,dittrichia graveolens,Moderately High Risk,herb,herbaceous,annual,0.1,1.0,True,False,3.0,1962,5.0,2026-04-15T13:48:42Z,Use Caution,Stinkwort,VicFlora,True,True,True,True,True,True,True,True,True,True,True,True,All year,2,1.0,fire_killed,,widely_dispersed,,,False,Herb,ba9c06f7-ff7b-4cd0-8c0f-55e8bbc86b05,https://vicflora.rbg.vic.gov.au/flora/taxon/ba9c06f7-ff7b-4cd0-8c0f-55e8bbc86b05,"['rating', 'origin', 'local_records', 'traits', 'flowering', 'griis']",[],Strong
Diuris chryseopsis,,Orchidaceae,native,native,diuris chryseopsis,Not Assessed / No exact match,herb,herbaceous,perennial,0.12,0.4,False,False,1.0,1902,2.0,1902-10-09T00:00:00Z,Not Assessed,Golden Moths,VBA,False,False,False,False,False,False,False,False,True,True,False,False,Sep–Oct,1,1.0,resprouts,vegetative,transient,wind,Copes with waterlogged soil for 1-6 months,False,Herb,73fc1b48-59ac-4179-8a83-c4f975602ca6,https://vicflora.rbg.vic.gov.au/flora/taxon/73fc1b48-59ac-4179-8a83-c4f975602ca6,"['origin', 'local_records', 'traits', 'flowering']",['rating'],Moderate
Diuris orientis,,Orchidaceae,native,native,diuris orientis,Not Assessed / No exact match,herb,herbaceous,perennial,0.1,0.45,False,False,3.0,1968,4.0,1968-09-26T00:00:00Z,Not Assessed,Wallflower Orchid,VBA,False,False,False,False,False,False,False,False,True,True,False,False,Sep–Oct,2,1.0,resprouts,vegetative,transient,wind / falling near the parent plant,,True,Herb,e5c8bcab-d6f3-465f-957f-b6cd2d201508,https://vicflora.rbg.vic.gov.au/flora/taxon/e5c8bcab-d6f3-465f-957f-b6cd2d201508,"['origin', 'local_records', 'traits', 'flowering']",['rating'],Moderate
Diuris pardina,Leopard Orchid | Burny Burny,Orchidaceae,native,native,diuris pardina,Not Assessed / No exact match,herb,herbaceous,perennial,0.14,0.4,False,False,0.0,No local records found,1.0,,Not Assessed,Leopard Orchid | Burny Burny,VicFlora,False,False,False,False,False,False,False,True,True,True,True,False,Aug–Nov,2,1.0,resprouts,vegetative,transient,wind / falling near the parent plant,,True,Herb,75e06596-c8a5-49ab-a732-0024b99a3747,https://vicflora.rbg.vic.gov.au/flora/taxon/75e06596-c8a5-49ab-a732-0024b99a3747,"['origin', 'local_records', 'traits', 'flowering']",['rating'],Moderate
Diuris sulphurea,Tiger Orchid,Orchidaceae,native,native,diuris sulphurea,Not Assessed / No exact match,herb,herbaceous,perennial,0.15,0.6,False,False,1.0,1900,1.0,1900-11-12T00:00:00Z,Not Assessed,Tiger Orchid,VicFlora,True,False,False,False,False,False,False,False,True,True,True,True,Sep–Jan,3,1.0,resprouts,vegetative,persistent,wind,,True,Herb,617c370e-cd4e-41ef-810a-171a3b698432,https://vicflora.rbg.vic.gov.au/flora/taxon/617c370e-cd4e-41ef-810a-171a3b698432,"['origin', 'local_records', 'traits', 'flowering']",['rating'],Moderate
Dodonaea viscosa,Sticky Hop-bush,Sapindaceae,native,native,dodonaea viscosa,Lower Risk,shrub,woody,perennial,0.5,15.0,True,False,0.0,No local records found,30.0,2026-04-24T07:46:14Z,Lower Concern,Sticky Hop-bush,VicFlora,True,True,True,True,True,True,True,True,True,True,True,True,All year,5,1.0,fire_killed,not_vegetative,persistent,wind / animals,,True,Shrub,26a2dd86-3afa-43cf-8f95-83d8cf125ec2,https://vicflora.rbg.vic.gov.au/flora/taxon/26a2dd86-3afa-43cf-8f95-83d8cf125ec2,"['rating', 'origin', 'local_records', 'traits', 'flowering']",[],Strong
Drosera aberrans,,Droseraceae,native,native,drosera aberrans,Not Assessed / No exact match,herb,herbaceous,perennial,0.03,0.05,False,False,7.0,1980,15.0,2026-08-08T12:44:00Z,Not Assessed,Scented Sundew,VBA,False,False,False,False,False,True,True,True,True,True,False,False,Jun–Oct,1,1.0,resprouts,vegetative,persistent,falling near the parent plant / wind,,True,Herb,8cbb51ca-be07-4da6-a65d-17cfa6b8483a,https://vicflora.rbg.vic.gov.au/flora/taxon/8cbb51ca-be07-4da6-a65d-17cfa6b8483a,"['origin', 'local_records', 'traits', 'flowering']",['rating'],Moderate
Drosera auriculata,,Droseraceae,native,native,drosera auriculata,Not Assessed / No exact match,herb,herbaceous,perennial,0.2,0.8,False,False,9.0,1985,11.0,1986-11-01T00:00:00Z,Not Assessed,Tall Sundew,VBA,True,True,True,False,False,False,False,True,True,True,True,True,Aug–Mar,6,1.0,resprouts,not_vegetative,persistent,wind / falling near the parent plant,Copes with short wet spells (under a month),False,Herb,241a4a2a-b731-4e66-8798-c3a0389b27fb,https://vicflora.rbg.vic.gov.au/flora/taxon/241a4a2a-b731-4e66-8798-c3a0389b27fb,"['origin', 'local_records', 'traits', 'flowering']",['rating'],Moderate
Drosera binata,Forked Sundew,Droseraceae,native,native,drosera binata,Not Assessed / No exact match,herb,herbaceous,perennial,0.1,0.6,False,False,2.0,1939,7.0,1939-03-24T00:00:00Z,Not Assessed,Forked Sundew,VicFlora,True,True,True,False,False,False,False,False,True,True,True,True,Sep–Mar,5,1.0,resprouts,vegetative,transient,wind / falling near the parent plant,Copes with waterlogged soil for over 6 months,False,Herb,5a60308a-c936-416d-9742-1b7b0f40332e,https://vicflora.rbg.vic.gov.au/flora/taxon/5a60308a-c936-416d-9742-1b7b0f40332e,"['origin', 'local_records', 'traits', 'flowering']",['rating'],Moderate
Drosera glanduligera,Scarlet Sundew,Droseraceae,native,native,drosera glanduligera,Not Assessed / No exact match,herb,herbaceous,annual,0.002,0.06,False,False,1.0,1902,1.0,1902-10-09T00:00:00Z,Not Assessed,Scarlet Sundew,VicFlora,True,False,False,False,False,True,True,True,True,True,True,True,Jun–Jan,6,1.0,resprouts,not_vegetative,transient,falling near the parent plant / wind,Copes with short wet spells (under a month),False,Herb,a2e9f696-d60f-4073-b2c8-722dedb75d20,https://vicflora.rbg.vic.gov.au/flora/taxon/a2e9f696-d60f-4073-b2c8-722dedb75d20,"['origin', 'local_records', 'traits', 'flowering']",['rating'],Moderate
Drosera hookeri,,Droseraceae,native,native,drosera hookeri,Not Assessed / No exact match,herb,herbaceous,perennial,,,False,False,1.0,1960,4.0,1960-10-01T00:00:00Z,Not Assessed,Branched Sundew,VBA,True,False,False,False,False,False,False,False,True,True,True,True,Sep–Jan,1,1.0,,,,wind / falling near the parent plant,,False,Herb,e2207d18-2671-4d62-b5ed-9245f2cfdcb4,https://vicflora.rbg.vic.gov.au/flora/taxon/e2207d18-2671-4d62-b5ed-9245f2cfdcb4,"['origin', 'local_records', 'traits', 'flowering']",['rating'],Moderate
Drosera peltata,,Droseraceae,native,native,drosera peltata,Not Assessed / No exact match,herb,herbaceous,perennial,0.07,0.8,True,False,2.0,2000,1.0,2000-10-12T00:00:00Z,Not Assessed,Pale Sundew,ALA,True,True,False,False,False,False,False,True,True,True,True,True,Aug–Feb,5,1.0,resprouts,not_vegetative,transient,wind / falling near the parent plant,Copes with short wet spells (under a month),False,Herb,cc8c6055-b54a-4a87-ae71-bc0addfa7692,https://vicflora.rbg.vic.gov.au/flora/taxon/cc8c6055-b54a-4a87-ae71-bc0addfa7692,"['origin', 'local_records', 'traits', 'flowering']",['rating'],Moderate
Drosera pygmaea,Tiny Sundew,Droseraceae,native,native,drosera pygmaea,Not Assessed / No exact match,herb,herbaceous,perennial,0.025,0.05,False,False,0.0,No local records found,1.0,1890-12-02T00:00:00Z,Not Assessed,Tiny Sundew,VicFlora,True,True,True,True,False,True,True,True,True,True,True,True,Jun–Apr,5,1.0,fire_killed,not_vegetative,transient,falling near the parent plant / wind,Copes with waterlogged soil for 1-6 months,False,Herb,f7ed5e5c-511f-4e5f-a12f-5af0ad8a3b32,https://vicflora.rbg.vic.gov.au/flora/taxon/f7ed5e5c-511f-4e5f-a12f-5af0ad8a3b32,"['origin', 'local_records', 'traits', 'flowering']",['rating'],Moderate
Drosera spatulata,Rosy Sundew,Droseraceae,native,native,drosera spatulata,Not Assessed / No exact match,herb,herbaceous,perennial,0.03,0.25,False,False,0.0,No local records found,5.0,1893-12-23T00:00:00Z,Not Assessed,Rosy Sundew,VicFlora,True,True,True,True,True,True,False,False,True,True,True,True,Sep–Jun,6,1.0,resprouts,vegetative,persistent,wind / falling near the parent plant,Copes with waterlogged soil for 1-6 months,False,Herb,aa7685e8-bb2c-4d9a-8f1f-9e268afbe824,https://vicflora.rbg.vic.gov.au/flora/taxon/aa7685e8-bb2c-4d9a-8f1f-9e268afbe824,"['origin', 'local_records', 'traits', 'flowering']",['rating'],Moderate
Duma florulenta,Tangled Lignum,Polygonaceae,native,native,duma florulenta,Not Assessed / No exact match,shrub,woody,perennial,0.9,3.0,False,False,0.0,No local records found,2.0,2024-09-03T15:02:09Z,Not Assessed,Tangled Lignum,VicFlora,True,True,True,False,False,False,False,False,False,True,True,True,Oct–Mar,1,1.0,resprouts,vegetative,transient,wind / water,Copes with waterlogged soil for over 6 months,False,Shrub,81fb0f60-dcba-49a3-9c2a-3bbbefc804fb,https://vicflora.rbg.vic.gov.au/flora/taxon/81fb0f60-dcba-49a3-9c2a-3bbbefc804fb,"['origin', 'local_records', 'traits', 'flowering']",['rating'],Moderate
Dysphania pumilio,,Chenopodiaceae,native,native,dysphania pumilio,Not Assessed / No exact match,herb,herbaceous,annual short_lived_perennial,0.04,0.3,True,False,2.0,2009,3.0,2025-03-06T13:17:03Z,Not Assessed,Clammy Goosefoot,VBA,False,False,True,True,True,True,True,True,True,False,False,False,Mar–Sep,1,1.0,fire_killed,not_vegetative,persistent,falling near the parent plant / sticking to animals and clothing,,False,Herb,ea66d656-a4c8-4f59-abec-73242b00f216,https://vicflora.rbg.vic.gov.au/flora/taxon/ea66d656-a4c8-4f59-abec-73242b00f216,"['origin', 'local_records', 'traits', 'flowering']",['rating'],Moderate
Echinochloa crus-galli,Barnyard Grass,Poaceae,introduced,naturalised,echinochloa crus-galli,Medium Risk,graminoid herb,herbaceous,annual,0.25,1.5,True,False,1.0,1989,3.0,2023-07-13T00:00:00Z,Use Caution,Barnyard Grass,VicFlora,True,True,True,False,False,False,False,False,False,False,False,True,Dec–Mar,2,1.0,fire_killed,not_vegetative,,wind / water,,False,Grass,27fdcd4d-25e4-4a4d-ab90-82bc8f728a86,https://vicflora.rbg.vic.gov.au/flora/taxon/27fdcd4d-25e4-4a4d-ab90-82bc8f728a86,"['rating', 'origin', 'local_records', 'traits', 'flowering', 'griis']",[],Strong
Echium plantagineum,Paterson's Curse | Salvation Jane,Boraginaceae,introduced,naturalised,echium plantagineum,High Risk,herb,herbaceous,annual biennial,0.1,1.2,True,False,4.0,2000,8.0,2025-10-27T13:34:54Z,Reconsider Planting,Paterson's Curse | Salvation Jane,VicFlora,True,False,False,False,False,False,False,True,True,True,True,True,Aug–Jan,2,1.0,fire_killed,,transient,,,False,Herb,bfdf4ad7-5391-4dc1-a82c-2ecb788c2575,https://vicflora.rbg.vic.gov.au/flora/taxon/bfdf4ad7-5391-4dc1-a82c-2ecb788c2575,"['rating', 'origin', 'local_records', 'traits', 'flowering', 'griis']",[],Strong
Ehrharta erecta,Panic Veldt-grass,Poaceae,introduced,naturalised,ehrharta erecta,Very High Risk,graminoid herb,herbaceous,perennial,0.45,0.9,True,False,17.0,2024,39.0,2026-04-25T08:54:47Z,Reconsider Planting,Panic Veldt-grass,VicFlora,True,True,False,False,False,False,False,False,True,True,True,True,Sep–Feb,1,1.0,resprouts,not_vegetative,,,,False,Grass,98afbe18-cdee-4765-a0b7-738fcb3fe958,https://vicflora.rbg.vic.gov.au/flora/taxon/98afbe18-cdee-4765-a0b7-738fcb3fe958,"['rating', 'origin', 'local_records', 'traits', 'flowering', 'griis']",[],Strong
Ehrharta longiflora,Annual Veldt-grass,Poaceae,introduced,naturalised,ehrharta longiflora,High Risk,graminoid herb,herbaceous,annual,0.11,0.9,True,False,11.0,2009,31.0,2026-02-18T09:33:45Z,Reconsider Planting,Annual Veldt-grass,VicFlora,True,True,False,False,True,True,True,True,True,True,True,True,May–Feb,2,1.0,fire_killed,,,,,False,Grass,ca19305b-9e97-4795-a86d-b37e36c67950,https://vicflora.rbg.vic.gov.au/flora/taxon/ca19305b-9e97-4795-a86d-b37e36c67950,"['rating', 'origin', 'local_records', 'traits', 'flowering', 'griis']",[],Strong
Eleocharis acuta,Common Spike-rush,Cyperaceae,native,native,eleocharis acuta,Not Assessed / No exact match,graminoid herb,herbaceous,perennial,0.4985,0.9,False,False,4.0,2010,10.0,2010-04-21T00:00:00Z,Not Assessed,Common Spike-rush,VicFlora,True,True,False,False,False,False,False,False,True,True,True,True,Sep–Feb,3,1.0,resprouts,vegetative,persistent,water / sticking to animals and clothing,,False,Grass,93637b3c-50b2-4380-b3d3-480c19a7ead9,https://vicflora.rbg.vic.gov.au/flora/taxon/93637b3c-50b2-4380-b3d3-480c19a7ead9,"['origin', 'local_records', 'traits', 'flowering']",['rating'],Moderate
Eleocharis atricha,,Cyperaceae,native,native,eleocharis atricha,Not Assessed / No exact match,graminoid herb,herbaceous,perennial,0.4,0.4,False,False,1.0,1963,1.0,1963-02-13T00:00:00Z,Not Assessed,Tuber Spike-sedge,VBA,True,True,False,False,False,False,False,False,True,True,True,True,Sep–Feb,2,1.0,resprouts,vegetative,persistent,water,Copes with waterlogged soil for over 6 months,False,Grass,43810ccc-e269-4199-927f-399826349bd5,https://vicflora.rbg.vic.gov.au/flora/taxon/43810ccc-e269-4199-927f-399826349bd5,"['origin', 'local_records', 'traits', 'flowering']",['rating'],Moderate
Eleocharis sphacelata,Tall Spike-rush,Cyperaceae,native,native,eleocharis sphacelata,Not Assessed / No exact match,graminoid herb,herbaceous,perennial,1.0,2.0,False,False,2.0,2010,9.0,2026-04-24T17:22:37Z,Not Assessed,Tall Spike-rush,VicFlora,True,True,True,True,True,True,True,True,True,True,True,True,All year,4,1.0,resprouts,vegetative,persistent,water / birds and animals eating the fruit,Grows in water,False,Grass,94663dd6-aac1-4eef-a1ba-6fc027ee741c,https://vicflora.rbg.vic.gov.au/flora/taxon/94663dd6-aac1-4eef-a1ba-6fc027ee741c,"['origin', 'local_records', 'traits', 'flowering']",['rating'],Moderate
Eleusine indica,Goose-grass,Poaceae,introduced,naturalised,eleusine indica,Medium Risk,graminoid herb,herbaceous,annual perennial,0.7,1.0,True,False,4.0,2010,9.0,2026-04-09T11:46:48Z,Use Caution,Goose-grass,VicFlora,True,True,False,False,False,False,False,False,False,False,False,True,Dec–Feb,1,1.0,,not_vegetative,,water,,False,Grass,76035dd9-bf77-4e78-b847-a48f6b5ee317,https://vicflora.rbg.vic.gov.au/flora/taxon/76035dd9-bf77-4e78-b847-a48f6b5ee317,"['rating', 'origin', 'local_records', 'traits', 'flowering', 'griis']",[],Strong
Eleusine tristachya,American Crows-foot Grass,Poaceae,introduced,naturalised,eleusine tristachya,Medium Risk,graminoid herb,herbaceous,perennial,0.3,0.4,True,False,1.0,2010,1.0,2010-04-21T00:00:00Z,Use Caution,American Crows-foot Grass,VicFlora,True,True,False,False,False,False,False,False,False,False,False,True,Dec–Feb,1,1.0,,,,,,False,Grass,da58b60a-d3fd-4cfe-9081-90f0ed27a141,https://vicflora.rbg.vic.gov.au/flora/taxon/da58b60a-d3fd-4cfe-9081-90f0ed27a141,"['rating', 'origin', 'local_records', 'traits', 'flowering', 'griis']",[],Strong
Empodisma minus,Spreading Rope-rush,Restionaceae,native,native,empodisma minus,Not Assessed / No exact match,graminoid,herbaceous,perennial,0.5,2.0,False,False,0.0,No local records found,10.0,1895-10-19T00:00:00Z,Not Assessed,Spreading Rope-rush,VicFlora,True,True,True,False,False,False,False,True,True,True,True,True,Aug–Mar,3,1.0,resprouts,vegetative,persistent,falling near the parent plant / wind,Copes with waterlogged soil for over 6 months,False,Grass,b90df799-1d4f-4f4f-a6b7-e60dbd66c7c9,https://vicflora.rbg.vic.gov.au/flora/taxon/b90df799-1d4f-4f4f-a6b7-e60dbd66c7c9,"['origin', 'local_records', 'traits', 'flowering']",['rating'],Moderate
Epacris impressa,Common Heath,Ericaceae,native,native,epacris impressa,Not Assessed / No exact match,shrub,woody,perennial,0.2,1.6,False,False,7.0,2000,50.0,2026-08-15T13:56:07Z,Not Assessed,Common Heath,VicFlora,True,True,True,True,True,True,True,True,True,True,True,True,All year,2,1.0,resprouts,not_vegetative,persistent,falling near the parent plant / animals,Copes with short wet spells (under a month),False,Shrub,cb304d8b-3b9f-45c5-baf6-5d1034805ba5,https://vicflora.rbg.vic.gov.au/flora/taxon/cb304d8b-3b9f-45c5-baf6-5d1034805ba5,"['origin', 'local_records', 'traits', 'flowering']",['rating'],Moderate
Epacris obtusifolia,Blunt-leaf Heath,Ericaceae,native,native,epacris obtusifolia,Not Assessed / No exact match,shrub,woody,perennial,0.8,2.0,False,False,1.0,1902,10.0,1902-10-09T00:00:00Z,Not Assessed,Blunt-leaf Heath,VicFlora,True,False,False,False,False,True,True,True,True,True,True,True,Jun–Jan,4,1.0,fire_killed,not_vegetative,persistent,falling near the parent plant / animals,Copes with waterlogged soil for over 6 months,False,Shrub,e30cbb9b-2d96-4d09-9543-e1d7a07a4d43,https://vicflora.rbg.vic.gov.au/flora/taxon/e30cbb9b-2d96-4d09-9543-e1d7a07a4d43,"['origin', 'local_records', 'traits', 'flowering']",['rating'],Moderate
Epilobium billardiereanum,,Onagraceae,native,native,epilobium billardiereanum,Not Assessed / No exact match,herb,herbaceous,perennial,0.1,1.0,False,False,6.0,2024,9.0,2024-08-01T00:00:00Z,Not Assessed,Variable Willow-herb,VBA,True,True,True,True,False,False,False,False,True,True,True,True,Sep–Apr,6,1.0,fire_killed,vegetative,transient,wind,Copes with waterlogged soil for over 6 months,False,Herb,8b7ea72a-c655-4dbe-995f-7e2f993c12a1,https://vicflora.rbg.vic.gov.au/flora/taxon/8b7ea72a-c655-4dbe-995f-7e2f993c12a1,"['origin', 'local_records', 'traits', 'flowering']",['rating'],Moderate
Epilobium billardiereanum subsp. billardiereanum,,Onagraceae,native,native,epilobium billardiereanum,Not Assessed / No exact match,herb,herbaceous,perennial,0.1,1.0,False,False,6.0,2024,9.0,2024-08-01T00:00:00Z,Not Assessed,Smooth Willow-herb,VBA,True,True,True,True,False,False,False,False,True,True,True,True,Sep–Apr,6,1.0,fire_killed,vegetative,transient,wind,Copes with waterlogged soil for over 6 months,False,Herb,45f3313b-89ed-4dbf-ba10-1184ee8a994c,https://vicflora.rbg.vic.gov.au/flora/taxon/45f3313b-89ed-4dbf-ba10-1184ee8a994c,"['origin', 'local_records', 'traits', 'flowering']",['rating'],Moderate
Epilobium billardiereanum subsp. cinereum,,Onagraceae,native,native,epilobium billardiereanum,Not Assessed / No exact match,herb,herbaceous,perennial,0.1,1.0,False,False,6.0,2024,9.0,2024-08-01T00:00:00Z,Not Assessed,Grey Willow-herb,ALA,True,True,True,True,False,False,False,False,True,True,True,True,Sep–Apr,6,1.0,fire_killed,vegetative,transient,wind,Copes with waterlogged soil for over 6 months,False,Herb,9cb543c5-af6a-4b0c-88b5-931e2e5967fd,https://vicflora.rbg.vic.gov.au/flora/taxon/9cb543c5-af6a-4b0c-88b5-931e2e5967fd,"['origin', 'local_records', 'traits', 'flowering']",['rating'],Moderate
Epilobium ciliatum,Glandular Willow-herb,Onagraceae,introduced,naturalised,epilobium ciliatum,Moderately High Risk,herb,herbaceous,annual perennial,0.15,2.0,True,False,2.0,2000,4.0,2025-10-03T10:48:57Z,Use Caution,Glandular Willow-herb,VicFlora,True,True,True,True,True,False,False,False,True,True,True,True,Sep–May,2,1.0,,not_vegetative,,,,False,Herb,62c68e35-ad75-4b53-b381-9945dda220bb,https://vicflora.rbg.vic.gov.au/flora/taxon/62c68e35-ad75-4b53-b381-9945dda220bb,"['rating', 'origin', 'local_records', 'traits', 'flowering', 'griis']",[],Strong
Epilobium hirtigerum,Hairy Willow-herb,Onagraceae,native,native,epilobium hirtigerum,Not Assessed / No exact match,herb,herbaceous,perennial,0.2,1.5,False,False,7.0,2009,22.0,2026-04-28T13:17:04Z,Not Assessed,Hairy Willow-herb,VicFlora,True,True,True,True,False,False,False,False,True,True,True,True,Sep–Apr,3,1.0,fire_killed,vegetative,transient,wind,Copes with waterlogged soil for 1-6 months,False,Herb,bcd62b97-dfd1-4f52-8663-4a34f014e222,https://vicflora.rbg.vic.gov.au/flora/taxon/bcd62b97-dfd1-4f52-8663-4a34f014e222,"['origin', 'local_records', 'traits', 'flowering']",['rating'],Moderate
Eragrostis brownii,Common Love-grass,Poaceae,native,native,eragrostis brownii,Not Assessed / No exact match,tussock,herbaceous,perennial,0.1,0.6,True,False,5.0,1989,8.0,2026-01-13T08:00:08Z,Not Assessed,Common Love-grass,VicFlora,True,True,True,True,True,True,True,True,True,True,True,True,All year,5,1.0,partial_resprouting,not_vegetative,transient,falling near the parent plant / wind,Copes with waterlogged soil for 1-6 months,False,Grass,a6b7067f-fe55-4949-989a-01e5e3e75dd4,https://vicflora.rbg.vic.gov.au/flora/taxon/a6b7067f-fe55-4949-989a-01e5e3e75dd4,"['origin', 'local_records', 'traits', 'flowering']",['rating'],Moderate
Eragrostis cilianensis,Stink-grass,Poaceae,introduced,naturalised,eragrostis cilianensis,Moderately High Risk,graminoid herb,herbaceous,annual,0.12,0.9,True,False,1.0,2010,1.0,2010-04-21T00:00:00Z,Use Caution,Stink-grass,VicFlora,True,True,False,False,False,False,False,False,False,False,False,True,Dec–Feb,1,1.0,,not_vegetative,,falling near the parent plant,,False,Grass,59870916-6676-48bd-8286-9ccb58268b28,https://vicflora.rbg.vic.gov.au/flora/taxon/59870916-6676-48bd-8286-9ccb58268b28,"['rating', 'origin', 'local_records', 'traits', 'flowering', 'griis']",[],Strong
Eragrostis mexicana,Mexican Love-grass,Poaceae,introduced,naturalised,eragrostis mexicana,Very High Risk,graminoid herb,herbaceous,annual,0.12,1.2,True,False,2.0,2012,3.0,2012-04-05T00:00:00Z,Reconsider Planting,Mexican Love-grass,VicFlora,True,True,False,False,False,False,False,False,False,False,False,True,Dec–Feb,1,1.0,,not_vegetative,,falling near the parent plant,,False,Grass,f4cbf720-7eef-4cec-b92a-2ebce9b16f47,https://vicflora.rbg.vic.gov.au/flora/taxon/f4cbf720-7eef-4cec-b92a-2ebce9b16f47,"['rating', 'origin', 'local_records', 'traits', 'flowering', 'griis']",[],Strong
Erica lusitanica,Spanish Heath,Ericaceae,introduced,naturalised,erica lusitanica,Very High Risk,shrub,woody,perennial,0.5,3.3,True,False,2.0,2024,4.0,2025-08-25T14:38:00Z,Reconsider Planting,Spanish Heath,VicFlora,False,False,True,True,True,True,True,True,True,True,True,False,Mar–Nov,1,1.0,,,,,,False,Shrub,3bfe77a9-ef4b-4fcd-be63-6a0f82808f1f,https://vicflora.rbg.vic.gov.au/flora/taxon/3bfe77a9-ef4b-4fcd-be63-6a0f82808f1f,"['rating', 'origin', 'local_records', 'traits', 'flowering', 'griis']",[],Strong
Erigeron bonariensis,Flaxleaf Fleabane,Asteraceae,introduced,naturalised,erigeron bonariensis,Medium Risk,herb,herbaceous,annual,0.15,1.5,True,False,5.0,2010,9.0,2025-06-20T00:00:00Z,Use Caution,Flaxleaf Fleabane,VicFlora,True,True,True,True,True,True,True,True,True,True,True,True,All year,3,1.0,fire_killed,not_vegetative,widely_dispersed,wind,,False,Herb,ce01f286-fb0d-4a97-9007-4295c37065b8,https://vicflora.rbg.vic.gov.au/flora/taxon/ce01f286-fb0d-4a97-9007-4295c37065b8,"['rating', 'origin', 'local_records', 'traits', 'flowering', 'griis']",[],Strong
Erigeron karvinskianus,Seaside Daisy,Asteraceae,introduced,naturalised,erigeron karvinskianus,High Risk,herb,herbaceous,perennial,0.15,0.4,True,False,0.0,No local records found,12.0,2026-06-17T13:15:09Z,Reconsider Planting,Seaside Daisy,VicFlora,True,True,False,False,False,False,False,False,False,True,True,True,Oct–Feb,1,1.0,resprouts,,,,,False,Herb,1c611348-ab3a-4f63-9757-f524574face8,https://vicflora.rbg.vic.gov.au/flora/taxon/1c611348-ab3a-4f63-9757-f524574face8,"['rating', 'origin', 'local_records', 'traits', 'flowering', 'griis']",[],Strong
Erigeron sumatrensis,Tall Fleabane,Asteraceae,introduced,naturalised,erigeron sumatrensis,Moderately High Risk,herb,herbaceous,annual,2.0,2.0,True,False,3.0,2006,4.0,2023-07-13T00:00:00Z,Use Caution,Tall Fleabane,VicFlora,True,True,True,True,True,True,True,True,True,True,True,True,All year,3,1.0,fire_killed,not_vegetative,,wind,,False,Herb,3055dcc2-5178-4be8-9dda-c95036864769,https://vicflora.rbg.vic.gov.au/flora/taxon/3055dcc2-5178-4be8-9dda-c95036864769,"['rating', 'origin', 'local_records', 'traits', 'flowering', 'griis']",[],Strong
Eriobotrya japonica,Loquat,Rosaceae,introduced,adventive,eriobotrya japonica,Moderately High Risk,tree,woody,perennial,4.0,10.0,True,False,0.0,No local records found,4.0,2023-07-25T12:46:42Z,Use Caution,Loquat,VicFlora,False,False,True,True,True,False,False,False,False,False,False,False,Mar–May,1,1.0,resprouts,,,,,False,Tree,ca93f85a-6cbd-4afe-b768-1ca3de347ce5,https://vicflora.rbg.vic.gov.au/flora/taxon/ca93f85a-6cbd-4afe-b768-1ca3de347ce5,"['rating', 'origin', 'local_records', 'traits', 'flowering', 'griis']",[],Strong
Eryngium vesiculosum,Prickfoot,Apiaceae,native,native,eryngium vesiculosum,Not Assessed / No exact match,herb,herbaceous,perennial,0.0835,0.2,False,False,0.0,No local records found,2.0,1891-02-05T00:00:00Z,Not Assessed,Prickfoot,VicFlora,True,True,True,False,False,False,False,False,False,True,True,True,Oct–Mar,3,1.0,resprouts,not_vegetative,transient,animals / sticking to animals and clothing,Copes with waterlogged soil for over 6 months,False,Herb,cc880f2b-9d1c-491f-92a7-a4fbcdf94101,https://vicflora.rbg.vic.gov.au/flora/taxon/cc880f2b-9d1c-491f-92a7-a4fbcdf94101,"['origin', 'local_records', 'traits', 'flowering']",['rating'],Moderate
Eschscholzia californica,Californian Poppy,Papaveraceae,introduced,naturalised,eschscholzia californica,Moderately High Risk,herb,herbaceous,annual biennial,0.3,0.6,True,False,1.0,2007,1.0,2007-11-12T00:00:00Z,Use Caution,Californian Poppy,VicFlora,,,,,,,,,,,,,,0,,,,,,,False,Herb,41f856b7-c55c-45bd-a5ca-813f2355ef6a,https://vicflora.rbg.vic.gov.au/flora/taxon/41f856b7-c55c-45bd-a5ca-813f2355ef6a,"['rating', 'origin', 'local_records', 'traits', 'griis']",['flowering'],Moderate
Eucalyptus aromaphloia,Scent-bark,Myrtaceae,native,native,eucalyptus aromaphloia,Not Assessed / No exact match,tree,woody,perennial,7.5,22.0,False,False,0.0,No local records found,1.0,1895-04-13T00:00:00Z,Not Assessed,Scent-bark,VicFlora,True,True,True,False,False,False,False,False,False,False,False,False,Jan–Mar,2,1.0,resprouts,not_vegetative,transient,falling near the parent plant,Copes with short wet spells (under a month),False,Tree,538b5c02-cc74-4043-be5d-ab029ee66bb6,https://vicflora.rbg.vic.gov.au/flora/taxon/538b5c02-cc74-4043-be5d-ab029ee66bb6,"['origin', 'local_records', 'traits', 'flowering']",['rating'],Moderate
Eucalyptus behriana,Bull Mallee,Myrtaceae,native,native,eucalyptus behriana,Not Assessed / No exact match,tree,woody,perennial,7.0,12.0,False,False,1.0,2013,1.0,2013-11-19T00:00:00Z,Not Assessed,Bull Mallee,VicFlora,True,True,False,True,True,False,True,False,True,True,True,True,"Apr–May, Jul, Sep–Feb",2,3.0,resprouts,not_vegetative,long_persistent,falling near the parent plant,,True,Tree,62da9b94-c0c1-43bf-92ca-3500e7a7ad0c,https://vicflora.rbg.vic.gov.au/flora/taxon/62da9b94-c0c1-43bf-92ca-3500e7a7ad0c,"['origin', 'local_records', 'traits', 'flowering']",['rating'],Moderate
Eucalyptus bosistoana,Coast Grey-box | Gippsland Grey-box,Myrtaceae,native,native,eucalyptus bosistoana,Not Assessed / No exact match,tree,woody,perennial,37.0,60.0,False,False,1.0,2013,1.0,2013-11-19T00:00:00Z,Not Assessed,Coast Grey-box | Gippsland Grey-box,VicFlora,True,True,True,True,False,False,True,False,False,False,True,True,"Jul, Nov–Apr",2,2.0,resprouts,not_vegetative,transient,wind / falling near the parent plant,,True,Tree,ef5731d8-9dec-47ea-b9de-9d72d7d4fc47,https://vicflora.rbg.vic.gov.au/flora/taxon/ef5731d8-9dec-47ea-b9de-9d72d7d4fc47,"['origin', 'local_records', 'traits', 'flowering']",['rating'],Moderate
Eucalyptus botryoides,Southern Mahogany,Myrtaceae,native,native,eucalyptus botryoides,Moderately High Risk,tree,woody,perennial,15.0,40.0,True,False,4.0,2013,6.0,2023-07-13T00:00:00Z,Use Caution,Southern Mahogany,VicFlora,True,True,True,False,False,False,False,False,False,False,False,True,Dec–Mar,3,1.0,resprouts,not_vegetative,transient,wind / falling near the parent plant,,True,Tree,a4091cc9-62a0-4d9d-896c-17593758a4b1,https://vicflora.rbg.vic.gov.au/flora/taxon/a4091cc9-62a0-4d9d-896c-17593758a4b1,"['rating', 'origin', 'local_records', 'traits', 'flowering']",[],Strong
Eucalyptus bridgesiana,But But | Apple Box,Myrtaceae,native,native,eucalyptus bridgesiana,Not Assessed / No exact match,tree,woody,perennial,20.0,34.4,False,False,0.0,No local records found,1.0,1895-03-25T00:00:00Z,Not Assessed,But But | Apple Box,VicFlora,True,True,True,False,True,False,False,False,False,False,False,False,"Jan–Mar, May",2,2.0,resprouts,not_vegetative,transient,falling near the parent plant / wind,Copes with short wet spells (under a month),False,Tree,776f5b3a-06e0-4717-a38b-cdeabcb21889,https://vicflora.rbg.vic.gov.au/flora/taxon/776f5b3a-06e0-4717-a38b-cdeabcb21889,"['origin', 'local_records', 'traits', 'flowering']",['rating'],Moderate
Eucalyptus camaldulensis,River Red-gum,Myrtaceae,native,native,eucalyptus camaldulensis,Not Assessed / No exact match,tree,woody,perennial,5.0,50.0,True,False,4.0,2024,21.0,2026-03-25T11:46:08Z,Not Assessed,River Red-gum,VicFlora,True,True,True,True,True,True,True,True,True,True,True,True,All year,3,1.0,resprouts,not_vegetative,transient,falling near the parent plant / water,Copes with waterlogged soil for 1-6 months,False,Tree,b81ef7c6-89a0-45d7-9b2b-cebb16c7033a,https://vicflora.rbg.vic.gov.au/flora/taxon/b81ef7c6-89a0-45d7-9b2b-cebb16c7033a,"['origin', 'local_records', 'traits', 'flowering']",['rating'],Moderate
Eucalyptus camaldulensis subsp. camaldulensis,,Myrtaceae,native,native,eucalyptus camaldulensis,Not Assessed / No exact match,tree,woody,perennial,5.0,50.0,True,False,4.0,2024,21.0,2026-03-25T11:46:08Z,Not Assessed,River Red-gum,ALA,True,True,True,True,True,True,True,True,True,True,True,True,All year,3,1.0,resprouts,not_vegetative,transient,falling near the parent plant / water,Copes with waterlogged soil for 1-6 months,False,Tree,2a8fd3b6-cbb4-48ee-8b82-948eedb8c0e8,https://vicflora.rbg.vic.gov.au/flora/taxon/2a8fd3b6-cbb4-48ee-8b82-948eedb8c0e8,"['origin', 'local_records', 'traits', 'flowering']",['rating'],Moderate
Eucalyptus cephalocarpa,Mealy Stringybark,Myrtaceae,native,native,eucalyptus cephalocarpa,Not Assessed / No exact match,tree,woody,perennial,15.0,24.0,False,False,9.0,2024,44.0,2026-05-20T16:06:53Z,Not Assessed,Mealy Stringybark,VicFlora,False,True,True,True,True,True,False,False,False,False,False,False,Feb–Jun,2,1.0,resprouts,not_vegetative,transient,falling near the parent plant,Copes with short wet spells (under a month),False,Tree,c1d81b41-92e1-47c7-9ca0-521fd3a513e5,https://vicflora.rbg.vic.gov.au/flora/taxon/c1d81b41-92e1-47c7-9ca0-521fd3a513e5,"['origin', 'local_records', 'traits', 'flowering']",['rating'],Moderate
Eucalyptus cladocalyx,Sugar Gum,Myrtaceae,introduced,naturalised,eucalyptus cladocalyx,High Risk,tree,woody,perennial,15.0,35.0,True,False,2.0,2013,6.0,2026-04-28T11:48:32Z,Reconsider Planting,Sugar Gum,VicFlora,True,True,True,True,False,False,False,False,False,False,False,True,Dec–Apr,2,1.0,resprouts,not_vegetative,,falling near the parent plant,,False,Tree,e03f7916-3683-4b87-b9b0-3043b9ccc72d,https://vicflora.rbg.vic.gov.au/flora/taxon/e03f7916-3683-4b87-b9b0-3043b9ccc72d,"['rating', 'origin', 'local_records', 'traits', 'flowering', 'griis']",[],Strong
Eucalyptus dives,Broad-leaved Peppermint,Myrtaceae,native,native,eucalyptus dives,Not Assessed / No exact match,tree,woody,perennial,18.0,25.0,False,False,1.0,2013,2.0,2013-11-19T00:00:00Z,Not Assessed,Broad-leaved Peppermint,VicFlora,True,False,False,False,True,True,True,False,True,True,True,True,"May–Jul, Sep–Jan",2,2.0,resprouts,not_vegetative,long_persistent,falling near the parent plant / wind,,True,Tree,0fb2aaa8-3e57-4b0f-9046-2f32dfb2b906,https://vicflora.rbg.vic.gov.au/flora/taxon/0fb2aaa8-3e57-4b0f-9046-2f32dfb2b906,"['origin', 'local_records', 'traits', 'flowering']",['rating'],Moderate
Eucalyptus elata,River Peppermint | Wang-ngara,Myrtaceae,native,native,eucalyptus elata,Not Assessed / No exact match,tree,woody,perennial,30.0,40.0,False,False,0.0,No local records found,1.0,,Not Assessed,River Peppermint | Wang-ngara,VicFlora,True,False,False,False,False,False,False,True,True,True,True,True,Aug–Jan,2,1.0,partial_resprouting,not_vegetative,transient,wind / falling near the parent plant,,True,Tree,9bb63e24-56c2-4691-8486-0efe7a35e15e,https://vicflora.rbg.vic.gov.au/flora/taxon/9bb63e24-56c2-4691-8486-0efe7a35e15e,"['origin', 'local_records', 'traits', 'flowering']",['rating'],Moderate
Eucalyptus globoidea,White Stringybark,Myrtaceae,native,native,eucalyptus globoidea,Not Assessed / No exact match,tree,woody,perennial,8.0,40.0,False,False,1.0,2013,2.0,2023-08-08T00:00:00Z,Not Assessed,White Stringybark,VicFlora,True,True,True,True,True,True,True,True,True,True,True,True,All year,4,1.0,resprouts,not_vegetative,transient,falling near the parent plant / wind,,True,Tree,78d38913-6a2a-49c5-9538-a5f52deed645,https://vicflora.rbg.vic.gov.au/flora/taxon/78d38913-6a2a-49c5-9538-a5f52deed645,"['origin', 'local_records', 'traits', 'flowering']",['rating'],Moderate
Eucalyptus globulus,Southern Blue-gum,Myrtaceae,native,native,eucalyptus globulus,Medium Risk,tree,woody,perennial,19.5,90.0,True,False,1.0,2009,8.0,2024-09-17T16:27:17Z,Use Caution,Southern Blue-gum,VicFlora,True,True,True,True,True,True,True,True,True,False,True,True,Nov–Sep,2,1.0,resprouts,not_vegetative,long_persistent,falling near the parent plant / wind,,True,Tree,1dfdd922-7fa3-4fc4-bb6e-96cfa112337a,https://vicflora.rbg.vic.gov.au/flora/taxon/1dfdd922-7fa3-4fc4-bb6e-96cfa112337a,"['rating', 'origin', 'local_records', 'traits', 'flowering']",[],Strong
Eucalyptus globulus subsp. globulus,,Myrtaceae,native,native,eucalyptus globulus,Medium Risk,tree,woody,perennial,19.5,90.0,True,False,1.0,2009,8.0,2024-09-17T16:27:17Z,Use Caution,Blue Gum,DEECA Advisory List,True,True,True,True,True,True,True,True,True,False,True,True,Nov–Sep,2,1.0,resprouts,not_vegetative,long_persistent,falling near the parent plant / wind,,True,Tree,31b2d5b0-23f9-47a6-bb36-0a7bab28e659,https://vicflora.rbg.vic.gov.au/flora/taxon/31b2d5b0-23f9-47a6-bb36-0a7bab28e659,"['rating', 'origin', 'local_records', 'traits', 'flowering']",[],Strong
Eucalyptus goniocalyx,Bundy | Long-leaf Box,Myrtaceae,native,native,eucalyptus goniocalyx,Not Assessed / No exact match,tree,woody,perennial,6.0,25.0,False,False,1.0,1968,11.0,2026-04-28T11:49:04Z,Not Assessed,Bundy | Long-leaf Box,VicFlora,False,False,True,True,True,True,True,True,False,False,False,False,Mar–Aug,2,1.0,resprouts,not_vegetative,transient,falling near the parent plant,,True,Tree,373f6949-3ef7-40b3-8b65-4aeb60e21f35,https://vicflora.rbg.vic.gov.au/flora/taxon/373f6949-3ef7-40b3-8b65-4aeb60e21f35,"['origin', 'local_records', 'traits', 'flowering']",['rating'],Moderate
Eucalyptus leucoxylon,Yellow Gum,Myrtaceae,native,native,eucalyptus leucoxylon,High Risk,tree,woody,perennial,10.0,30.0,True,False,2.0,2019,8.0,2026-04-25T09:31:12Z,Reconsider Planting,Yellow Gum,VicFlora,True,True,True,True,True,True,True,True,True,True,True,True,All year,2,1.0,resprouts,not_vegetative,long_persistent,falling near the parent plant,Copes with waterlogged soil for 1-6 months,False,Tree,2d91bdc1-4243-4949-bb55-aa26cb06fa7d,https://vicflora.rbg.vic.gov.au/flora/taxon/2d91bdc1-4243-4949-bb55-aa26cb06fa7d,"['rating', 'origin', 'local_records', 'traits', 'flowering']",[],Strong
Eucalyptus leucoxylon subsp. megalocarpa,,Myrtaceae,native,native,eucalyptus leucoxylon,High Risk,tree,woody,perennial,10.0,30.0,True,False,2.0,2019,8.0,2026-04-25T09:31:12Z,Reconsider Planting,Large-fruit Yellow-gum,VBA,True,True,True,True,True,True,True,True,True,True,True,True,All year,2,1.0,resprouts,not_vegetative,long_persistent,falling near the parent plant,Copes with waterlogged soil for 1-6 months,False,Tree,75266c6b-6f92-4ef8-832f-466051f443b1,https://vicflora.rbg.vic.gov.au/flora/taxon/75266c6b-6f92-4ef8-832f-466051f443b1,"['rating', 'origin', 'local_records', 'traits', 'flowering']",[],Strong
Eucalyptus longifolia,,Myrtaceae,introduced,adventive,eucalyptus longifolia,Medium Risk,tree,woody,perennial,32.0,35.0,True,False,1.0,2013,1.0,2013-11-19T00:00:00Z,Use Caution,Woollybutt,VBA,False,False,True,True,True,True,False,False,False,True,True,False,"Mar–Jun, Oct–Nov",2,2.0,resprouts,not_vegetative,transient,wind / falling near the parent plant,Copes with short wet spells (under a month),False,Tree,47673d96-7020-4c29-b3d6-fef1775448cb,https://vicflora.rbg.vic.gov.au/flora/taxon/47673d96-7020-4c29-b3d6-fef1775448cb,"['rating', 'origin', 'local_records', 'traits', 'flowering', 'griis']",[],Strong
Eucalyptus macrorhyncha,Red Stringybark,Myrtaceae,native,native,eucalyptus macrorhyncha,Not Assessed / No exact match,tree,woody,perennial,12.0,35.0,False,False,6.0,2000,14.0,2026-06-24T11:40:43Z,Not Assessed,Red Stringybark,VicFlora,True,True,True,True,True,True,True,False,False,False,False,False,Jan–Jul,2,1.0,resprouts,not_vegetative,transient,falling near the parent plant / wind,,True,Tree,7eaa9d84-9108-4fcf-9ed3-9962365d2193,https://vicflora.rbg.vic.gov.au/flora/taxon/7eaa9d84-9108-4fcf-9ed3-9962365d2193,"['origin', 'local_records', 'traits', 'flowering']",['rating'],Moderate
Eucalyptus melliodora,Yellow Box,Myrtaceae,native,native,eucalyptus melliodora,Not Assessed / No exact match,tree,woody,perennial,18.72,30.0,False,False,13.0,2024,32.0,2026-05-21T10:21:31Z,Not Assessed,Yellow Box,VicFlora,True,True,False,False,True,True,True,True,True,True,True,True,May–Feb,2,1.0,resprouts,not_vegetative,transient,falling near the parent plant / wind,Copes with waterlogged soil for 1-6 months,False,Tree,88981ca8-2834-4c0a-a06f-5b82401971c5,https://vicflora.rbg.vic.gov.au/flora/taxon/88981ca8-2834-4c0a-a06f-5b82401971c5,"['origin', 'local_records', 'traits', 'flowering']",['rating'],Moderate
Eucalyptus molyneuxii,,Myrtaceae,native,native,eucalyptus molyneuxii,Not Assessed / No exact match,mallee tree,woody,perennial,5.0,5.0,False,False,0.0,No local records found,0.0,No local records found,Not Assessed,,,False,False,False,False,False,False,False,False,True,True,True,False,Sep–Nov,1,1.0,resprouts,not_vegetative,transient,falling near the parent plant,Copes with waterlogged soil for 1-6 months,False,Tree,6ae01342-1266-4eea-91f7-1fbe65ccee02,https://vicflora.rbg.vic.gov.au/flora/taxon/6ae01342-1266-4eea-91f7-1fbe65ccee02,"['origin', 'traits', 'flowering']","['rating', 'local_records']",Moderate
Eucalyptus obliqua,Messmate Stringybark,Myrtaceae,native,native,eucalyptus obliqua,Not Assessed / No exact match,tree,woody,perennial,4.0,90.0,False,False,6.0,2013,20.0,2025-04-25T14:59:59Z,Not Assessed,Messmate Stringybark,VicFlora,True,True,True,False,True,True,False,False,True,True,False,True,"May–Jun, Sep–Oct, Dec–Mar",2,3.0,resprouts,not_vegetative,transient,falling near the parent plant / wind,,True,Tree,080ef661-c542-4ae3-94d0-9e57c3629818,https://vicflora.rbg.vic.gov.au/flora/taxon/080ef661-c542-4ae3-94d0-9e57c3629818,"['origin', 'local_records', 'traits', 'flowering']",['rating'],Moderate
Eucalyptus ovata,Swamp Gum,Myrtaceae,native,native,eucalyptus ovata,Not Assessed / No exact match,tree,woody,perennial,15.0,30.0,False,False,9.0,2024,26.0,2026-08-20T11:48:49Z,Not Assessed,Swamp Gum,VicFlora,False,False,True,True,False,True,True,True,True,True,True,False,"Mar–Apr, Jun–Nov",2,2.0,resprouts,not_vegetative,transient,falling near the parent plant / wind,Copes with waterlogged soil for 1-6 months,False,Tree,0ace770d-d8bf-43f6-be31-dfbf4ae1a4b7,https://vicflora.rbg.vic.gov.au/flora/taxon/0ace770d-d8bf-43f6-be31-dfbf4ae1a4b7,"['origin', 'local_records', 'traits', 'flowering']",['rating'],Moderate
Eucalyptus ovata subsp. ovata,,Myrtaceae,native,native,eucalyptus ovata,Not Assessed / No exact match,tree,woody,perennial,15.0,30.0,False,False,9.0,2024,26.0,2026-08-20T11:48:49Z,Not Assessed,Swamp Gum,ALA,False,False,True,True,False,True,True,True,True,True,True,False,"Mar–Apr, Jun–Nov",2,2.0,resprouts,not_vegetative,transient,falling near the parent plant / wind,Copes with waterlogged soil for 1-6 months,False,Tree,e6af0a73-8138-4c14-8c07-10ea809c0dbc,https://vicflora.rbg.vic.gov.au/flora/taxon/e6af0a73-8138-4c14-8c07-10ea809c0dbc,"['origin', 'local_records', 'traits', 'flowering']",['rating'],Moderate
Eucalyptus pauciflora,Snow Gum,Myrtaceae,native,native,eucalyptus pauciflora,Not Assessed / No exact match,tree,woody,perennial,5.0,30.0,False,False,1.0,2013,3.0,2026-05-19T12:43:32Z,Not Assessed,Snow Gum,VicFlora,True,True,False,True,False,False,False,True,False,True,True,True,"Apr, Aug, Oct–Feb",2,3.0,resprouts,not_vegetative,transient,falling near the parent plant / wind,,True,Tree,f6c2d8e7-9d03-4677-b4c8-1caee39964c7,https://vicflora.rbg.vic.gov.au/flora/taxon/f6c2d8e7-9d03-4677-b4c8-1caee39964c7,"['origin', 'local_records', 'traits', 'flowering']",['rating'],Moderate
Eucalyptus perriniana,Spinning Gum,Myrtaceae,native,native,eucalyptus perriniana,Not Assessed / No exact match,mallee tree,woody,perennial,6.0,20.0,False,False,0.0,No local records found,2.0,,Not Assessed,Spinning Gum,VicFlora,True,True,True,False,False,False,False,False,False,False,False,False,Jan–Mar,2,1.0,resprouts,not_vegetative,long_persistent,falling near the parent plant,,True,Tree,62d07a5d-631e-4efc-aa2e-f68907eba729,https://vicflora.rbg.vic.gov.au/flora/taxon/62d07a5d-631e-4efc-aa2e-f68907eba729,"['origin', 'local_records', 'traits', 'flowering']",['rating'],Moderate
Eucalyptus phenax,,Myrtaceae,native,native,eucalyptus phenax,Not Assessed / No exact match,mallee,woody,perennial,3.0,9.0,False,False,1.0,2001,0.0,No local records found,Not Assessed,,,True,True,True,True,True,False,False,False,False,True,True,True,Oct–May,2,1.0,resprouts,not_vegetative,long_persistent,falling near the parent plant,,True,Herb,1cefd4dc-2bad-45ec-9559-b5f104ad6e2f,https://vicflora.rbg.vic.gov.au/flora/taxon/1cefd4dc-2bad-45ec-9559-b5f104ad6e2f,"['origin', 'local_records', 'traits', 'flowering']",['rating'],Moderate
Eucalyptus phenax subsp. phenax,,Myrtaceae,native,native,eucalyptus phenax,Not Assessed / No exact match,mallee,woody,perennial,3.0,9.0,False,False,1.0,2001,0.0,No local records found,Not Assessed,Green-leaf Mallee,VBA,True,True,True,True,True,False,False,False,False,True,True,True,Oct–May,2,1.0,resprouts,not_vegetative,long_persistent,falling near the parent plant,,True,Herb,60c3cd9d-5527-48ac-b04a-f720f9490472,https://vicflora.rbg.vic.gov.au/flora/taxon/60c3cd9d-5527-48ac-b04a-f720f9490472,"['origin', 'local_records', 'traits', 'flowering']",['rating'],Moderate
Eucalyptus polyanthemos,Red Box,Myrtaceae,native,native,eucalyptus polyanthemos,Not Assessed / No exact match,tree,woody,perennial,12.0,40.0,True,False,1.0,2013,3.0,2026-09-01T17:58:15Z,Not Assessed,Red Box,VicFlora,True,False,False,False,False,True,True,True,True,True,True,True,Jun–Jan,2,1.0,resprouts,not_vegetative,transient,falling near the parent plant / wind,,True,Tree,b5562066-fc53-4d62-8927-03ecfd50e1fe,https://vicflora.rbg.vic.gov.au/flora/taxon/b5562066-fc53-4d62-8927-03ecfd50e1fe,"['origin', 'local_records', 'traits', 'flowering']",['rating'],Moderate
Eucalyptus radiata,,Myrtaceae,native,native,eucalyptus radiata,Not Assessed / No exact match,tree,woody,perennial,10.0,58.0,False,False,9.0,2024,21.0,2024-08-01T00:00:00Z,Not Assessed,Narrow-leaf Peppermint,ALA,True,True,False,False,False,False,False,False,False,True,True,True,Oct–Feb,2,1.0,resprouts,not_vegetative,transient,falling near the parent plant / wind,Copes with short wet spells (under a month),False,Tree,161c29e7-7b60-41d0-af4d-ac0e3dff3dee,https://vicflora.rbg.vic.gov.au/flora/taxon/161c29e7-7b60-41d0-af4d-ac0e3dff3dee,"['origin', 'local_records', 'traits', 'flowering']",['rating'],Moderate
Eucalyptus radiata subsp. radiata,Narrow-leaved Peppermint,Myrtaceae,native,native,eucalyptus radiata,Not Assessed / No exact match,tree,woody,perennial,10.0,58.0,False,False,9.0,2024,21.0,2024-08-01T00:00:00Z,Not Assessed,Narrow-leaved Peppermint,VicFlora,True,True,False,False,False,False,False,False,False,True,True,True,Oct–Feb,2,1.0,resprouts,not_vegetative,transient,falling near the parent plant / wind,Copes with short wet spells (under a month),False,Tree,1e46e312-c0e4-4cc2-b8ca-c8fb9fe8cca3,https://vicflora.rbg.vic.gov.au/flora/taxon/1e46e312-c0e4-4cc2-b8ca-c8fb9fe8cca3,"['origin', 'local_records', 'traits', 'flowering']",['rating'],Moderate
Eucalyptus tricarpa,Ironbark,Myrtaceae,native,native,eucalyptus tricarpa,Not Assessed / No exact match,tree,woody,perennial,20.1,35.0,False,False,1.0,2013,2.0,2026-06-22T13:43:40Z,Not Assessed,Ironbark,VicFlora,True,True,True,True,False,True,True,True,True,True,True,True,Jun–Apr,2,1.0,resprouts,not_vegetative,transient,falling near the parent plant,,True,Tree,46b30d64-1f21-4d71-a770-027910050d6c,https://vicflora.rbg.vic.gov.au/flora/taxon/46b30d64-1f21-4d71-a770-027910050d6c,"['origin', 'local_records', 'traits', 'flowering']",['rating'],Moderate
Eucalyptus tricarpa subsp. tricarpa,,Myrtaceae,native,native,eucalyptus tricarpa,Not Assessed / No exact match,tree,woody,perennial,20.1,35.0,False,False,1.0,2013,2.0,2026-06-22T13:43:40Z,Not Assessed,Red Ironbark,VBA,True,True,True,True,False,True,True,True,True,True,True,True,Jun–Apr,2,1.0,resprouts,not_vegetative,transient,falling near the parent plant,,True,Tree,bf268cbe-85c8-48b2-a504-b7bb6ffab959,https://vicflora.rbg.vic.gov.au/flora/taxon/bf268cbe-85c8-48b2-a504-b7bb6ffab959,"['origin', 'local_records', 'traits', 'flowering']",['rating'],Moderate
Eucalyptus viminalis,Manna Gum | Ribbon Gum,Myrtaceae,native,native,eucalyptus viminalis,Not Assessed / No exact match,tree,woody,perennial,6.0,90.0,False,False,13.0,2024,34.0,2026-05-21T12:15:16Z,Not Assessed,Manna Gum | Ribbon Gum,VicFlora,True,True,True,True,True,False,False,False,False,False,True,True,Nov–May,3,1.0,resprouts,not_vegetative,transient,falling near the parent plant / wind,Copes with short wet spells (under a month),False,Tree,4986f096-0923-4a4b-8d65-fbb209ae0042,https://vicflora.rbg.vic.gov.au/flora/taxon/4986f096-0923-4a4b-8d65-fbb209ae0042,"['origin', 'local_records', 'traits', 'flowering']",['rating'],Moderate
Eucalyptus viminalis subsp. pryoriana,,Myrtaceae,native,native,eucalyptus viminalis,Not Assessed / No exact match,tree,woody,perennial,6.0,90.0,False,False,13.0,2024,34.0,2026-05-21T12:15:16Z,Not Assessed,Coast Manna-gum,VBA,True,True,True,True,True,False,False,False,False,False,True,True,Nov–May,3,1.0,resprouts,not_vegetative,transient,falling near the parent plant / wind,Copes with short wet spells (under a month),False,Tree,b1874c17-804a-4d14-be6e-825d978a219a,https://vicflora.rbg.vic.gov.au/flora/taxon/b1874c17-804a-4d14-be6e-825d978a219a,"['origin', 'local_records', 'traits', 'flowering']",['rating'],Moderate
Eucalyptus viminalis subsp. viminalis,,Myrtaceae,native,native,eucalyptus viminalis,Not Assessed / No exact match,tree,woody,perennial,6.0,90.0,False,False,13.0,2024,34.0,2026-05-21T12:15:16Z,Not Assessed,Manna Gum,VBA,True,True,True,True,True,False,False,False,False,False,True,True,Nov–May,3,1.0,resprouts,not_vegetative,transient,falling near the parent plant / wind,Copes with short wet spells (under a month),False,Tree,f1c8ed2d-3d62-4750-ad6e-a16c746a2eed,https://vicflora.rbg.vic.gov.au/flora/taxon/f1c8ed2d-3d62-4750-ad6e-a16c746a2eed,"['origin', 'local_records', 'traits', 'flowering']",['rating'],Moderate
Eucalyptus yarraensis,Yarra Gum,Myrtaceae,native,native,eucalyptus yarraensis,Not Assessed / No exact match,tree,woody,perennial,15.0,21.0,False,False,6.0,2007,41.0,2025-09-05T17:10:14Z,Not Assessed,Yarra Gum,VicFlora,False,False,False,False,False,False,False,False,True,True,True,True,Sep–Dec,2,1.0,resprouts,not_vegetative,transient,falling near the parent plant,Copes with waterlogged soil for 1-6 months,False,Tree,a80d1767-1be6-4844-a167-ab296eb3333f,https://vicflora.rbg.vic.gov.au/flora/taxon/a80d1767-1be6-4844-a167-ab296eb3333f,"['origin', 'local_records', 'traits', 'flowering']",['rating'],Moderate
Eucalyptus ×studleyensis,,Myrtaceae,native,native,eucalyptus studleyensis,Not Assessed / No exact match,,,,,,False,False,0.0,No local records found,0.0,No local records found,Not Assessed,,,,,,,,,,,,,,,,0,,,,,,,False,,8e309ea7-10aa-40a9-a52d-4ba93b1ce194,https://vicflora.rbg.vic.gov.au/flora/taxon/8e309ea7-10aa-40a9-a52d-4ba93b1ce194,['origin'],"['rating', 'local_records', 'traits', 'flowering']",Limited
Euchiton involucratus,Common Cudweed,Asteraceae,native,native,euchiton involucratus,Not Assessed / No exact match,herb,herbaceous,perennial,0.12,0.5,False,False,3.0,2013,3.0,2013-11-19T00:00:00Z,Not Assessed,Common Cudweed,VicFlora,True,True,True,True,True,True,True,True,True,True,True,True,All year,3,1.0,fire_killed,not_vegetative,persistent,wind,Copes with waterlogged soil for over 6 months,False,Herb,004eaddb-80a5-4fc5-8d99-b649eda0bab9,https://vicflora.rbg.vic.gov.au/flora/taxon/004eaddb-80a5-4fc5-8d99-b649eda0bab9,"['origin', 'local_records', 'traits', 'flowering']",['rating'],Moderate
Euchiton japonicus,,Asteraceae,native,native,euchiton japonicus,Not Assessed / No exact match,herb,herbaceous,perennial,0.04,0.6,False,False,0.0,No local records found,5.0,1991-11-29T00:00:00Z,Not Assessed,Clustered/creeping Cudweed,ALA,True,True,True,True,True,True,True,True,True,True,True,True,All year,3,1.0,resprouts,vegetative,persistent,wind / falling near the parent plant,Copes with short wet spells (under a month),False,Herb,b13c7491-faf2-4ce5-9955-e5dd877bb311,https://vicflora.rbg.vic.gov.au/flora/taxon/b13c7491-faf2-4ce5-9955-e5dd877bb311,"['origin', 'local_records', 'traits', 'flowering']",['rating'],Moderate
Euchiton sphaericus,Star Cudweed,Asteraceae,native,native,euchiton sphaericus,Not Assessed / No exact match,herb,herbaceous,annual,0.02,1.0,True,False,1.0,1985,1.0,1985-10-19T00:00:00Z,Not Assessed,Star Cudweed,VicFlora,True,True,True,True,True,True,True,True,True,True,True,True,All year,5,1.0,fire_killed,not_vegetative,persistent,wind,Copes with waterlogged soil for 1-6 months,False,Herb,b7a0cf7f-c224-454d-a0de-2ecf76657f6c,https://vicflora.rbg.vic.gov.au/flora/taxon/b7a0cf7f-c224-454d-a0de-2ecf76657f6c,"['origin', 'local_records', 'traits', 'flowering']",['rating'],Moderate
Euphorbia peplus,Petty Spurge,Euphorbiaceae,introduced,naturalised,euphorbia peplus,Moderately High Risk,herb,herbaceous,annual,0.05,0.4,True,False,3.0,2009,19.0,2026-04-25T09:54:04Z,Use Caution,Petty Spurge,VicFlora,False,False,False,False,False,False,False,False,False,False,False,False,,1,0.0,fire_killed,not_vegetative,long_persistent,ants,,False,Herb,9f4b3fa9-7a7b-4c4a-9102-0885c1f43359,https://vicflora.rbg.vic.gov.au/flora/taxon/9f4b3fa9-7a7b-4c4a-9102-0885c1f43359,"['rating', 'origin', 'local_records', 'traits', 'griis']",['flowering'],Moderate
Exocarpos cupressiformis,Cherry Ballart; Ballee | Ballot,Santalaceae,native,native,exocarpos cupressiformis,Not Assessed / No exact match,shrub tree,woody,perennial,3.0,10.0,False,False,10.0,2006,42.0,2026-07-05T10:03:46Z,Not Assessed,Cherry Ballart; Ballee | Ballot,VicFlora,True,True,True,True,True,False,False,False,False,True,True,True,Oct–May,4,1.0,resprouts,vegetative,long_persistent,birds and animals eating the fruit / animals,Copes with short wet spells (under a month),False,Tree,10a16917-01e0-46cc-8bd8-359df2467806,https://vicflora.rbg.vic.gov.au/flora/taxon/10a16917-01e0-46cc-8bd8-359df2467806,"['origin', 'local_records', 'traits', 'flowering']",['rating'],Moderate
Festuca arundinacea,Tall Fescue,Poaceae,introduced,naturalised,festuca arundinacea,High Risk,,,,,,True,False,1.0,1984,0.0,No local records found,Reconsider Planting,Tall Fescue,VicFlora,,,,,,,,,,,,,,0,,,,,,,False,,2c00a14d-5ed8-4081-a2b0-de1b5a289b20,https://vicflora.rbg.vic.gov.au/flora/taxon/2c00a14d-5ed8-4081-a2b0-de1b5a289b20,"['rating', 'origin', 'local_records', 'griis']","['traits', 'flowering']",Moderate
Festuca rubra,Red Fescue | Creeping Fescue,Poaceae,introduced,naturalised,festuca rubra,Moderately High Risk,graminoid herb,herbaceous,perennial,0.3,0.9,True,False,2.0,1989,2.0,1989-12-09T00:00:00Z,Use Caution,Red Fescue | Creeping Fescue,VicFlora,False,False,False,False,False,False,False,False,True,True,True,False,Sep–Nov,1,1.0,resprouts,,,,,False,Grass,96ad1181-51b2-44ed-8527-479f41630b95,https://vicflora.rbg.vic.gov.au/flora/taxon/96ad1181-51b2-44ed-8527-479f41630b95,"['rating', 'origin', 'local_records', 'traits', 'flowering', 'griis']",[],Strong
Ficinia marginata,,Cyperaceae,native,native,ficinia marginata,Not Assessed / No exact match,,,,,,False,False,1.0,2007,0.0,No local records found,Not Assessed,Little Club-sedge,VBA,,,,,,,,,,,,,,0,,,,,,,False,,099b7885-fd5e-4013-9af6-349167a73544,https://vicflora.rbg.vic.gov.au/flora/taxon/099b7885-fd5e-4013-9af6-349167a73544,"['origin', 'local_records']","['rating', 'traits', 'flowering']",Limited
Fissidens leptocladus,,Fissidentaceae,native,native,fissidens leptocladus,Not Assessed / No exact match,,,,,,False,False,1.0,1890,1.0,1890-08-16T00:00:00Z,Not Assessed,Limestone Pocket-moss,VBA,,,,,,,,,,,,,,0,,,,,,,False,,e0de79b0-f314-40ad-8420-a429a174bd3f,https://vicflora.rbg.vic.gov.au/flora/taxon/e0de79b0-f314-40ad-8420-a429a174bd3f,"['origin', 'local_records']","['rating', 'traits', 'flowering']",Limited
Fissidens taylorii,,Fissidentaceae,native,native,fissidens taylorii,Not Assessed / No exact match,,,,,,False,False,1.0,1952,0.0,No local records found,Not Assessed,Pygmy Pocket-moss,VBA,,,,,,,,,,,,,,0,,,,,,,False,,adaed0a8-be6d-498f-a306-1e9142928481,https://vicflora.rbg.vic.gov.au/flora/taxon/adaed0a8-be6d-498f-a306-1e9142928481,"['origin', 'local_records']","['rating', 'traits', 'flowering']",Limited
Foeniculum vulgare,Fennel,Apiaceae,introduced,naturalised,foeniculum vulgare,Very High Risk,herb,herbaceous,perennial,0.5,2.5,True,False,4.0,2007,12.0,2026-07-31T13:14:12Z,Reconsider Planting,Fennel,VicFlora,True,False,False,False,False,False,False,False,True,True,True,True,Sep–Jan,2,1.0,resprouts,not_vegetative,,,,False,Herb,cd10828b-4e96-47b8-99a2-285c3a9970cc,https://vicflora.rbg.vic.gov.au/flora/taxon/cd10828b-4e96-47b8-99a2-285c3a9970cc,"['rating', 'origin', 'local_records', 'traits', 'flowering', 'griis']",[],Strong
Fraxinus angustifolia,,Oleaceae,introduced,Not available,fraxinus angustifolia,Very High Risk,tree,woody,perennial,20.0,20.0,True,False,4.0,2009,77.0,2026-05-25T15:16:31Z,Reconsider Planting,Desert Ash,VBA,,,,,,,,,,,,,,0,,,,,,,False,Tree,4cf89d61-b451-4196-8ef3-8cec520a2183,https://vicflora.rbg.vic.gov.au/flora/taxon/4cf89d61-b451-4196-8ef3-8cec520a2183,"['rating', 'origin', 'local_records', 'traits', 'griis']",['flowering'],Moderate
Fumaria bastardii,Bastard's Fumitory,Papaveraceae,introduced,naturalised,fumaria bastardii,Medium Risk,herb,herbaceous,annual,0.15,2.0,True,False,1.0,2009,8.0,2025-10-04T11:57:00Z,Use Caution,Bastard's Fumitory,VicFlora,False,False,False,False,False,False,False,False,True,False,False,False,Sep,2,1.0,,,,,,False,Herb,3d1123e7-17cd-4347-b8c5-50903be6e5cd,https://vicflora.rbg.vic.gov.au/flora/taxon/3d1123e7-17cd-4347-b8c5-50903be6e5cd,"['rating', 'origin', 'local_records', 'traits', 'flowering', 'griis']",[],Strong
Fumaria capreolata,White Fumitory,Papaveraceae,introduced,naturalised,fumaria capreolata,High Risk,herb,herbaceous,annual,0.1,1.0,True,False,4.0,2010,43.0,2026-08-16T16:24:44Z,Reconsider Planting,White Fumitory,VicFlora,True,True,False,False,False,False,False,False,True,True,True,True,Sep–Feb,1,1.0,fire_killed,,,,,False,Herb,3219d186-9dc9-4929-a2b6-a831727580c6,https://vicflora.rbg.vic.gov.au/flora/taxon/3219d186-9dc9-4929-a2b6-a831727580c6,"['rating', 'origin', 'local_records', 'traits', 'flowering', 'griis']",[],Strong
Funaria hygrometrica,,Funariaceae,native,native,funaria hygrometrica,Not Assessed / No exact match,,,,,,False,False,0.0,No local records found,1.0,1971-09-21T00:00:00Z,Not Assessed,Common Cord-moss,ALA,,,,,,,,,,,,,,0,,,,,,,False,,0912a535-1e6c-460b-bf8a-1b1f385926f3,https://vicflora.rbg.vic.gov.au/flora/taxon/0912a535-1e6c-460b-bf8a-1b1f385926f3,"['origin', 'local_records']","['rating', 'traits', 'flowering']",Limited
Gahnia radula,Thatch Saw-sedge,Cyperaceae,native,native,gahnia radula,Not Assessed / No exact match,herb,herbaceous,perennial,1.0,2.0,False,False,13.0,2006,46.0,2025-04-28T15:52:39Z,Not Assessed,Thatch Saw-sedge,VicFlora,True,True,False,False,False,False,False,False,True,True,True,True,Sep–Feb,2,1.0,resprouts,vegetative,persistent,birds and animals eating the fruit / falling near the parent plant,Copes with waterlogged soil for 1-6 months,False,Herb,bbc972c2-c68f-4266-bfb3-039776533ae4,https://vicflora.rbg.vic.gov.au/flora/taxon/bbc972c2-c68f-4266-bfb3-039776533ae4,"['origin', 'local_records', 'traits', 'flowering']",['rating'],Moderate
Gahnia sieberiana,Red-fruit Saw-sedge,Cyperaceae,native,native,gahnia sieberiana,Not Assessed / No exact match,tussock,herbaceous,perennial,2.0,3.0,False,False,0.0,No local records found,11.0,2026-04-24T08:54:06Z,Not Assessed,Red-fruit Saw-sedge,VicFlora,True,True,False,False,False,False,False,False,True,True,True,True,Sep–Feb,3,1.0,resprouts,not_vegetative,persistent,birds and animals eating the fruit / falling near the parent plant,Copes with waterlogged soil for over 6 months,False,Grass,9a903500-2fa6-4571-be89-85a1963c198c,https://vicflora.rbg.vic.gov.au/flora/taxon/9a903500-2fa6-4571-be89-85a1963c198c,"['origin', 'local_records', 'traits', 'flowering']",['rating'],Moderate
Galinsoga parviflora,Gallant Soldier | Potato Weed,Asteraceae,introduced,naturalised,galinsoga parviflora,Medium Risk,herb,herbaceous,annual,0.1,0.6,True,False,1.0,1984,2.0,2011-06-18T00:00:00Z,Use Caution,Gallant Soldier | Potato Weed,VicFlora,True,True,False,False,True,True,True,False,True,True,True,True,"May–Jul, Sep–Feb",2,2.0,fire_killed,,,,,False,Herb,9f4c8df1-414a-4c68-b376-0b069387bc51,https://vicflora.rbg.vic.gov.au/flora/taxon/9f4c8df1-414a-4c68-b376-0b069387bc51,"['rating', 'origin', 'local_records', 'traits', 'flowering', 'griis']",[],Strong
Galium aparine,Cleavers,Rubiaceae,introduced,naturalised,galium aparine,High Risk,herb,herbaceous,annual,0.05,1.5,True,False,9.0,2024,37.0,2025-10-24T16:45:28Z,Reconsider Planting,Cleavers,VicFlora,True,False,False,False,False,False,False,True,True,True,True,True,Aug–Jan,2,1.0,fire_killed,not_vegetative,long_persistent,animals / sticking to animals and clothing,,False,Herb,a44b2334-eac3-4a51-b38d-f6451bc9d7a5,https://vicflora.rbg.vic.gov.au/flora/taxon/a44b2334-eac3-4a51-b38d-f6451bc9d7a5,"['rating', 'origin', 'local_records', 'traits', 'flowering', 'griis']",[],Strong
Galium gaudichaudii,Rough Bedstraw,Rubiaceae,native,native,galium gaudichaudii,Not Assessed / No exact match,herb,herbaceous,perennial,0.3,0.4,False,False,0.0,No local records found,0.0,No local records found,Not Assessed,Rough Bedstraw,VicFlora,False,False,False,False,False,False,False,True,True,True,True,True,Aug–Dec,3,1.0,resprouts,not_vegetative,persistent,sticking to animals and clothing / birds and animals eating the fruit,,True,Herb,aef93450-34d9-4b24-84fc-0ae945713211,https://vicflora.rbg.vic.gov.au/flora/taxon/aef93450-34d9-4b24-84fc-0ae945713211,"['origin', 'traits', 'flowering']","['rating', 'local_records']",Moderate
Galium gaudichaudii subsp. gaudichaudii,,Rubiaceae,native,native,galium gaudichaudii,Not Assessed / No exact match,herb,herbaceous,perennial,0.3,0.4,False,False,0.0,No local records found,0.0,No local records found,Not Assessed,,,False,False,False,False,False,False,False,True,True,True,True,True,Aug–Dec,3,1.0,resprouts,not_vegetative,persistent,sticking to animals and clothing / birds and animals eating the fruit,,True,Herb,a2a7f901-67cb-44c7-8bc0-20509d53fb72,https://vicflora.rbg.vic.gov.au/flora/taxon/a2a7f901-67cb-44c7-8bc0-20509d53fb72,"['origin', 'traits', 'flowering']","['rating', 'local_records']",Moderate
Gamochaeta americana,Cudweed,Asteraceae,introduced,naturalised,gamochaeta americana,Moderately High Risk,herb,herbaceous,annual biennial,0.1,0.4,True,False,2.0,1989,1.0,2026-04-27T09:49:36Z,Use Caution,Cudweed,VicFlora,True,False,False,False,False,False,False,False,False,True,True,True,Oct–Jan,2,1.0,fire_killed,,transient,,,False,Herb,1c9f970a-f039-4018-b1fe-d99d7113914c,https://vicflora.rbg.vic.gov.au/flora/taxon/1c9f970a-f039-4018-b1fe-d99d7113914c,"['rating', 'origin', 'local_records', 'traits', 'flowering', 'griis']",[],Strong
Gamochaeta purpurea,Spike Cudweed,Asteraceae,introduced,naturalised,gamochaeta purpurea,Moderately High Risk,herb,herbaceous,annual biennial,0.1,0.6,True,False,1.0,2000,5.0,2000-04-26T00:00:00Z,Use Caution,Spike Cudweed,VicFlora,,,,,,,,,,,,,,0,,,not_vegetative,long_persistent,wind,,False,Herb,97801afc-2890-488c-97c2-a7f43bfab852,https://vicflora.rbg.vic.gov.au/flora/taxon/97801afc-2890-488c-97c2-a7f43bfab852,"['rating', 'origin', 'local_records', 'traits', 'griis']",['flowering'],Moderate
Gaudium laevigatum,,Myrtaceae,native,native,gaudium laevigatum,Not Assessed / No exact match,,,,4.0,4.0,True,False,2.0,2022,0.0,No local records found,Not Assessed,Coast Tea-tree,VBA,,,,,,,,,,,,,,0,,,,,,,False,,cceb9dbe-48dc-494b-84a8-8a84693b48e0,https://vicflora.rbg.vic.gov.au/flora/taxon/cceb9dbe-48dc-494b-84a8-8a84693b48e0,"['origin', 'local_records']","['rating', 'traits', 'flowering']",Limited
Gaudium myrsinoides,,Myrtaceae,native,native,gaudium myrsinoides,Not Assessed / No exact match,,,,,,False,False,1.0,1902,0.0,No local records found,Not Assessed,Heath Tea-tree,VBA,,,,,,,,,,,,,,0,,,,,,,False,,02feed26-e4ba-403f-8488-bf48ef6ad8f2,https://vicflora.rbg.vic.gov.au/flora/taxon/02feed26-e4ba-403f-8488-bf48ef6ad8f2,"['origin', 'local_records']","['rating', 'traits', 'flowering']",Limited
Genista linifolia,Flax-leaf Broom,Fabaceae,introduced,naturalised,genista linifolia,Very High Risk,shrub,woody,perennial,0.45,3.0,True,False,2.0,2019,18.0,2026-09-03T10:38:20Z,Reconsider Planting,Flax-leaf Broom,VicFlora,False,False,False,False,False,False,False,False,True,True,True,False,Sep–Nov,1,1.0,,,,,,False,Shrub,ea11888e-b9ec-4704-8ce2-8a6352d62770,https://vicflora.rbg.vic.gov.au/flora/taxon/ea11888e-b9ec-4704-8ce2-8a6352d62770,"['rating', 'origin', 'local_records', 'traits', 'flowering', 'griis']",[],Strong
Genista monspessulana,Montpellier Broom,Fabaceae,introduced,naturalised,genista monspessulana,Very High Risk,shrub,woody,perennial,1.0,5.0,True,False,4.0,2009,18.0,2025-10-25T17:10:04Z,Reconsider Planting,Montpellier Broom,VicFlora,True,True,False,False,False,False,True,True,True,True,True,True,Jul–Feb,2,1.0,fire_killed,,long_persistent,,,False,Shrub,6b57486f-adba-4eb4-8817-bc1f924c04cf,https://vicflora.rbg.vic.gov.au/flora/taxon/6b57486f-adba-4eb4-8817-bc1f924c04cf,"['rating', 'origin', 'local_records', 'traits', 'flowering', 'griis']",[],Strong
Geranium dissectum,Cut-leaf Crane's-bill,Geraniaceae,introduced,naturalised,geranium dissectum,High Risk,herb,herbaceous,annual,0.2,0.45,True,False,4.0,2006,9.0,2025-10-24T14:49:52Z,Reconsider Planting,Cut-leaf Crane's-bill,VicFlora,False,False,False,False,False,False,False,True,True,True,True,True,Aug–Dec,1,1.0,,not_vegetative,long_persistent,wind,,False,Herb,4e6edcf0-1f61-492c-b6af-da9eed2fe869,https://vicflora.rbg.vic.gov.au/flora/taxon/4e6edcf0-1f61-492c-b6af-da9eed2fe869,"['rating', 'origin', 'local_records', 'traits', 'flowering', 'griis']",[],Strong
Geranium molle,,Geraniaceae,introduced,naturalised,geranium molle,Medium Risk,herb,herbaceous,annual biennial,0.15,0.5,True,False,1.0,2000,8.0,2026-06-03T08:41:07Z,Use Caution,Dove's Foot,VBA,True,False,False,False,False,False,False,False,True,True,True,True,Sep–Jan,1,1.0,fire_killed,,long_persistent,,,False,Herb,b738eb2a-da4c-45ae-8424-344df8e49cbf,https://vicflora.rbg.vic.gov.au/flora/taxon/b738eb2a-da4c-45ae-8424-344df8e49cbf,"['rating', 'origin', 'local_records', 'traits', 'flowering', 'griis']",[],Strong
Geranium retrorsum,Grassland Crane's-bill,Geraniaceae,native,native,geranium retrorsum,Not Assessed / No exact match,herb,herbaceous,perennial,0.05,0.5,False,False,1.0,1885,1.0,1885-10-29T00:00:00Z,Not Assessed,Grassland Crane's-bill,VicFlora,True,True,False,False,False,True,True,True,True,True,True,True,Jun–Feb,5,1.0,resprouts,not_vegetative,persistent,sticking to animals and clothing / animals,Copes with short wet spells (under a month),False,Herb,f100b669-ec8d-4e33-8342-81316f256c56,https://vicflora.rbg.vic.gov.au/flora/taxon/f100b669-ec8d-4e33-8342-81316f256c56,"['origin', 'local_records', 'traits', 'flowering']",['rating'],Moderate
Geranium solanderi,,Geraniaceae,native,native,geranium solanderi,Not Assessed / No exact match,herb,herbaceous,perennial,0.12,0.5,False,False,1.0,1980,1.0,1980-01-11T00:00:00Z,Not Assessed,Austral Geranium,ALA,True,True,True,True,True,False,False,True,True,True,True,True,Aug–May,7,1.0,resprouts,not_vegetative,persistent,sticking to animals and clothing / animals,Copes with waterlogged soil for 1-6 months,False,Herb,76015d0c-43e5-40b6-a7e7-fb32a696da59,https://vicflora.rbg.vic.gov.au/flora/taxon/76015d0c-43e5-40b6-a7e7-fb32a696da59,"['origin', 'local_records', 'traits', 'flowering']",['rating'],Moderate
Gladiolus carneus,,Iridaceae,introduced,adventive,gladiolus carneus,Very High Risk,herb,herbaceous,perennial,0.35,0.8,True,False,1.0,1886,2.0,2020-10-10T00:00:00Z,Reconsider Planting,Broad-leaf Painted-lady,VBA,False,False,False,False,False,False,False,False,False,True,True,False,Oct–Nov,1,1.0,resprouts,,,,,False,Herb,162fa749-3baf-4fc7-b92f-d85cb30c8d30,https://vicflora.rbg.vic.gov.au/flora/taxon/162fa749-3baf-4fc7-b92f-d85cb30c8d30,"['rating', 'origin', 'local_records', 'traits', 'flowering', 'griis']",[],Strong
Gladiolus undulatus,Wild Gladiolus,Iridaceae,introduced,naturalised,gladiolus undulatus,Very High Risk,herb,herbaceous,perennial,0.4,1.4,True,False,0.0,No local records found,8.0,2025-12-25T11:26:09Z,Reconsider Planting,Wild Gladiolus,VicFlora,True,False,False,False,False,False,False,False,False,False,True,True,Nov–Jan,2,1.0,resprouts,,,,,False,Herb,61b71a4c-e815-44df-a89f-97377c991694,https://vicflora.rbg.vic.gov.au/flora/taxon/61b71a4c-e815-44df-a89f-97377c991694,"['rating', 'origin', 'local_records', 'traits', 'flowering', 'griis']",[],Strong
Gleichenia dicarpa,Pouched Coral-fern | Wiry Coral Fern,Gleicheniaceae,native,native,gleichenia dicarpa,Not Assessed / No exact match,fern,herbaceous,perennial,1.5,3.0,False,False,1.0,1900,1.0,1900-02-14T00:00:00Z,Not Assessed,Pouched Coral-fern | Wiry Coral Fern,VicFlora,,,,,,,,,,,,,,0,,resprouts,vegetative,transient,wind / falling near the parent plant,Copes with waterlogged soil for over 6 months,False,Fern,544a8ad8-f41d-4197-9208-8a6b8b0c3c1f,https://vicflora.rbg.vic.gov.au/flora/taxon/544a8ad8-f41d-4197-9208-8a6b8b0c3c1f,"['origin', 'local_records', 'traits']","['rating', 'flowering']",Moderate
Gleichenia microphylla,Scrambling Coral-fern,Gleicheniaceae,native,native,gleichenia microphylla,Not Assessed / No exact match,fern,herbaceous,perennial,1.5,4.0,False,False,0.0,No local records found,1.0,1891-01-31T00:00:00Z,Not Assessed,Scrambling Coral-fern,VicFlora,,,,,,,,,,,,,,0,,resprouts,vegetative,transient,wind / falling near the parent plant,Copes with waterlogged soil for over 6 months,False,Fern,4b23cbe1-ae0d-4180-84bc-44248cebe045,https://vicflora.rbg.vic.gov.au/flora/taxon/4b23cbe1-ae0d-4180-84bc-44248cebe045,"['origin', 'local_records', 'traits']","['rating', 'flowering']",Moderate
Glossodia major,Wax-lip Orchid,Orchidaceae,native,native,glossodia major,Not Assessed / No exact match,herb,herbaceous,perennial,0.1,0.35,False,False,3.0,1968,3.0,1968-09-26T00:00:00Z,Not Assessed,Wax-lip Orchid,VicFlora,False,False,False,False,False,False,False,True,True,True,True,False,Aug–Nov,4,1.0,resprouts,not_vegetative,transient,wind,,True,Herb,f60fd9f0-dadb-49e1-b2e8-9bd5890b9ab4,https://vicflora.rbg.vic.gov.au/flora/taxon/f60fd9f0-dadb-49e1-b2e8-9bd5890b9ab4,"['origin', 'local_records', 'traits', 'flowering']",['rating'],Moderate
Glyceria australis,Australian Sweet-grass,Poaceae,native,native,glyceria australis,Not Assessed / No exact match,graminoid herb,herbaceous,perennial,0.3,1.5,False,False,0.0,No local records found,1.0,1987-12-08T00:00:00Z,Not Assessed,Australian Sweet-grass,VicFlora,True,True,False,False,False,False,False,False,True,True,True,True,Sep–Feb,3,1.0,partial_resprouting,vegetative,persistent,sticking to animals and clothing / falling near the parent plant,,False,Grass,29464a13-47e1-4ab0-b198-9c6f2f57db2d,https://vicflora.rbg.vic.gov.au/flora/taxon/29464a13-47e1-4ab0-b198-9c6f2f57db2d,"['origin', 'local_records', 'traits', 'flowering']",['rating'],Moderate
Glyceria declinata,Manna grass,Poaceae,introduced,naturalised,glyceria declinata,Very High Risk,graminoid herb,herbaceous,perennial,0.1,1.0,True,False,1.0,1985,1.0,1985-09-14T00:00:00Z,Reconsider Planting,Manna grass,VicFlora,False,False,False,False,False,False,False,False,True,True,True,False,Sep–Nov,1,1.0,,,,,,False,Grass,27aea429-98f2-448a-ac06-d82159e0a6ae,https://vicflora.rbg.vic.gov.au/flora/taxon/27aea429-98f2-448a-ac06-d82159e0a6ae,"['rating', 'origin', 'local_records', 'traits', 'flowering', 'griis']",[],Strong
Glycine clandestina,Twining Glycine,Fabaceae,native,native,glycine clandestina,Not Assessed / No exact match,climber,herbaceous,perennial,1.0,2.0,False,False,1.0,1985,17.0,2026-08-29T11:19:29Z,Not Assessed,Twining Glycine,VicFlora,True,True,True,True,True,True,True,True,True,True,True,True,All year,5,1.0,resprouts,not_vegetative,persistent,falling near the parent plant / animals,,True,Climber,4441818f-b0dc-40a4-b2ec-268db551d025,https://vicflora.rbg.vic.gov.au/flora/taxon/4441818f-b0dc-40a4-b2ec-268db551d025,"['origin', 'local_records', 'traits', 'flowering']",['rating'],Moderate
Gompholobium huegelii,Common Wedge-pea | Karaite,Fabaceae,native,native,gompholobium huegelii,Not Assessed / No exact match,shrub,woody,perennial,0.66,1.0,False,False,2.0,1894,9.0,1894-12-05T00:00:00Z,Not Assessed,Common Wedge-pea | Karaite,VicFlora,True,True,True,True,False,False,False,False,True,True,True,True,Sep–Apr,3,1.0,resprouts,not_vegetative,persistent,falling near the parent plant / ants,Copes with short wet spells (under a month),False,Shrub,a8745161-decb-4346-a37c-df1b836d4a38,https://vicflora.rbg.vic.gov.au/flora/taxon/a8745161-decb-4346-a37c-df1b836d4a38,"['origin', 'local_records', 'traits', 'flowering']",['rating'],Moderate
Gonocarpus micranthus,,Haloragaceae,native,native,gonocarpus micranthus,Not Assessed / No exact match,herb,herbaceous,short_lived_perennial,0.019,0.6,False,False,5.0,1987,18.0,2026-02-16T06:58:50Z,Not Assessed,Creeping Raspwort,VBA,True,True,True,True,True,True,True,True,True,True,True,True,All year,2,1.0,fire_killed,vegetative,persistent,animals / wind,Copes with waterlogged soil for over 6 months,False,Herb,39b0b690-e5c4-43d6-a0be-614d807711e6,https://vicflora.rbg.vic.gov.au/flora/taxon/39b0b690-e5c4-43d6-a0be-614d807711e6,"['origin', 'local_records', 'traits', 'flowering']",['rating'],Moderate
Gonocarpus micranthus subsp. micranthus,Creeping Raspwort,Haloragaceae,native,native,gonocarpus micranthus,Not Assessed / No exact match,herb,herbaceous,short_lived_perennial,0.019,0.6,False,False,5.0,1987,18.0,2026-02-16T06:58:50Z,Not Assessed,Creeping Raspwort,VicFlora,True,True,True,True,True,True,True,True,True,True,True,True,All year,2,1.0,fire_killed,vegetative,persistent,animals / wind,Copes with waterlogged soil for over 6 months,False,Herb,30e2eae1-bc70-4ba6-ab94-f73d6f7fbd4b,https://vicflora.rbg.vic.gov.au/flora/taxon/30e2eae1-bc70-4ba6-ab94-f73d6f7fbd4b,"['origin', 'local_records', 'traits', 'flowering']",['rating'],Moderate
Gonocarpus micranthus subsp. ramosissimus,,Haloragaceae,native,native,gonocarpus micranthus,Not Assessed / No exact match,herb,herbaceous,short_lived_perennial,0.019,0.6,False,False,5.0,1987,18.0,2026-02-16T06:58:50Z,Not Assessed,Branching Raspwort,ALA,True,True,True,True,True,True,True,True,True,True,True,True,All year,2,1.0,fire_killed,vegetative,persistent,animals / wind,Copes with waterlogged soil for over 6 months,False,Herb,a920a154-52a3-4baf-8300-29d53e7727d2,https://vicflora.rbg.vic.gov.au/flora/taxon/a920a154-52a3-4baf-8300-29d53e7727d2,"['origin', 'local_records', 'traits', 'flowering']",['rating'],Moderate
Gonocarpus tetragynus,Common Raspwort,Haloragaceae,native,native,gonocarpus tetragynus,Not Assessed / No exact match,herb,herbaceous,perennial,0.1337,0.4,False,False,13.0,2009,28.0,2026-04-17T15:03:40Z,Not Assessed,Common Raspwort,VicFlora,True,False,False,False,False,False,False,False,True,True,True,True,Sep–Jan,1,1.0,resprouts,vegetative,persistent,wind / falling near the parent plant,Copes with short wet spells (under a month),False,Herb,d0f6b05e-71c5-4a92-bdb4-be7d13580349,https://vicflora.rbg.vic.gov.au/flora/taxon/d0f6b05e-71c5-4a92-bdb4-be7d13580349,"['origin', 'local_records', 'traits', 'flowering']",['rating'],Moderate
Goodenia elongata,Lanky Goodenia,Goodeniaceae,native,native,goodenia elongata,Not Assessed / No exact match,herb,herbaceous,perennial,0.2,0.5,False,False,2.0,1899,2.0,1899-12-08T00:00:00Z,Not Assessed,Lanky Goodenia,VicFlora,True,True,True,True,False,False,False,False,True,True,True,True,Sep–Apr,6,1.0,resprouts,not_vegetative,persistent,wind / animals,Copes with waterlogged soil for over 6 months,False,Herb,8f1106a7-55c8-45e8-96c7-aaa712c80139,https://vicflora.rbg.vic.gov.au/flora/taxon/8f1106a7-55c8-45e8-96c7-aaa712c80139,"['origin', 'local_records', 'traits', 'flowering']",['rating'],Moderate
Goodenia geniculata,Bent Goodenia,Goodeniaceae,native,native,goodenia geniculata,Not Assessed / No exact match,herb,herbaceous,perennial,0.0523,0.2,False,False,2.0,1985,2.0,1985-11-18T00:00:00Z,Not Assessed,Bent Goodenia,VicFlora,True,True,True,True,True,True,True,True,True,True,True,True,All year,4,1.0,resprouts,vegetative,long_persistent,ants / wind,Copes with waterlogged soil for 1-6 months,False,Herb,28f1f741-e940-4988-93e0-abc159e0f95c,https://vicflora.rbg.vic.gov.au/flora/taxon/28f1f741-e940-4988-93e0-abc159e0f95c,"['origin', 'local_records', 'traits', 'flowering']",['rating'],Moderate
Goodenia humilis,Swamp Goodenia,Goodeniaceae,native,native,goodenia humilis,Not Assessed / No exact match,herb,herbaceous,perennial,0.0355,0.2,False,False,2.0,1984,9.0,1984-12-21T00:00:00Z,Not Assessed,Swamp Goodenia,VicFlora,True,True,True,True,False,False,False,False,False,False,True,True,Nov–Apr,6,1.0,resprouts,vegetative,persistent,wind / animals,Copes with waterlogged soil for over 6 months,False,Herb,b0e42d68-6692-49a3-af0d-9dfd191b0854,https://vicflora.rbg.vic.gov.au/flora/taxon/b0e42d68-6692-49a3-af0d-9dfd191b0854,"['origin', 'local_records', 'traits', 'flowering']",['rating'],Moderate
Goodenia ovata,Hop Goodenia,Goodeniaceae,native,native,goodenia ovata,Not Assessed / No exact match,shrub,woody,perennial,1.0,2.5,False,False,7.0,2009,158.0,2026-08-20T12:08:31Z,Not Assessed,Hop Goodenia,VicFlora,True,True,True,True,True,True,True,True,True,True,True,True,All year,7,1.0,fire_killed,not_vegetative,persistent,ants / wind,Copes with waterlogged soil for 1-6 months,False,Shrub,7c262d05-5380-49b4-8470-2510a01b5ac9,https://vicflora.rbg.vic.gov.au/flora/taxon/7c262d05-5380-49b4-8470-2510a01b5ac9,"['origin', 'local_records', 'traits', 'flowering']",['rating'],Moderate
Goodenia radicans,Shiny Swamp-mat,Goodeniaceae,native,native,goodenia radicans,Not Assessed / No exact match,herb,herbaceous,perennial,0.05,0.5,False,False,2.0,1907,4.0,1907-02-14T00:00:00Z,Not Assessed,Shiny Swamp-mat,VicFlora,True,True,True,True,True,False,False,False,True,True,True,True,Sep–May,4,1.0,resprouts,vegetative,long_persistent,wind / sticking to animals and clothing,Copes with waterlogged soil for over 6 months,False,Herb,1e01581b-51fc-419e-9541-93ee20d1492e,https://vicflora.rbg.vic.gov.au/flora/taxon/1e01581b-51fc-419e-9541-93ee20d1492e,"['origin', 'local_records', 'traits', 'flowering']",['rating'],Moderate
Goodia lotifolia,Golden-tip,Fabaceae,native,native,goodia lotifolia,Not Assessed / No exact match,shrub,woody,perennial,1.0,4.0,False,False,1.0,2006,29.0,2026-03-18T14:50:57Z,Not Assessed,Golden-tip,VicFlora,False,False,False,False,False,False,False,False,True,True,True,False,Sep–Nov,3,1.0,fire_killed,not_vegetative,persistent,ants / animals,Copes with short wet spells (under a month),False,Shrub,6ece0f8f-f267-492b-8754-7f2f29766f04,https://vicflora.rbg.vic.gov.au/flora/taxon/6ece0f8f-f267-492b-8754-7f2f29766f04,"['origin', 'local_records', 'traits', 'flowering']",['rating'],Moderate
Gratiola peruviana,Austral Brooklime,Plantaginaceae,native,native,gratiola peruviana,Not Assessed / No exact match,herb,herbaceous,perennial,0.09,0.5,True,False,1.0,1984,1.0,1984-12-21T00:00:00Z,Not Assessed,Austral Brooklime,VicFlora,True,True,True,True,True,False,False,False,True,True,True,True,Sep–May,3,1.0,fire_killed,not_vegetative,transient,sticking to animals and clothing / animals,Copes with waterlogged soil for over 6 months,False,Herb,454f321c-0dbd-4245-be3e-fd57a8b302eb,https://vicflora.rbg.vic.gov.au/flora/taxon/454f321c-0dbd-4245-be3e-fd57a8b302eb,"['origin', 'local_records', 'traits', 'flowering']",['rating'],Moderate
Grevillea ilicifolia,Holly Grevillea | Holly-leaf Grevillea,Proteaceae,native,native,grevillea ilicifolia,Not Assessed / No exact match,shrub,woody,perennial,0.25,2.0,False,False,0.0,No local records found,1.0,1911-10-14T00:00:00Z,Not Assessed,Holly Grevillea | Holly-leaf Grevillea,VicFlora,True,True,False,False,False,False,False,False,True,True,True,True,Sep–Feb,5,1.0,resprouts,vegetative,persistent,animals / falling near the parent plant,Copes with short wet spells (under a month),False,Shrub,0a1834a4-f1df-4df0-afa3-78bfec745164,https://vicflora.rbg.vic.gov.au/flora/taxon/0a1834a4-f1df-4df0-afa3-78bfec745164,"['origin', 'local_records', 'traits', 'flowering']",['rating'],Moderate
Grevillea ilicifolia subsp. ilicifolia,,Proteaceae,native,native,grevillea ilicifolia,Not Assessed / No exact match,shrub,woody,perennial,0.25,2.0,False,False,0.0,No local records found,1.0,1911-10-14T00:00:00Z,Not Assessed,Holly-leaf Grevillea,ALA,True,True,False,False,False,False,False,False,True,True,True,True,Sep–Feb,5,1.0,resprouts,vegetative,persistent,animals / falling near the parent plant,Copes with short wet spells (under a month),False,Shrub,12a091f0-8345-4eae-91d4-b9cb4b0fb4c0,https://vicflora.rbg.vic.gov.au/flora/taxon/12a091f0-8345-4eae-91d4-b9cb4b0fb4c0,"['origin', 'local_records', 'traits', 'flowering']",['rating'],Moderate
Grevillea robusta,Silky Oak,Proteaceae,introduced,adventive,grevillea robusta,Moderately High Risk,tree,woody,perennial,8.0,40.0,True,False,4.0,2013,317.0,2026-04-25T10:36:14Z,Use Caution,Silky Oak,VicFlora,False,False,False,False,False,False,False,False,True,True,True,False,Sep–Nov,5,1.0,,,,wind,,False,Tree,6d5b593f-e5e1-407d-883a-7a51b1cbcfc6,https://vicflora.rbg.vic.gov.au/flora/taxon/6d5b593f-e5e1-407d-883a-7a51b1cbcfc6,"['rating', 'origin', 'local_records', 'traits', 'flowering', 'griis']",[],Strong
Grevillea rosmarinifolia,Rosemary Grevillea,Proteaceae,native,native,grevillea rosmarinifolia,Moderately High Risk,shrub,woody,perennial,0.2,2.0,True,False,3.0,2024,15.0,2026-07-15T15:03:17Z,Use Caution,Rosemary Grevillea,VicFlora,False,False,False,False,False,True,True,True,True,True,True,True,Jun–Dec,4,1.0,resprouts,not_vegetative,persistent,animals / ants,,True,Shrub,4936d954-8945-41d9-8e59-315bd11a9fe5,https://vicflora.rbg.vic.gov.au/flora/taxon/4936d954-8945-41d9-8e59-315bd11a9fe5,"['rating', 'origin', 'local_records', 'traits', 'flowering']",[],Strong
Grevillea rosmarinifolia subsp. rosmarinifolia,,Proteaceae,native,native,grevillea rosmarinifolia,Moderately High Risk,shrub,woody,perennial,0.2,2.0,True,False,3.0,2024,15.0,2026-07-15T15:03:17Z,Use Caution,Rosemary Grevillea,DEECA Advisory List,False,False,False,False,False,True,True,True,True,True,True,True,Jun–Dec,4,1.0,resprouts,not_vegetative,persistent,animals / ants,,True,Shrub,2fcfbd6e-7bcb-4c31-a34d-0edbd92fa9af,https://vicflora.rbg.vic.gov.au/flora/taxon/2fcfbd6e-7bcb-4c31-a34d-0edbd92fa9af,"['rating', 'origin', 'local_records', 'traits', 'flowering']",[],Strong
Gynatrix pulchella,Hemp Bush,Malvaceae,native,native,gynatrix pulchella,Not Assessed / No exact match,shrub,woody,perennial,3.0,5.0,False,False,3.0,2006,43.0,2026-04-25T08:54:18Z,Not Assessed,Hemp Bush,VicFlora,True,False,False,False,False,False,False,True,True,True,True,True,Aug–Jan,2,1.0,fire_killed,not_vegetative,persistent,animals / water,Copes with waterlogged soil for 1-6 months,False,Shrub,5b043bce-9f10-458d-8899-30adc6f6872c,https://vicflora.rbg.vic.gov.au/flora/taxon/5b043bce-9f10-458d-8899-30adc6f6872c,"['origin', 'local_records', 'traits', 'flowering']",['rating'],Moderate
Hakea decurrens,Bushy Needlewood,Proteaceae,native,native,hakea decurrens,Not Assessed / No exact match,shrub,woody,perennial,0.3,5.0,False,False,1.0,2006,48.0,2026-08-15T13:30:52Z,Not Assessed,Bushy Needlewood,VicFlora,False,False,False,False,True,True,True,True,True,False,False,False,May–Sep,3,1.0,fire_killed,not_vegetative,long_persistent,wind,Copes with waterlogged soil for 1-6 months,False,Shrub,9e041a12-c521-4e23-8d3a-8318be8c7bf8,https://vicflora.rbg.vic.gov.au/flora/taxon/9e041a12-c521-4e23-8d3a-8318be8c7bf8,"['origin', 'local_records', 'traits', 'flowering']",['rating'],Moderate
Hakea drupacea,Sweet-scented Hakea,Proteaceae,introduced,naturalised,hakea drupacea,High Risk,shrub,woody,perennial,1.0,4.0,True,False,1.0,2000,1.0,2000-04-26T00:00:00Z,Reconsider Planting,Sweet-scented Hakea,VicFlora,False,False,True,True,True,True,False,False,False,False,False,False,Mar–Jun,3,1.0,fire_killed,,,,,False,Shrub,83cbec27-e5bf-48c1-a1bd-44cb53e10447,https://vicflora.rbg.vic.gov.au/flora/taxon/83cbec27-e5bf-48c1-a1bd-44cb53e10447,"['rating', 'origin', 'local_records', 'traits', 'flowering', 'griis']",[],Strong
Hakea eriantha,Tree Hakea,Proteaceae,native,native,hakea eriantha,Not Assessed / No exact match,shrub,woody,perennial,1.0,15.0,False,False,0.0,No local records found,1.0,1986-07-22T00:00:00Z,Not Assessed,Tree Hakea,VicFlora,False,False,False,False,False,False,True,True,True,True,True,False,Jul–Nov,6,1.0,resprouts,not_vegetative,long_persistent,wind,,True,Shrub,7b86bd43-4513-4e46-8fea-a0be34ae0bf8,https://vicflora.rbg.vic.gov.au/flora/taxon/7b86bd43-4513-4e46-8fea-a0be34ae0bf8,"['origin', 'local_records', 'traits', 'flowering']",['rating'],Moderate
Hakea nodosa,Yellow Hakea,Proteaceae,native,native,hakea nodosa,Not Assessed / No exact match,shrub,woody,perennial,2.0,4.0,False,False,4.0,2006,82.0,2026-07-08T12:58:13Z,Not Assessed,Yellow Hakea,VicFlora,False,False,False,False,True,True,True,True,False,False,False,False,May–Aug,3,1.0,fire_killed,not_vegetative,long_persistent,wind,Copes with waterlogged soil for over 6 months,False,Shrub,2baee038-d35b-4149-84c9-97e9184cf88e,https://vicflora.rbg.vic.gov.au/flora/taxon/2baee038-d35b-4149-84c9-97e9184cf88e,"['origin', 'local_records', 'traits', 'flowering']",['rating'],Moderate
Hakea salicifolia,,Proteaceae,introduced,Not available,hakea salicifolia,Very High Risk,shrub tree,woody,perennial,1.6,10.0,True,False,2.0,2006,12.0,2026-08-19T14:02:05Z,Reconsider Planting,Willow-leaved Hakea,ALA,False,False,False,False,False,False,False,True,True,True,True,True,Aug–Dec,4,1.0,fire_killed,,long_persistent,wind / falling near the parent plant,,False,Tree,97535ce1-0e96-4caa-a7cb-d07d9a961972,https://vicflora.rbg.vic.gov.au/flora/taxon/97535ce1-0e96-4caa-a7cb-d07d9a961972,"['rating', 'origin', 'local_records', 'traits', 'flowering', 'griis']",[],Strong
Hakea salicifolia subsp. salicifolia,Willow-leaved Hakea,Proteaceae,introduced,naturalised,hakea salicifolia,Very High Risk,shrub tree,woody,perennial,1.6,10.0,True,False,2.0,2006,12.0,2026-08-19T14:02:05Z,Reconsider Planting,Willow-leaved Hakea,VicFlora,False,False,False,False,False,False,False,True,True,True,True,True,Aug–Dec,4,1.0,fire_killed,,long_persistent,wind / falling near the parent plant,,False,Tree,7c130d84-42f3-470a-a557-147fdc367b9b,https://vicflora.rbg.vic.gov.au/flora/taxon/7c130d84-42f3-470a-a557-147fdc367b9b,"['rating', 'origin', 'local_records', 'traits', 'flowering', 'griis']",[],Strong
Hakea sericea,Silky Hakea,Proteaceae,introduced,naturalised,hakea sericea,Moderately High Risk,shrub,woody,perennial,0.6,4.5,True,False,2.0,1985,7.0,2023-07-13T00:00:00Z,Use Caution,Silky Hakea,VicFlora,False,False,False,False,False,True,True,True,True,True,False,False,Jun–Oct,7,1.0,fire_killed,not_vegetative,persistent,wind / falling near the parent plant,Copes with waterlogged soil for 1-6 months,False,Shrub,58679623-1c49-4934-b842-7652d21605f0,https://vicflora.rbg.vic.gov.au/flora/taxon/58679623-1c49-4934-b842-7652d21605f0,"['rating', 'origin', 'local_records', 'traits', 'flowering', 'griis']",[],Strong
Hakea ulicina,Furze Hakea,Proteaceae,native,native,hakea ulicina,Not Assessed / No exact match,shrub,woody,perennial,1.0,5.0,False,False,2.0,2006,16.0,2026-05-20T16:13:25Z,Not Assessed,Furze Hakea,VicFlora,False,False,False,False,False,False,False,True,True,True,True,False,Aug–Nov,5,1.0,fire_killed,not_vegetative,long_persistent,wind,Copes with waterlogged soil for 1-6 months,False,Shrub,366d6cda-7045-4d4f-bcf0-ee9b265f3ab9,https://vicflora.rbg.vic.gov.au/flora/taxon/366d6cda-7045-4d4f-bcf0-ee9b265f3ab9,"['origin', 'local_records', 'traits', 'flowering']",['rating'],Moderate
Hardenbergia violacea,Purple Coral-pea,Fabaceae,native,native,hardenbergia violacea,Lower Risk,climber,herbaceous woody,perennial,0.3,2.5,False,False,2.0,1980,70.0,2026-09-04T12:07:31Z,Lower Concern,Purple Coral-pea,VicFlora,False,False,False,False,False,False,True,True,True,True,True,False,Jul–Nov,5,1.0,partial_resprouting,not_vegetative,persistent,ants / animals,,True,Climber,b0aae4f9-9366-431a-b65d-7bd7de457797,https://vicflora.rbg.vic.gov.au/flora/taxon/b0aae4f9-9366-431a-b65d-7bd7de457797,"['rating', 'origin', 'local_records', 'traits', 'flowering']",[],Strong
Hedera helix,English Ivy,Araliaceae,introduced,naturalised,hedera helix,Very High Risk,climber_woody shrub,woody,perennial,10.0,20.0,True,False,6.0,2006,14.0,2023-08-08T00:00:00Z,Reconsider Planting,English Ivy,VicFlora,True,True,False,False,False,False,False,False,False,False,False,True,Dec–Feb,1,1.0,resprouts,,,,,False,Climber,c4a3febc-0516-4d68-83ff-3712dd984839,https://vicflora.rbg.vic.gov.au/flora/taxon/c4a3febc-0516-4d68-83ff-3712dd984839,"['rating', 'origin', 'local_records', 'traits', 'flowering', 'griis']",[],Strong
Helianthus annuus,Common Sunflower,Asteraceae,introduced,naturalised,helianthus annuus,Lower Risk,herb,herbaceous,annual biennial,0.5,3.0,True,False,1.0,2000,1.0,2000-04-26T00:00:00Z,Lower Concern,Common Sunflower,VicFlora,False,False,False,False,False,False,False,False,False,False,False,False,,1,0.0,,,,,,False,Herb,577f9845-9a10-4dc5-be4f-ab588cf0c9d4,https://vicflora.rbg.vic.gov.au/flora/taxon/577f9845-9a10-4dc5-be4f-ab588cf0c9d4,"['rating', 'origin', 'local_records', 'traits', 'griis']",['flowering'],Moderate
Helminthotheca echioides,Ox-tongue,Asteraceae,introduced,naturalised,helminthotheca echioides,High Risk,herb,herbaceous,annual perennial,0.25,2.0,True,False,6.0,2013,18.0,2025-06-20T00:00:00Z,Reconsider Planting,Ox-tongue,VicFlora,False,False,False,False,False,False,False,False,False,True,True,False,Oct–Nov,1,1.0,,,,,,False,Herb,9dbd3806-9685-42c4-9d21-f40a7c25975b,https://vicflora.rbg.vic.gov.au/flora/taxon/9dbd3806-9685-42c4-9d21-f40a7c25975b,"['rating', 'origin', 'local_records', 'traits', 'flowering', 'griis']",[],Strong
Hemarthria uncinata,,Poaceae,native,native,hemarthria uncinata,Not Assessed / No exact match,graminoid herb,herbaceous,perennial,0.1,1.1,False,False,1.0,1962,1.0,1962-04-17T00:00:00Z,Not Assessed,,,True,True,False,False,False,False,False,False,False,False,False,True,Dec–Feb,4,1.0,partial_resprouting,vegetative,persistent,sticking to animals and clothing / wind,Copes with waterlogged soil for over 6 months,False,Grass,bbfd42be-c546-4334-b92e-b3af3199c506,https://vicflora.rbg.vic.gov.au/flora/taxon/bbfd42be-c546-4334-b92e-b3af3199c506,"['origin', 'local_records', 'traits', 'flowering']",['rating'],Moderate
Hemarthria uncinata var. uncinata,Mat Grass,Poaceae,native,native,hemarthria uncinata,Not Assessed / No exact match,graminoid herb,herbaceous,perennial,0.1,1.1,False,False,1.0,1962,1.0,1962-04-17T00:00:00Z,Not Assessed,Mat Grass,VicFlora,True,True,False,False,False,False,False,False,False,False,False,True,Dec–Feb,4,1.0,partial_resprouting,vegetative,persistent,sticking to animals and clothing / wind,Copes with waterlogged soil for over 6 months,False,Grass,93b2f917-3c98-4e45-956f-1c2cd9406eda,https://vicflora.rbg.vic.gov.au/flora/taxon/93b2f917-3c98-4e45-956f-1c2cd9406eda,"['origin', 'local_records', 'traits', 'flowering']",['rating'],Moderate
Hennediella stanfordensis,,Pottiaceae,native,native,hennediella stanfordensis,Not Assessed / No exact match,,,,,,False,False,0.0,No local records found,1.0,,Not Assessed,Short Screw-moss,ALA,,,,,,,,,,,,,,0,,,,,,,False,,da7b050d-282e-4a2a-9605-1a421a0691bc,https://vicflora.rbg.vic.gov.au/flora/taxon/da7b050d-282e-4a2a-9605-1a421a0691bc,"['origin', 'local_records']","['rating', 'traits', 'flowering']",Limited
Hibbertia acicularis,Prickly Guinea-flower,Dilleniaceae,native,native,hibbertia acicularis,Not Assessed / No exact match,shrub,woody,perennial,0.3,1.5,False,False,0.0,No local records found,3.0,2025-06-10T06:26:44Z,Not Assessed,Prickly Guinea-flower,VicFlora,True,True,False,False,False,False,False,False,True,True,True,True,Sep–Feb,4,1.0,resprouts,not_vegetative,persistent,animals / ants,Copes with short wet spells (under a month),False,Shrub,584c86f6-d38b-4c0f-a439-de66d22cb8e1,https://vicflora.rbg.vic.gov.au/flora/taxon/584c86f6-d38b-4c0f-a439-de66d22cb8e1,"['origin', 'local_records', 'traits', 'flowering']",['rating'],Moderate
Hibbertia fasciculata,,Dilleniaceae,native,native,hibbertia fasciculata,Not Assessed / No exact match,shrub,woody,perennial,0.2,1.0,False,False,0.0,No local records found,8.0,2025-10-03T07:44:31Z,Not Assessed,Bundled Guinea-flower,ALA,True,True,True,True,False,True,True,True,True,True,True,True,Jun–Apr,5,1.0,fire_killed,not_vegetative,persistent,ants / animals,Copes with short wet spells (under a month),False,Shrub,68cbbf3e-7606-4126-9176-030173b88c18,https://vicflora.rbg.vic.gov.au/flora/taxon/68cbbf3e-7606-4126-9176-030173b88c18,"['origin', 'local_records', 'traits', 'flowering']",['rating'],Moderate
Hibbertia fasciculata var. prostrata,,Dilleniaceae,native,native,hibbertia fasciculata,Not Assessed / No exact match,shrub,woody,perennial,0.2,1.0,False,False,0.0,No local records found,8.0,2025-10-03T07:44:31Z,Not Assessed,,,True,True,True,True,False,True,True,True,True,True,True,True,Jun–Apr,5,1.0,fire_killed,not_vegetative,persistent,ants / animals,Copes with short wet spells (under a month),False,Shrub,2737c588-39b4-4ac4-ba31-579d464cef75,https://vicflora.rbg.vic.gov.au/flora/taxon/2737c588-39b4-4ac4-ba31-579d464cef75,"['origin', 'local_records', 'traits', 'flowering']",['rating'],Moderate
Hibbertia riparia,,Dilleniaceae,native,native,hibbertia riparia,Not Assessed / No exact match,shrub,woody,perennial,0.5,1.2,False,False,3.0,1980,6.0,2024-09-24T12:05:00Z,Not Assessed,Erect Guinea-flower,VBA,True,True,False,True,True,True,True,True,True,True,True,True,Apr–Feb,5,1.0,resprouts,not_vegetative,persistent,ants / animals,Copes with waterlogged soil for 1-6 months,False,Shrub,917575cc-0970-4fc2-90ad-48061af6e425,https://vicflora.rbg.vic.gov.au/flora/taxon/917575cc-0970-4fc2-90ad-48061af6e425,"['origin', 'local_records', 'traits', 'flowering']",['rating'],Moderate
Holcus lanatus,Yorkshire Fog,Poaceae,introduced,naturalised,holcus lanatus,High Risk,graminoid herb,herbaceous,perennial,0.3,1.5,True,False,10.0,2010,45.0,2025-10-27T12:15:35Z,Reconsider Planting,Yorkshire Fog,VicFlora,True,True,False,False,False,False,False,False,True,True,True,True,Sep–Feb,1,1.0,resprouts,not_vegetative,transient,wind,,False,Grass,2ac7629d-09df-4aa8-b005-372057239c35,https://vicflora.rbg.vic.gov.au/flora/taxon/2ac7629d-09df-4aa8-b005-372057239c35,"['rating', 'origin', 'local_records', 'traits', 'flowering', 'griis']",[],Strong
Hordeum hystrix,Mediterranean Barley Grass,Poaceae,introduced,naturalised,hordeum hystrix,High Risk,graminoid herb,herbaceous,annual,0.2,0.5,True,False,1.0,2009,2.0,2020-02-06T00:00:00Z,Reconsider Planting,Mediterranean Barley Grass,VicFlora,True,False,False,False,False,False,False,True,True,True,True,True,Aug–Jan,2,1.0,fire_killed,,widely_dispersed,,,False,Grass,2cd1aa83-f866-4514-9614-a942ee80f202,https://vicflora.rbg.vic.gov.au/flora/taxon/2cd1aa83-f866-4514-9614-a942ee80f202,"['rating', 'origin', 'local_records', 'traits', 'flowering', 'griis']",[],Strong
Hovea heterophylla,,Fabaceae,native,native,hovea heterophylla,Not Assessed / No exact match,subshrub,woody,perennial,0.3,1.0,False,False,2.0,2000,9.0,2000-10-12T00:00:00Z,Not Assessed,Common Hovea,VBA,False,False,False,False,False,False,True,True,True,True,True,False,Jul–Nov,3,1.0,resprouts,not_vegetative,persistent,ants / falling near the parent plant,,True,Shrub,133106b2-d560-40d4-866f-41e3d812981c,https://vicflora.rbg.vic.gov.au/flora/taxon/133106b2-d560-40d4-866f-41e3d812981c,"['origin', 'local_records', 'traits', 'flowering']",['rating'],Moderate
Hydrocotyle hirta,Hairy Pennywort,Araliaceae,native,native,hydrocotyle hirta,Not Assessed / No exact match,herb,herbaceous,perennial,0.02,0.1,False,False,2.0,1987,3.0,1987-02-01T00:00:00Z,Not Assessed,Hairy Pennywort,VicFlora,True,True,True,True,True,False,False,False,False,False,False,True,Dec–May,2,1.0,resprouts,vegetative,transient,animals / falling near the parent plant,Copes with waterlogged soil for 1-6 months,False,Herb,499390e6-1946-4567-b012-6d8860b9de43,https://vicflora.rbg.vic.gov.au/flora/taxon/499390e6-1946-4567-b012-6d8860b9de43,"['origin', 'local_records', 'traits', 'flowering']",['rating'],Moderate
Hydrocotyle laxiflora,Stinking Pennywort,Araliaceae,native,native,hydrocotyle laxiflora,Not Assessed / No exact match,herb,herbaceous,perennial,0.02,0.2,False,False,1.0,1980,4.0,2023-07-13T00:00:00Z,Not Assessed,Stinking Pennywort,VicFlora,True,True,True,True,False,False,False,False,True,True,True,True,Sep–Apr,3,1.0,resprouts,vegetative,transient,falling near the parent plant / animals,Copes with short wet spells (under a month),False,Herb,23faf8a7-1a76-4671-987b-de070bc9bde0,https://vicflora.rbg.vic.gov.au/flora/taxon/23faf8a7-1a76-4671-987b-de070bc9bde0,"['origin', 'local_records', 'traits', 'flowering']",['rating'],Moderate
Hydrocotyle sibthorpioides,,Araliaceae,native,native,hydrocotyle sibthorpioides,Not Assessed / No exact match,herb,herbaceous,perennial,0.1,0.15,False,False,1.0,1920,1.0,,Not Assessed,Shining Pennywort,VBA,True,True,True,True,True,False,False,False,True,True,True,True,Sep–May,3,1.0,resprouts,vegetative,transient,falling near the parent plant / animals,Copes with waterlogged soil for over 6 months,False,Herb,9b0b8a1e-8c7d-4fa8-b9ec-8900f21b854a,https://vicflora.rbg.vic.gov.au/flora/taxon/9b0b8a1e-8c7d-4fa8-b9ec-8900f21b854a,"['origin', 'local_records', 'traits', 'flowering']",['rating'],Moderate
Hypericum gramineum,Small St John's Wort,Hypericaceae,native,native,hypericum gramineum,Not Assessed / No exact match,herb,herbaceous,perennial,0.02,0.5,False,False,8.0,2010,18.0,2023-12-05T12:12:13Z,Not Assessed,Small St John's Wort,VicFlora,True,True,True,True,True,True,True,True,True,True,True,True,All year,5,1.0,resprouts,not_vegetative,persistent,falling near the parent plant / wind,Copes with short wet spells (under a month),False,Herb,309ed971-13c8-46b7-9776-d4b47d8ac962,https://vicflora.rbg.vic.gov.au/flora/taxon/309ed971-13c8-46b7-9776-d4b47d8ac962,"['origin', 'local_records', 'traits', 'flowering']",['rating'],Moderate
Hypericum perforatum,St Johns Wort,Hypericaceae,introduced,Not available,hypericum perforatum,High Risk,herb,herbaceous,perennial,0.3,1.08,True,False,1.0,2009,1.0,2009-02-13T00:00:00Z,Reconsider Planting,St Johns Wort,VicFlora,True,True,False,False,False,False,False,False,False,False,False,True,Dec–Feb,1,1.0,resprouts,,long_persistent,,,False,Herb,6494d110-7304-47b0-9e13-19ddf43d9224,https://vicflora.rbg.vic.gov.au/flora/taxon/6494d110-7304-47b0-9e13-19ddf43d9224,"['rating', 'origin', 'local_records', 'traits', 'flowering', 'griis']",[],Strong
Hypericum perforatum subsp. veronense,,Hypericaceae,introduced,naturalised,hypericum perforatum,High Risk,herb,herbaceous,perennial,0.3,1.08,True,False,1.0,2009,1.0,2009-02-13T00:00:00Z,Reconsider Planting,St John's Wort,VBA,True,True,False,False,False,False,False,False,False,False,False,True,Dec–Feb,1,1.0,resprouts,,long_persistent,,,False,Herb,dcd38c5f-2cb8-45c4-bc33-66242ca0fa8e,https://vicflora.rbg.vic.gov.au/flora/taxon/dcd38c5f-2cb8-45c4-bc33-66242ca0fa8e,"['rating', 'origin', 'local_records', 'traits', 'flowering', 'griis']",[],Strong
Hypnum cupressiforme,,Hypnaceae,native,native,hypnum cupressiforme,Not Assessed / No exact match,,,,,,False,False,0.0,No local records found,8.0,2025-04-25T15:47:43Z,Not Assessed,Common Plait-moss,ALA,,,,,,,,,,,,,,0,,,,,,,False,,7deffe0b-990b-4741-8315-133c7e94b777,https://vicflora.rbg.vic.gov.au/flora/taxon/7deffe0b-990b-4741-8315-133c7e94b777,"['origin', 'local_records']","['rating', 'traits', 'flowering']",Limited
Hypochaeris glabra,Smooth Cat's-ear,Asteraceae,introduced,naturalised,hypochaeris glabra,Moderately High Risk,herb,herbaceous,annual,0.013529581,0.6,True,False,2.0,2009,4.0,2023-08-08T00:00:00Z,Use Caution,Smooth Cat's-ear,VicFlora,True,True,True,True,True,True,True,True,True,True,True,True,All year,3,1.0,fire_killed,not_vegetative,widely_dispersed,wind,,False,Herb,5b3ddfa7-d2ea-4ed8-9072-d774239bc6cf,https://vicflora.rbg.vic.gov.au/flora/taxon/5b3ddfa7-d2ea-4ed8-9072-d774239bc6cf,"['rating', 'origin', 'local_records', 'traits', 'flowering', 'griis']",[],Strong
Hypochaeris radicata,Cat's-ear | Flat-weed,Asteraceae,introduced,naturalised,hypochaeris radicata,Moderately High Risk,herb,herbaceous,perennial,0.08,1.0,False,False,15.0,2013,65.0,2026-04-24T17:13:44Z,Use Caution,Cat's-ear | Flat-weed,VicFlora,True,True,True,True,True,True,False,False,True,True,True,True,Sep–Jun,2,1.0,resprouts,not_vegetative,widely_dispersed,wind,,False,Herb,caa25649-6aac-4f6a-9685-1eafe5b4e021,https://vicflora.rbg.vic.gov.au/flora/taxon/caa25649-6aac-4f6a-9685-1eafe5b4e021,"['rating', 'origin', 'local_records', 'traits', 'flowering']",[],Strong
Hypolaena fastigiata,Tassel Rope-rush,Restionaceae,native,native,hypolaena fastigiata,Not Assessed / No exact match,graminoid herb,herbaceous,perennial,0.15,0.8,False,False,2.0,1900,21.0,2025-11-28T08:22:24Z,Not Assessed,Tassel Rope-rush,VicFlora,True,True,True,True,True,True,True,True,True,True,True,True,All year,4,1.0,resprouts,vegetative,persistent,wind / animals,Copes with waterlogged soil for 1-6 months,False,Grass,439eaceb-d4c7-425f-b560-26ef69198386,https://vicflora.rbg.vic.gov.au/flora/taxon/439eaceb-d4c7-425f-b560-26ef69198386,"['origin', 'local_records', 'traits', 'flowering']",['rating'],Moderate
Hypolepis rugosula,Ruddy Ground-fern,Dennstaedtiaceae,native,native,hypolepis rugosula,Not Assessed / No exact match,fern,herbaceous,perennial,0.4,2.0,True,False,1.0,1920,1.0,,Not Assessed,Ruddy Ground-fern,VicFlora,,,,,,,,,,,,,,0,,resprouts,vegetative,transient,wind,Copes with waterlogged soil for over 6 months,False,Fern,5f30640a-3b29-4572-a97b-05f9b68d9622,https://vicflora.rbg.vic.gov.au/flora/taxon/5f30640a-3b29-4572-a97b-05f9b68d9622,"['origin', 'local_records', 'traits']","['rating', 'flowering']",Moderate
Hypoxis hygrometrica,Golden Weather-grass,Hypoxidaceae,native,native,hypoxis hygrometrica,Not Assessed / No exact match,herb,herbaceous,perennial,0.2,0.2,False,False,3.0,1985,7.0,2023-04-30T11:38:36Z,Not Assessed,Golden Weather-grass,VicFlora,True,True,True,True,True,False,False,False,True,True,True,True,Sep–May,3,1.0,resprouts,not_vegetative,transient,falling near the parent plant / wind,Copes with short wet spells (under a month),False,Herb,8eca351a-55ed-473b-b827-6111c5efe90e,https://vicflora.rbg.vic.gov.au/flora/taxon/8eca351a-55ed-473b-b827-6111c5efe90e,"['origin', 'local_records', 'traits', 'flowering']",['rating'],Moderate
Imperata cylindrica,Blady Grass | Kunai in Papua New Guinea,Poaceae,native,native,imperata cylindrica,Not Assessed / No exact match,graminoid,herbaceous,perennial,0.3,1.5,True,False,0.0,No local records found,1.0,,Not Assessed,Blady Grass | Kunai in Papua New Guinea,VicFlora,True,True,True,True,True,False,False,False,False,False,True,True,Nov–May,4,1.0,partial_resprouting,vegetative,transient,wind,Copes with waterlogged soil for 1-6 months,False,Grass,5189158c-7d55-468e-b4ea-4eae4ff8cf28,https://vicflora.rbg.vic.gov.au/flora/taxon/5189158c-7d55-468e-b4ea-4eae4ff8cf28,"['origin', 'local_records', 'traits', 'flowering']",['rating'],Moderate
Indigofera australis,Austral Indigo,Fabaceae,native,native,indigofera australis,Not Assessed / No exact match,shrub,woody,perennial,0.3,2.5,False,False,2.0,2006,211.0,2026-09-06T11:17:49Z,Not Assessed,Austral Indigo,VicFlora,False,False,False,False,False,False,True,True,True,True,True,False,Jul–Nov,3,1.0,resprouts,not_vegetative,persistent,falling near the parent plant / animals,,True,Shrub,85e9c6d3-3e10-4ef1-a935-10f57ca0bb87,https://vicflora.rbg.vic.gov.au/flora/taxon/85e9c6d3-3e10-4ef1-a935-10f57ca0bb87,"['origin', 'local_records', 'traits', 'flowering']",['rating'],Moderate
Indigofera australis subsp. australis,,Fabaceae,native,native,indigofera australis,Not Assessed / No exact match,shrub,woody,perennial,0.3,2.5,False,False,2.0,2006,211.0,2026-09-06T11:17:49Z,Not Assessed,Austral Indigo,VBA,False,False,False,False,False,False,True,True,True,True,True,False,Jul–Nov,3,1.0,resprouts,not_vegetative,persistent,falling near the parent plant / animals,,True,Shrub,45134e90-fa94-4998-a391-1f22cb2060de,https://vicflora.rbg.vic.gov.au/flora/taxon/45134e90-fa94-4998-a391-1f22cb2060de,"['origin', 'local_records', 'traits', 'flowering']",['rating'],Moderate
Ipomoea indica,Blue Morning Glory,Convolvulaceae,introduced,naturalised,ipomoea indica,High Risk,climber_herbaceous,herbaceous,perennial,,,True,False,2.0,2010,14.0,2026-07-17T11:42:03Z,Reconsider Planting,Blue Morning Glory,VicFlora,True,True,True,True,True,True,True,True,True,True,True,True,All year,3,1.0,resprouts,vegetative,,,,False,Climber,63ea7585-806d-48c8-9190-e6721ecbd5bc,https://vicflora.rbg.vic.gov.au/flora/taxon/63ea7585-806d-48c8-9190-e6721ecbd5bc,"['rating', 'origin', 'local_records', 'traits', 'flowering', 'griis']",[],Strong
Isolepis cernua,Nodding Club-rush,Cyperaceae,native,native,isolepis cernua,Not Assessed / No exact match,graminoid herb,herbaceous,perennial,0.1,0.3,False,False,0.0,No local records found,3.0,2005-01-19T00:00:00Z,Not Assessed,Nodding Club-rush,VicFlora,True,True,False,False,False,True,True,True,True,True,True,True,Jun–Feb,4,1.0,fire_killed,not_vegetative,persistent,sticking to animals and clothing / animals,Copes with waterlogged soil for over 6 months,False,Grass,d7b33a22-0bd3-4e31-9f4b-8589d2eae67c,https://vicflora.rbg.vic.gov.au/flora/taxon/d7b33a22-0bd3-4e31-9f4b-8589d2eae67c,"['origin', 'local_records', 'traits', 'flowering']",['rating'],Moderate
Isolepis fluitans,Floating Club-rush,Cyperaceae,native,native,isolepis fluitans,Not Assessed / No exact match,graminoid herb,herbaceous,perennial,0.1,0.15,False,False,1.0,1984,1.0,1984-12-21T00:00:00Z,Not Assessed,Floating Club-rush,VicFlora,True,True,False,False,False,False,False,False,True,True,True,True,Sep–Feb,3,1.0,fire_killed,not_vegetative,persistent,water / animals,Grows in water,False,Grass,160bc8c9-7a9f-49c7-837a-9da63e1540d0,https://vicflora.rbg.vic.gov.au/flora/taxon/160bc8c9-7a9f-49c7-837a-9da63e1540d0,"['origin', 'local_records', 'traits', 'flowering']",['rating'],Moderate
Isolepis hookeriana,,Cyperaceae,native,native,isolepis hookeriana,Not Assessed / No exact match,,,,,,False,False,1.0,1984,0.0,No local records found,Not Assessed,Grassy Club-sedge,VBA,,,,,,,,,,,,,,0,,,,,,,False,,dd957ca6-9ca6-44e8-b862-9cb3d8b557da,https://vicflora.rbg.vic.gov.au/flora/taxon/dd957ca6-9ca6-44e8-b862-9cb3d8b557da,"['origin', 'local_records']","['rating', 'traits', 'flowering']",Limited
Isolepis inundata,,Cyperaceae,native,native,isolepis inundata,Not Assessed / No exact match,graminoid herb,herbaceous,perennial,0.05,0.5,False,False,2.0,1984,7.0,2005-01-19T00:00:00Z,Not Assessed,Swamp Club-sedge,VBA,True,True,False,False,False,False,False,True,True,True,True,True,Aug–Feb,4,1.0,resprouts,not_vegetative,persistent,sticking to animals and clothing / animals,Copes with waterlogged soil for over 6 months,False,Grass,eee07df5-bbbd-410f-b761-28bb24028eb2,https://vicflora.rbg.vic.gov.au/flora/taxon/eee07df5-bbbd-410f-b761-28bb24028eb2,"['origin', 'local_records', 'traits', 'flowering']",['rating'],Moderate
Isolepis levynsiana,,Cyperaceae,introduced,naturalised,isolepis levynsiana,Medium Risk,graminoid herb,herbaceous,annual,0.02,0.12,True,False,4.0,1984,12.0,1991-11-29T00:00:00Z,Use Caution,Tiny Flat-sedge,VBA,True,True,False,False,True,True,True,True,True,True,True,True,May–Feb,2,1.0,fire_killed,not_vegetative,long_persistent,,,False,Grass,b5066077-4258-4293-a121-2ab368da7fe5,https://vicflora.rbg.vic.gov.au/flora/taxon/b5066077-4258-4293-a121-2ab368da7fe5,"['rating', 'origin', 'local_records', 'traits', 'flowering', 'griis']",[],Strong
Isolepis platycarpa,,Cyperaceae,native,native,isolepis platycarpa,Not Assessed / No exact match,graminoid herb,herbaceous,annual perennial short_lived_perennial,0.08,0.2,False,False,2.0,1985,2.0,1985-10-19T00:00:00Z,Not Assessed,Broad-fruit Club-sedge,VBA,True,True,False,False,False,False,False,False,True,True,True,True,Sep–Feb,2,1.0,fire_killed,not_vegetative,long_persistent,animals / sticking to animals and clothing,Copes with waterlogged soil for over 6 months,False,Grass,af1aced6-0647-45fc-abb7-678f3b0916ce,https://vicflora.rbg.vic.gov.au/flora/taxon/af1aced6-0647-45fc-abb7-678f3b0916ce,"['origin', 'local_records', 'traits', 'flowering']",['rating'],Moderate
Isolepis prolifera,,Cyperaceae,introduced,naturalised,isolepis prolifera,Lower Risk,graminoid herb,herbaceous,perennial,0.2,0.6,True,False,1.0,1912,1.0,,Lower Concern,Proliferous Club-sedge,VBA,False,False,False,False,False,False,False,False,True,True,True,False,Sep–Nov,1,1.0,resprouts,vegetative,,,,False,Grass,51886dd6-3889-4a9c-ae54-c9b2994fe2f2,https://vicflora.rbg.vic.gov.au/flora/taxon/51886dd6-3889-4a9c-ae54-c9b2994fe2f2,"['rating', 'origin', 'local_records', 'traits', 'flowering', 'griis']",[],Strong
Isolepis stellata,Star Club-rush,Cyperaceae,native,native,isolepis stellata,Not Assessed / No exact match,graminoid herb,herbaceous,annual,0.02,0.1,False,False,1.0,1984,1.0,1984-12-21T00:00:00Z,Not Assessed,Star Club-rush,VicFlora,True,False,False,False,False,False,False,True,True,True,True,True,Aug–Jan,4,1.0,fire_killed,not_vegetative,persistent,animals / sticking to animals and clothing,Copes with waterlogged soil for 1-6 months,False,Grass,20065706-0592-40d4-ae50-a1d3a1d8c94c,https://vicflora.rbg.vic.gov.au/flora/taxon/20065706-0592-40d4-ae50-a1d3a1d8c94c,"['origin', 'local_records', 'traits', 'flowering']",['rating'],Moderate
Isopogon ceratophyllus,Horny Cone-bush,Proteaceae,native,native,isopogon ceratophyllus,Not Assessed / No exact match,shrub,woody,perennial,0.15,1.2,False,False,1.0,1941,1.0,1941-11-02T00:00:00Z,Not Assessed,Horny Cone-bush,VicFlora,True,False,False,False,False,False,True,True,True,True,True,True,Jul–Jan,3,1.0,resprouts,not_vegetative,long_persistent,wind / falling near the parent plant,,True,Shrub,6d7726e7-c8be-4324-8977-d21f01d7758e,https://vicflora.rbg.vic.gov.au/flora/taxon/6d7726e7-c8be-4324-8977-d21f01d7758e,"['origin', 'local_records', 'traits', 'flowering']",['rating'],Moderate
Isotoma fluviatilis,,Campanulaceae,native,native,isotoma fluviatilis,Not Assessed / No exact match,herb,herbaceous,perennial,0.05,0.1,False,False,0.0,No local records found,1.0,1886-03-16T00:00:00Z,Not Assessed,,,True,True,False,False,False,False,False,False,True,True,True,True,Sep–Feb,3,1.0,resprouts,vegetative,transient,animals / falling near the parent plant,Copes with waterlogged soil for 1-6 months,False,Herb,a23068b0-61a6-4134-9bba-2268df1e60a6,https://vicflora.rbg.vic.gov.au/flora/taxon/a23068b0-61a6-4134-9bba-2268df1e60a6,"['origin', 'local_records', 'traits', 'flowering']",['rating'],Moderate
Isotoma fluviatilis subsp. australis,Swamp Isotome,Campanulaceae,native,native,isotoma fluviatilis,Not Assessed / No exact match,herb,herbaceous,perennial,0.05,0.1,False,False,0.0,No local records found,1.0,1886-03-16T00:00:00Z,Not Assessed,Swamp Isotome,VicFlora,True,True,False,False,False,False,False,False,True,True,True,True,Sep–Feb,3,1.0,resprouts,vegetative,transient,animals / falling near the parent plant,Copes with waterlogged soil for 1-6 months,False,Herb,c98ad1ba-078c-4f8a-88b7-b1b0cf9111a5,https://vicflora.rbg.vic.gov.au/flora/taxon/c98ad1ba-078c-4f8a-88b7-b1b0cf9111a5,"['origin', 'local_records', 'traits', 'flowering']",['rating'],Moderate
Juncus amabilis,,Juncaceae,native,native,juncus amabilis,Not Assessed / No exact match,graminoid herb,herbaceous,perennial,0.45,1.2,False,False,2.0,1985,4.0,1994-03-02T00:00:00Z,Not Assessed,Hollow Rush,VBA,True,True,False,False,False,False,False,False,True,True,True,True,Sep–Feb,3,1.0,resprouts,vegetative,transient,water / sticking to animals and clothing,Copes with waterlogged soil for over 6 months,False,Grass,6f9216d9-9a20-48b0-8e85-fe4c81e62f09,https://vicflora.rbg.vic.gov.au/flora/taxon/6f9216d9-9a20-48b0-8e85-fe4c81e62f09,"['origin', 'local_records', 'traits', 'flowering']",['rating'],Moderate
Juncus articulatus,,Juncaceae,introduced,Not available,juncus articulatus,High Risk,graminoid herb,herbaceous,perennial,0.2,0.7,True,False,3.0,2000,6.0,2005-01-19T00:00:00Z,Reconsider Planting,Jointed Rush,ALA,True,True,False,False,False,False,False,False,True,True,True,True,Sep–Feb,1,1.0,resprouts,vegetative,,falling near the parent plant,,False,Grass,7779b0bf-b81d-4b0b-b289-bdd7cd88e146,https://vicflora.rbg.vic.gov.au/flora/taxon/7779b0bf-b81d-4b0b-b289-bdd7cd88e146,"['rating', 'origin', 'local_records', 'traits', 'flowering', 'griis']",[],Strong
Juncus articulatus subsp. articulatus,Jointed Rush,Juncaceae,introduced,naturalised,juncus articulatus,High Risk,graminoid herb,herbaceous,perennial,0.2,0.7,True,False,3.0,2000,6.0,2005-01-19T00:00:00Z,Reconsider Planting,Jointed Rush,VicFlora,True,True,False,False,False,False,False,False,True,True,True,True,Sep–Feb,1,1.0,resprouts,vegetative,,falling near the parent plant,,False,Grass,0ad46503-cf6d-4e2c-bcdd-4b8045ec38d5,https://vicflora.rbg.vic.gov.au/flora/taxon/0ad46503-cf6d-4e2c-bcdd-4b8045ec38d5,"['rating', 'origin', 'local_records', 'traits', 'flowering', 'griis']",[],Strong
Juncus australis,Austral        Rush,Juncaceae,native,native,juncus australis,Not Assessed / No exact match,graminoid,herbaceous,perennial,1.0,1.2,False,False,1.0,1962,1.0,1962-04-17T00:00:00Z,Not Assessed,Austral        Rush,VicFlora,True,True,False,False,False,False,False,False,True,True,True,True,Sep–Feb,2,1.0,resprouts,not_vegetative,transient,water / wind,Copes with waterlogged soil for over 6 months,False,Grass,dd692e58-12ca-4ce0-a242-99ff851e02eb,https://vicflora.rbg.vic.gov.au/flora/taxon/dd692e58-12ca-4ce0-a242-99ff851e02eb,"['origin', 'local_records', 'traits', 'flowering']",['rating'],Moderate
Juncus bufonius,Toad Rush,Juncaceae,uncertain,Not available,juncus bufonius,Lower Risk,graminoid herb,herbaceous,annual,0.02,0.3,True,False,4.0,1985,8.0,2023-12-20T11:42:31Z,Lower Concern,Toad Rush,VicFlora,True,True,True,True,True,True,True,True,True,True,True,True,All year,4,1.0,fire_killed,not_vegetative,long_persistent,falling near the parent plant / water,Copes with waterlogged soil for over 6 months,False,Grass,d21e4e75-cb76-4a2f-a28c-306d8ecdb1e8,https://vicflora.rbg.vic.gov.au/flora/taxon/d21e4e75-cb76-4a2f-a28c-306d8ecdb1e8,"['rating', 'origin', 'local_records', 'traits', 'flowering']",[],Strong
Juncus caespiticius,Grassy Rush | Tufted Rush,Juncaceae,native,native,juncus caespiticius,Not Assessed / No exact match,graminoid herb,herbaceous,perennial,0.09,0.75,False,False,0.0,No local records found,2.0,1892-01-07T00:00:00Z,Not Assessed,Grassy Rush | Tufted Rush,VicFlora,True,True,False,False,False,False,False,False,True,True,True,True,Sep–Feb,3,1.0,resprouts,vegetative,transient,water / falling near the parent plant,Copes with waterlogged soil for over 6 months,False,Grass,aa1f0ade-7b9a-41ef-956b-e447ebb27b99,https://vicflora.rbg.vic.gov.au/flora/taxon/aa1f0ade-7b9a-41ef-956b-e447ebb27b99,"['origin', 'local_records', 'traits', 'flowering']",['rating'],Moderate
Juncus capitatus,,Juncaceae,introduced,naturalised,juncus capitatus,Moderately High Risk,graminoid herb,herbaceous,annual,0.04,0.16,True,False,0.0,No local records found,1.0,1991-11-29T00:00:00Z,Use Caution,Capitate Rush,DEECA Advisory List,True,True,False,False,False,False,False,True,True,True,True,True,Aug–Feb,2,1.0,fire_killed,,long_persistent,,,False,Grass,d86b975d-bca3-49b7-894f-65b2929670bb,https://vicflora.rbg.vic.gov.au/flora/taxon/d86b975d-bca3-49b7-894f-65b2929670bb,"['rating', 'origin', 'local_records', 'traits', 'flowering', 'griis']",[],Strong
Juncus gregiflorus,,Juncaceae,native,native,juncus gregiflorus,Not Assessed / No exact match,graminoid herb,herbaceous,perennial,1.4,3.0,False,False,1.0,1985,3.0,1994-03-02T00:00:00Z,Not Assessed,Green Rush,VBA,True,True,False,False,False,False,False,False,True,True,True,True,Sep–Feb,3,1.0,resprouts,vegetative,transient,falling near the parent plant / water,Copes with waterlogged soil for over 6 months,False,Grass,f5908b70-9955-4560-98a1-6b4333a2b7b1,https://vicflora.rbg.vic.gov.au/flora/taxon/f5908b70-9955-4560-98a1-6b4333a2b7b1,"['origin', 'local_records', 'traits', 'flowering']",['rating'],Moderate
Juncus holoschoenus,,Juncaceae,native,native,juncus holoschoenus,Not Assessed / No exact match,graminoid herb,herbaceous,perennial,0.2,1.0,False,False,2.0,1987,5.0,1994-03-02T00:00:00Z,Not Assessed,Joint-leaf Rush,VBA,True,True,False,False,False,False,False,False,True,True,True,True,Sep–Feb,3,1.0,resprouts,vegetative,transient,falling near the parent plant / sticking to animals and clothing,Copes with waterlogged soil for over 6 months,False,Grass,cbe86db4-ad1f-4a6e-8fd5-0c371683a6a1,https://vicflora.rbg.vic.gov.au/flora/taxon/cbe86db4-ad1f-4a6e-8fd5-0c371683a6a1,"['origin', 'local_records', 'traits', 'flowering']",['rating'],Moderate
Juncus pallescens,,Juncaceae,introduced,naturalised,juncus pallescens,High Risk,graminoid,herbaceous,perennial,,,True,False,1.0,1985,1.0,1985-10-19T00:00:00Z,Reconsider Planting,Small-flower Rush,VBA,,,,,,,,,,,,,,0,,,,,,,False,Grass,5aa91bff-7c7a-439c-9191-cad0dcb1711c,https://vicflora.rbg.vic.gov.au/flora/taxon/5aa91bff-7c7a-439c-9191-cad0dcb1711c,"['rating', 'origin', 'local_records', 'traits', 'griis']",['flowering'],Moderate
Juncus pallidus,,Juncaceae,native,native,juncus pallidus,Not Assessed / No exact match,graminoid,herbaceous,perennial,0.5,2.0,True,False,5.0,2010,15.0,2026-05-06T09:54:21Z,Not Assessed,Pale Rush,VBA,True,True,False,False,False,False,False,True,True,True,True,True,Aug–Feb,4,1.0,resprouts,vegetative,transient,water / sticking to animals and clothing,Copes with waterlogged soil for over 6 months,False,Grass,7f5aacda-d46b-4f5e-b187-b6af0c43408d,https://vicflora.rbg.vic.gov.au/flora/taxon/7f5aacda-d46b-4f5e-b187-b6af0c43408d,"['origin', 'local_records', 'traits', 'flowering']",['rating'],Moderate
Juncus pauciflorus,Loose-flower Rush,Juncaceae,native,native,juncus pauciflorus,Not Assessed / No exact match,graminoid herb,herbaceous,perennial,0.3,1.0,False,False,0.0,No local records found,5.0,2005-01-19T00:00:00Z,Not Assessed,Loose-flower Rush,VicFlora,True,True,False,False,False,False,False,False,True,True,True,True,Sep–Feb,3,1.0,resprouts,not_vegetative,transient,water / sticking to animals and clothing,Copes with waterlogged soil for over 6 months,False,Grass,e0c1ce6a-70b5-4811-a011-196b8c1d6642,https://vicflora.rbg.vic.gov.au/flora/taxon/e0c1ce6a-70b5-4811-a011-196b8c1d6642,"['origin', 'local_records', 'traits', 'flowering']",['rating'],Moderate
Juncus planifolius,Broad-leaf Rush,Juncaceae,native,native,juncus planifolius,Not Assessed / No exact match,graminoid herb,herbaceous,perennial,0.3,0.75,False,False,4.0,1985,7.0,1985-10-19T00:00:00Z,Not Assessed,Broad-leaf Rush,VicFlora,True,True,True,True,True,True,True,True,True,True,True,True,All year,5,1.0,resprouts,vegetative,transient,falling near the parent plant / water,Copes with waterlogged soil for over 6 months,False,Grass,c52ee118-735f-478d-a9c5-b71874fd6bed,https://vicflora.rbg.vic.gov.au/flora/taxon/c52ee118-735f-478d-a9c5-b71874fd6bed,"['origin', 'local_records', 'traits', 'flowering']",['rating'],Moderate
Juncus procerus,,Juncaceae,native,native,juncus procerus,Not Assessed / No exact match,graminoid herb,herbaceous,perennial,1.45,2.5,False,False,2.0,2024,3.0,2024-08-01T00:00:00Z,Not Assessed,Tall Rush,VBA,True,True,False,False,False,False,False,False,True,True,True,True,Sep–Feb,2,1.0,resprouts,not_vegetative,transient,water / sticking to animals and clothing,Copes with waterlogged soil for over 6 months,False,Grass,4bd8c199-0651-478b-8ac4-59ad95f78b27,https://vicflora.rbg.vic.gov.au/flora/taxon/4bd8c199-0651-478b-8ac4-59ad95f78b27,"['origin', 'local_records', 'traits', 'flowering']",['rating'],Moderate
Juncus sarophorus,Broom Rush,Juncaceae,native,native,juncus sarophorus,Not Assessed / No exact match,graminoid herb,herbaceous,perennial,1.7,2.0,False,False,5.0,2010,7.0,2017-02-08T00:00:00Z,Not Assessed,Broom Rush,VicFlora,True,True,False,False,False,False,False,False,True,True,True,True,Sep–Feb,2,1.0,resprouts,not_vegetative,transient,water / sticking to animals and clothing,Copes with waterlogged soil for over 6 months,False,Grass,607f4b29-ad7a-4419-8024-5c59a131b779,https://vicflora.rbg.vic.gov.au/flora/taxon/607f4b29-ad7a-4419-8024-5c59a131b779,"['origin', 'local_records', 'traits', 'flowering']",['rating'],Moderate
Juncus subsecundus,Finger Rush,Juncaceae,native,native,juncus subsecundus,Not Assessed / No exact match,graminoid herb,herbaceous,perennial,0.3,1.0,False,False,4.0,2009,6.0,2016-08-01T00:00:00Z,Not Assessed,Finger Rush,VicFlora,True,True,False,False,False,False,False,False,True,True,True,True,Sep–Feb,3,1.0,resprouts,not_vegetative,transient,falling near the parent plant / wind,Copes with waterlogged soil for 1-6 months,False,Grass,6a7d4c4a-bf2f-4691-af5a-dc1cf9818ea8,https://vicflora.rbg.vic.gov.au/flora/taxon/6a7d4c4a-bf2f-4691-af5a-dc1cf9818ea8,"['origin', 'local_records', 'traits', 'flowering']",['rating'],Moderate
Juncus usitatus,Common Rush,Juncaceae,native,native,juncus usitatus,Not Assessed / No exact match,graminoid herb,herbaceous,perennial,0.6,1.2,True,False,1.0,1980,2.0,2023-07-13T00:00:00Z,Not Assessed,Common Rush,VicFlora,True,True,False,False,False,False,False,False,True,True,True,True,Sep–Feb,4,1.0,resprouts,vegetative,transient,wind / falling near the parent plant,Copes with waterlogged soil for over 6 months,False,Grass,cb13d436-a7a7-442e-b02c-f5d026753a7b,https://vicflora.rbg.vic.gov.au/flora/taxon/cb13d436-a7a7-442e-b02c-f5d026753a7b,"['origin', 'local_records', 'traits', 'flowering']",['rating'],Moderate
Kennedia prostrata,Running Postman,Fabaceae,native,native,kennedia prostrata,Not Assessed / No exact match,herb,herbaceous,perennial,0.0463,6.0,False,False,3.0,1980,39.0,2026-07-26T14:10:49Z,Not Assessed,Running Postman,VicFlora,False,True,True,True,True,True,True,True,True,True,True,False,Feb–Nov,4,1.0,fire_killed,not_vegetative,persistent,ants / animals,,True,Herb,5eeb73fc-e77c-474b-9c5f-e7c232abbd66,https://vicflora.rbg.vic.gov.au/flora/taxon/5eeb73fc-e77c-474b-9c5f-e7c232abbd66,"['origin', 'local_records', 'traits', 'flowering']",['rating'],Moderate
Kindbergia praelonga,,Brachytheciaceae,introduced,naturalised,kindbergia praelonga,Not Assessed / No exact match,,,,,,True,False,0.0,No local records found,4.0,2021-09-19T08:29:49Z,Not Assessed,,,,,,,,,,,,,,,,0,,,,,,,False,,6363aa7b-6f95-4a8b-a19c-d667fae99723,https://vicflora.rbg.vic.gov.au/flora/taxon/6363aa7b-6f95-4a8b-a19c-d667fae99723,"['origin', 'local_records', 'griis']","['rating', 'traits', 'flowering']",Limited
Lachnagrostis filiformis,,Poaceae,native,native,lachnagrostis filiformis,Not Assessed / No exact match,tussock,herbaceous,annual,0.15,1.0,False,False,5.0,2010,12.0,2026-04-08T10:21:26Z,Not Assessed,Common Blown-grass,ALA,True,True,False,False,False,False,False,False,True,True,True,True,Sep–Feb,5,1.0,partial_resprouting,not_vegetative,transient,wind / falling near the parent plant,Copes with waterlogged soil for over 6 months,False,Grass,5287d207-8bdc-4620-b4b7-3638dd9ddbe3,https://vicflora.rbg.vic.gov.au/flora/taxon/5287d207-8bdc-4620-b4b7-3638dd9ddbe3,"['origin', 'local_records', 'traits', 'flowering']",['rating'],Moderate
Lactuca serriola,Prickly Lettuce,Asteraceae,introduced,Not available,lactuca serriola,Lower Risk,herb,herbaceous,biennial,0.36,2.0,True,False,4.0,2009,13.0,2025-10-24T17:10:05Z,Lower Concern,Prickly Lettuce,VicFlora,True,True,True,True,False,False,False,False,True,True,True,True,Sep–Apr,2,1.0,fire_killed,not_vegetative,widely_dispersed,wind,,False,Herb,2d05edb5-3c08-43f8-852b-fd6220ded0ec,https://vicflora.rbg.vic.gov.au/flora/taxon/2d05edb5-3c08-43f8-852b-fd6220ded0ec,"['rating', 'origin', 'local_records', 'traits', 'flowering', 'griis']",[],Strong
Lagenophora stipitata,Blue Bottle-daisy,Asteraceae,native,native,lagenophora stipitata,Not Assessed / No exact match,herb,herbaceous,perennial,0.1,0.4,True,False,4.0,1980,5.0,2022-11-14T14:49:49Z,Not Assessed,Blue Bottle-daisy,VicFlora,True,True,True,True,True,False,False,False,True,True,True,True,Sep–May,4,1.0,resprouts,vegetative,transient,falling near the parent plant / wind,Copes with short wet spells (under a month),False,Herb,80e4f506-62c1-4c00-9032-4a0009af93cc,https://vicflora.rbg.vic.gov.au/flora/taxon/80e4f506-62c1-4c00-9032-4a0009af93cc,"['origin', 'local_records', 'traits', 'flowering']",['rating'],Moderate
Lagenophora sublyrata,Slender Bottle-daisy,Asteraceae,native,native,lagenophora sublyrata,Not Assessed / No exact match,herb,herbaceous,perennial,,,False,False,1.0,1987,2.0,1987-12-08T00:00:00Z,Not Assessed,Slender Bottle-daisy,VicFlora,True,True,False,True,False,False,False,False,False,True,False,True,"Apr, Oct, Dec–Feb",1,3.0,,,,wind,,False,Herb,79ed5365-45cd-4627-bcef-94c97a55717d,https://vicflora.rbg.vic.gov.au/flora/taxon/79ed5365-45cd-4627-bcef-94c97a55717d,"['origin', 'local_records', 'traits', 'flowering']",['rating'],Moderate
Laphangium luteoalbum,Jersey Cudweed,Asteraceae,native,native,laphangium luteoalbum,Not Assessed / No exact match,,,,,,False,False,6.0,2022,0.0,No local records found,Not Assessed,Jersey Cudweed,VicFlora,,,,,,,,,,,,,,0,,,,,,,False,,aeee7042-5a41-4478-8da2-dd4cc238a7a8,https://vicflora.rbg.vic.gov.au/flora/taxon/aeee7042-5a41-4478-8da2-dd4cc238a7a8,"['origin', 'local_records']","['rating', 'traits', 'flowering']",Limited
Lapsana communis,,Asteraceae,introduced,Not available,lapsana communis,Lower Risk,herb,herbaceous,annual biennial,1.0,1.25,True,False,0.0,No local records found,4.0,2023-07-13T00:00:00Z,Lower Concern,Nipplewort,ALA,True,True,False,False,False,False,False,False,False,False,False,True,Dec–Feb,1,1.0,,,,,,False,Herb,0f445714-d08f-4f4c-afc0-6726ba01289c,https://vicflora.rbg.vic.gov.au/flora/taxon/0f445714-d08f-4f4c-afc0-6726ba01289c,"['rating', 'origin', 'local_records', 'traits', 'flowering', 'griis']",[],Strong
Lapsana communis subsp. communis,Nipplewort,Asteraceae,introduced,naturalised,lapsana communis,Lower Risk,herb,herbaceous,annual biennial,1.0,1.25,True,False,0.0,No local records found,4.0,2023-07-13T00:00:00Z,Lower Concern,Nipplewort,VicFlora,True,True,False,False,False,False,False,False,False,False,False,True,Dec–Feb,1,1.0,,,,,,False,Herb,891a8d2a-812a-4147-8f5f-c7db235f379e,https://vicflora.rbg.vic.gov.au/flora/taxon/891a8d2a-812a-4147-8f5f-c7db235f379e,"['rating', 'origin', 'local_records', 'traits', 'flowering', 'griis']",[],Strong
Lemna disperma,Common Duckweed,Araceae,native,native,lemna disperma,Not Assessed / No exact match,herb,herbaceous,perennial,0.01,0.05,False,False,1.0,2007,1.0,2007-09-24T00:00:00Z,Not Assessed,Common Duckweed,VicFlora,False,False,False,False,True,False,False,False,True,True,True,True,"May, Sep–Dec",3,2.0,fire_killed,vegetative,transient,water / sticking to animals and clothing,Grows in water,False,Herb,813da228-da0a-4e6a-bb3d-b76a2d6b94a4,https://vicflora.rbg.vic.gov.au/flora/taxon/813da228-da0a-4e6a-bb3d-b76a2d6b94a4,"['origin', 'local_records', 'traits', 'flowering']",['rating'],Moderate
Leontodon saxatilis,Lesser Hawkbit | Hairy Hawkbit,Asteraceae,introduced,Not available,leontodon saxatilis,Not Assessed / No exact match,herb,herbaceous,biennial perennial,0.15,0.4,True,False,3.0,2010,5.0,2024-12-27T13:05:00Z,Not Assessed,Lesser Hawkbit | Hairy Hawkbit,VicFlora,True,True,False,False,False,False,False,True,True,True,True,True,Aug–Feb,1,1.0,,,widely_dispersed,,,False,Herb,a6ccf192-80ad-4e3d-bffe-2c1d9c8d4a03,https://vicflora.rbg.vic.gov.au/flora/taxon/a6ccf192-80ad-4e3d-bffe-2c1d9c8d4a03,"['origin', 'local_records', 'traits', 'flowering', 'griis']",['rating'],Moderate
Leontodon saxatilis subsp. saxatilis,Lesser Hawkbit | Hairy Hawkbit,Asteraceae,introduced,naturalised,leontodon saxatilis,Not Assessed / No exact match,herb,herbaceous,biennial perennial,0.15,0.4,True,False,3.0,2010,5.0,2024-12-27T13:05:00Z,Not Assessed,Lesser Hawkbit | Hairy Hawkbit,VicFlora,True,True,False,False,False,False,False,True,True,True,True,True,Aug–Feb,1,1.0,,,widely_dispersed,,,False,Herb,08d7ba37-b14c-4bf5-b548-ceb009b8aa74,https://vicflora.rbg.vic.gov.au/flora/taxon/08d7ba37-b14c-4bf5-b548-ceb009b8aa74,"['origin', 'local_records', 'traits', 'flowering', 'griis']",['rating'],Moderate
Lepidium africanum,Common Peppercress | Rubble Peppercress,Brassicaceae,introduced,naturalised,lepidium africanum,Moderately High Risk,herb,herbaceous,annual perennial,0.1,0.8,True,False,2.0,2010,5.0,2025-05-28T15:11:12Z,Use Caution,Common Peppercress | Rubble Peppercress,VicFlora,,,,,,,,,,,,,,0,,,,,,,False,Herb,fcbe10d3-db39-4f76-bd46-061d1f133d16,https://vicflora.rbg.vic.gov.au/flora/taxon/fcbe10d3-db39-4f76-bd46-061d1f133d16,"['rating', 'origin', 'local_records', 'traits', 'griis']",['flowering'],Moderate
Lepidium didymum,Lesser Swine's Cress,Brassicaceae,introduced,naturalised,lepidium didymum,High Risk,herb,herbaceous,annual perennial,0.15,0.3,True,False,1.0,1985,1.0,1985-10-19T00:00:00Z,Reconsider Planting,Lesser Swine's Cress,VicFlora,,,,,,,,,,,,,,0,,fire_killed,,,,,False,Herb,1044cc3a-2983-4f71-a52d-f5a836ec150a,https://vicflora.rbg.vic.gov.au/flora/taxon/1044cc3a-2983-4f71-a52d-f5a836ec150a,"['rating', 'origin', 'local_records', 'traits', 'griis']",['flowering'],Moderate
Lepidosperma elatius,Tall Sword-sedge,Cyperaceae,native,native,lepidosperma elatius,Not Assessed / No exact match,tussock,herbaceous,perennial,0.65,0.65,False,False,2.0,1985,6.0,1985-11-28T00:00:00Z,Not Assessed,Tall Sword-sedge,VicFlora,True,True,False,False,False,False,False,False,True,True,True,True,Sep–Feb,2,1.0,resprouts,not_vegetative,persistent,falling near the parent plant / ants,Copes with waterlogged soil for over 6 months,False,Grass,b2f97b1e-a797-4ab4-824d-556287357e58,https://vicflora.rbg.vic.gov.au/flora/taxon/b2f97b1e-a797-4ab4-824d-556287357e58,"['origin', 'local_records', 'traits', 'flowering']",['rating'],Moderate
Lepidosperma filiforme,Common Rapier-sedge,Cyperaceae,native,native,lepidosperma filiforme,Not Assessed / No exact match,herb,herbaceous,perennial,0.7,0.7,False,False,1.0,1912,1.0,1912-08-10T00:00:00Z,Not Assessed,Common Rapier-sedge,VicFlora,True,True,True,True,True,False,False,False,True,True,True,True,Sep–May,3,1.0,resprouts,not_vegetative,persistent,falling near the parent plant / ants,Copes with waterlogged soil for 1-6 months,False,Herb,4d47d540-6814-4592-93ac-fe6664508b56,https://vicflora.rbg.vic.gov.au/flora/taxon/4d47d540-6814-4592-93ac-fe6664508b56,"['origin', 'local_records', 'traits', 'flowering']",['rating'],Moderate
Lepidosperma gladiatum,Coast Sword-sedge,Cyperaceae,native,native,lepidosperma gladiatum,Not Assessed / No exact match,graminoid herb,herbaceous,perennial,0.5,3.0,False,False,0.0,No local records found,1.0,1895-04-13T00:00:00Z,Not Assessed,Coast Sword-sedge,VicFlora,True,True,True,True,True,False,False,False,True,True,True,True,Sep–May,3,1.0,resprouts,not_vegetative,persistent,falling near the parent plant / ants,,True,Grass,e52dc5f3-8015-4bdd-8467-6ce6f304fd3e,https://vicflora.rbg.vic.gov.au/flora/taxon/e52dc5f3-8015-4bdd-8467-6ce6f304fd3e,"['origin', 'local_records', 'traits', 'flowering']",['rating'],Moderate
Lepidosperma gunnii,Little Sword-sedge,Cyperaceae,native,native,lepidosperma gunnii,Not Assessed / No exact match,graminoid herb,herbaceous,perennial,,,False,False,5.0,2009,9.0,2023-07-13T00:00:00Z,Not Assessed,Little Sword-sedge,VicFlora,True,True,False,False,False,False,False,False,True,True,True,True,Sep–Feb,2,1.0,resprouts,not_vegetative,persistent,ants / animals,Copes with short wet spells (under a month),False,Grass,e4a6f353-bbee-44f1-bbf2-7b06238b2e4e,https://vicflora.rbg.vic.gov.au/flora/taxon/e4a6f353-bbee-44f1-bbf2-7b06238b2e4e,"['origin', 'local_records', 'traits', 'flowering']",['rating'],Moderate
Lepidosperma laterale,Variable Sword-sedge,Cyperaceae,native,native,lepidosperma laterale,Not Assessed / No exact match,herb,herbaceous,perennial,0.98,1.0,True,False,5.0,2006,13.0,2006-07-17T00:00:00Z,Not Assessed,Variable Sword-sedge,VicFlora,True,True,True,True,True,True,True,True,True,True,True,True,All year,4,1.0,resprouts,not_vegetative,persistent,ants / animals,Copes with waterlogged soil for over 6 months,False,Herb,7ee66c32-5fe7-4c26-a134-b71cc208e44b,https://vicflora.rbg.vic.gov.au/flora/taxon/7ee66c32-5fe7-4c26-a134-b71cc208e44b,"['origin', 'local_records', 'traits', 'flowering']",['rating'],Moderate
Lepidosperma longitudinale,Pithy Sword-sedge,Cyperaceae,native,native,lepidosperma longitudinale,Not Assessed / No exact match,graminoid herb,herbaceous,perennial,0.1,2.0,False,False,0.0,No local records found,2.0,1895-04-13T00:00:00Z,Not Assessed,Pithy Sword-sedge,VicFlora,True,True,True,True,True,True,True,True,True,True,True,True,All year,5,1.0,resprouts,not_vegetative,persistent,falling near the parent plant / ants,Copes with waterlogged soil for over 6 months,False,Grass,5212db17-3075-44ff-9c4a-bc4fa83a6f3b,https://vicflora.rbg.vic.gov.au/flora/taxon/5212db17-3075-44ff-9c4a-bc4fa83a6f3b,"['origin', 'local_records', 'traits', 'flowering']",['rating'],Moderate
Lepidosperma sieberi,Sandhill Sword-sedge,Cyperaceae,native,native,lepidosperma sieberi,Not Assessed / No exact match,graminoid herb,herbaceous,perennial,0.2,0.45,False,False,0.0,No local records found,1.0,1889-02-22T00:00:00Z,Not Assessed,Sandhill Sword-sedge,VicFlora,,,,,,,,,,,,,,0,,resprouts,,,falling near the parent plant / ants,,False,Grass,ee5496e9-6145-4d6b-8179-afb68bcd67f5,https://vicflora.rbg.vic.gov.au/flora/taxon/ee5496e9-6145-4d6b-8179-afb68bcd67f5,"['origin', 'local_records', 'traits']","['rating', 'flowering']",Moderate
Leptinella reptans,,Asteraceae,native,native,leptinella reptans,Not Assessed / No exact match,herb,herbaceous,perennial,0.05,0.15,False,False,0.0,No local records found,1.0,,Not Assessed,Creeping Cotula,ALA,True,True,True,True,True,True,True,True,True,True,True,True,All year,1,1.0,resprouts,vegetative,transient,animals / wind,Copes with waterlogged soil for over 6 months,False,Herb,d9250f5d-b8bd-456e-ad39-456961abf24e,https://vicflora.rbg.vic.gov.au/flora/taxon/d9250f5d-b8bd-456e-ad39-456961abf24e,"['origin', 'local_records', 'traits', 'flowering']",['rating'],Moderate
Leptobryum pyriforme,,Meesiaceae,uncertain,Not available,leptobryum pyriforme,Not Assessed / No exact match,,,,,,False,False,0.0,No local records found,1.0,1972-09-20T00:00:00Z,Not Assessed,Golden Thread-moss,ALA,,,,,,,,,,,,,,0,,,,,,,False,,5a4176f7-7b40-4791-a1ed-7c8584681d40,https://vicflora.rbg.vic.gov.au/flora/taxon/5a4176f7-7b40-4791-a1ed-7c8584681d40,"['origin', 'local_records']","['rating', 'traits', 'flowering']",Limited
Leptocarpus tenax,Slender Twine-rush,Restionaceae,native,native,leptocarpus tenax,Not Assessed / No exact match,graminoid herb,herbaceous,perennial,0.4,1.0,False,False,1.0,1969,1.0,1969-09-01T00:00:00Z,Not Assessed,Slender Twine-rush,VicFlora,True,True,True,True,True,True,True,True,True,True,True,True,All year,4,1.0,resprouts,vegetative,persistent,falling near the parent plant / wind,Copes with waterlogged soil for over 6 months,False,Grass,fe0cc9c8-a54c-498b-955a-a0a1abda62fe,https://vicflora.rbg.vic.gov.au/flora/taxon/fe0cc9c8-a54c-498b-955a-a0a1abda62fe,"['origin', 'local_records', 'traits', 'flowering']",['rating'],Moderate
Leptoceras menziesii,,Orchidaceae,native,native,leptoceras menziesii,Not Assessed / No exact match,herb,herbaceous,perennial,0.06,0.3,False,False,3.0,1982,3.0,1982-10-10T00:00:00Z,Not Assessed,Hare Orchid,VBA,False,False,False,False,False,False,False,True,True,True,True,False,Aug–Nov,2,1.0,resprouts,vegetative,transient,wind,,True,Herb,6162161f-2d18-4af4-8c33-800d5995ed84,https://vicflora.rbg.vic.gov.au/flora/taxon/6162161f-2d18-4af4-8c33-800d5995ed84,"['origin', 'local_records', 'traits', 'flowering']",['rating'],Moderate
Leptodictyum riparium,,Amblystegiaceae,native,native,leptodictyum riparium,Not Assessed / No exact match,,,,,,False,False,0.0,No local records found,1.0,2023-11-30T00:00:00Z,Not Assessed,Marsh Feather-moss,ALA,,,,,,,,,,,,,,0,,,,,,,False,,4a59029d-1341-4065-bf24-7048e7496dfe,https://vicflora.rbg.vic.gov.au/flora/taxon/4a59029d-1341-4065-bf24-7048e7496dfe,"['origin', 'local_records']","['rating', 'traits', 'flowering']",Limited
Leptorhynchos squamatus,Scaly Buttons,Asteraceae,native,native,leptorhynchos squamatus,Not Assessed / No exact match,herb,herbaceous,perennial,0.06,1.089,False,False,0.0,No local records found,2.0,1991-11-29T00:00:00Z,Not Assessed,Scaly Buttons,VicFlora,True,True,True,True,True,False,False,False,True,True,True,True,Sep–May,3,1.0,resprouts,not_vegetative,transient,wind,,True,Herb,0334d706-d368-4243-bf08-6250d650b3ec,https://vicflora.rbg.vic.gov.au/flora/taxon/0334d706-d368-4243-bf08-6250d650b3ec,"['origin', 'local_records', 'traits', 'flowering']",['rating'],Moderate
Leptorhynchos tenuifolius,Wiry Buttons,Asteraceae,native,native,leptorhynchos tenuifolius,Not Assessed / No exact match,herb,herbaceous,perennial,0.1,0.4,False,False,6.0,1980,12.0,1985-04-01T00:00:00Z,Not Assessed,Wiry Buttons,VicFlora,True,True,True,True,False,False,False,False,True,True,True,True,Sep–Apr,1,1.0,resprouts,not_vegetative,transient,wind,,True,Herb,e0c57172-8099-41ec-bf61-d181965d9c6d,https://vicflora.rbg.vic.gov.au/flora/taxon/e0c57172-8099-41ec-bf61-d181965d9c6d,"['origin', 'local_records', 'traits', 'flowering']",['rating'],Moderate
Leptospermum continentale,Prickly Teatree,Myrtaceae,native,native,leptospermum continentale,Not Assessed / No exact match,shrub,woody,perennial,1.0,4.0,False,False,9.0,2006,37.0,2025-09-18T09:51:44Z,Not Assessed,Prickly Teatree,VicFlora,True,True,False,False,False,False,False,False,True,True,True,True,Sep–Feb,3,1.0,resprouts,not_vegetative,long_persistent,wind / falling near the parent plant,Copes with waterlogged soil for over 6 months,False,Shrub,532b199d-298c-4dd8-9abd-c442b03afd43,https://vicflora.rbg.vic.gov.au/flora/taxon/532b199d-298c-4dd8-9abd-c442b03afd43,"['origin', 'local_records', 'traits', 'flowering']",['rating'],Moderate
Leptospermum lanigerum,Woolly Teatree,Myrtaceae,native,native,leptospermum lanigerum,Not Assessed / No exact match,tree,woody,perennial,3.0,30.0,False,False,1.0,2006,8.0,2024-09-23T16:17:12Z,Not Assessed,Woolly Teatree,VicFlora,True,True,False,False,False,False,False,False,True,True,True,True,Sep–Feb,4,1.0,resprouts,not_vegetative,transient,wind / falling near the parent plant,Copes with waterlogged soil for over 6 months,False,Tree,fd4cb81c-65e7-4317-8579-c4ddb955f769,https://vicflora.rbg.vic.gov.au/flora/taxon/fd4cb81c-65e7-4317-8579-c4ddb955f769,"['origin', 'local_records', 'traits', 'flowering']",['rating'],Moderate
Leptospermum scoparium,Manuka | Broom Teatree,Myrtaceae,native,native,leptospermum scoparium,Not Assessed / No exact match,shrub,woody,perennial,2.0,5.0,False,False,0.0,No local records found,1.0,1989-12-28T00:00:00Z,Not Assessed,Manuka | Broom Teatree,VicFlora,True,True,True,False,False,False,False,False,True,True,True,True,Sep–Mar,3,1.0,resprouts,not_vegetative,transient,wind,Copes with waterlogged soil for 1-6 months,False,Shrub,c8643adb-3750-4d1f-a896-d5d2278b2ab5,https://vicflora.rbg.vic.gov.au/flora/taxon/c8643adb-3750-4d1f-a896-d5d2278b2ab5,"['origin', 'local_records', 'traits', 'flowering']",['rating'],Moderate
Lepyrodia muelleri,Common Scale-rush | Erect Scale-rush,Restionaceae,native,native,lepyrodia muelleri,Not Assessed / No exact match,graminoid herb,herbaceous,perennial,0.7,0.7,False,False,2.0,1912,7.0,1912-06-22T00:00:00Z,Not Assessed,Common Scale-rush | Erect Scale-rush,VicFlora,True,True,True,True,False,False,False,False,True,True,True,True,Sep–Apr,2,1.0,resprouts,vegetative,persistent,wind / animals,Copes with waterlogged soil for over 6 months,False,Grass,dce64a84-2037-4fe4-a78c-6e64693cb23f,https://vicflora.rbg.vic.gov.au/flora/taxon/dce64a84-2037-4fe4-a78c-6e64693cb23f,"['origin', 'local_records', 'traits', 'flowering']",['rating'],Moderate
Leucophyta brownii,Cushion Bush,Asteraceae,native,native,leucophyta brownii,Not Assessed / No exact match,shrub,woody,perennial,1.0,1.0,False,False,0.0,No local records found,0.0,No local records found,Not Assessed,Cushion Bush,VicFlora,True,True,False,False,False,False,False,False,True,True,True,True,Sep–Feb,2,1.0,,not_vegetative,long_persistent,wind,,True,Shrub,1c165fca-558c-4b1a-95b2-ce61d1e747f4,https://vicflora.rbg.vic.gov.au/flora/taxon/1c165fca-558c-4b1a-95b2-ce61d1e747f4,"['origin', 'traits', 'flowering']","['rating', 'local_records']",Moderate
Leucopogon parviflorus,Coast Beard-heath,Ericaceae,native,native,leucopogon parviflorus,Not Assessed / No exact match,shrub,woody,perennial,0.3,5.0,False,False,0.0,No local records found,0.0,No local records found,Not Assessed,Coast Beard-heath,VicFlora,True,True,True,True,True,True,True,True,True,True,True,True,All year,6,1.0,resprouts,not_vegetative,persistent,birds and animals eating the fruit / animals,,True,Shrub,a0c8b368-801a-4fd9-bc60-1a8f39bd01a6,https://vicflora.rbg.vic.gov.au/flora/taxon/a0c8b368-801a-4fd9-bc60-1a8f39bd01a6,"['origin', 'traits', 'flowering']","['rating', 'local_records']",Moderate
Leucopogon virgatus,Common Beard-heath,Ericaceae,native,native,leucopogon virgatus,Not Assessed / No exact match,shrub,woody,perennial,0.35,1.0,False,False,0.0,No local records found,18.0,2026-09-03T10:50:22Z,Not Assessed,Common Beard-heath,VicFlora,True,True,True,True,True,True,True,True,True,True,True,True,All year,3,1.0,resprouts,not_vegetative,persistent,birds and animals eating the fruit / ants,,True,Shrub,c1d11fa5-92f8-416f-8034-807ed7a86db7,https://vicflora.rbg.vic.gov.au/flora/taxon/c1d11fa5-92f8-416f-8034-807ed7a86db7,"['origin', 'local_records', 'traits', 'flowering']",['rating'],Moderate
Leucopogon virgatus var. virgatus,,Ericaceae,native,native,leucopogon virgatus,Not Assessed / No exact match,shrub,woody,perennial,0.35,1.0,False,False,0.0,No local records found,18.0,2026-09-03T10:50:22Z,Not Assessed,Common Beard-heath,ALA,True,True,True,True,True,True,True,True,True,True,True,True,All year,3,1.0,resprouts,not_vegetative,persistent,birds and animals eating the fruit / ants,,True,Shrub,3563533e-56de-46cd-acf4-7043c993b6d6,https://vicflora.rbg.vic.gov.au/flora/taxon/3563533e-56de-46cd-acf4-7043c993b6d6,"['origin', 'local_records', 'traits', 'flowering']",['rating'],Moderate
Levenhookia dubia,Hairy Stylewort,Stylidiaceae,native,native,levenhookia dubia,Not Assessed / No exact match,herb,herbaceous,annual,0.01,0.08,False,False,0.0,No local records found,1.0,1885-10-01T00:00:00Z,Not Assessed,Hairy Stylewort,VicFlora,True,True,False,False,False,False,False,True,True,True,True,True,Aug–Feb,6,1.0,fire_killed,not_vegetative,transient,sticking to animals and clothing / animals,Copes with waterlogged soil for 1-6 months,False,Herb,24812ef8-e9d9-41ea-80ee-80507cfa40a4,https://vicflora.rbg.vic.gov.au/flora/taxon/24812ef8-e9d9-41ea-80ee-80507cfa40a4,"['origin', 'local_records', 'traits', 'flowering']",['rating'],Moderate
Lewinskya tasmanica,,Orthotrichaceae,native,native,lewinskya tasmanica,Not Assessed / No exact match,,,,,,False,False,0.0,No local records found,0.0,No local records found,Not Assessed,,,,,,,,,,,,,,,,0,,,,,,,False,,0a36991d-04e4-4e32-8a40-00fdf4c0e8fd,https://vicflora.rbg.vic.gov.au/flora/taxon/0a36991d-04e4-4e32-8a40-00fdf4c0e8fd,['origin'],"['rating', 'local_records', 'traits', 'flowering']",Limited
Lewinskya tasmanica var. tasmanica,,Orthotrichaceae,native,native,lewinskya tasmanica,Not Assessed / No exact match,,,,,,False,False,0.0,No local records found,0.0,No local records found,Not Assessed,,,,,,,,,,,,,,,,0,,,,,,,False,,c8b4bfae-0f5c-4f5e-b80d-bf4f2df586ec,https://vicflora.rbg.vic.gov.au/flora/taxon/c8b4bfae-0f5c-4f5e-b80d-bf4f2df586ec,['origin'],"['rating', 'local_records', 'traits', 'flowering']",Limited
Ligustrum lucidum,Large-leaved Privet,Oleaceae,introduced,naturalised,ligustrum lucidum,Very High Risk,shrub tree,woody,perennial,3.0,20.0,True,False,0.0,No local records found,26.0,2025-08-09T14:38:00Z,Reconsider Planting,Large-leaved Privet,VicFlora,True,True,False,False,False,False,False,False,True,True,True,True,Sep–Feb,2,1.0,resprouts,not_vegetative,widely_dispersed,birds and animals eating the fruit,,False,Tree,a3f30408-1ea4-4336-82cf-db1554a0de02,https://vicflora.rbg.vic.gov.au/flora/taxon/a3f30408-1ea4-4336-82cf-db1554a0de02,"['rating', 'origin', 'local_records', 'traits', 'flowering', 'griis']",[],Strong
Ligustrum ovalifolium,Japanese Privet | Hedge Privet | California Privet,Oleaceae,introduced,adventive,ligustrum ovalifolium,High Risk,shrub,woody,perennial,5.0,5.0,True,False,1.0,2000,1.0,2000-04-26T00:00:00Z,Reconsider Planting,Japanese Privet | Hedge Privet | California Privet,VicFlora,,,,,,,,,,,,,,0,,,,,,,False,Shrub,7a7993aa-350f-4fd5-a467-c4d748de6bb0,https://vicflora.rbg.vic.gov.au/flora/taxon/7a7993aa-350f-4fd5-a467-c4d748de6bb0,"['rating', 'origin', 'local_records', 'traits', 'griis']",['flowering'],Moderate
Lindsaea linearis,Screw Fern,Lindsaeaceae,native,native,lindsaea linearis,Not Assessed / No exact match,fern,herbaceous,perennial,0.07,0.5,False,False,0.0,No local records found,4.0,1986-11-01T00:00:00Z,Not Assessed,Screw Fern,VicFlora,,,,,,,,,,,,,,0,,resprouts,vegetative,transient,wind / falling near the parent plant,Copes with short wet spells (under a month),False,Fern,70f0ddf1-57ec-482e-9337-054a7ef89bf7,https://vicflora.rbg.vic.gov.au/flora/taxon/70f0ddf1-57ec-482e-9337-054a7ef89bf7,"['origin', 'local_records', 'traits']","['rating', 'flowering']",Moderate
Linum trigynum,French Flax,Linaceae,introduced,naturalised,linum trigynum,Medium Risk,herb,herbaceous,annual,0.1,0.7,True,False,1.0,2000,1.0,2000-10-12T00:00:00Z,Use Caution,French Flax,VicFlora,True,True,False,False,False,False,False,False,True,True,True,True,Sep–Feb,2,1.0,fire_killed,,,,,False,Herb,5434efcb-3720-4fe5-9727-203e6ec26a78,https://vicflora.rbg.vic.gov.au/flora/taxon/5434efcb-3720-4fe5-9727-203e6ec26a78,"['rating', 'origin', 'local_records', 'traits', 'flowering', 'griis']",[],Strong
Lobelia anceps,Angled Lobelia,Campanulaceae,native,native,lobelia anceps,Not Assessed / No exact match,herb,herbaceous,perennial,0.2,1.2,False,False,5.0,1898,6.0,2026-04-27T09:18:21Z,Not Assessed,Angled Lobelia,VicFlora,True,True,True,True,True,True,True,True,True,True,True,True,All year,6,1.0,fire_killed,not_vegetative,persistent,falling near the parent plant / animals,Copes with waterlogged soil for over 6 months,False,Herb,86f77174-3a20-4940-831e-b706381308ca,https://vicflora.rbg.vic.gov.au/flora/taxon/86f77174-3a20-4940-831e-b706381308ca,"['origin', 'local_records', 'traits', 'flowering']",['rating'],Moderate
Lobelia concolor,Poison Pratia,Campanulaceae,native,native,lobelia concolor,Not Assessed / No exact match,herb,herbaceous,perennial,1.1,1.1,False,False,0.0,No local records found,1.0,,Not Assessed,Poison Pratia,VicFlora,True,True,True,True,False,False,False,False,False,False,False,True,Dec–Apr,2,1.0,resprouts,not_vegetative,persistent,falling near the parent plant / animals,Copes with waterlogged soil for 1-6 months,False,Herb,94e601b1-fdc3-4c79-9fa7-54a6c51dddb0,https://vicflora.rbg.vic.gov.au/flora/taxon/94e601b1-fdc3-4c79-9fa7-54a6c51dddb0,"['origin', 'local_records', 'traits', 'flowering']",['rating'],Moderate
Lobelia gibbosa,Tall Lobelia,Campanulaceae,native,native,lobelia gibbosa,Not Assessed / No exact match,herb,herbaceous,annual,0.037,0.65,False,False,0.0,No local records found,1.0,1885-01-25T00:00:00Z,Not Assessed,Tall Lobelia,VicFlora,True,True,True,False,False,False,False,False,False,True,True,True,Oct–Mar,4,1.0,fire_killed,not_vegetative,persistent,animals / wind,,True,Herb,1d03cf72-b1c2-4b47-9d2c-925d96dbd1f1,https://vicflora.rbg.vic.gov.au/flora/taxon/1d03cf72-b1c2-4b47-9d2c-925d96dbd1f1,"['origin', 'local_records', 'traits', 'flowering']",['rating'],Moderate
Lobelia pedunculata,Matted Pratia,Campanulaceae,native,native,lobelia pedunculata,Not Assessed / No exact match,herb,herbaceous,perennial,0.02,0.1,True,False,1.0,1998,1.0,1998-06-01T00:00:00Z,Not Assessed,Matted Pratia,VicFlora,True,True,True,False,False,False,False,False,False,True,True,True,Oct–Mar,4,1.0,resprouts,vegetative,persistent,animals / falling near the parent plant,Copes with waterlogged soil for over 6 months,False,Herb,164e01e1-4712-4348-8307-5501b7378ae8,https://vicflora.rbg.vic.gov.au/flora/taxon/164e01e1-4712-4348-8307-5501b7378ae8,"['origin', 'local_records', 'traits', 'flowering']",['rating'],Moderate
Lobelia pratioides,Poison Lobelia,Campanulaceae,native,native,lobelia pratioides,Not Assessed / No exact match,herb,herbaceous,perennial,0.05,0.0858,False,False,2.0,1904,0.0,No local records found,Not Assessed,Poison Lobelia,VicFlora,True,False,False,False,False,False,False,False,False,False,True,True,Nov–Jan,1,1.0,resprouts,vegetative,long_persistent,falling near the parent plant / animals,Copes with waterlogged soil for 1-6 months,False,Herb,31acaf2f-eb35-4b41-840b-d1705b75e75a,https://vicflora.rbg.vic.gov.au/flora/taxon/31acaf2f-eb35-4b41-840b-d1705b75e75a,"['origin', 'local_records', 'traits', 'flowering']",['rating'],Moderate
Lobelia simplicicaulis,,Campanulaceae,native,native,lobelia simplicicaulis,Not Assessed / No exact match,herb,herbaceous,annual perennial,0.15,0.9,False,False,0.0,No local records found,1.0,1885-01-25T00:00:00Z,Not Assessed,Narrow Lobelia,ALA,True,True,True,False,False,False,False,False,False,False,True,True,Nov–Mar,1,1.0,fire_killed,not_vegetative,persistent,falling near the parent plant / animals,,True,Herb,fd91440b-55a9-46bc-ab83-b39d71c4d728,https://vicflora.rbg.vic.gov.au/flora/taxon/fd91440b-55a9-46bc-ab83-b39d71c4d728,"['origin', 'local_records', 'traits', 'flowering']",['rating'],Moderate
Lobularia maritima,Sweet Alyssum | Sweet Alice,Brassicaceae,introduced,naturalised,lobularia maritima,Medium Risk,herb,herbaceous,perennial,0.05,0.4,True,False,0.0,No local records found,2.0,2024-04-29T16:28:49Z,Use Caution,Sweet Alyssum | Sweet Alice,VicFlora,,,,,,,,,,,,,,0,,fire_killed,,,,,False,Herb,4c077d0d-b9a2-4fcb-9d42-dec9e60c420c,https://vicflora.rbg.vic.gov.au/flora/taxon/4c077d0d-b9a2-4fcb-9d42-dec9e60c420c,"['rating', 'origin', 'local_records', 'traits', 'griis']",['flowering'],Moderate
Lolium perenne,Perennial Ryegrass,Poaceae,introduced,naturalised,lolium perenne,Medium Risk,graminoid herb,herbaceous,perennial,0.08,1.2,True,False,6.0,2010,32.0,2024-11-06T15:36:00Z,Use Caution,Perennial Ryegrass,VicFlora,True,False,False,False,False,False,False,True,True,True,True,True,Aug–Jan,2,1.0,fire_killed,not_vegetative,widely_dispersed,wind,,False,Grass,0836e5d4-ac61-4277-8f89-e6b044e9e4da,https://vicflora.rbg.vic.gov.au/flora/taxon/0836e5d4-ac61-4277-8f89-e6b044e9e4da,"['rating', 'origin', 'local_records', 'traits', 'flowering', 'griis']",[],Strong
Lolium rigidum,Wimmera Rye-grass,Poaceae,introduced,naturalised,lolium rigidum,Medium Risk,graminoid herb,herbaceous,annual,0.3,1.2,True,False,2.0,2009,3.0,2009-07-16T00:00:00Z,Use Caution,Wimmera Rye-grass,VicFlora,False,False,False,False,False,False,False,True,True,True,True,False,Aug–Nov,2,1.0,fire_killed,,widely_dispersed,,,False,Grass,9c039cf8-8ef4-45de-9570-94be7262c1ea,https://vicflora.rbg.vic.gov.au/flora/taxon/9c039cf8-8ef4-45de-9570-94be7262c1ea,"['rating', 'origin', 'local_records', 'traits', 'flowering', 'griis']",[],Strong
Lomandra filiformis,,Asparagaceae,native,native,lomandra filiformis,Not Assessed / No exact match,tussock,herbaceous,perennial,0.1967,0.54,False,False,14.0,2009,34.0,2026-04-24T10:24:30Z,Not Assessed,Wattle Mat-rush,VBA,True,True,True,False,False,False,False,False,True,True,True,True,Sep–Mar,7,1.0,resprouts,vegetative,persistent,ants / falling near the parent plant,,True,Grass,7b21fa2e-14c5-4bbb-a4ba-6ee64e3d0b48,https://vicflora.rbg.vic.gov.au/flora/taxon/7b21fa2e-14c5-4bbb-a4ba-6ee64e3d0b48,"['origin', 'local_records', 'traits', 'flowering']",['rating'],Moderate
Lomandra filiformis subsp. coriacea,Wattle Mat-rush,Asparagaceae,native,native,lomandra filiformis,Not Assessed / No exact match,tussock,herbaceous,perennial,0.1967,0.54,False,False,14.0,2009,34.0,2026-04-24T10:24:30Z,Not Assessed,Wattle Mat-rush,VicFlora,True,True,True,False,False,False,False,False,True,True,True,True,Sep–Mar,7,1.0,resprouts,vegetative,persistent,ants / falling near the parent plant,,True,Grass,d2e291e9-1594-4ce8-a1ce-7ab85939c4af,https://vicflora.rbg.vic.gov.au/flora/taxon/d2e291e9-1594-4ce8-a1ce-7ab85939c4af,"['origin', 'local_records', 'traits', 'flowering']",['rating'],Moderate
Lomandra filiformis subsp. filiformis,,Asparagaceae,native,native,lomandra filiformis,Not Assessed / No exact match,tussock,herbaceous,perennial,0.1967,0.54,False,False,14.0,2009,34.0,2026-04-24T10:24:30Z,Not Assessed,Wattle Mat-rush,VBA,True,True,True,False,False,False,False,False,True,True,True,True,Sep–Mar,7,1.0,resprouts,vegetative,persistent,ants / falling near the parent plant,,True,Grass,5b1289fe-bdac-41e5-bfea-c7990a308b99,https://vicflora.rbg.vic.gov.au/flora/taxon/5b1289fe-bdac-41e5-bfea-c7990a308b99,"['origin', 'local_records', 'traits', 'flowering']",['rating'],Moderate
Lomandra longifolia,Spiny-headed Mat-rush | Karawun,Asparagaceae,native,native,lomandra longifolia,Not Assessed / No exact match,herb,herbaceous,perennial,0.4,1.0,False,False,10.0,2022,141.0,2026-08-20T11:52:42Z,Not Assessed,Spiny-headed Mat-rush | Karawun,VicFlora,True,True,True,True,True,True,True,True,True,True,True,True,All year,7,1.0,resprouts,not_vegetative,persistent,ants / falling near the parent plant,Copes with waterlogged soil for 1-6 months,False,Herb,379477a3-2398-4a47-b81f-46dd3a735115,https://vicflora.rbg.vic.gov.au/flora/taxon/379477a3-2398-4a47-b81f-46dd3a735115,"['origin', 'local_records', 'traits', 'flowering']",['rating'],Moderate
Lomandra longifolia subsp. longifolia,,Asparagaceae,native,native,lomandra longifolia,Not Assessed / No exact match,herb,herbaceous,perennial,0.4,1.0,False,False,10.0,2022,141.0,2026-08-20T11:52:42Z,Not Assessed,Spiny-headed Mat-rush,VBA,True,True,True,True,True,True,True,True,True,True,True,True,All year,7,1.0,resprouts,not_vegetative,persistent,ants / falling near the parent plant,Copes with waterlogged soil for 1-6 months,False,Herb,3422d6d0-a21e-435c-b05a-ae5d3db909bb,https://vicflora.rbg.vic.gov.au/flora/taxon/3422d6d0-a21e-435c-b05a-ae5d3db909bb,"['origin', 'local_records', 'traits', 'flowering']",['rating'],Moderate
Lomandra multiflora,,Asparagaceae,native,native,lomandra multiflora,Not Assessed / No exact match,tussock,herbaceous,perennial,0.3,0.9,False,False,0.0,No local records found,3.0,2023-05-07T15:44:56Z,Not Assessed,Lomandra,ALA,True,False,False,False,True,True,True,True,True,True,True,True,May–Jan,6,1.0,resprouts,vegetative,transient,falling near the parent plant / ants,,True,Grass,37e65bc2-7ac4-434d-8d52-dfd597d7780e,https://vicflora.rbg.vic.gov.au/flora/taxon/37e65bc2-7ac4-434d-8d52-dfd597d7780e,"['origin', 'local_records', 'traits', 'flowering']",['rating'],Moderate
Lomandra multiflora subsp. multiflora,Many-flowered Mat-rush,Asparagaceae,native,native,lomandra multiflora,Not Assessed / No exact match,tussock,herbaceous,perennial,0.3,0.9,False,False,0.0,No local records found,3.0,2023-05-07T15:44:56Z,Not Assessed,Many-flowered Mat-rush,VicFlora,True,False,False,False,True,True,True,True,True,True,True,True,May–Jan,6,1.0,resprouts,vegetative,transient,falling near the parent plant / ants,,True,Grass,26775cca-0017-41a7-ba73-f581b88777d6,https://vicflora.rbg.vic.gov.au/flora/taxon/26775cca-0017-41a7-ba73-f581b88777d6,"['origin', 'local_records', 'traits', 'flowering']",['rating'],Moderate
Lonicera japonica,Japanese Honeysuckle,Caprifoliaceae,introduced,naturalised,lonicera japonica,Very High Risk,climber shrub,woody,perennial,2.0,10.0,True,False,2.0,2000,26.0,2025-12-26T07:51:29Z,Reconsider Planting,Japanese Honeysuckle,VicFlora,True,False,True,True,True,False,False,False,False,True,False,False,"Jan, Mar–May, Oct",2,3.0,resprouts,vegetative,,,,False,Climber,d9329bb7-e23b-43b4-9898-f2b6f17bc0ac,https://vicflora.rbg.vic.gov.au/flora/taxon/d9329bb7-e23b-43b4-9898-f2b6f17bc0ac,"['rating', 'origin', 'local_records', 'traits', 'flowering', 'griis']",[],Strong
Lotus angustissimus,Slender Bird's-foot Trefoil,Fabaceae,introduced,naturalised,lotus angustissimus,Moderately High Risk,herb,herbaceous,annual perennial,0.02,0.4,True,False,0.0,No local records found,4.0,2005-01-19T00:00:00Z,Use Caution,Slender Bird's-foot Trefoil,VicFlora,True,False,False,False,False,False,False,True,True,True,True,True,Aug–Jan,4,1.0,fire_killed,vegetative,,,,False,Herb,5ef7d930-edc1-46f5-8d1b-c46e0226bbbc,https://vicflora.rbg.vic.gov.au/flora/taxon/5ef7d930-edc1-46f5-8d1b-c46e0226bbbc,"['rating', 'origin', 'local_records', 'traits', 'flowering', 'griis']",[],Strong
Lotus subbiflorus,,Fabaceae,introduced,naturalised,lotus subbiflorus,High Risk,herb,herbaceous,annual,0.6,0.7,True,False,1.0,2000,2.0,2000-10-12T00:00:00Z,Reconsider Planting,Hairy Bird's-foot Trefoil,VBA,True,False,False,False,False,False,False,True,True,True,True,True,Aug–Jan,3,1.0,,,,,,False,Herb,d5f222f5-59d2-4003-a9dd-e999e2008369,https://vicflora.rbg.vic.gov.au/flora/taxon/d5f222f5-59d2-4003-a9dd-e999e2008369,"['rating', 'origin', 'local_records', 'traits', 'flowering', 'griis']",[],Strong
Lotus uliginosus,Greater Bird's-foot Trefoil,Fabaceae,introduced,naturalised,lotus uliginosus,High Risk,herb,herbaceous,perennial,0.1,0.8,True,False,0.0,No local records found,1.0,1994-03-02T00:00:00Z,Reconsider Planting,Greater Bird's-foot Trefoil,VicFlora,False,False,False,False,False,True,True,True,True,True,True,False,Jun–Nov,1,1.0,fire_killed,vegetative,,,,False,Herb,bd57aa20-354d-4a31-935a-4f9bd83fc44f,https://vicflora.rbg.vic.gov.au/flora/taxon/bd57aa20-354d-4a31-935a-4f9bd83fc44f,"['rating', 'origin', 'local_records', 'traits', 'flowering', 'griis']",[],Strong
Luzula meridionalis,,Juncaceae,native,native,luzula meridionalis,Not Assessed / No exact match,graminoid herb,herbaceous,perennial,0.1,0.5,False,False,2.0,1998,2.0,1998-06-01T00:00:00Z,Not Assessed,Common Woodrush,VBA,True,True,False,False,False,False,False,True,True,True,True,True,Aug–Feb,4,1.0,resprouts,not_vegetative,long_persistent,ants / animals,Copes with waterlogged soil for 1-6 months,False,Grass,0e72d851-c673-4006-a54a-42a677b0ce46,https://vicflora.rbg.vic.gov.au/flora/taxon/0e72d851-c673-4006-a54a-42a677b0ce46,"['origin', 'local_records', 'traits', 'flowering']",['rating'],Moderate
Luzula meridionalis var. densiflora,,Juncaceae,native,native,luzula meridionalis,Not Assessed / No exact match,graminoid herb,herbaceous,perennial,0.1,0.5,False,False,2.0,1998,2.0,1998-06-01T00:00:00Z,Not Assessed,Common Woodrush,VBA,True,True,False,False,False,False,False,True,True,True,True,True,Aug–Feb,4,1.0,resprouts,not_vegetative,long_persistent,ants / animals,Copes with waterlogged soil for 1-6 months,False,Grass,772d714e-176d-4f6d-99ca-a05ce9c2a55c,https://vicflora.rbg.vic.gov.au/flora/taxon/772d714e-176d-4f6d-99ca-a05ce9c2a55c,"['origin', 'local_records', 'traits', 'flowering']",['rating'],Moderate
Lycopodiella lateralis,Slender Club-moss,Lycopodiaceae,native,native,lycopodiella lateralis,Not Assessed / No exact match,,,,,,False,False,2.0,1895,0.0,No local records found,Not Assessed,Slender Club-moss,VicFlora,,,,,,,,,,,,,,0,,,,,,,False,,447fbfc2-65b0-48ac-b129-241897e020bd,https://vicflora.rbg.vic.gov.au/flora/taxon/447fbfc2-65b0-48ac-b129-241897e020bd,"['origin', 'local_records']","['rating', 'traits', 'flowering']",Limited
Lyperanthus suaveolens,Brown-beaks,Orchidaceae,native,native,lyperanthus suaveolens,Not Assessed / No exact match,herb,herbaceous,perennial,0.18,0.44,False,False,1.0,1932,1.0,1932-09-24T00:00:00Z,Not Assessed,Brown-beaks,VicFlora,False,False,False,False,False,False,False,True,True,True,True,False,Aug–Nov,3,1.0,resprouts,vegetative,transient,wind,,True,Herb,e8691544-05f2-40f0-8b73-82026eaad60d,https://vicflora.rbg.vic.gov.au/flora/taxon/e8691544-05f2-40f0-8b73-82026eaad60d,"['origin', 'local_records', 'traits', 'flowering']",['rating'],Moderate
Lysimachia arvensis,Pimpernel,Primulaceae,introduced,naturalised,lysimachia arvensis,Moderately High Risk,herb,herbaceous,annual,0.02,0.45,True,False,8.0,2024,24.0,2025-12-30T13:53:45Z,Use Caution,Pimpernel,VicFlora,True,False,False,False,True,True,True,True,True,True,True,True,May–Jan,3,1.0,fire_killed,not_vegetative,transient,,,False,Herb,81d00da9-aee0-4758-9d3e-eb312ed9bc95,https://vicflora.rbg.vic.gov.au/flora/taxon/81d00da9-aee0-4758-9d3e-eb312ed9bc95,"['rating', 'origin', 'local_records', 'traits', 'flowering', 'griis']",[],Strong
Lysimachia minima,Kause Chaffweed,Primulaceae,introduced,naturalised,lysimachia minima,Moderately High Risk,herb,herbaceous,annual,0.05,0.05,True,False,1.0,1984,1.0,1984-12-21T00:00:00Z,Use Caution,Kause Chaffweed,VicFlora,,,,,,,,,,,,,,0,,,,,,,False,Herb,202c5a71-cb51-4f5d-ba1f-26585ef4d84f,https://vicflora.rbg.vic.gov.au/flora/taxon/202c5a71-cb51-4f5d-ba1f-26585ef4d84f,"['rating', 'origin', 'local_records', 'traits', 'griis']",['flowering'],Moderate
Lythrum hyssopifolia,Lesser Loosestrife | Small Loosestrife,Lythraceae,uncertain,Not available,lythrum hyssopifolia,Lower Risk,herb,herbaceous,annual,0.05,0.6,True,False,7.0,2007,11.0,2026-04-29T07:46:27Z,Lower Concern,Lesser Loosestrife | Small Loosestrife,VicFlora,True,True,True,False,False,False,False,False,True,True,True,True,Sep–Mar,5,1.0,fire_killed,not_vegetative,long_persistent,wind / falling near the parent plant,Copes with waterlogged soil for over 6 months,False,Herb,23fb671c-b693-4b6c-9edf-f240374c10fb,https://vicflora.rbg.vic.gov.au/flora/taxon/23fb671c-b693-4b6c-9edf-f240374c10fb,"['rating', 'origin', 'local_records', 'traits', 'flowering']",[],Strong
Lythrum junceum,Mediterranean Loosestrife,Lythraceae,introduced,naturalised,lythrum junceum,Medium Risk,herb,herbaceous,perennial,0.5,1.0,True,False,3.0,1991,13.0,2025-03-13T11:06:48Z,Use Caution,Mediterranean Loosestrife,VicFlora,,,,,,,,,,,,,,0,,,,,,,False,Herb,61b5a32a-4524-4c2d-892c-d0b0b3113155,https://vicflora.rbg.vic.gov.au/flora/taxon/61b5a32a-4524-4c2d-892c-d0b0b3113155,"['rating', 'origin', 'local_records', 'traits', 'griis']",['flowering'],Moderate
Lythrum salicaria,Purple Loosestrife,Lythraceae,uncertain,Not available,lythrum salicaria,Lower Risk,herb,herbaceous,perennial,0.5,1.8,True,False,0.0,No local records found,16.0,2026-01-22T11:46:31Z,Lower Concern,Purple Loosestrife,VicFlora,True,True,True,True,False,False,False,False,True,True,True,True,Sep–Apr,3,1.0,resprouts,vegetative,persistent,wind / water,,False,Herb,3735e1b9-28f1-446b-8265-5edb6c021bef,https://vicflora.rbg.vic.gov.au/flora/taxon/3735e1b9-28f1-446b-8265-5edb6c021bef,"['rating', 'origin', 'local_records', 'traits', 'flowering']",[],Strong
Machaerina acuta,,Cyperaceae,native,native,machaerina acuta,Not Assessed / No exact match,graminoid herb,herbaceous,perennial,0.2,1.0,False,False,0.0,No local records found,1.0,1894-11-17T00:00:00Z,Not Assessed,Pale Twig-rush,ALA,True,True,False,False,False,False,False,False,True,True,True,True,Sep–Feb,4,1.0,resprouts,vegetative,persistent,animals / falling near the parent plant,Copes with waterlogged soil for 1-6 months,False,Grass,c51229d3-b2ce-4e2e-afea-fc929aa3c112,https://vicflora.rbg.vic.gov.au/flora/taxon/c51229d3-b2ce-4e2e-afea-fc929aa3c112,"['origin', 'local_records', 'traits', 'flowering']",['rating'],Moderate
Machaerina articulata,,Cyperaceae,native,native,machaerina articulata,Not Assessed / No exact match,graminoid herb,herbaceous,perennial,,,False,False,0.0,No local records found,7.0,1896-01-18T00:00:00Z,Not Assessed,Jointed Twig-rush,ALA,,,,,,,,,,,,,,0,,,,,,,False,Grass,cdb074ec-20bd-4a97-84f7-46e6e9e984e2,https://vicflora.rbg.vic.gov.au/flora/taxon/cdb074ec-20bd-4a97-84f7-46e6e9e984e2,"['origin', 'local_records', 'traits']","['rating', 'flowering']",Moderate
Machaerina juncea,,Cyperaceae,native,native,machaerina juncea,Not Assessed / No exact match,graminoid herb,herbaceous,perennial,0.2,1.2,False,False,0.0,No local records found,0.0,No local records found,Not Assessed,,,True,True,True,True,False,False,False,True,True,True,True,True,Aug–Apr,6,1.0,resprouts,vegetative,persistent,animals / water,Copes with waterlogged soil for over 6 months,False,Grass,dca31da8-8410-4091-84b5-4fcdf604b057,https://vicflora.rbg.vic.gov.au/flora/taxon/dca31da8-8410-4091-84b5-4fcdf604b057,"['origin', 'traits', 'flowering']","['rating', 'local_records']",Moderate
Machaerina rubiginosa,,Cyperaceae,native,native,machaerina rubiginosa,Not Assessed / No exact match,graminoid herb,herbaceous,perennial,1.0,4.0,False,False,0.0,No local records found,1.0,,Not Assessed,Soft Twig-rush,ALA,True,True,True,False,False,False,False,True,True,True,True,True,Aug–Mar,4,1.0,resprouts,vegetative,persistent,water / animals,Grows in water,False,Grass,22ba7c15-ca39-4915-8a0b-0d9f635a7180,https://vicflora.rbg.vic.gov.au/flora/taxon/22ba7c15-ca39-4915-8a0b-0d9f635a7180,"['origin', 'local_records', 'traits', 'flowering']",['rating'],Moderate
Malva nicaeensis,Mallow of Nice,Malvaceae,introduced,naturalised,malva nicaeensis,High Risk,herb,herbaceous,annual biennial short_lived_perennial,0.5,0.5,True,False,3.0,2010,3.0,2010-04-21T00:00:00Z,Reconsider Planting,Mallow of Nice,VicFlora,False,False,False,False,False,False,False,False,False,True,True,False,Oct–Nov,1,1.0,,,,,,False,Herb,d3f57ed3-11d5-4323-86ee-109cd20508ac,https://vicflora.rbg.vic.gov.au/flora/taxon/d3f57ed3-11d5-4323-86ee-109cd20508ac,"['rating', 'origin', 'local_records', 'traits', 'flowering', 'griis']",[],Strong
Malva parviflora,Small-flowered Mallow,Malvaceae,introduced,naturalised,malva parviflora,High Risk,herb,herbaceous,annual,0.05,1.2,True,False,1.0,2000,6.0,2025-07-21T13:41:00Z,Reconsider Planting,Small-flowered Mallow,VicFlora,True,False,False,False,False,False,False,False,True,False,False,False,"Jan, Sep",1,2.0,fire_killed,,,,,False,Herb,28d3c8f5-cf57-452d-aa97-b9056270d862,https://vicflora.rbg.vic.gov.au/flora/taxon/28d3c8f5-cf57-452d-aa97-b9056270d862,"['rating', 'origin', 'local_records', 'traits', 'flowering', 'griis']",[],Strong
Marrubium vulgare,Horehound,Lamiaceae,introduced,naturalised,marrubium vulgare,High Risk,herb,woody,perennial,0.6,0.9,True,False,0.0,No local records found,2.0,1997-05-15T00:00:00Z,Reconsider Planting,Horehound,VicFlora,True,True,True,True,True,True,True,True,True,True,True,True,All year,2,1.0,fire_killed,,long_persistent,wind,,False,Herb,19658de0-6891-44d7-8ea0-ce76407f3bdd,https://vicflora.rbg.vic.gov.au/flora/taxon/19658de0-6891-44d7-8ea0-ce76407f3bdd,"['rating', 'origin', 'local_records', 'traits', 'flowering', 'griis']",[],Strong
Marsilea mutica,Smooth Nardoo,Marsileaceae,uncertain,Not available,marsilea mutica,Not Assessed / No exact match,fern,herbaceous,perennial,0.05,1.5,True,False,1.0,1998,2.0,2025-03-10T12:41:56Z,Not Assessed,Smooth Nardoo,VicFlora,,,,,,,,,,,,,,0,,resprouts,vegetative,persistent,water / falling near the parent plant,Grows in water,False,Fern,fee054b5-e9c6-4b6d-b543-ccc2d9afabbd,https://vicflora.rbg.vic.gov.au/flora/taxon/fee054b5-e9c6-4b6d-b543-ccc2d9afabbd,"['origin', 'local_records', 'traits']","['rating', 'flowering']",Moderate
Matthiola incana,Stock | Gilliflower,Brassicaceae,introduced,naturalised,matthiola incana,Medium Risk,herb,herbaceous woody,perennial,0.1,1.0,True,False,1.0,2007,1.0,2007-11-12T00:00:00Z,Use Caution,Stock | Gilliflower,VicFlora,,,,,,,,,,,,,,0,,,,,,,False,Herb,0eeb0488-dbd3-4a6d-b7ab-65eb02113433,https://vicflora.rbg.vic.gov.au/flora/taxon/0eeb0488-dbd3-4a6d-b7ab-65eb02113433,"['rating', 'origin', 'local_records', 'traits', 'griis']",['flowering'],Moderate
Medicago arabica,Spotted Medic,Fabaceae,introduced,naturalised,medicago arabica,High Risk,herb,herbaceous,annual,,,True,False,1.0,2013,6.0,2025-07-04T13:06:51Z,Reconsider Planting,Spotted Medic,VicFlora,,,,,,,,,,,,,,0,,fire_killed,,long_persistent,,,False,Herb,4e0b80ac-6858-4b7e-8949-1300dd2eb6b5,https://vicflora.rbg.vic.gov.au/flora/taxon/4e0b80ac-6858-4b7e-8949-1300dd2eb6b5,"['rating', 'origin', 'local_records', 'traits', 'griis']",['flowering'],Moderate
Medicago polymorpha,Burr Medic,Fabaceae,introduced,naturalised,medicago polymorpha,Moderately High Risk,herb,herbaceous,annual,0.04,0.5,True,False,5.0,2010,11.0,2026-04-15T08:25:55Z,Use Caution,Burr Medic,VicFlora,True,True,True,True,True,True,True,True,True,True,True,True,All year,3,1.0,fire_killed,,long_persistent,,,False,Herb,00cfca83-345f-4af5-b273-fda2513882fd,https://vicflora.rbg.vic.gov.au/flora/taxon/00cfca83-345f-4af5-b273-fda2513882fd,"['rating', 'origin', 'local_records', 'traits', 'flowering', 'griis']",[],Strong
Melaleuca armillaris,,Myrtaceae,native,native,melaleuca armillaris,Moderately High Risk,shrub,woody,perennial,5.0,8.0,False,False,6.0,2010,9.0,2022-04-29T10:09:18Z,Use Caution,Giant Honey Myrtle,ALA,True,True,False,False,False,False,False,False,True,True,True,True,Sep–Feb,4,1.0,partial_resprouting,not_vegetative,transient,wind / falling near the parent plant,Copes with waterlogged soil for 1-6 months,False,Shrub,a1d05c75-145e-472c-b93b-9bb6792feb0e,https://vicflora.rbg.vic.gov.au/flora/taxon/a1d05c75-145e-472c-b93b-9bb6792feb0e,"['rating', 'origin', 'local_records', 'traits', 'flowering']",[],Strong
Melaleuca armillaris subsp. armillaris,Giant Honey-myrtle,Myrtaceae,native,native,melaleuca armillaris,Moderately High Risk,shrub,woody,perennial,5.0,8.0,False,False,6.0,2010,9.0,2022-04-29T10:09:18Z,Use Caution,Giant Honey-myrtle,VicFlora,True,True,False,False,False,False,False,False,True,True,True,True,Sep–Feb,4,1.0,partial_resprouting,not_vegetative,transient,wind / falling near the parent plant,Copes with waterlogged soil for 1-6 months,False,Shrub,aee04d1d-f4a0-4714-9ece-08e5b6401e33,https://vicflora.rbg.vic.gov.au/flora/taxon/aee04d1d-f4a0-4714-9ece-08e5b6401e33,"['rating', 'origin', 'local_records', 'traits', 'flowering']",[],Strong
Melaleuca ericifolia,Swamp Paperbark,Myrtaceae,native,native,melaleuca ericifolia,Not Assessed / No exact match,shrub,woody,perennial,6.0,9.0,False,False,15.0,2024,48.0,2026-04-24T17:09:12Z,Not Assessed,Swamp Paperbark,VicFlora,True,True,False,False,False,False,False,False,True,True,True,True,Sep–Feb,3,1.0,resprouts,vegetative,transient,wind / falling near the parent plant,Copes with waterlogged soil for over 6 months,False,Shrub,e91dc560-84d5-40c5-94bb-033f16503403,https://vicflora.rbg.vic.gov.au/flora/taxon/e91dc560-84d5-40c5-94bb-033f16503403,"['origin', 'local_records', 'traits', 'flowering']",['rating'],Moderate
Melaleuca lanceolata,,Myrtaceae,native,native,melaleuca lanceolata,Not Assessed / No exact match,shrub tree,woody,perennial,1.0,10.0,True,False,0.0,No local records found,1.0,2020-02-06T00:00:00Z,Not Assessed,Dryland Tea-tree,ALA,True,True,True,True,True,True,True,True,True,True,True,True,All year,5,1.0,fire_killed,not_vegetative,long_persistent,wind / falling near the parent plant,Copes with waterlogged soil for 1-6 months,False,Tree,915ac5c3-27a2-474d-b250-c76782e2e3bb,https://vicflora.rbg.vic.gov.au/flora/taxon/915ac5c3-27a2-474d-b250-c76782e2e3bb,"['origin', 'local_records', 'traits', 'flowering']",['rating'],Moderate
Melaleuca squarrosa,Scented Paperbark,Myrtaceae,native,native,melaleuca squarrosa,Not Assessed / No exact match,shrub,woody,perennial,3.0,15.0,False,False,2.0,1949,17.0,2023-07-13T00:00:00Z,Not Assessed,Scented Paperbark,VicFlora,True,True,False,False,False,False,False,False,False,False,True,True,Nov–Feb,3,1.0,resprouts,not_vegetative,long_persistent,wind / falling near the parent plant,Copes with waterlogged soil for over 6 months,False,Shrub,e99abe88-e63c-48a5-92c5-e536c0f789ec,https://vicflora.rbg.vic.gov.au/flora/taxon/e99abe88-e63c-48a5-92c5-e536c0f789ec,"['origin', 'local_records', 'traits', 'flowering']",['rating'],Moderate
Melia azedarach,White Cedar,Meliaceae,introduced,naturalised,melia azedarach,Medium Risk,tree,woody,perennial,2.0,45.0,True,False,1.0,2010,246.0,2025-05-13T11:35:41Z,Use Caution,White Cedar,VicFlora,False,False,False,True,False,False,False,True,True,True,True,True,"Apr, Aug–Dec",6,2.0,resprouts,not_vegetative,transient,birds and animals eating the fruit / animals,,False,Tree,8331e735-33a4-47c1-a809-d91f6bd3adc2,https://vicflora.rbg.vic.gov.au/flora/taxon/8331e735-33a4-47c1-a809-d91f6bd3adc2,"['rating', 'origin', 'local_records', 'traits', 'flowering', 'griis']",[],Strong
Melicytus dentatus,,Violaceae,native,native,melicytus dentatus,Not Assessed / No exact match,shrub,woody,perennial,2.0,5.0,False,False,5.0,2024,118.0,2026-09-04T12:16:26Z,Not Assessed,Narrow-leaf Tree-violet,ALA,True,True,True,False,False,False,True,True,True,True,True,True,Jul–Mar,4,1.0,resprouts,not_vegetative,persistent,birds and animals eating the fruit / sticking to animals and clothing,Copes with waterlogged soil for 1-6 months,False,Shrub,8c04cf97-95bf-425f-8a8f-f23f874c01ef,https://vicflora.rbg.vic.gov.au/flora/taxon/8c04cf97-95bf-425f-8a8f-f23f874c01ef,"['origin', 'local_records', 'traits', 'flowering']",['rating'],Moderate
Mentha australis,River Mint,Lamiaceae,native,native,mentha australis,Not Assessed / No exact match,herb,herbaceous,perennial,0.1,0.8,True,False,0.0,No local records found,13.0,2025-11-28T17:37:40Z,Not Assessed,River Mint,VicFlora,True,True,True,False,False,False,False,False,True,True,True,True,Sep–Mar,2,1.0,resprouts,vegetative,persistent,water / sticking to animals and clothing,Copes with waterlogged soil for over 6 months,False,Herb,c07e6892-942b-41de-bb6e-515108ee79ba,https://vicflora.rbg.vic.gov.au/flora/taxon/c07e6892-942b-41de-bb6e-515108ee79ba,"['origin', 'local_records', 'traits', 'flowering']",['rating'],Moderate
Mentha pulegium,Pennyroyal,Lamiaceae,introduced,naturalised,mentha pulegium,High Risk,herb,herbaceous,perennial,0.15,0.7,True,False,0.0,No local records found,1.0,1893-02-04T00:00:00Z,Reconsider Planting,Pennyroyal,VicFlora,True,True,True,True,False,False,False,False,False,False,False,False,Jan–Apr,1,1.0,resprouts,vegetative,,,,False,Herb,d68a6c49-9295-426e-a4a7-a98fb560a2b1,https://vicflora.rbg.vic.gov.au/flora/taxon/d68a6c49-9295-426e-a4a7-a98fb560a2b1,"['rating', 'origin', 'local_records', 'traits', 'flowering', 'griis']",[],Strong
Mentha ×rotundifolia,Apple Mint,Lamiaceae,introduced,naturalised,mentha rotundifolia,Not Assessed / No exact match,,,,,,True,False,0.0,No local records found,0.0,No local records found,Not Assessed,Apple Mint,VicFlora,,,,,,,,,,,,,,0,,,,,,,False,,ed63c743-9670-45b8-85d3-a641e25b16bd,https://vicflora.rbg.vic.gov.au/flora/taxon/ed63c743-9670-45b8-85d3-a641e25b16bd,"['origin', 'griis']","['rating', 'local_records', 'traits', 'flowering']",Limited
Microlaena stipoides,,Poaceae,native,native,microlaena stipoides,Not Assessed / No exact match,graminoid,herbaceous,perennial,0.25,1.0,False,False,16.0,2013,41.0,2026-06-09T13:38:00Z,Not Assessed,Weeping Grass,ALA,True,True,True,True,True,True,True,True,True,True,True,True,All year,5,1.0,resprouts,vegetative,persistent,sticking to animals and clothing / falling near the parent plant,Copes with short wet spells (under a month),False,Grass,09e75b09-e077-4643-a246-0090a5712667,https://vicflora.rbg.vic.gov.au/flora/taxon/09e75b09-e077-4643-a246-0090a5712667,"['origin', 'local_records', 'traits', 'flowering']",['rating'],Moderate
Microlaena stipoides var. stipoides,Weeping grass,Poaceae,native,native,microlaena stipoides,Not Assessed / No exact match,graminoid,herbaceous,perennial,0.25,1.0,False,False,16.0,2013,41.0,2026-06-09T13:38:00Z,Not Assessed,Weeping grass,VicFlora,True,True,True,True,True,True,True,True,True,True,True,True,All year,5,1.0,resprouts,vegetative,persistent,sticking to animals and clothing / falling near the parent plant,Copes with short wet spells (under a month),False,Grass,cdb5fd29-90df-4c5b-a63e-0dab68542a3d,https://vicflora.rbg.vic.gov.au/flora/taxon/cdb5fd29-90df-4c5b-a63e-0dab68542a3d,"['origin', 'local_records', 'traits', 'flowering']",['rating'],Moderate
Microseris scapigera,,Asteraceae,native,native,microseris scapigera,Not Assessed / No exact match,herb,herbaceous,perennial,0.05,0.8,False,False,2.0,1980,2.0,1980-01-11T00:00:00Z,Not Assessed,Yam Daisy,ALA,True,True,False,False,False,False,True,True,True,True,True,True,Jul–Feb,1,1.0,resprouts,vegetative,transient,wind,Copes with waterlogged soil for 1-6 months,False,Herb,0227cb8c-4a85-47ae-9b9e-24d4ba831aae,https://vicflora.rbg.vic.gov.au/flora/taxon/0227cb8c-4a85-47ae-9b9e-24d4ba831aae,"['origin', 'local_records', 'traits', 'flowering']",['rating'],Moderate
Microtis atrata,Yellow Onion-orchid | Swamp Onion-orchid,Orchidaceae,native,native,microtis atrata,Not Assessed / No exact match,herb,herbaceous,perennial,0.04,0.2,False,False,2.0,1927,4.0,1893-11-11T00:00:00Z,Not Assessed,Yellow Onion-orchid | Swamp Onion-orchid,VicFlora,False,False,False,False,False,False,False,False,True,True,True,True,Sep–Dec,2,1.0,resprouts,vegetative,transient,wind,Copes with waterlogged soil for over 6 months,False,Herb,ab97c075-edbb-49cf-8b70-82b4cae02c6b,https://vicflora.rbg.vic.gov.au/flora/taxon/ab97c075-edbb-49cf-8b70-82b4cae02c6b,"['origin', 'local_records', 'traits', 'flowering']",['rating'],Moderate
Microtis parviflora,Slender Onion-orchid,Orchidaceae,native,native,microtis parviflora,Not Assessed / No exact match,herb,herbaceous,perennial,0.07,0.5,False,False,3.0,1975,6.0,2019-11-25T10:41:00Z,Not Assessed,Slender Onion-orchid,VicFlora,True,True,False,False,False,False,False,False,True,True,True,True,Sep–Feb,3,1.0,resprouts,vegetative,transient,wind,Copes with waterlogged soil for over 6 months,False,Herb,77963ad6-3c64-4d2b-8ca6-ab37e5edb04f,https://vicflora.rbg.vic.gov.au/flora/taxon/77963ad6-3c64-4d2b-8ca6-ab37e5edb04f,"['origin', 'local_records', 'traits', 'flowering']",['rating'],Moderate
Microtis unifolia,Common Onion-orchid,Orchidaceae,native,native,microtis unifolia,Not Assessed / No exact match,herb,herbaceous,perennial,0.05,0.9,False,False,1.0,1985,2.0,1991-11-29T00:00:00Z,Not Assessed,Common Onion-orchid,VicFlora,True,True,False,False,False,False,False,False,True,True,True,True,Sep–Feb,3,1.0,resprouts,not_vegetative,transient,wind / falling near the parent plant,Copes with waterlogged soil for over 6 months,False,Herb,04ea0c61-7fdf-41b0-bbff-f2d2e0e2a516,https://vicflora.rbg.vic.gov.au/flora/taxon/04ea0c61-7fdf-41b0-bbff-f2d2e0e2a516,"['origin', 'local_records', 'traits', 'flowering']",['rating'],Moderate
Mirabilis jalapa,Marvel of Peru,Nyctaginaceae,introduced,adventive,mirabilis jalapa,Lower Risk,herb,herbaceous,perennial,0.5,2.0,True,False,0.0,No local records found,1.0,2020-04-23T00:00:00Z,Lower Concern,Marvel of Peru,VicFlora,False,True,True,True,True,True,True,True,False,False,False,False,Feb–Aug,3,1.0,,,,,,False,Herb,eb67b69e-7cd1-47a2-8719-31dc0b22c9a6,https://vicflora.rbg.vic.gov.au/flora/taxon/eb67b69e-7cd1-47a2-8719-31dc0b22c9a6,"['rating', 'origin', 'local_records', 'traits', 'flowering', 'griis']",[],Strong
Modiola caroliniana,Red-flowered Mallow,Malvaceae,introduced,naturalised,modiola caroliniana,Medium Risk,herb,herbaceous,perennial,0.25,0.25,True,False,7.0,2010,20.0,2026-04-25T10:08:33Z,Use Caution,Red-flowered Mallow,VicFlora,False,False,False,False,False,False,False,False,True,False,False,False,Sep,1,1.0,fire_killed,vegetative,,,,False,Herb,03251f00-1b0a-48a0-966d-e2e0d4e50513,https://vicflora.rbg.vic.gov.au/flora/taxon/03251f00-1b0a-48a0-966d-e2e0d4e50513,"['rating', 'origin', 'local_records', 'traits', 'flowering', 'griis']",[],Strong
Moenchia erecta,Erect Chickweed | Upright Chickweed,Caryophyllaceae,introduced,naturalised,moenchia erecta,Moderately High Risk,herb,herbaceous,annual,0.03,0.2,True,False,0.0,No local records found,2.0,2020-10-01T00:00:00Z,Use Caution,Erect Chickweed | Upright Chickweed,VicFlora,False,False,False,False,False,False,False,False,True,True,True,False,Sep–Nov,1,1.0,fire_killed,,transient,,,False,Herb,adba071a-4549-44c1-bc62-6fd8eca2a039,https://vicflora.rbg.vic.gov.au/flora/taxon/adba071a-4549-44c1-bc62-6fd8eca2a039,"['rating', 'origin', 'local_records', 'traits', 'flowering', 'griis']",[],Strong
Monotoca scoparia,Prickly Broom-heath,Ericaceae,native,native,monotoca scoparia,Not Assessed / No exact match,shrub,woody,perennial,0.3,2.5,False,False,2.0,1899,17.0,1899-02-09T00:00:00Z,Not Assessed,Prickly Broom-heath,VicFlora,True,True,True,True,True,True,True,True,True,False,False,True,Dec–Sep,4,1.0,resprouts,not_vegetative,persistent,ants / birds and animals eating the fruit,Copes with short wet spells (under a month),False,Shrub,f3692446-74c6-4dec-b9e2-804c23d62e81,https://vicflora.rbg.vic.gov.au/flora/taxon/f3692446-74c6-4dec-b9e2-804c23d62e81,"['origin', 'local_records', 'traits', 'flowering']",['rating'],Moderate
Montia australasica,,Montiaceae,native,native,montia australasica,Not Assessed / No exact match,herb,herbaceous,perennial,0.03,0.3,False,False,2.0,2007,3.0,2023-10-14T13:04:00Z,Not Assessed,White Purslane,VBA,True,True,True,True,True,True,True,True,True,True,True,True,All year,4,1.0,resprouts,vegetative,persistent,sticking to animals and clothing / water,,False,Herb,97c7bfd1-cb1d-49d6-8593-41bd8f830deb,https://vicflora.rbg.vic.gov.au/flora/taxon/97c7bfd1-cb1d-49d6-8593-41bd8f830deb,"['origin', 'local_records', 'traits', 'flowering']",['rating'],Moderate
Muellerina celastroides,Coast Mistletoe,Loranthaceae,native,native,muellerina celastroides,Not Assessed / No exact match,shrub,woody,perennial,,,False,False,0.0,No local records found,1.0,1896-02-01T00:00:00Z,Not Assessed,Coast Mistletoe,VicFlora,True,True,False,False,False,False,False,False,False,False,False,True,Dec–Feb,3,1.0,fire_killed,not_vegetative,transient,birds and animals eating the fruit,,True,Shrub,75569a04-b255-44e7-b2c9-8b0e6cac4051,https://vicflora.rbg.vic.gov.au/flora/taxon/75569a04-b255-44e7-b2c9-8b0e6cac4051,"['origin', 'local_records', 'traits', 'flowering']",['rating'],Moderate
Muellerina eucalyptoides,Creeping Mistletoe,Loranthaceae,native,native,muellerina eucalyptoides,Not Assessed / No exact match,shrub,woody,perennial,25.0,25.0,False,False,0.0,No local records found,8.0,2026-08-31T11:43:46Z,Not Assessed,Creeping Mistletoe,VicFlora,True,True,False,False,False,False,False,False,True,True,True,True,Sep–Feb,3,1.0,fire_killed,not_vegetative,widely_dispersed,birds and animals eating the fruit,,True,Shrub,a255ba28-ab87-4857-91a2-5b3be6de4464,https://vicflora.rbg.vic.gov.au/flora/taxon/a255ba28-ab87-4857-91a2-5b3be6de4464,"['origin', 'local_records', 'traits', 'flowering']",['rating'],Moderate
Myosotis sylvatica,Wood Forget-me-not,Boraginaceae,introduced,naturalised,myosotis sylvatica,Very High Risk,herb,herbaceous,biennial perennial,0.2,0.4,True,False,2.0,2006,6.0,2024-09-20T10:18:16Z,Reconsider Planting,Wood Forget-me-not,VicFlora,False,False,False,False,False,False,False,False,True,True,True,False,Sep–Nov,1,1.0,,,,sticking to animals and clothing,,False,Herb,1eca2f52-7fbe-46d6-be97-60feb3c44a82,https://vicflora.rbg.vic.gov.au/flora/taxon/1eca2f52-7fbe-46d6-be97-60feb3c44a82,"['rating', 'origin', 'local_records', 'traits', 'flowering', 'griis']",[],Strong
Myriophyllum crispatum,Water-milfoil,Haloragaceae,native,native,myriophyllum crispatum,Not Assessed / No exact match,herb,herbaceous,perennial,0.1,0.6,True,False,1.0,2007,4.0,2007-09-24T00:00:00Z,Not Assessed,Water-milfoil,VicFlora,True,True,True,True,False,False,False,False,False,True,True,True,Oct–Apr,2,1.0,fire_killed,vegetative,persistent,sticking to animals and clothing / animals,Grows in water,False,Herb,80e1e019-aa32-4ba7-a6f3-a0886a7044cd,https://vicflora.rbg.vic.gov.au/flora/taxon/80e1e019-aa32-4ba7-a6f3-a0886a7044cd,"['origin', 'local_records', 'traits', 'flowering']",['rating'],Moderate
Myriophyllum integrifolium,Tiny Water-milfoil,Haloragaceae,native,native,myriophyllum integrifolium,Not Assessed / No exact match,herb,herbaceous,annual,0.02,0.05,False,False,1.0,1901,0.0,No local records found,Not Assessed,Tiny Water-milfoil,VicFlora,True,False,False,False,False,False,False,True,True,True,True,True,Aug–Jan,1,1.0,fire_killed,not_vegetative,persistent,animals / sticking to animals and clothing,Copes with waterlogged soil for over 6 months,False,Herb,f1526ecf-dcfe-41ac-8cc7-edcaa53b2558,https://vicflora.rbg.vic.gov.au/flora/taxon/f1526ecf-dcfe-41ac-8cc7-edcaa53b2558,"['origin', 'local_records', 'traits', 'flowering']",['rating'],Moderate
Myrsine howittiana,,Primulaceae,native,native,myrsine howittiana,Not Assessed / No exact match,tree,woody,perennial,2.0,23.0,False,False,0.0,No local records found,10.0,2025-04-26T13:15:23Z,Not Assessed,Brush Muttonwood,ALA,True,True,False,False,False,False,False,False,False,False,True,True,Nov–Feb,2,1.0,partial_resprouting,not_vegetative,persistent,birds and animals eating the fruit / animals,Copes with waterlogged soil for 1-6 months,False,Tree,ec20485d-49a0-4372-8189-589dadac1ea1,https://vicflora.rbg.vic.gov.au/flora/taxon/ec20485d-49a0-4372-8189-589dadac1ea1,"['origin', 'local_records', 'traits', 'flowering']",['rating'],Moderate
Nassella trichotoma,Serrated Tussock,Poaceae,introduced,naturalised,nassella trichotoma,Very High Risk,graminoid herb,herbaceous,perennial,0.5,0.7,True,False,0.0,No local records found,5.0,2025-06-20T00:00:00Z,Reconsider Planting,Serrated Tussock,VicFlora,False,False,False,False,False,False,False,False,True,True,True,False,Sep–Nov,1,1.0,,,,,,False,Grass,5a69fe1d-8641-4d6c-b526-f43d8b09fd33,https://vicflora.rbg.vic.gov.au/flora/taxon/5a69fe1d-8641-4d6c-b526-f43d8b09fd33,"['rating', 'origin', 'local_records', 'traits', 'flowering', 'griis']",[],Strong
Nasturtium officinale,,Brassicaceae,introduced,naturalised,nasturtium officinale,Moderately High Risk,,,,,,True,False,0.0,No local records found,0.0,No local records found,Use Caution,Watercress,DEECA Advisory List,,,,,,,,,,,,,,0,,,,,,,False,,cc8f5838-8fd9-4454-86da-4bd45da737d1,https://vicflora.rbg.vic.gov.au/flora/taxon/cc8f5838-8fd9-4454-86da-4bd45da737d1,"['rating', 'origin', 'griis']","['local_records', 'traits', 'flowering']",Limited
Navarretia squarrosa,Californian Stinkweed,Polemoniaceae,introduced,naturalised,navarretia squarrosa,Medium Risk,herb,herbaceous,annual,0.05,0.57,True,False,0.0,No local records found,1.0,,Use Caution,Californian Stinkweed,VicFlora,True,True,False,False,False,False,False,False,False,False,False,True,Dec–Feb,1,1.0,,,,,,False,Herb,de0d78a7-6fa8-4c92-995e-4cd4d5467876,https://vicflora.rbg.vic.gov.au/flora/taxon/de0d78a7-6fa8-4c92-995e-4cd4d5467876,"['rating', 'origin', 'local_records', 'traits', 'flowering', 'griis']",[],Strong
Olearia astroloba,Marble Daisy-bush,Asteraceae,native,native,olearia astroloba,Not Assessed / No exact match,shrub,woody,perennial,0.5,0.5,False,False,0.0,No local records found,1.0,1994-10-07T00:00:00Z,Not Assessed,Marble Daisy-bush,VicFlora,True,False,False,False,False,False,False,False,True,True,True,True,Sep–Jan,1,1.0,resprouts,not_vegetative,long_persistent,wind,,True,Shrub,f9579821-44cc-4c1e-ad09-56586636536e,https://vicflora.rbg.vic.gov.au/flora/taxon/f9579821-44cc-4c1e-ad09-56586636536e,"['origin', 'local_records', 'traits', 'flowering']",['rating'],Moderate
Olearia axillaris,Coast Daisy-bush,Asteraceae,native,native,olearia axillaris,Not Assessed / No exact match,shrub,woody,perennial,0.5,3.0,False,False,0.0,No local records found,0.0,No local records found,Not Assessed,Coast Daisy-bush,VicFlora,True,True,True,True,True,True,True,True,True,True,True,True,All year,5,1.0,fire_killed,not_vegetative,transient,wind,,True,Shrub,8079f417-9415-46fc-a43f-edfc9abc3a7b,https://vicflora.rbg.vic.gov.au/flora/taxon/8079f417-9415-46fc-a43f-edfc9abc3a7b,"['origin', 'traits', 'flowering']","['rating', 'local_records']",Moderate
Olearia glandulosa,Swamp Daisy-bush,Asteraceae,native,native,olearia glandulosa,Not Assessed / No exact match,shrub,woody,perennial,1.5,2.4,False,False,0.0,No local records found,4.0,1894-02-17T00:00:00Z,Not Assessed,Swamp Daisy-bush,VicFlora,True,True,True,True,True,True,False,False,False,False,True,True,Nov–Jun,2,1.0,fire_killed,not_vegetative,transient,wind,Copes with waterlogged soil for over 6 months,False,Shrub,2f1dd403-3435-4c53-a8fc-0e2fa1f85cc5,https://vicflora.rbg.vic.gov.au/flora/taxon/2f1dd403-3435-4c53-a8fc-0e2fa1f85cc5,"['origin', 'local_records', 'traits', 'flowering']",['rating'],Moderate
Olearia iodochroa,,Asteraceae,native,native,olearia iodochroa,Not Assessed / No exact match,shrub,woody,perennial,1.0,1.0,False,False,0.0,No local records found,0.0,No local records found,Not Assessed,,,False,False,False,False,False,False,False,False,True,True,True,False,Sep–Nov,2,1.0,fire_killed,not_vegetative,transient,wind,,True,Shrub,55255cd3-6f87-4fcf-871e-a8c6d9e9e424,https://vicflora.rbg.vic.gov.au/flora/taxon/55255cd3-6f87-4fcf-871e-a8c6d9e9e424,"['origin', 'traits', 'flowering']","['rating', 'local_records']",Moderate
Olearia ramulosa,Twiggy Daisy-bush,Asteraceae,native,native,olearia ramulosa,Not Assessed / No exact match,shrub,woody,perennial,0.3,2.5,False,False,1.0,1890,15.0,2026-03-23T14:06:08Z,Not Assessed,Twiggy Daisy-bush,VicFlora,True,True,True,True,True,False,False,False,True,True,True,True,Sep–May,3,1.0,fire_killed,not_vegetative,transient,wind,Copes with short wet spells (under a month),False,Shrub,14be27e2-f2ea-4cc9-8b55-4354b7281109,https://vicflora.rbg.vic.gov.au/flora/taxon/14be27e2-f2ea-4cc9-8b55-4354b7281109,"['origin', 'local_records', 'traits', 'flowering']",['rating'],Moderate
Oloptum miliaceum,Rice Millet,Poaceae,introduced,naturalised,oloptum miliaceum,Not Assessed / No exact match,,,,,,True,False,1.0,2009,0.0,No local records found,Not Assessed,Rice Millet,VicFlora,,,,,,,,,,,,,,0,,,,,,,False,,1d476ba4-2df1-43d6-8138-03e09295b3d0,https://vicflora.rbg.vic.gov.au/flora/taxon/1d476ba4-2df1-43d6-8138-03e09295b3d0,"['origin', 'local_records', 'griis']","['rating', 'traits', 'flowering']",Limited
Ononis repens,Restharrow,Fabaceae,introduced,adventive,ononis repens,Lower Risk,shrub,woody,perennial,0.4,0.7,True,False,1.0,1969,1.0,1969-09-30T00:00:00Z,Lower Concern,Restharrow,VicFlora,,,,,,,,,,,,,,0,,,,,,,False,Shrub,719a7d2a-6b44-4aa7-84f6-1a0fa6c61a0a,https://vicflora.rbg.vic.gov.au/flora/taxon/719a7d2a-6b44-4aa7-84f6-1a0fa6c61a0a,"['rating', 'origin', 'local_records', 'traits', 'griis']",['flowering'],Moderate
Opercularia ovata,Broad-leaf Stinkweed,Rubiaceae,native,native,opercularia ovata,Not Assessed / No exact match,herb,herbaceous woody,perennial,0.1,0.3,False,False,0.0,No local records found,1.0,1991-11-29T00:00:00Z,Not Assessed,Broad-leaf Stinkweed,VicFlora,False,False,False,False,False,True,True,True,True,True,True,False,Jun–Nov,1,1.0,resprouts,vegetative,long_persistent,ants / animals,Copes with short wet spells (under a month),False,Herb,232ba7f1-03ce-46a0-823d-5789870e7935,https://vicflora.rbg.vic.gov.au/flora/taxon/232ba7f1-03ce-46a0-823d-5789870e7935,"['origin', 'local_records', 'traits', 'flowering']",['rating'],Moderate
Opercularia varia,Variable Stinkweed,Rubiaceae,native,native,opercularia varia,Not Assessed / No exact match,herb,herbaceous woody,perennial,0.28,0.3,False,False,6.0,1998,14.0,1998-06-01T00:00:00Z,Not Assessed,Variable Stinkweed,VicFlora,False,False,False,False,False,True,True,True,True,True,True,False,Jun–Nov,4,1.0,resprouts,not_vegetative,persistent,ants / animals,Copes with short wet spells (under a month),False,Herb,30e2fb71-1adc-46ce-b188-5378d9bc515d,https://vicflora.rbg.vic.gov.au/flora/taxon/30e2fb71-1adc-46ce-b188-5378d9bc515d,"['origin', 'local_records', 'traits', 'flowering']",['rating'],Moderate
Ornduffia reniformis,,Menyanthaceae,native,native,ornduffia reniformis,Not Assessed / No exact match,herb,herbaceous,perennial,0.3,1.3,False,False,0.0,No local records found,4.0,2025-11-19T14:16:03Z,Not Assessed,Running Marsh-flower,ALA,True,True,True,True,True,False,False,False,True,True,True,True,Sep–May,3,1.0,resprouts,vegetative,persistent,water / sticking to animals and clothing,Copes with waterlogged soil for over 6 months,False,Herb,7f2be8b2-3928-4991-a018-e7305169de75,https://vicflora.rbg.vic.gov.au/flora/taxon/7f2be8b2-3928-4991-a018-e7305169de75,"['origin', 'local_records', 'traits', 'flowering']",['rating'],Moderate
Orthoceras strictum,Horned Orchid,Orchidaceae,native,native,orthoceras strictum,Not Assessed / No exact match,herb,herbaceous,perennial,0.15,0.8,False,False,3.0,1901,3.0,,Not Assessed,Horned Orchid,VicFlora,True,True,False,False,False,False,False,False,False,False,True,True,Nov–Feb,3,1.0,resprouts,not_vegetative,transient,wind,Copes with waterlogged soil for 1-6 months,False,Herb,6464c337-dcff-40c7-ae8a-aaf6ef259587,https://vicflora.rbg.vic.gov.au/flora/taxon/6464c337-dcff-40c7-ae8a-aaf6ef259587,"['origin', 'local_records', 'traits', 'flowering']",['rating'],Moderate
Oxalis corniculata,Yellow Wood-sorrel | Creeping Wood-sorrel,Oxalidaceae,introduced,Not available,oxalis corniculata,Lower Risk,herb,herbaceous,perennial,0.02,0.3,True,False,9.0,2009,16.0,2016-10-10T00:00:00Z,Lower Concern,Yellow Wood-sorrel | Creeping Wood-sorrel,VicFlora,True,True,True,True,True,True,True,True,True,True,True,True,All year,3,1.0,resprouts,vegetative,persistent,falling near the parent plant,Copes with waterlogged soil for 1-6 months,False,Herb,03e89a07-eece-441a-b2c5-ccdb949c862a,https://vicflora.rbg.vic.gov.au/flora/taxon/03e89a07-eece-441a-b2c5-ccdb949c862a,"['rating', 'origin', 'local_records', 'traits', 'flowering', 'griis']",[],Strong
Oxalis exilis,Shade Wood-sorrel,Oxalidaceae,native,native,oxalis exilis,Not Assessed / No exact match,herb,herbaceous,perennial,0.3,0.5,False,False,3.0,2007,5.0,2016-10-10T00:00:00Z,Not Assessed,Shade Wood-sorrel,VicFlora,True,True,True,True,True,True,True,True,True,True,True,True,All year,5,1.0,partial_resprouting,not_vegetative,persistent,falling near the parent plant,Copes with short wet spells (under a month),False,Herb,d364247f-032c-41e0-b809-6ef7ffabce04,https://vicflora.rbg.vic.gov.au/flora/taxon/d364247f-032c-41e0-b809-6ef7ffabce04,"['origin', 'local_records', 'traits', 'flowering']",['rating'],Moderate
Oxalis incarnata,Pale Wood-sorrel,Oxalidaceae,introduced,naturalised,oxalis incarnata,Very High Risk,herb,herbaceous,perennial,0.1,0.2,True,False,2.0,2000,12.0,2026-04-26T10:31:24Z,Reconsider Planting,Pale Wood-sorrel,VicFlora,True,False,False,False,True,False,False,True,True,True,True,True,"May, Aug–Jan",1,2.0,resprouts,,,,,False,Herb,a7098483-e890-49d1-9e7d-3a8a8425cf76,https://vicflora.rbg.vic.gov.au/flora/taxon/a7098483-e890-49d1-9e7d-3a8a8425cf76,"['rating', 'origin', 'local_records', 'traits', 'flowering', 'griis']",[],Strong
Oxalis latifolia,Fish-tail Wood-sorrel,Oxalidaceae,introduced,naturalised,oxalis latifolia,Medium Risk,herb,herbaceous,perennial,,,True,False,0.0,No local records found,1.0,2016-10-12T00:00:00Z,Use Caution,Fish-tail Wood-sorrel,VicFlora,True,True,True,True,True,True,False,False,False,False,False,True,Dec–Jun,2,1.0,resprouts,,,,,False,Herb,08d48e28-8213-46c5-9716-090b0d64ae60,https://vicflora.rbg.vic.gov.au/flora/taxon/08d48e28-8213-46c5-9716-090b0d64ae60,"['rating', 'origin', 'local_records', 'traits', 'flowering', 'griis']",[],Strong
Oxalis perennans,Grassland Wood-sorrel,Oxalidaceae,native,native,oxalis perennans,Not Assessed / No exact match,herb,herbaceous,perennial,0.05,0.5,True,False,5.0,2013,8.0,2013-11-19T00:00:00Z,Not Assessed,Grassland Wood-sorrel,VicFlora,True,True,True,True,True,True,True,True,True,True,True,True,All year,5,1.0,partial_resprouting,vegetative,transient,falling near the parent plant / wind,Copes with short wet spells (under a month),False,Herb,7f6da3bf-4027-41ad-abaf-11221224bc5d,https://vicflora.rbg.vic.gov.au/flora/taxon/7f6da3bf-4027-41ad-abaf-11221224bc5d,"['origin', 'local_records', 'traits', 'flowering']",['rating'],Moderate
Oxalis pes-caprae,Soursob,Oxalidaceae,introduced,naturalised,oxalis pes-caprae,Very High Risk,herb,herbaceous,perennial,0.1,0.3,True,False,8.0,2010,54.0,2026-07-17T11:44:20Z,Reconsider Planting,Soursob,VicFlora,False,True,False,False,True,True,False,False,False,True,True,False,"Feb, May–Jun, Oct–Nov",2,3.0,resprouts,,,falling near the parent plant,,False,Herb,8f712b1a-9175-4ec0-8ff7-b81d69bcc522,https://vicflora.rbg.vic.gov.au/flora/taxon/8f712b1a-9175-4ec0-8ff7-b81d69bcc522,"['rating', 'origin', 'local_records', 'traits', 'flowering', 'griis']",[],Strong
Oxalis purpurea,Large-flower Wood-sorrel,Oxalidaceae,introduced,naturalised,oxalis purpurea,High Risk,herb,herbaceous,perennial,0.05,0.17,True,False,3.0,2006,17.0,2026-08-16T14:34:22Z,Reconsider Planting,Large-flower Wood-sorrel,VicFlora,False,False,False,True,False,False,False,False,False,False,True,False,"Apr, Nov",1,2.0,resprouts,,,,,False,Herb,967209ba-864c-4f1b-a3f8-7ad51fb32c66,https://vicflora.rbg.vic.gov.au/flora/taxon/967209ba-864c-4f1b-a3f8-7ad51fb32c66,"['rating', 'origin', 'local_records', 'traits', 'flowering', 'griis']",[],Strong
Ozothamnus ferrugineus,Tree Everlasting,Asteraceae,native,native,ozothamnus ferrugineus,Not Assessed / No exact match,shrub tree,woody,perennial,2.0,6.0,False,False,11.0,2009,34.0,2026-04-15T13:13:31Z,Not Assessed,Tree Everlasting,VicFlora,True,True,True,True,True,False,False,False,False,False,True,True,Nov–May,3,1.0,fire_killed,not_vegetative,long_persistent,wind,Copes with short wet spells (under a month),False,Tree,39cdfd34-fac0-44a7-b36c-40424bcbed73,https://vicflora.rbg.vic.gov.au/flora/taxon/39cdfd34-fac0-44a7-b36c-40424bcbed73,"['origin', 'local_records', 'traits', 'flowering']",['rating'],Moderate
Ozothamnus obcordatus,Grey Everlasting,Asteraceae,native,native,ozothamnus obcordatus,Not Assessed / No exact match,shrub,woody,perennial,1.5,2.0,False,False,1.0,1886,2.0,2018-10-03T01:22:53Z,Not Assessed,Grey Everlasting,VicFlora,True,False,False,False,False,False,False,False,True,True,True,True,Sep–Jan,3,1.0,fire_killed,not_vegetative,transient,wind,,True,Shrub,fcc31af0-2150-44c9-ac51-45dd4f0d302f,https://vicflora.rbg.vic.gov.au/flora/taxon/fcc31af0-2150-44c9-ac51-45dd4f0d302f,"['origin', 'local_records', 'traits', 'flowering']",['rating'],Moderate
Panicum effusum,Hairy Panic,Poaceae,native,native,panicum effusum,Not Assessed / No exact match,graminoid,herbaceous,perennial,0.02,1.0,True,False,0.0,No local records found,1.0,,Not Assessed,Hairy Panic,VicFlora,True,True,True,True,True,True,True,True,True,True,True,True,All year,4,1.0,partial_resprouting,not_vegetative,persistent,wind / falling near the parent plant,Copes with waterlogged soil for 1-6 months,False,Grass,d862cc94-9701-4986-9c8a-a6f1780230df,https://vicflora.rbg.vic.gov.au/flora/taxon/d862cc94-9701-4986-9c8a-a6f1780230df,"['origin', 'local_records', 'traits', 'flowering']",['rating'],Moderate
Panicum miliaceum,Common Millet,Poaceae,introduced,adventive,panicum miliaceum,Lower Risk,graminoid herb,herbaceous,annual,0.2,1.2,True,False,0.0,No local records found,4.0,2017-02-26T00:00:00Z,Lower Concern,Common Millet,VicFlora,True,True,False,False,False,False,False,False,False,False,False,True,Dec–Feb,1,1.0,,not_vegetative,,wind,,False,Grass,66bb8e0c-0d3e-42e3-97df-7b1ff5af2941,https://vicflora.rbg.vic.gov.au/flora/taxon/66bb8e0c-0d3e-42e3-97df-7b1ff5af2941,"['rating', 'origin', 'local_records', 'traits', 'flowering', 'griis']",[],Strong
Paraserianthes lophantha,,Fabaceae,introduced,Not available,paraserianthes lophantha,High Risk,shrub tree,woody,perennial,1.0,10.0,True,False,1.0,2009,9.0,2026-07-03T17:00:25Z,Reconsider Planting,Cape Leeuwin Wattle,ALA,False,True,True,True,True,True,True,True,True,True,False,False,Feb–Oct,2,1.0,fire_killed,,,animals,,False,Tree,8f26effe-b489-4a81-9814-7fc8d4859d65,https://vicflora.rbg.vic.gov.au/flora/taxon/8f26effe-b489-4a81-9814-7fc8d4859d65,"['rating', 'origin', 'local_records', 'traits', 'flowering', 'griis']",[],Strong
Paraserianthes lophantha subsp. lophantha,Cape Wattle | Crested Wattle,Fabaceae,introduced,naturalised,paraserianthes lophantha,High Risk,shrub tree,woody,perennial,1.0,10.0,True,False,1.0,2009,9.0,2026-07-03T17:00:25Z,Reconsider Planting,Cape Wattle | Crested Wattle,VicFlora,False,True,True,True,True,True,True,True,True,True,False,False,Feb–Oct,2,1.0,fire_killed,,,animals,,False,Tree,81f34c23-0ba6-4c4e-9c61-1e56bd4fe16a,https://vicflora.rbg.vic.gov.au/flora/taxon/81f34c23-0ba6-4c4e-9c61-1e56bd4fe16a,"['rating', 'origin', 'local_records', 'traits', 'flowering', 'griis']",[],Strong
Paronychia brasiliana,Whitlow Wort,Caryophyllaceae,introduced,naturalised,paronychia brasiliana,Medium Risk,herb,herbaceous,perennial,,,True,False,0.0,No local records found,1.0,2020-10-25T00:00:00Z,Use Caution,Whitlow Wort,VicFlora,False,False,False,False,False,False,False,False,True,False,False,False,Sep,1,1.0,,,,,,False,Herb,a653e3a1-861f-4066-b6ba-821bd461fe5f,https://vicflora.rbg.vic.gov.au/flora/taxon/a653e3a1-861f-4066-b6ba-821bd461fe5f,"['rating', 'origin', 'local_records', 'traits', 'flowering', 'griis']",[],Strong
Paspalum dilatatum,Paspalum,Poaceae,introduced,naturalised,paspalum dilatatum,Medium Risk,graminoid herb,herbaceous,perennial,0.15,2.0,True,False,12.0,2013,37.0,2026-04-25T09:15:56Z,Use Caution,Paspalum,VicFlora,True,True,True,True,True,False,False,False,False,False,False,True,Dec–May,2,1.0,resprouts,not_vegetative,,animals / sticking to animals and clothing,,False,Grass,03809a3d-80fd-47d7-a854-364ac5d995b7,https://vicflora.rbg.vic.gov.au/flora/taxon/03809a3d-80fd-47d7-a854-364ac5d995b7,"['rating', 'origin', 'local_records', 'traits', 'flowering', 'griis']",[],Strong
Paspalum distichum,Water Couch,Poaceae,introduced,naturalised,paspalum distichum,Very High Risk,graminoid herb,herbaceous,perennial,0.05,0.6,True,False,3.0,1986,9.0,2023-05-01T10:30:00Z,Reconsider Planting,Water Couch,VicFlora,True,True,False,False,False,False,False,False,False,False,False,True,Dec–Feb,2,1.0,partial_resprouting,vegetative,transient,sticking to animals and clothing,,False,Grass,b329d925-fb55-458e-b408-7baa0f6539db,https://vicflora.rbg.vic.gov.au/flora/taxon/b329d925-fb55-458e-b408-7baa0f6539db,"['rating', 'origin', 'local_records', 'traits', 'flowering', 'griis']",[],Strong
Paspalum quadrifarium,Golden-top Grass,Poaceae,introduced,naturalised,paspalum quadrifarium,Lower Risk,tussock,herbaceous,perennial,1.8,1.8,True,False,1.0,1915,1.0,,Lower Concern,Golden-top Grass,VicFlora,True,True,True,True,True,False,False,False,True,True,True,True,Sep–May,2,1.0,resprouts,,,,,False,Grass,12ad7929-47ba-4f3e-9c21-46a254f6e699,https://vicflora.rbg.vic.gov.au/flora/taxon/12ad7929-47ba-4f3e-9c21-46a254f6e699,"['rating', 'origin', 'local_records', 'traits', 'flowering', 'griis']",[],Strong
Patersonia occidentalis,Long Purple-flag,Iridaceae,native,native,patersonia occidentalis,Not Assessed / No exact match,herb,herbaceous,perennial,0.55,1.5,False,False,1.0,1980,9.0,2025-10-30T19:19:00Z,Not Assessed,Long Purple-flag,VicFlora,True,False,False,True,True,True,True,True,True,True,True,True,Apr–Jan,6,1.0,resprouts,vegetative,persistent,falling near the parent plant / ants,Copes with waterlogged soil for 1-6 months,False,Herb,58cd11a9-d3c8-43a6-871e-293192edcbae,https://vicflora.rbg.vic.gov.au/flora/taxon/58cd11a9-d3c8-43a6-871e-293192edcbae,"['origin', 'local_records', 'traits', 'flowering']",['rating'],Moderate
Patersonia occidentalis var. occidentalis,,Iridaceae,native,native,patersonia occidentalis,Not Assessed / No exact match,herb,herbaceous,perennial,0.55,1.5,False,False,1.0,1980,9.0,2025-10-30T19:19:00Z,Not Assessed,Long Purple-flag,VBA,True,False,False,True,True,True,True,True,True,True,True,True,Apr–Jan,6,1.0,resprouts,vegetative,persistent,falling near the parent plant / ants,Copes with waterlogged soil for 1-6 months,False,Herb,76c3f814-3b1f-45f7-becb-4438c194ae4e,https://vicflora.rbg.vic.gov.au/flora/taxon/76c3f814-3b1f-45f7-becb-4438c194ae4e,"['origin', 'local_records', 'traits', 'flowering']",['rating'],Moderate
Pauridia glabella,,Hypoxidaceae,native,native,pauridia glabella,Not Assessed / No exact match,herb,herbaceous,perennial,0.02,0.25,False,False,2.0,1969,2.0,1969-09-30T00:00:00Z,Not Assessed,,,True,True,True,True,False,False,True,True,True,True,True,True,Jul–Apr,4,1.0,resprouts,not_vegetative,transient,falling near the parent plant,Copes with waterlogged soil for 1-6 months,False,Herb,dce295c0-5608-4860-8764-147347c9ef88,https://vicflora.rbg.vic.gov.au/flora/taxon/dce295c0-5608-4860-8764-147347c9ef88,"['origin', 'local_records', 'traits', 'flowering']",['rating'],Moderate
Pauridia glabella var. glabella,,Hypoxidaceae,native,native,pauridia glabella,Not Assessed / No exact match,herb,herbaceous,perennial,0.02,0.25,False,False,2.0,1969,2.0,1969-09-30T00:00:00Z,Not Assessed,Tiny Star,VBA,True,True,True,True,False,False,True,True,True,True,True,True,Jul–Apr,4,1.0,resprouts,not_vegetative,transient,falling near the parent plant,Copes with waterlogged soil for 1-6 months,False,Herb,8a2ef24f-d337-434b-b1be-8be8e7dd1d43,https://vicflora.rbg.vic.gov.au/flora/taxon/8a2ef24f-d337-434b-b1be-8be8e7dd1d43,"['origin', 'local_records', 'traits', 'flowering']",['rating'],Moderate
Pauridia vaginata,,Hypoxidaceae,native,native,pauridia vaginata,Not Assessed / No exact match,herb,herbaceous,perennial,0.06,0.35,False,False,6.0,1998,9.0,1998-09-17T00:00:00Z,Not Assessed,Yellow Star,VBA,False,False,False,False,False,False,True,True,True,True,True,False,Jul–Nov,1,1.0,resprouts,not_vegetative,transient,falling near the parent plant,Copes with waterlogged soil for 1-6 months,False,Herb,bda6d15f-3d26-471c-880d-a96150611e13,https://vicflora.rbg.vic.gov.au/flora/taxon/bda6d15f-3d26-471c-880d-a96150611e13,"['origin', 'local_records', 'traits', 'flowering']",['rating'],Moderate
Pauridia vaginata var. vaginata,,Hypoxidaceae,native,native,pauridia vaginata,Not Assessed / No exact match,herb,herbaceous,perennial,0.06,0.35,False,False,6.0,1998,9.0,1998-09-17T00:00:00Z,Not Assessed,Yellow Star,VBA,False,False,False,False,False,False,True,True,True,True,True,False,Jul–Nov,1,1.0,resprouts,not_vegetative,transient,falling near the parent plant,Copes with waterlogged soil for 1-6 months,False,Herb,e2badaef-0f67-4899-a0d3-4d5a6d0a857a,https://vicflora.rbg.vic.gov.au/flora/taxon/e2badaef-0f67-4899-a0d3-4d5a6d0a857a,"['origin', 'local_records', 'traits', 'flowering']",['rating'],Moderate
Pelargonium australe,Austral Stork's-bill,Geraniaceae,native,native,pelargonium australe,Not Assessed / No exact match,herb,herbaceous,perennial,0.1,0.8,False,False,0.0,No local records found,6.0,2026-05-22T07:50:18Z,Not Assessed,Austral Stork's-bill,VicFlora,True,True,True,True,True,True,True,True,True,True,True,True,All year,6,1.0,fire_killed,not_vegetative,persistent,wind / falling near the parent plant,Copes with short wet spells (under a month),False,Herb,2a89a3f9-d669-4638-82d3-2a575e7ca722,https://vicflora.rbg.vic.gov.au/flora/taxon/2a89a3f9-d669-4638-82d3-2a575e7ca722,"['origin', 'local_records', 'traits', 'flowering']",['rating'],Moderate
Pelargonium inodorum,Kopata,Geraniaceae,native,native,pelargonium inodorum,Not Assessed / No exact match,herb,herbaceous,annual short_lived_perennial,0.35,0.4,False,False,1.0,1985,2.0,2025-10-06T11:03:22Z,Not Assessed,Kopata,VicFlora,True,True,True,False,False,False,False,False,True,True,True,True,Sep–Mar,5,1.0,fire_killed,not_vegetative,persistent,wind / falling near the parent plant,,True,Herb,870508cb-0d21-4744-aabc-a1b62ea521a1,https://vicflora.rbg.vic.gov.au/flora/taxon/870508cb-0d21-4744-aabc-a1b62ea521a1,"['origin', 'local_records', 'traits', 'flowering']",['rating'],Moderate
Pelargonium ×domesticum,Garden Geranium,Geraniaceae,introduced,adventive,pelargonium domesticum,Not Assessed / No exact match,,,,,,True,False,0.0,No local records found,0.0,No local records found,Not Assessed,Garden Geranium,VicFlora,,,,,,,,,,,,,,0,,,,,,,False,,ecc63ae7-81c9-457c-bcd8-b7124a6cbffc,https://vicflora.rbg.vic.gov.au/flora/taxon/ecc63ae7-81c9-457c-bcd8-b7124a6cbffc,"['origin', 'griis']","['rating', 'local_records', 'traits', 'flowering']",Limited
Pentapogon quadrifidus,Five-awned Spear-grass,Poaceae,native,native,pentapogon quadrifidus,Not Assessed / No exact match,graminoid herb,herbaceous,annual perennial,0.1,0.7,False,False,1.0,1987,1.0,1987-02-01T00:00:00Z,Not Assessed,Five-awned Spear-grass,VicFlora,True,True,False,False,False,False,False,False,True,True,True,True,Sep–Feb,3,1.0,partial_resprouting,not_vegetative,persistent,sticking to animals and clothing / wind,Copes with waterlogged soil for 1-6 months,False,Grass,2a9bc4f8-ae57-40d7-9304-71ca53fc263c,https://vicflora.rbg.vic.gov.au/flora/taxon/2a9bc4f8-ae57-40d7-9304-71ca53fc263c,"['origin', 'local_records', 'traits', 'flowering']",['rating'],Moderate
Pentapogon quadrifidus var. quadrifidus,,Poaceae,native,native,pentapogon quadrifidus,Not Assessed / No exact match,graminoid herb,herbaceous,annual perennial,0.1,0.7,False,False,1.0,1987,1.0,1987-02-01T00:00:00Z,Not Assessed,Five-awned Spear-grass,VBA,True,True,False,False,False,False,False,False,True,True,True,True,Sep–Feb,3,1.0,partial_resprouting,not_vegetative,persistent,sticking to animals and clothing / wind,Copes with waterlogged soil for 1-6 months,False,Grass,0082cbea-bfaf-4333-8135-7b64a1305904,https://vicflora.rbg.vic.gov.au/flora/taxon/0082cbea-bfaf-4333-8135-7b64a1305904,"['origin', 'local_records', 'traits', 'flowering']",['rating'],Moderate
Persicaria decipiens,Slender Knotweed,Polygonaceae,native,native,persicaria decipiens,Not Assessed / No exact match,herb,herbaceous,perennial,0.3,1.0,False,False,9.0,2010,71.0,2026-06-17T09:14:44Z,Not Assessed,Slender Knotweed,VicFlora,True,True,True,True,True,True,True,True,True,True,True,True,All year,3,1.0,resprouts,vegetative,persistent,sticking to animals and clothing / animals,Copes with waterlogged soil for over 6 months,False,Herb,3df54b79-34e0-4bb4-9154-df6c8d53fde4,https://vicflora.rbg.vic.gov.au/flora/taxon/3df54b79-34e0-4bb4-9154-df6c8d53fde4,"['origin', 'local_records', 'traits', 'flowering']",['rating'],Moderate
Persicaria hydropiper,Water Pepper,Polygonaceae,uncertain,Not available,persicaria hydropiper,Lower Risk,herb,herbaceous,annual,0.5,2.0,True,False,0.0,No local records found,9.0,2005-01-19T00:00:00Z,Lower Concern,Water Pepper,VicFlora,True,True,True,True,True,True,True,True,True,True,True,True,All year,4,1.0,fire_killed,not_vegetative,long_persistent,sticking to animals and clothing / birds and animals eating the fruit,,False,Herb,eabe7ad1-687a-4568-854e-b4591ac9ee9b,https://vicflora.rbg.vic.gov.au/flora/taxon/eabe7ad1-687a-4568-854e-b4591ac9ee9b,"['rating', 'origin', 'local_records', 'traits', 'flowering']",[],Strong
Persicaria maculosa,Redshank,Polygonaceae,introduced,naturalised,persicaria maculosa,High Risk,herb,herbaceous,annual perennial,0.4,0.8,True,False,1.0,2000,3.0,2021-04-30T13:42:00Z,Reconsider Planting,Redshank,VicFlora,,,,,,,,,,,,,,0,,,,,,,False,Herb,bead6955-b123-4bd9-af29-f116802b962a,https://vicflora.rbg.vic.gov.au/flora/taxon/bead6955-b123-4bd9-af29-f116802b962a,"['rating', 'origin', 'local_records', 'traits', 'griis']",['flowering'],Moderate
Persicaria odorata,Vietnamese Mint,Polygonaceae,introduced,naturalised,persicaria odorata,Lower Risk,herb,herbaceous,annual perennial short_lived_perennial,1.0,1.5,True,False,2.0,2007,2.0,2007-04-15T00:00:00Z,Lower Concern,Vietnamese Mint,VicFlora,,,,,,,,,,,,,,0,,,,,,,False,Herb,e241b2d5-2ad9-425f-9079-a778b9cb6faf,https://vicflora.rbg.vic.gov.au/flora/taxon/e241b2d5-2ad9-425f-9079-a778b9cb6faf,"['rating', 'origin', 'local_records', 'traits', 'griis']",['flowering'],Moderate
Persicaria praetermissa,Spotted Knotweed,Polygonaceae,native,native,persicaria praetermissa,Not Assessed / No exact match,herb,herbaceous,perennial,0.2,1.0,False,False,0.0,No local records found,1.0,2016-08-01T00:00:00Z,Not Assessed,Spotted Knotweed,VicFlora,True,True,True,True,True,False,False,False,False,False,True,True,Nov–May,2,1.0,resprouts,vegetative,persistent,sticking to animals and clothing / animals,Copes with waterlogged soil for over 6 months,False,Herb,a444652c-2fcb-4aab-96fe-521955244b4d,https://vicflora.rbg.vic.gov.au/flora/taxon/a444652c-2fcb-4aab-96fe-521955244b4d,"['origin', 'local_records', 'traits', 'flowering']",['rating'],Moderate
Persoonia juniperina,Prickly Geebung,Proteaceae,native,native,persoonia juniperina,Not Assessed / No exact match,shrub,woody,perennial,0.3,2.0,False,False,0.0,No local records found,6.0,1895-10-19T00:00:00Z,Not Assessed,Prickly Geebung,VicFlora,True,True,True,True,True,False,False,False,False,False,False,True,Dec–May,3,1.0,resprouts,not_vegetative,persistent,birds and animals eating the fruit,Copes with waterlogged soil for 1-6 months,False,Shrub,b85f531c-d2c0-4334-852c-fa2bd461bc23,https://vicflora.rbg.vic.gov.au/flora/taxon/b85f531c-d2c0-4334-852c-fa2bd461bc23,"['origin', 'local_records', 'traits', 'flowering']",['rating'],Moderate
Phalaris aquatica,Toowoomba Canary-grass,Poaceae,introduced,naturalised,phalaris aquatica,High Risk,graminoid herb,herbaceous,perennial,0.3,1.5,True,False,5.0,2024,19.0,2024-08-01T00:00:00Z,Reconsider Planting,Toowoomba Canary-grass,VicFlora,False,False,False,False,False,False,False,False,True,True,True,False,Sep–Nov,1,1.0,,vegetative,,,,False,Grass,ba32e468-467e-4eb6-9fca-4b98d97c9476,https://vicflora.rbg.vic.gov.au/flora/taxon/ba32e468-467e-4eb6-9fca-4b98d97c9476,"['rating', 'origin', 'local_records', 'traits', 'flowering', 'griis']",[],Strong
Phalaris arundinacea,Reed Canary-grass,Poaceae,introduced,Not available,phalaris arundinacea,Very High Risk,graminoid herb,herbaceous,perennial,0.5,2.0,True,False,4.0,2008,23.0,2022-04-20T00:00:00Z,Reconsider Planting,Reed Canary-grass,VicFlora,False,False,False,False,False,False,False,False,True,True,True,False,Sep–Nov,1,1.0,resprouts,,,,,False,Grass,b2f88216-d903-4e8c-ae25-b1ecc00fa4cf,https://vicflora.rbg.vic.gov.au/flora/taxon/b2f88216-d903-4e8c-ae25-b1ecc00fa4cf,"['rating', 'origin', 'local_records', 'traits', 'flowering', 'griis']",[],Strong
Phalaris arundinacea var. arundinacea,Reed Canary-grass,Poaceae,introduced,naturalised,phalaris arundinacea,Very High Risk,graminoid herb,herbaceous,perennial,0.5,2.0,True,False,4.0,2008,23.0,2022-04-20T00:00:00Z,Reconsider Planting,Reed Canary-grass,VicFlora,False,False,False,False,False,False,False,False,True,True,True,False,Sep–Nov,1,1.0,resprouts,,,,,False,Grass,0dd52886-3df5-46cb-b96b-68b6efa1668a,https://vicflora.rbg.vic.gov.au/flora/taxon/0dd52886-3df5-46cb-b96b-68b6efa1668a,"['rating', 'origin', 'local_records', 'traits', 'flowering', 'griis']",[],Strong
Phalaris canariensis,,Poaceae,introduced,naturalised,phalaris canariensis,Very High Risk,graminoid herb,herbaceous,annual,0.15,1.2,True,False,1.0,1989,1.0,1989-01-03T00:00:00Z,Reconsider Planting,Canary Grass,VBA,False,False,False,False,False,False,False,False,True,True,True,False,Sep–Nov,1,1.0,,not_vegetative,,wind,,False,Grass,079021a8-f213-48ed-ab3d-666f48c6fb62,https://vicflora.rbg.vic.gov.au/flora/taxon/079021a8-f213-48ed-ab3d-666f48c6fb62,"['rating', 'origin', 'local_records', 'traits', 'flowering', 'griis']",[],Strong
Phoenix canariensis,Canary Island Date-palm,Arecaceae,introduced,naturalised,phoenix canariensis,Very High Risk,palmoid,woody,perennial,15.0,20.0,True,False,1.0,2006,1.0,2006-10-10T00:00:00Z,Reconsider Planting,Canary Island Date-palm,VicFlora,,,,,,,,,,,,,,0,,resprouts,,,,,False,Herb,a3860b68-24a3-424a-8906-1f43be6d3497,https://vicflora.rbg.vic.gov.au/flora/taxon/a3860b68-24a3-424a-8906-1f43be6d3497,"['rating', 'origin', 'local_records', 'traits', 'griis']",['flowering'],Moderate
Phragmites australis,Common Reed | Djarg,Poaceae,native,native,phragmites australis,Not Assessed / No exact match,graminoid,herbaceous,perennial,1.0,6.0,True,False,6.0,2024,37.0,2026-04-24T17:21:34Z,Not Assessed,Common Reed | Djarg,VicFlora,True,True,True,True,True,True,False,False,True,True,True,True,Sep–Jun,5,1.0,partial_resprouting,vegetative,long_persistent,wind / water,Copes with waterlogged soil for over 6 months,False,Grass,53fba474-8d64-4488-a8d3-28b1ed218314,https://vicflora.rbg.vic.gov.au/flora/taxon/53fba474-8d64-4488-a8d3-28b1ed218314,"['origin', 'local_records', 'traits', 'flowering']",['rating'],Moderate
Phyllanthus hirtellus,Thyme Spurge,Phyllanthaceae,native,native,phyllanthus hirtellus,Not Assessed / No exact match,shrub,woody,perennial,0.4,0.8,False,False,0.0,No local records found,1.0,,Not Assessed,Thyme Spurge,VicFlora,True,True,False,False,False,False,True,True,True,True,True,True,Jul–Feb,4,1.0,fire_killed,not_vegetative,persistent,animals,,True,Shrub,38adb039-76cb-49f8-908e-f4e735ac0bbe,https://vicflora.rbg.vic.gov.au/flora/taxon/38adb039-76cb-49f8-908e-f4e735ac0bbe,"['origin', 'local_records', 'traits', 'flowering']",['rating'],Moderate
Phytolacca octandra,Red-ink Weed,Phytolaccaceae,introduced,naturalised,phytolacca octandra,High Risk,herb,herbaceous woody,perennial,0.4,2.0,True,False,2.0,2010,9.0,2026-02-04T19:03:43Z,Reconsider Planting,Red-ink Weed,VicFlora,True,True,True,True,False,False,False,True,True,True,True,True,Aug–Apr,4,1.0,resprouts,not_vegetative,,,,False,Herb,fd5f90aa-6a59-442c-b5c2-04d39143c266,https://vicflora.rbg.vic.gov.au/flora/taxon/fd5f90aa-6a59-442c-b5c2-04d39143c266,"['rating', 'origin', 'local_records', 'traits', 'flowering', 'griis']",[],Strong
Pimelea humilis,Common Rice-flower,Thymelaeaceae,native,native,pimelea humilis,Not Assessed / No exact match,shrub,woody,perennial,0.05,0.5,False,False,12.0,2006,21.0,2025-10-24T16:20:06Z,Not Assessed,Common Rice-flower,VicFlora,True,False,False,False,False,False,False,False,True,True,True,True,Sep–Jan,3,1.0,resprouts,not_vegetative,long_persistent,falling near the parent plant / ants,Copes with short wet spells (under a month),False,Shrub,74a66232-8dc8-4fbf-a5e6-2f1de8350801,https://vicflora.rbg.vic.gov.au/flora/taxon/74a66232-8dc8-4fbf-a5e6-2f1de8350801,"['origin', 'local_records', 'traits', 'flowering']",['rating'],Moderate
Pimelea octophylla,Woolly Rice-flower,Thymelaeaceae,native,native,pimelea octophylla,Not Assessed / No exact match,shrub,woody,perennial,0.4,1.0,False,False,0.0,No local records found,2.0,1890-12-02T00:00:00Z,Not Assessed,Woolly Rice-flower,VicFlora,True,True,False,False,False,False,False,True,True,True,True,True,Aug–Feb,3,1.0,fire_killed,not_vegetative,persistent,falling near the parent plant / ants,Copes with short wet spells (under a month),False,Shrub,f3baff79-d9a3-475a-97d4-2dd7e05e4cfe,https://vicflora.rbg.vic.gov.au/flora/taxon/f3baff79-d9a3-475a-97d4-2dd7e05e4cfe,"['origin', 'local_records', 'traits', 'flowering']",['rating'],Moderate
Pimelea phylicoides,Heath Rice-flower,Thymelaeaceae,native,native,pimelea phylicoides,Not Assessed / No exact match,shrub,woody,perennial,0.2,1.0,False,False,1.0,1902,2.0,1890-11-01T00:00:00Z,Not Assessed,Heath Rice-flower,VicFlora,True,True,False,False,False,True,True,True,True,True,True,True,Jun–Feb,3,1.0,resprouts,not_vegetative,persistent,falling near the parent plant / ants,Copes with short wet spells (under a month),False,Shrub,895c5782-8276-41f1-aa4c-578ff80de45a,https://vicflora.rbg.vic.gov.au/flora/taxon/895c5782-8276-41f1-aa4c-578ff80de45a,"['origin', 'local_records', 'traits', 'flowering']",['rating'],Moderate
Pinus radiata,Radiata Pine | Monterey Pine | Insignis Pine,Pinaceae,introduced,naturalised,pinus radiata,Very High Risk,tree,woody,perennial,30.0,40.0,True,False,4.0,2009,5.0,2022-04-10T00:00:00Z,Reconsider Planting,Radiata Pine | Monterey Pine | Insignis Pine,VicFlora,,,,,,,,,,,,,,0,,fire_killed,,long_persistent,,,False,Tree,e8152c79-5ab0-4e24-8f65-c210a70532bb,https://vicflora.rbg.vic.gov.au/flora/taxon/e8152c79-5ab0-4e24-8f65-c210a70532bb,"['rating', 'origin', 'local_records', 'traits', 'griis']",['flowering'],Moderate
Pittosporum undulatum,Sweet Pittosporum,Pittosporaceae,native,native,pittosporum undulatum,Very High Risk,tree,woody,perennial,3.0,27.5,True,False,14.0,2024,99.0,2026-08-16T16:50:45Z,Reconsider Planting,Sweet Pittosporum,VicFlora,False,False,False,False,False,False,False,True,True,True,True,False,Aug–Nov,6,1.0,partial_resprouting,not_vegetative,transient,birds and animals eating the fruit / animals,Copes with short wet spells (under a month),False,Tree,3f3f9dc4-294e-415c-b628-3f643323e78a,https://vicflora.rbg.vic.gov.au/flora/taxon/3f3f9dc4-294e-415c-b628-3f643323e78a,"['rating', 'origin', 'local_records', 'traits', 'flowering']",[],Strong
Plantago coronopus,Buck's-horn Plantain,Plantaginaceae,introduced,Not available,plantago coronopus,High Risk,herb,herbaceous,annual perennial,0.05,0.2,True,False,5.0,2013,20.0,2026-03-17T10:39:04Z,Reconsider Planting,Buck's-horn Plantain,VicFlora,True,False,False,False,False,False,False,True,True,True,True,True,Aug–Jan,2,1.0,fire_killed,,,,,False,Herb,4ae3dc67-ea4a-412b-bf58-a506292e41f5,https://vicflora.rbg.vic.gov.au/flora/taxon/4ae3dc67-ea4a-412b-bf58-a506292e41f5,"['rating', 'origin', 'local_records', 'traits', 'flowering', 'griis']",[],Strong
Plantago coronopus subsp. coronopus,,Plantaginaceae,introduced,naturalised,plantago coronopus,High Risk,herb,herbaceous,annual perennial,0.05,0.2,True,False,5.0,2013,20.0,2026-03-17T10:39:04Z,Reconsider Planting,Buck's-horn Plantain,VBA,True,False,False,False,False,False,False,True,True,True,True,True,Aug–Jan,2,1.0,fire_killed,,,,,False,Herb,b1559c26-06e6-4e13-8145-0bb6fe515dae,https://vicflora.rbg.vic.gov.au/flora/taxon/b1559c26-06e6-4e13-8145-0bb6fe515dae,"['rating', 'origin', 'local_records', 'traits', 'flowering', 'griis']",[],Strong
Plantago gaudichaudii,Narrow Plantain,Plantaginaceae,native,native,plantago gaudichaudii,Not Assessed / No exact match,herb,herbaceous,perennial,0.2,0.3,False,False,1.0,2000,1.0,2000-10-12T00:00:00Z,Not Assessed,Narrow Plantain,VicFlora,True,True,True,True,False,True,True,True,True,True,True,True,Jun–Apr,3,1.0,resprouts,vegetative,long_persistent,falling near the parent plant / birds and animals eating the fruit,Copes with short wet spells (under a month),False,Herb,f24aac80-95c1-4012-b3c7-b774d0d8d30c,https://vicflora.rbg.vic.gov.au/flora/taxon/f24aac80-95c1-4012-b3c7-b774d0d8d30c,"['origin', 'local_records', 'traits', 'flowering']",['rating'],Moderate
Plantago lanceolata,Ribwort,Plantaginaceae,introduced,naturalised,plantago lanceolata,Medium Risk,herb,herbaceous,annual biennial,0.1,0.9,True,False,17.0,2024,416.0,2026-03-31T10:46:35Z,Use Caution,Ribwort,VicFlora,True,True,True,True,False,False,False,False,True,True,True,True,Sep–Apr,1,1.0,resprouts,not_vegetative,,wind / animals,,False,Herb,99cf228a-b007-4cc8-9751-16a9b81b7902,https://vicflora.rbg.vic.gov.au/flora/taxon/99cf228a-b007-4cc8-9751-16a9b81b7902,"['rating', 'origin', 'local_records', 'traits', 'flowering', 'griis']",[],Strong
Plantago major,Greater Plantain,Plantaginaceae,introduced,naturalised,plantago major,Medium Risk,herb,herbaceous,perennial,0.1,0.8,True,False,0.0,No local records found,15.0,2026-04-24T07:58:15Z,Use Caution,Greater Plantain,VicFlora,True,True,True,False,False,False,False,False,False,True,True,True,Oct–Mar,1,1.0,resprouts,not_vegetative,long_persistent,,,False,Herb,68b1fb30-e4de-4d17-9b7e-ed332716aabf,https://vicflora.rbg.vic.gov.au/flora/taxon/68b1fb30-e4de-4d17-9b7e-ed332716aabf,"['rating', 'origin', 'local_records', 'traits', 'flowering', 'griis']",[],Strong
Plantago varia,Variable Plantain,Plantaginaceae,native,native,plantago varia,Not Assessed / No exact match,herb,herbaceous,perennial,0.2,0.2,True,False,3.0,2000,4.0,2000-10-12T00:00:00Z,Not Assessed,Variable Plantain,VicFlora,True,True,True,True,True,True,True,True,True,True,True,True,All year,3,1.0,resprouts,vegetative,persistent,falling near the parent plant / birds and animals eating the fruit,Copes with short wet spells (under a month),False,Herb,8bc0c93e-561e-4b2a-b601-8ede98d2049e,https://vicflora.rbg.vic.gov.au/flora/taxon/8bc0c93e-561e-4b2a-b601-8ede98d2049e,"['origin', 'local_records', 'traits', 'flowering']",['rating'],Moderate
Platylobium obtusangulum,Common Flat-pea,Fabaceae,native,native,platylobium obtusangulum,Not Assessed / No exact match,shrub,woody,perennial,1.0,1.0,False,False,12.0,2006,40.0,2026-04-27T08:30:14Z,Not Assessed,Common Flat-pea,VicFlora,False,False,False,False,False,False,False,False,True,True,True,False,Sep–Nov,1,1.0,resprouts,not_vegetative,long_persistent,ants / falling near the parent plant,Copes with short wet spells (under a month),False,Shrub,caf9d416-8ab0-4776-b75e-05367ff7e505,https://vicflora.rbg.vic.gov.au/flora/taxon/caf9d416-8ab0-4776-b75e-05367ff7e505,"['origin', 'local_records', 'traits', 'flowering']",['rating'],Moderate
Platysace heterophylla,,Apiaceae,native,native,platysace heterophylla,Not Assessed / No exact match,herb,herbaceous woody,perennial,0.3,1.0,False,False,5.0,1900,26.0,2026-04-15T12:37:38Z,Not Assessed,Slender Platysace,ALA,True,True,True,True,True,True,True,True,True,True,True,True,All year,2,1.0,resprouts,not_vegetative,persistent,animals / falling near the parent plant,Copes with waterlogged soil for 1-6 months,False,Herb,e21e5c87-de29-4561-83cb-a12a7c2800a5,https://vicflora.rbg.vic.gov.au/flora/taxon/e21e5c87-de29-4561-83cb-a12a7c2800a5,"['origin', 'local_records', 'traits', 'flowering']",['rating'],Moderate
Platysace heterophylla var. heterophylla,Slender Platysace,Apiaceae,native,native,platysace heterophylla,Not Assessed / No exact match,herb,herbaceous woody,perennial,0.3,1.0,False,False,5.0,1900,26.0,2026-04-15T12:37:38Z,Not Assessed,Slender Platysace,VicFlora,True,True,True,True,True,True,True,True,True,True,True,True,All year,2,1.0,resprouts,not_vegetative,persistent,animals / falling near the parent plant,Copes with waterlogged soil for 1-6 months,False,Herb,01d8dd72-f44a-454a-8669-32f58fe39c27,https://vicflora.rbg.vic.gov.au/flora/taxon/01d8dd72-f44a-454a-8669-32f58fe39c27,"['origin', 'local_records', 'traits', 'flowering']",['rating'],Moderate
Platysace lanceolata,Shrubby Platysace,Apiaceae,native,native,platysace lanceolata,Not Assessed / No exact match,shrub,woody,perennial,0.3,1.5,False,False,0.0,No local records found,1.0,1986-11-01T00:00:00Z,Not Assessed,Shrubby Platysace,VicFlora,True,True,True,True,False,False,False,False,True,True,True,True,Sep–Apr,4,1.0,resprouts,not_vegetative,persistent,animals / wind,,True,Shrub,89e05640-952e-48fa-95c1-836e530f80ea,https://vicflora.rbg.vic.gov.au/flora/taxon/89e05640-952e-48fa-95c1-836e530f80ea,"['origin', 'local_records', 'traits', 'flowering']",['rating'],Moderate
Pleuridium nervosum,,Ditrichaceae,native,native,pleuridium nervosum,Not Assessed / No exact match,,,,,,False,False,2.0,1901,2.0,1901-09-08T00:00:00Z,Not Assessed,Earth Moss,VBA,,,,,,,,,,,,,,0,,,,,,,False,,4ce0ee55-e636-4c08-af57-4d241fa1e1db,https://vicflora.rbg.vic.gov.au/flora/taxon/4ce0ee55-e636-4c08-af57-4d241fa1e1db,"['origin', 'local_records']","['rating', 'traits', 'flowering']",Limited
Poa annua,Annual Meadow-grass | Goose-grass | Winter-grass,Poaceae,introduced,naturalised,poa annua,Medium Risk,graminoid herb,herbaceous,annual,0.02,0.46,True,False,5.0,2019,15.0,2026-07-23T09:54:22Z,Use Caution,Annual Meadow-grass | Goose-grass | Winter-grass,VicFlora,False,False,False,False,False,True,True,True,True,True,True,False,Jun–Nov,2,1.0,fire_killed,not_vegetative,,wind,,False,Grass,7852f14d-7e44-4b1a-b8aa-065ffb7a76bf,https://vicflora.rbg.vic.gov.au/flora/taxon/7852f14d-7e44-4b1a-b8aa-065ffb7a76bf,"['rating', 'origin', 'local_records', 'traits', 'flowering', 'griis']",[],Strong
Poa bulbosa,,Poaceae,introduced,Not available,poa bulbosa,High Risk,graminoid herb,herbaceous,perennial,0.05,0.5,True,False,1.0,2007,1.0,2007-10-15T00:00:00Z,Reconsider Planting,Bulbous Meadow-grass,VBA,False,False,False,False,False,False,False,False,True,True,True,False,Sep–Nov,1,1.0,resprouts,,,,,False,Grass,ecbd8f67-5aa4-4f4d-9398-c661b032c3d7,https://vicflora.rbg.vic.gov.au/flora/taxon/ecbd8f67-5aa4-4f4d-9398-c661b032c3d7,"['rating', 'origin', 'local_records', 'traits', 'flowering', 'griis']",[],Strong
Poa bulbosa var. bulbosa,Bulbous Meadow-grass,Poaceae,introduced,naturalised,poa bulbosa,High Risk,graminoid herb,herbaceous,perennial,0.05,0.5,True,False,1.0,2007,1.0,2007-10-15T00:00:00Z,Reconsider Planting,Bulbous Meadow-grass,VicFlora,False,False,False,False,False,False,False,False,True,True,True,False,Sep–Nov,1,1.0,resprouts,,,,,False,Grass,5ca301b1-96a6-4aa6-8613-da878ba1ae42,https://vicflora.rbg.vic.gov.au/flora/taxon/5ca301b1-96a6-4aa6-8613-da878ba1ae42,"['rating', 'origin', 'local_records', 'traits', 'flowering', 'griis']",[],Strong
Poa labillardierei,,Poaceae,native,native,poa labillardierei,Not Assessed / No exact match,tussock,herbaceous,perennial,0.3,1.3,False,False,6.0,2009,23.0,2026-08-20T12:14:12Z,Not Assessed,Common Tussock-grass,VBA,True,True,True,True,True,True,True,True,True,True,True,True,All year,3,1.0,partial_resprouting,not_vegetative,transient,sticking to animals and clothing / wind,Copes with waterlogged soil for over 6 months,False,Grass,b5dd411d-ca1e-4886-a989-7745ffd40afb,https://vicflora.rbg.vic.gov.au/flora/taxon/b5dd411d-ca1e-4886-a989-7745ffd40afb,"['origin', 'local_records', 'traits', 'flowering']",['rating'],Moderate
Poa labillardierei var. labillardierei,,Poaceae,native,native,poa labillardierei,Not Assessed / No exact match,tussock,herbaceous,perennial,0.3,1.3,False,False,6.0,2009,23.0,2026-08-20T12:14:12Z,Not Assessed,Tussock Grass,ALA,True,True,True,True,True,True,True,True,True,True,True,True,All year,3,1.0,partial_resprouting,not_vegetative,transient,sticking to animals and clothing / wind,Copes with waterlogged soil for over 6 months,False,Grass,cf4809be-cafe-48f1-9599-bc29cabf1554,https://vicflora.rbg.vic.gov.au/flora/taxon/cf4809be-cafe-48f1-9599-bc29cabf1554,"['origin', 'local_records', 'traits', 'flowering']",['rating'],Moderate
Poa morrisii,,Poaceae,native,native,poa morrisii,Not Assessed / No exact match,tussock,herbaceous,perennial,0.3,0.95,False,False,7.0,2009,26.0,2023-08-08T00:00:00Z,Not Assessed,Soft Tussock-grass,VBA,False,False,False,False,False,False,False,False,False,True,True,False,Oct–Nov,2,1.0,resprouts,not_vegetative,transient,wind / sticking to animals and clothing,Copes with short wet spells (under a month),False,Grass,c006642a-7b17-4789-a7cf-9e8024bf99e6,https://vicflora.rbg.vic.gov.au/flora/taxon/c006642a-7b17-4789-a7cf-9e8024bf99e6,"['origin', 'local_records', 'traits', 'flowering']",['rating'],Moderate
Poa pratensis,Kentucky Blue-grass | Smooth Meadow-grass,Poaceae,introduced,naturalised,poa pratensis,Moderately High Risk,graminoid herb,herbaceous,perennial,0.1,1.0,True,False,3.0,1998,5.0,1998-06-01T00:00:00Z,Use Caution,Kentucky Blue-grass | Smooth Meadow-grass,VicFlora,False,False,False,False,False,False,False,False,True,True,True,False,Sep–Nov,2,1.0,resprouts,,,,,False,Grass,2d8ead40-0bef-4f34-bf83-f3c973e170fc,https://vicflora.rbg.vic.gov.au/flora/taxon/2d8ead40-0bef-4f34-bf83-f3c973e170fc,"['rating', 'origin', 'local_records', 'traits', 'flowering', 'griis']",[],Strong
Poa rodwayi,,Poaceae,native,native,poa rodwayi,Not Assessed / No exact match,tussock,herbaceous,perennial,0.25,0.75,False,False,1.0,2000,1.0,2000-10-12T00:00:00Z,Not Assessed,Velvet Tussock-grass,VBA,True,False,False,False,False,False,False,False,True,True,True,True,Sep–Jan,2,1.0,resprouts,not_vegetative,long_persistent,wind / sticking to animals and clothing,Copes with short wet spells (under a month),False,Grass,7d70972f-8c71-4738-83d5-77de7bbb6915,https://vicflora.rbg.vic.gov.au/flora/taxon/7d70972f-8c71-4738-83d5-77de7bbb6915,"['origin', 'local_records', 'traits', 'flowering']",['rating'],Moderate
Poa sieberiana,,Poaceae,native,native,poa sieberiana,Not Assessed / No exact match,tussock,herbaceous,perennial,0.09,1.07,False,False,1.0,2000,1.0,2000-10-12T00:00:00Z,Not Assessed,Grey Tussock-grass,VBA,True,True,True,True,True,True,True,True,True,True,True,True,All year,3,1.0,partial_resprouting,not_vegetative,transient,sticking to animals and clothing / wind,,True,Grass,9343454b-4d9a-417b-8551-c815ce0114ff,https://vicflora.rbg.vic.gov.au/flora/taxon/9343454b-4d9a-417b-8551-c815ce0114ff,"['origin', 'local_records', 'traits', 'flowering']",['rating'],Moderate
Poa tenera,Slender Tussock-grass,Poaceae,native,native,poa tenera,Not Assessed / No exact match,tussock,herbaceous,perennial,0.1,2.0,False,False,1.0,1985,2.0,1986-11-01T00:00:00Z,Not Assessed,Slender Tussock-grass,VicFlora,True,True,False,False,False,False,False,False,True,True,True,True,Sep–Feb,4,1.0,resprouts,not_vegetative,transient,sticking to animals and clothing / wind,Copes with waterlogged soil for over 6 months,False,Grass,7135aacd-1772-4db6-94d6-87a5916d150e,https://vicflora.rbg.vic.gov.au/flora/taxon/7135aacd-1772-4db6-94d6-87a5916d150e,"['origin', 'local_records', 'traits', 'flowering']",['rating'],Moderate
Poa trivialis,Rough Meadow-grass,Poaceae,introduced,naturalised,poa trivialis,Lower Risk,graminoid herb,herbaceous,perennial,1.0,1.0,True,False,2.0,2000,2.0,2000-10-12T00:00:00Z,Lower Concern,Rough Meadow-grass,VicFlora,True,True,False,False,False,False,False,False,True,True,True,True,Sep–Feb,1,1.0,resprouts,,,,,False,Grass,9bcf0640-3312-4021-b8fd-4b2159ecbc66,https://vicflora.rbg.vic.gov.au/flora/taxon/9bcf0640-3312-4021-b8fd-4b2159ecbc66,"['rating', 'origin', 'local_records', 'traits', 'flowering', 'griis']",[],Strong
Podolepis decipiens,,Asteraceae,native,native,podolepis decipiens,Not Assessed / No exact match,herb,herbaceous,perennial,0.4,0.7,False,False,0.0,No local records found,1.0,1902-10-09T00:00:00Z,Not Assessed,Common Podolepis,ALA,,,,,,,,,,,,,,0,,,,,wind,,False,Herb,1129a852-5c51-4c6a-84a5-4ce195f356ec,https://vicflora.rbg.vic.gov.au/flora/taxon/1129a852-5c51-4c6a-84a5-4ce195f356ec,"['origin', 'local_records', 'traits']","['rating', 'flowering']",Moderate
Podolepis jaceoides,Showy Podolepis,Asteraceae,native,native,podolepis jaceoides,Not Assessed / No exact match,herb,herbaceous,perennial,0.5,0.7,True,False,1.0,1902,0.0,No local records found,Not Assessed,Showy Podolepis,VicFlora,True,True,False,False,False,False,False,False,False,True,True,True,Oct–Feb,3,1.0,resprouts,not_vegetative,transient,wind,Copes with short wet spells (under a month),False,Herb,4486aa3a-78d5-4801-8be5-5aa5dbc20106,https://vicflora.rbg.vic.gov.au/flora/taxon/4486aa3a-78d5-4801-8be5-5aa5dbc20106,"['origin', 'local_records', 'traits', 'flowering']",['rating'],Moderate
Polycarpon tetraphyllum,Four-leaved Allseed,Caryophyllaceae,introduced,naturalised,polycarpon tetraphyllum,Moderately High Risk,herb,herbaceous,annual,0.02,0.23,True,False,3.0,2006,5.0,2024-12-09T16:33:19Z,Use Caution,Four-leaved Allseed,VicFlora,True,False,False,False,False,False,False,True,True,True,True,True,Aug–Jan,2,1.0,fire_killed,not_vegetative,,falling near the parent plant,,False,Herb,b6cbef80-4527-49d6-b5d9-4f316cb14bda,https://vicflora.rbg.vic.gov.au/flora/taxon/b6cbef80-4527-49d6-b5d9-4f316cb14bda,"['rating', 'origin', 'local_records', 'traits', 'flowering', 'griis']",[],Strong
Polygala virgata,Broom Milkwort,Polygalaceae,introduced,naturalised,polygala virgata,Medium Risk,shrub,woody,perennial,1.0,3.0,True,False,1.0,1885,1.0,1885-12-13T00:00:00Z,Use Caution,Broom Milkwort,VicFlora,False,False,False,False,False,False,True,True,True,True,True,False,Jul–Nov,3,1.0,fire_killed,,,,,False,Shrub,e9ea3d6b-3d71-4d68-88f4-4b36ecd995de,https://vicflora.rbg.vic.gov.au/flora/taxon/e9ea3d6b-3d71-4d68-88f4-4b36ecd995de,"['rating', 'origin', 'local_records', 'traits', 'flowering', 'griis']",[],Strong
Polygonum aviculare,Hogweed | Wireweed,Polygonaceae,introduced,naturalised,polygonum aviculare,High Risk,herb,herbaceous,annual,0.02,0.1,True,False,5.0,2013,11.0,2026-04-25T08:53:39Z,Reconsider Planting,Hogweed | Wireweed,VicFlora,False,True,True,True,True,False,False,False,True,True,False,False,"Feb–May, Sep–Oct",1,2.0,fire_killed,vegetative,long_persistent,falling near the parent plant,,False,Herb,e9dbbe5e-9597-402f-a6d5-a5bff7c13d55,https://vicflora.rbg.vic.gov.au/flora/taxon/e9dbbe5e-9597-402f-a6d5-a5bff7c13d55,"['rating', 'origin', 'local_records', 'traits', 'flowering', 'griis']",[],Strong
Polypogon monspeliensis,,Poaceae,introduced,naturalised,polypogon monspeliensis,High Risk,graminoid herb,herbaceous,annual,0.15,0.9,True,False,1.0,1984,4.0,2005-01-19T00:00:00Z,Reconsider Planting,Annual Beard-grass,VBA,False,True,True,True,True,True,True,True,True,True,True,False,Feb–Nov,2,1.0,fire_killed,not_vegetative,,sticking to animals and clothing,,False,Grass,e9903705-eb8e-419a-ae94-545baad27e92,https://vicflora.rbg.vic.gov.au/flora/taxon/e9903705-eb8e-419a-ae94-545baad27e92,"['rating', 'origin', 'local_records', 'traits', 'flowering', 'griis']",[],Strong
Polyscias sambucifolia,,Araliaceae,native,native,polyscias sambucifolia,Not Assessed / No exact match,shrub,woody,perennial,1.5,11.0,True,False,0.0,No local records found,0.0,No local records found,Not Assessed,,,True,True,False,False,False,False,False,False,False,False,True,True,Nov–Feb,6,1.0,resprouts,vegetative,persistent,sticking to animals and clothing / birds and animals eating the fruit,Copes with short wet spells (under a month),False,Shrub,346e388f-0720-4155-9daf-f303e37700cb,https://vicflora.rbg.vic.gov.au/flora/taxon/346e388f-0720-4155-9daf-f303e37700cb,"['origin', 'traits', 'flowering']","['rating', 'local_records']",Moderate
Polytrichum juniperinum,,Polytrichaceae,native,native,polytrichum juniperinum,Not Assessed / No exact match,,,,,,False,False,0.0,No local records found,3.0,2024-09-20T10:56:37Z,Not Assessed,Juniper Haircap,ALA,,,,,,,,,,,,,,0,,,,,,,False,,030abd27-00bd-40d8-8d7e-6857a1f773ba,https://vicflora.rbg.vic.gov.au/flora/taxon/030abd27-00bd-40d8-8d7e-6857a1f773ba,"['origin', 'local_records']","['rating', 'traits', 'flowering']",Limited
Pomaderris racemosa,,Rhamnaceae,native,native,pomaderris racemosa,Not Assessed / No exact match,shrub,woody,perennial,2.0,8.0,False,False,0.0,No local records found,4.0,2022-05-02T14:38:17Z,Not Assessed,Cluster Pomaderris,ALA,False,False,False,False,False,False,False,False,False,True,True,False,Oct–Nov,1,1.0,fire_killed,not_vegetative,long_persistent,ants / falling near the parent plant,Copes with short wet spells (under a month),False,Shrub,60baf536-459d-461b-b074-571467dba028,https://vicflora.rbg.vic.gov.au/flora/taxon/60baf536-459d-461b-b074-571467dba028,"['origin', 'local_records', 'traits', 'flowering']",['rating'],Moderate
Populus alba,White Poplar,Salicaceae,introduced,naturalised,populus alba,Medium Risk,tree,woody,perennial,3.0,20.0,True,False,1.0,2000,2.0,2022-12-05T09:30:44Z,Use Caution,White Poplar,VicFlora,,,,,,,,,,,,,,0,,resprouts,vegetative,,,,False,Tree,b0635b4e-1b1b-465e-86b9-f7326bf94e34,https://vicflora.rbg.vic.gov.au/flora/taxon/b0635b4e-1b1b-465e-86b9-f7326bf94e34,"['rating', 'origin', 'local_records', 'traits', 'griis']",['flowering'],Moderate
Poranthera microphylla,Small Poranthera,Phyllanthaceae,native,native,poranthera microphylla,Not Assessed / No exact match,herb,herbaceous,annual,0.012898199,0.45,False,False,12.0,2013,27.0,2023-11-07T14:04:00Z,Not Assessed,Small Poranthera,VicFlora,True,True,True,True,True,True,True,True,True,True,True,True,All year,8,1.0,fire_killed,not_vegetative,persistent,ants / falling near the parent plant,Copes with short wet spells (under a month),False,Herb,1c20c070-4ac6-4e25-a236-b9563c4bb9ea,https://vicflora.rbg.vic.gov.au/flora/taxon/1c20c070-4ac6-4e25-a236-b9563c4bb9ea,"['origin', 'local_records', 'traits', 'flowering']",['rating'],Moderate
Portulaca oleracea,Pigweed | Common Purslane,Portulacaceae,uncertain,Not available,portulaca oleracea,Lower Risk,herb,herbaceous,annual,0.05,0.4,True,False,1.0,2010,10.0,2026-04-25T08:53:14Z,Lower Concern,Pigweed | Common Purslane,VicFlora,True,True,True,True,True,False,False,True,True,True,True,True,Aug–May,5,1.0,fire_killed,not_vegetative,persistent,falling near the parent plant / animals,Copes with waterlogged soil for 1-6 months,False,Herb,cd5fc762-22ae-45a5-ab93-02f7cef0a5c0,https://vicflora.rbg.vic.gov.au/flora/taxon/cd5fc762-22ae-45a5-ab93-02f7cef0a5c0,"['rating', 'origin', 'local_records', 'traits', 'flowering']",[],Strong
Potamogeton crispus,Curly Pondweed,Potamogetonaceae,native,native,potamogeton crispus,Not Assessed / No exact match,herb,herbaceous,perennial,4.0,4.0,False,False,0.0,No local records found,12.0,2005-01-19T00:00:00Z,Not Assessed,Curly Pondweed,VicFlora,True,True,True,True,True,False,True,True,True,True,True,True,Jul–May,3,1.0,resprouts,vegetative,persistent,water / sticking to animals and clothing,Grows in water,False,Herb,9c14b1c1-4721-49e4-8441-8964fc2a14ad,https://vicflora.rbg.vic.gov.au/flora/taxon/9c14b1c1-4721-49e4-8441-8964fc2a14ad,"['origin', 'local_records', 'traits', 'flowering']",['rating'],Moderate
Potentilla indica,Indian Strawberry,Rosaceae,introduced,naturalised,potentilla indica,Moderately High Risk,herb,herbaceous,perennial,0.3,0.3,True,False,1.0,1987,4.0,2026-04-22T09:07:31Z,Use Caution,Indian Strawberry,VicFlora,True,True,False,False,False,False,False,False,True,True,True,True,Sep–Feb,1,1.0,resprouts,,,animals,,False,Herb,ce47bb91-1823-45f1-9847-a98cdf6b80fc,https://vicflora.rbg.vic.gov.au/flora/taxon/ce47bb91-1823-45f1-9847-a98cdf6b80fc,"['rating', 'origin', 'local_records', 'traits', 'flowering', 'griis']",[],Strong
Prasophyllum elatum,Tall Leek-orchid,Orchidaceae,native,native,prasophyllum elatum,Not Assessed / No exact match,herb,herbaceous,perennial,0.3,1.5,False,False,1.0,1884,1.0,,Not Assessed,Tall Leek-orchid,VicFlora,False,False,False,False,False,False,False,True,True,True,True,True,Aug–Dec,4,1.0,resprouts,not_vegetative,transient,wind,,True,Herb,14facc03-bf2e-4a1c-ba73-739d50439e05,https://vicflora.rbg.vic.gov.au/flora/taxon/14facc03-bf2e-4a1c-ba73-739d50439e05,"['origin', 'local_records', 'traits', 'flowering']",['rating'],Moderate
Prasophyllum frenchii,Swamp Leek-orchid,Orchidaceae,native,native,prasophyllum frenchii,Not Assessed / No exact match,herb,herbaceous,perennial,0.4,0.6,False,False,0.0,No local records found,3.0,1926-10-21T00:00:00Z,Not Assessed,Swamp Leek-orchid,VicFlora,False,False,False,False,False,False,False,False,False,True,True,False,Oct–Nov,1,1.0,resprouts,not_vegetative,widely_dispersed,wind,Copes with waterlogged soil for 1-6 months,False,Herb,9cf51b39-f012-43be-a28c-98ce7e5e0fd1,https://vicflora.rbg.vic.gov.au/flora/taxon/9cf51b39-f012-43be-a28c-98ce7e5e0fd1,"['origin', 'local_records', 'traits', 'flowering']",['rating'],Moderate
Prasophyllum odoratum,Fragrant Leek-orchid | Pretty Leek-orchid,Orchidaceae,native,native,prasophyllum odoratum,Not Assessed / No exact match,herb,herbaceous,perennial,0.3,0.8,False,False,0.0,No local records found,1.0,,Not Assessed,Fragrant Leek-orchid | Pretty Leek-orchid,VicFlora,True,False,False,False,False,False,False,True,True,True,True,True,Aug–Jan,1,1.0,resprouts,not_vegetative,transient,wind,Copes with waterlogged soil for 1-6 months,False,Herb,ade0ed07-10a5-4ab0-a8ab-800b49488888,https://vicflora.rbg.vic.gov.au/flora/taxon/ade0ed07-10a5-4ab0-a8ab-800b49488888,"['origin', 'local_records', 'traits', 'flowering']",['rating'],Moderate
Prostanthera lasianthos,Victorian Christmas Bush,Lamiaceae,native,native,prostanthera lasianthos,Not Assessed / No exact match,shrub,woody,perennial,1.0,13.0,False,False,6.0,2006,33.0,2026-04-26T10:35:29Z,Not Assessed,Victorian Christmas Bush,VicFlora,True,True,True,False,False,False,False,False,False,False,True,True,Nov–Mar,4,1.0,fire_killed,not_vegetative,transient,animals / falling near the parent plant,Copes with waterlogged soil for 1-6 months,False,Shrub,ea703b78-5fba-4748-aee8-7654fbfd36c7,https://vicflora.rbg.vic.gov.au/flora/taxon/ea703b78-5fba-4748-aee8-7654fbfd36c7,"['origin', 'local_records', 'traits', 'flowering']",['rating'],Moderate
Prunella vulgaris,Self-heal,Lamiaceae,introduced,naturalised,prunella vulgaris,Medium Risk,herb,herbaceous,perennial,0.4,0.4,True,False,5.0,2007,25.0,2026-08-07T15:38:09Z,Use Caution,Self-heal,VicFlora,True,True,True,True,False,False,False,False,False,False,True,True,Nov–Apr,1,1.0,fire_killed,,transient,,,False,Herb,2545174e-4b86-4506-a7f3-f32e28b14cf9,https://vicflora.rbg.vic.gov.au/flora/taxon/2545174e-4b86-4506-a7f3-f32e28b14cf9,"['rating', 'origin', 'local_records', 'traits', 'flowering', 'griis']",[],Strong
Prunus cerasifera,Cherry-plum,Rosaceae,introduced,naturalised,prunus cerasifera,High Risk,shrub tree,woody,perennial,7.0,12.0,True,False,5.0,2009,14.0,2021-11-27T04:53:12.046Z,Reconsider Planting,Cherry-plum,VicFlora,False,False,False,False,False,False,False,False,True,True,True,False,Sep–Nov,1,1.0,,,widely_dispersed,,,False,Tree,b5b27e90-c220-4b46-af6e-26ae29e199d6,https://vicflora.rbg.vic.gov.au/flora/taxon/b5b27e90-c220-4b46-af6e-26ae29e199d6,"['rating', 'origin', 'local_records', 'traits', 'flowering', 'griis']",[],Strong
Psoralea pinnata,Blue Psoralea,Fabaceae,introduced,naturalised,psoralea pinnata,Very High Risk,shrub,woody,perennial,1.0,5.0,True,False,1.0,1987,1.0,1987-02-01T00:00:00Z,Reconsider Planting,Blue Psoralea,VicFlora,True,True,False,False,False,False,False,False,False,False,False,True,Dec–Feb,2,1.0,fire_killed,,,,,False,Shrub,9f6fd70f-6c8a-4a82-afb1-9a44293d3fe4,https://vicflora.rbg.vic.gov.au/flora/taxon/9f6fd70f-6c8a-4a82-afb1-9a44293d3fe4,"['rating', 'origin', 'local_records', 'traits', 'flowering', 'griis']",[],Strong
Pteridium esculentum,Bracken | Austral Bracken,Dennstaedtiaceae,native,native,pteridium esculentum,Not Assessed / No exact match,fern,herbaceous,perennial,0.5,2.5,False,False,12.0,2022,56.0,2026-07-16T14:32:15Z,Not Assessed,Bracken | Austral Bracken,VicFlora,,,,,,,,,,,,,,0,,resprouts,vegetative,transient,wind / falling near the parent plant,Copes with waterlogged soil for 1-6 months,False,Fern,0ec90dc4-fac5-43e1-875a-3fe53f3c7187,https://vicflora.rbg.vic.gov.au/flora/taxon/0ec90dc4-fac5-43e1-875a-3fe53f3c7187,"['origin', 'local_records', 'traits']","['rating', 'flowering']",Moderate
Pteridium esculentum subsp. esculentum,,Dennstaedtiaceae,native,native,pteridium esculentum,Not Assessed / No exact match,fern,herbaceous,perennial,0.5,2.5,False,False,12.0,2022,56.0,2026-07-16T14:32:15Z,Not Assessed,Austral Bracken,VBA,,,,,,,,,,,,,,0,,resprouts,vegetative,transient,wind / falling near the parent plant,Copes with waterlogged soil for 1-6 months,False,Fern,09288612-5310-4fa0-95f2-1b3a384d22f5,https://vicflora.rbg.vic.gov.au/flora/taxon/09288612-5310-4fa0-95f2-1b3a384d22f5,"['origin', 'local_records', 'traits']","['rating', 'flowering']",Moderate
Pterostylis melagramma,,Orchidaceae,native,native,pterostylis melagramma,Not Assessed / No exact match,herb,herbaceous,perennial,0.1,0.9,False,False,0.0,No local records found,4.0,2026-07-16T14:29:38Z,Not Assessed,Tall Greenhood,ALA,False,False,False,False,False,True,True,True,True,True,True,False,Jun–Nov,1,1.0,resprouts,not_vegetative,transient,wind,,True,Herb,1c07f938-afed-44ac-bd63-c83f8611be94,https://vicflora.rbg.vic.gov.au/flora/taxon/1c07f938-afed-44ac-bd63-c83f8611be94,"['origin', 'local_records', 'traits', 'flowering']",['rating'],Moderate
Pterostylis nutans,Nodding Greenhood,Orchidaceae,native,native,pterostylis nutans,Not Assessed / No exact match,herb,herbaceous,perennial,0.05,0.4,False,False,9.0,2007,23.0,2026-07-11T14:27:00Z,Not Assessed,Nodding Greenhood,VicFlora,False,False,False,True,True,True,True,True,True,True,False,False,Apr–Oct,5,1.0,resprouts,vegetative,transient,wind / falling near the parent plant,,True,Herb,9ee3e225-0053-4385-b1ab-cdccb79ccefe,https://vicflora.rbg.vic.gov.au/flora/taxon/9ee3e225-0053-4385-b1ab-cdccb79ccefe,"['origin', 'local_records', 'traits', 'flowering']",['rating'],Moderate
Pterostylis parviflora,Tiny Greenhood,Orchidaceae,native,native,pterostylis parviflora,Not Assessed / No exact match,herb,herbaceous,perennial,0.02,0.25,False,False,1.0,1968,2.0,1968-09-26T00:00:00Z,Not Assessed,Tiny Greenhood,VicFlora,False,True,True,True,True,True,False,False,False,False,False,False,Feb–Jun,3,1.0,resprouts,not_vegetative,transient,wind,,True,Herb,67485718-ffdd-400a-a376-305c1bc93a60,https://vicflora.rbg.vic.gov.au/flora/taxon/67485718-ffdd-400a-a376-305c1bc93a60,"['origin', 'local_records', 'traits', 'flowering']",['rating'],Moderate
Pterostylis pedoglossa,Prawn Greenhood,Orchidaceae,native,native,pterostylis pedoglossa,Not Assessed / No exact match,herb,herbaceous,perennial,0.05,0.15,False,False,3.0,1931,10.0,1931-04-26T00:00:00Z,Not Assessed,Prawn Greenhood,VicFlora,False,False,True,True,True,True,True,False,False,False,False,False,Mar–Jul,3,1.0,resprouts,vegetative,transient,wind,Copes with waterlogged soil for 1-6 months,False,Herb,4da7b12e-6e6d-457d-8397-39a5dfbd4079,https://vicflora.rbg.vic.gov.au/flora/taxon/4da7b12e-6e6d-457d-8397-39a5dfbd4079,"['origin', 'local_records', 'traits', 'flowering']",['rating'],Moderate
Pterostylis striata,,Orchidaceae,native,native,pterostylis striata,Not Assessed / No exact match,herb,herbaceous,perennial,0.25,0.25,False,False,0.0,No local records found,1.0,,Not Assessed,Tall Shell-orchid,ALA,False,False,True,True,True,True,True,True,False,False,False,False,Mar–Aug,1,1.0,resprouts,vegetative,transient,wind,,True,Herb,47c4258a-ab19-49ba-a152-878a64eaed53,https://vicflora.rbg.vic.gov.au/flora/taxon/47c4258a-ab19-49ba-a152-878a64eaed53,"['origin', 'local_records', 'traits', 'flowering']",['rating'],Moderate
Pterostylis tasmanica,,Orchidaceae,native,native,pterostylis tasmanica,Not Assessed / No exact match,herb,herbaceous,perennial,0.14,0.14,False,False,1.0,1900,1.0,1900-11-12T00:00:00Z,Not Assessed,Southern Plume-orchid,VBA,False,False,False,False,False,False,False,False,True,True,True,True,Sep–Dec,1,1.0,resprouts,not_vegetative,transient,wind,,True,Herb,acdab3d1-1a48-4f1e-b93e-2e503d4f0876,https://vicflora.rbg.vic.gov.au/flora/taxon/acdab3d1-1a48-4f1e-b93e-2e503d4f0876,"['origin', 'local_records', 'traits', 'flowering']",['rating'],Moderate
Pultenaea dentata,Clustered Bush-pea,Fabaceae,native,native,pultenaea dentata,Not Assessed / No exact match,shrub,woody,perennial,0.8,0.8,False,False,1.0,1886,8.0,1890-12-02T00:00:00Z,Not Assessed,Clustered Bush-pea,VicFlora,False,False,False,False,False,False,False,False,False,True,True,True,Oct–Dec,1,1.0,fire_killed,not_vegetative,persistent,ants / falling near the parent plant,Copes with waterlogged soil for 1-6 months,False,Shrub,d5cc08b5-bd0d-4894-a1b8-4339f8c25b90,https://vicflora.rbg.vic.gov.au/flora/taxon/d5cc08b5-bd0d-4894-a1b8-4339f8c25b90,"['origin', 'local_records', 'traits', 'flowering']",['rating'],Moderate
Pultenaea sericea,Chaffy Bush-pea,Fabaceae,native,native,pultenaea sericea,Not Assessed / No exact match,shrub,woody,perennial,0.2,0.4,False,False,2.0,1950,5.0,1950-10-07T00:00:00Z,Not Assessed,Chaffy Bush-pea,VicFlora,False,False,False,False,False,False,False,False,False,True,True,False,Oct–Nov,1,1.0,fire_killed,not_vegetative,persistent,animals / ants,Copes with waterlogged soil for 1-6 months,False,Shrub,c4921906-2034-44a0-931d-2c6148069e58,https://vicflora.rbg.vic.gov.au/flora/taxon/c4921906-2034-44a0-931d-2c6148069e58,"['origin', 'local_records', 'traits', 'flowering']",['rating'],Moderate
Pultenaea stricta,Rigid Bush-pea,Fabaceae,native,native,pultenaea stricta,Not Assessed / No exact match,shrub,woody,perennial,1.0,1.0,False,False,1.0,1886,1.0,1886-08-31T00:00:00Z,Not Assessed,Rigid Bush-pea,VicFlora,False,False,False,False,False,False,False,False,True,True,True,False,Sep–Nov,1,1.0,fire_killed,not_vegetative,long_persistent,ants / falling near the parent plant,Copes with waterlogged soil for 1-6 months,False,Shrub,bc7ee8d5-eb6b-4fac-84a3-a64ce76e495a,https://vicflora.rbg.vic.gov.au/flora/taxon/bc7ee8d5-eb6b-4fac-84a3-a64ce76e495a,"['origin', 'local_records', 'traits', 'flowering']",['rating'],Moderate
Pyrorchis nigricans,Red Beaks,Orchidaceae,native,native,pyrorchis nigricans,Not Assessed / No exact match,herb,herbaceous,perennial,0.05,0.3,False,False,2.0,1930,4.0,1893-11-11T00:00:00Z,Not Assessed,Red Beaks,VicFlora,False,False,False,False,True,True,True,True,True,True,True,False,May–Nov,5,1.0,resprouts,vegetative,transient,wind,,True,Herb,63bb779d-5077-437d-a9cf-4a34e81363e8,https://vicflora.rbg.vic.gov.au/flora/taxon/63bb779d-5077-437d-a9cf-4a34e81363e8,"['origin', 'local_records', 'traits', 'flowering']",['rating'],Moderate
Quercus robur,English Oak,Fagaceae,introduced,naturalised,quercus robur,Medium Risk,tree,woody,perennial,20.0,30.0,True,False,1.0,2006,279.0,2024-09-23T14:09:51Z,Use Caution,English Oak,VicFlora,,,,,,,,,,,,,,0,,,,transient,,,False,Tree,b7415528-aa5c-435d-a13c-a2b33d726385,https://vicflora.rbg.vic.gov.au/flora/taxon/b7415528-aa5c-435d-a13c-a2b33d726385,"['rating', 'origin', 'local_records', 'traits', 'griis']",['flowering'],Moderate
Racopilum cuspidigerum,,Racopilaceae,native,native,racopilum cuspidigerum,Not Assessed / No exact match,,,,,,False,False,1.0,1886,1.0,1886-09-07T00:00:00Z,Not Assessed,,,,,,,,,,,,,,,,0,,,,,,,False,,1a948106-756c-42dc-9c6e-877e861bfee8,https://vicflora.rbg.vic.gov.au/flora/taxon/1a948106-756c-42dc-9c6e-877e861bfee8,"['origin', 'local_records']","['rating', 'traits', 'flowering']",Limited
Racopilum cuspidigerum var. convolutaceum,,Racopilaceae,native,native,racopilum cuspidigerum,Not Assessed / No exact match,,,,,,False,False,1.0,1886,1.0,1886-09-07T00:00:00Z,Not Assessed,Common Carpet-moss,VBA,,,,,,,,,,,,,,0,,,,,,,False,,4fe08199-060c-41e7-9f68-7eb82e17586e,https://vicflora.rbg.vic.gov.au/flora/taxon/4fe08199-060c-41e7-9f68-7eb82e17586e,"['origin', 'local_records']","['rating', 'traits', 'flowering']",Limited
Ranunculus lappaceus,Australian Buttercup,Ranunculaceae,native,native,ranunculus lappaceus,Not Assessed / No exact match,herb,herbaceous,perennial,0.04,1.7,False,False,2.0,1980,3.0,2024-02-03T08:00:51Z,Not Assessed,Australian Buttercup,VicFlora,True,True,False,False,True,True,True,True,True,True,True,True,May–Feb,7,1.0,fire_killed,not_vegetative,transient,falling near the parent plant / sticking to animals and clothing,Copes with short wet spells (under a month),False,Herb,55bbb6a5-e28c-4701-99b8-933006cd83a6,https://vicflora.rbg.vic.gov.au/flora/taxon/55bbb6a5-e28c-4701-99b8-933006cd83a6,"['origin', 'local_records', 'traits', 'flowering']",['rating'],Moderate
Ranunculus muricatus,Sharp Buttercup,Ranunculaceae,introduced,naturalised,ranunculus muricatus,Moderately High Risk,herb,herbaceous,annual,0.04,0.5,True,False,4.0,2024,8.0,2024-09-20T10:12:27Z,Use Caution,Sharp Buttercup,VicFlora,True,True,True,False,False,False,False,True,True,True,True,True,Aug–Mar,2,1.0,fire_killed,not_vegetative,transient,sticking to animals and clothing,,False,Herb,a8ac0b11-1a5b-490a-ba01-aeef52832695,https://vicflora.rbg.vic.gov.au/flora/taxon/a8ac0b11-1a5b-490a-ba01-aeef52832695,"['rating', 'origin', 'local_records', 'traits', 'flowering', 'griis']",[],Strong
Ranunculus repens,Creeping Buttercup,Ranunculaceae,introduced,naturalised,ranunculus repens,Very High Risk,herb,herbaceous,perennial,0.15,0.6,True,False,7.0,2007,123.0,2026-08-15T14:19:02Z,Reconsider Planting,Creeping Buttercup,VicFlora,True,True,True,False,False,False,False,False,True,True,True,True,Sep–Mar,2,1.0,resprouts,vegetative,persistent,animals,,False,Herb,637a5bce-467f-410d-b032-b9f61492ecdf,https://vicflora.rbg.vic.gov.au/flora/taxon/637a5bce-467f-410d-b032-b9f61492ecdf,"['rating', 'origin', 'local_records', 'traits', 'flowering', 'griis']",[],Strong
Ranunculus sceleratus,,Ranunculaceae,introduced,Not available,ranunculus sceleratus,Medium Risk,herb,herbaceous,annual biennial,0.2,0.8,True,False,1.0,1986,1.0,1986-11-01T00:00:00Z,Use Caution,,,True,True,True,True,True,True,True,True,True,True,True,True,All year,3,1.0,,not_vegetative,,water,,False,Herb,f0d61b54-5007-430e-98ee-b8878b3eb7a7,https://vicflora.rbg.vic.gov.au/flora/taxon/f0d61b54-5007-430e-98ee-b8878b3eb7a7,"['rating', 'origin', 'local_records', 'traits', 'flowering', 'griis']",[],Strong
Ranunculus sceleratus subsp. sceleratus,Celery Buttercup,Ranunculaceae,introduced,naturalised,ranunculus sceleratus,Medium Risk,herb,herbaceous,annual biennial,0.2,0.8,True,False,1.0,1986,1.0,1986-11-01T00:00:00Z,Use Caution,Celery Buttercup,VicFlora,True,True,True,True,True,True,True,True,True,True,True,True,All year,3,1.0,,not_vegetative,,water,,False,Herb,7650e36d-f1fc-4a7c-859b-466c5906d10a,https://vicflora.rbg.vic.gov.au/flora/taxon/7650e36d-f1fc-4a7c-859b-466c5906d10a,"['rating', 'origin', 'local_records', 'traits', 'flowering', 'griis']",[],Strong
Raphanus raphanistrum,Wild Radish,Brassicaceae,introduced,naturalised,raphanus raphanistrum,Moderately High Risk,herb,herbaceous,annual,0.15,1.0,True,False,3.0,2006,32.0,2025-11-22T13:41:27Z,Use Caution,Wild Radish,VicFlora,False,True,True,True,True,True,True,True,True,True,True,False,Feb–Nov,2,1.0,fire_killed,,,,,False,Herb,bd82b7b0-9c61-4ed2-8c24-bd8814d28ffb,https://vicflora.rbg.vic.gov.au/flora/taxon/bd82b7b0-9c61-4ed2-8c24-bd8814d28ffb,"['rating', 'origin', 'local_records', 'traits', 'flowering', 'griis']",[],Strong
Raphanus sativus,Radish,Brassicaceae,introduced,naturalised,raphanus sativus,Lower Risk,herb,herbaceous,annual,0.1,1.0,True,False,0.0,No local records found,1.0,1986-11-01T00:00:00Z,Lower Concern,Radish,VicFlora,,,,,,,,,,,,,,0,,,,,,,False,Herb,ea7b25df-c9d4-4d96-ba91-436d227ec570,https://vicflora.rbg.vic.gov.au/flora/taxon/ea7b25df-c9d4-4d96-ba91-436d227ec570,"['rating', 'origin', 'local_records', 'traits', 'griis']",['flowering'],Moderate
Reseda lutea,Cut-leaf Mignonette,Resedaceae,introduced,naturalised,reseda lutea,Lower Risk,herb,herbaceous,perennial,0.15,0.8,True,False,0.0,No local records found,1.0,1972-11-05T00:00:00Z,Lower Concern,Cut-leaf Mignonette,VicFlora,True,True,False,False,False,False,False,False,False,False,False,True,Dec–Feb,1,1.0,,,,,,False,Herb,d97b1f06-a72a-4309-ae70-2b7625f89a80,https://vicflora.rbg.vic.gov.au/flora/taxon/d97b1f06-a72a-4309-ae70-2b7625f89a80,"['rating', 'origin', 'local_records', 'traits', 'flowering', 'griis']",[],Strong
Rhagodia candolleana,,Chenopodiaceae,native,native,rhagodia candolleana,Not Assessed / No exact match,shrub,woody,perennial,2.0,5.0,False,False,0.0,No local records found,0.0,No local records found,Not Assessed,,,True,True,True,True,True,True,True,True,True,True,True,True,All year,3,1.0,fire_killed,not_vegetative,transient,birds and animals eating the fruit / animals,Copes with short wet spells (under a month),False,Shrub,2d4efa68-1246-495c-9fa0-e601628d536b,https://vicflora.rbg.vic.gov.au/flora/taxon/2d4efa68-1246-495c-9fa0-e601628d536b,"['origin', 'traits', 'flowering']","['rating', 'local_records']",Moderate
Rhaphidorrhynchium amoenum,,Sematophyllaceae,native,native,rhaphidorrhynchium amoenum,Not Assessed / No exact match,,,,,,False,False,0.0,No local records found,0.0,No local records found,Not Assessed,,,,,,,,,,,,,,,,0,,,,,,,False,,e6e8fd1f-156d-4660-92e8-632a0852b233,https://vicflora.rbg.vic.gov.au/flora/taxon/e6e8fd1f-156d-4660-92e8-632a0852b233,['origin'],"['rating', 'local_records', 'traits', 'flowering']",Limited
Ricinocarpos pinifolius,Wedding Bush,Euphorbiaceae,native,native,ricinocarpos pinifolius,Not Assessed / No exact match,shrub,woody,perennial,0.97,3.0,False,False,7.0,1902,22.0,2026-09-02T14:17:14Z,Not Assessed,Wedding Bush,VicFlora,False,False,False,False,False,True,True,True,True,True,True,True,Jun–Dec,4,1.0,resprouts,not_vegetative,persistent,ants / animals,,True,Shrub,fc237352-3ac3-44c7-8aa5-a9bc801c4088,https://vicflora.rbg.vic.gov.au/flora/taxon/fc237352-3ac3-44c7-8aa5-a9bc801c4088,"['origin', 'local_records', 'traits', 'flowering']",['rating'],Moderate
Romulea rosea,,Iridaceae,introduced,Not available,romulea rosea,Medium Risk,herb,herbaceous,perennial,0.1,0.5,True,False,14.0,2024,46.0,2026-08-17T12:47:52Z,Use Caution,Onion Grass,VBA,False,False,False,False,True,True,True,True,True,True,True,False,May–Nov,4,1.0,resprouts,,long_persistent,,,False,Herb,fa29ec50-8e02-494f-9257-49b483133b31,https://vicflora.rbg.vic.gov.au/flora/taxon/fa29ec50-8e02-494f-9257-49b483133b31,"['rating', 'origin', 'local_records', 'traits', 'flowering', 'griis']",[],Strong
Romulea rosea var. australis,Onion-grass,Iridaceae,introduced,naturalised,romulea rosea,Medium Risk,herb,herbaceous,perennial,0.1,0.5,True,False,14.0,2024,46.0,2026-08-17T12:47:52Z,Use Caution,Onion-grass,VicFlora,False,False,False,False,True,True,True,True,True,True,True,False,May–Nov,4,1.0,resprouts,,long_persistent,,,False,Herb,55958dd1-d85a-4e63-aaf5-f3ea0448daa4,https://vicflora.rbg.vic.gov.au/flora/taxon/55958dd1-d85a-4e63-aaf5-f3ea0448daa4,"['rating', 'origin', 'local_records', 'traits', 'flowering', 'griis']",[],Strong
Rorippa palustris,Marsh Yellow-cress | Yellow Marsh-cress,Brassicaceae,introduced,naturalised,rorippa palustris,High Risk,herb,herbaceous,annual biennial,0.1,1.0,True,False,2.0,2007,3.0,2025-10-25T16:59:53Z,Reconsider Planting,Marsh Yellow-cress | Yellow Marsh-cress,VicFlora,,,,,,,,,,,,,,0,,fire_killed,vegetative,,,,False,Herb,725428b1-922b-4da3-a591-69b91fcb3bbd,https://vicflora.rbg.vic.gov.au/flora/taxon/725428b1-922b-4da3-a591-69b91fcb3bbd,"['rating', 'origin', 'local_records', 'traits', 'griis']",['flowering'],Moderate
Rosa rubiginosa,Sweet Briar,Rosaceae,introduced,naturalised,rosa rubiginosa,High Risk,shrub,woody,perennial,3.0,5.0,True,False,4.0,2009,9.0,2022-04-10T00:00:00Z,Reconsider Planting,Sweet Briar,VicFlora,,,,,,,,,,,,,,0,,resprouts,,widely_dispersed,,,False,Shrub,8c22e000-bb38-4376-b29b-d58f96abbe0a,https://vicflora.rbg.vic.gov.au/flora/taxon/8c22e000-bb38-4376-b29b-d58f96abbe0a,"['rating', 'origin', 'local_records', 'traits', 'griis']",['flowering'],Moderate
Rubus anglocandicans,,Rosaceae,introduced,naturalised,rubus anglocandicans,High Risk,shrub,woody,perennial,2.0,4.0,True,False,1.0,2006,128.0,2025-06-20T00:00:00Z,Reconsider Planting,Common Blackberry,VBA,,,,,,,,,,,,,,0,,resprouts,vegetative,widely_dispersed,,,False,Shrub,390a7b22-b707-45b2-8ac5-6750bfaf4b12,https://vicflora.rbg.vic.gov.au/flora/taxon/390a7b22-b707-45b2-8ac5-6750bfaf4b12,"['rating', 'origin', 'local_records', 'traits', 'griis']",['flowering'],Moderate
Rubus leucostachys,,Rosaceae,introduced,naturalised,rubus leucostachys,High Risk,shrub,woody,perennial,2.0,3.0,True,False,0.0,No local records found,1.0,1895-11-21T00:00:00Z,Reconsider Planting,Blackberry,DEECA Advisory List,,,,,,,,,,,,,,0,,resprouts,vegetative,widely_dispersed,animals / birds and animals eating the fruit,,False,Shrub,45744912-2329-4ddc-ada5-31de8148f418,https://vicflora.rbg.vic.gov.au/flora/taxon/45744912-2329-4ddc-ada5-31de8148f418,"['rating', 'origin', 'local_records', 'traits', 'griis']",['flowering'],Moderate
Rubus parvifolius,Small-leaf Bramble,Rosaceae,native,native,rubus parvifolius,Not Assessed / No exact match,shrub,woody,perennial,0.5,1.0,False,False,3.0,2020,35.0,2026-05-21T12:16:30Z,Not Assessed,Small-leaf Bramble,VicFlora,True,True,True,True,True,True,True,True,True,True,True,True,All year,3,1.0,resprouts,vegetative,transient,birds and animals eating the fruit / animals,Copes with waterlogged soil for 1-6 months,False,Shrub,bc19413d-6b07-4c94-84ee-4b5fef7e2f98,https://vicflora.rbg.vic.gov.au/flora/taxon/bc19413d-6b07-4c94-84ee-4b5fef7e2f98,"['origin', 'local_records', 'traits', 'flowering']",['rating'],Moderate
Rumex brownii,Slender Dock,Polygonaceae,native,native,rumex brownii,Not Assessed / No exact match,herb,herbaceous,perennial,0.3,1.05,True,False,0.0,No local records found,1.0,2016-08-01T00:00:00Z,Not Assessed,Slender Dock,VicFlora,True,False,False,False,False,False,False,False,True,True,True,True,Sep–Jan,2,1.0,resprouts,not_vegetative,persistent,sticking to animals and clothing / ants,Copes with short wet spells (under a month),False,Herb,6d3305fd-ab87-4cf1-b770-336a98e34fef,https://vicflora.rbg.vic.gov.au/flora/taxon/6d3305fd-ab87-4cf1-b770-336a98e34fef,"['origin', 'local_records', 'traits', 'flowering']",['rating'],Moderate
Rumex conglomeratus,Clustered Dock,Polygonaceae,introduced,naturalised,rumex conglomeratus,High Risk,herb,herbaceous,perennial,0.3,1.5,True,False,6.0,2009,12.0,2020-02-06T00:00:00Z,Reconsider Planting,Clustered Dock,VicFlora,,,,,,,,,,,,,,0,,resprouts,,,wind / water,,False,Herb,60b42d5e-535b-4b5a-897b-ab9c573a8953,https://vicflora.rbg.vic.gov.au/flora/taxon/60b42d5e-535b-4b5a-897b-ab9c573a8953,"['rating', 'origin', 'local_records', 'traits', 'griis']",['flowering'],Moderate
Rumex crispus,Curled Dock,Polygonaceae,introduced,naturalised,rumex crispus,High Risk,herb,herbaceous,perennial,0.2,1.5,True,False,9.0,2024,18.0,2024-08-01T00:00:00Z,Reconsider Planting,Curled Dock,VicFlora,False,False,False,False,False,False,False,True,True,True,False,False,Aug–Oct,1,1.0,resprouts,not_vegetative,,wind,,False,Herb,9969bc3c-76c9-4aa9-aa0e-301b767d1e3c,https://vicflora.rbg.vic.gov.au/flora/taxon/9969bc3c-76c9-4aa9-aa0e-301b767d1e3c,"['rating', 'origin', 'local_records', 'traits', 'flowering', 'griis']",[],Strong
Rumex obtusifolius,,Polygonaceae,introduced,Not available,rumex obtusifolius,Medium Risk,herb,herbaceous,perennial,0.6,1.0,True,False,0.0,No local records found,10.0,2023-07-13T00:00:00Z,Use Caution,,,,,,,,,,,,,,,,0,,,,,,,False,Herb,66a31e7b-5aef-4982-bb22-16d63c0beaf0,https://vicflora.rbg.vic.gov.au/flora/taxon/66a31e7b-5aef-4982-bb22-16d63c0beaf0,"['rating', 'origin', 'local_records', 'traits', 'griis']",['flowering'],Moderate
Rumex obtusifolius subsp. obtusifolius,Broadleaf Dock,Polygonaceae,introduced,naturalised,rumex obtusifolius,Medium Risk,herb,herbaceous,perennial,0.6,1.0,True,False,0.0,No local records found,10.0,2023-07-13T00:00:00Z,Use Caution,Broadleaf Dock,VicFlora,,,,,,,,,,,,,,0,,,,,,,False,Herb,c6cf41ea-b3f7-4e83-ba63-3e9f6bd85fd4,https://vicflora.rbg.vic.gov.au/flora/taxon/c6cf41ea-b3f7-4e83-ba63-3e9f6bd85fd4,"['rating', 'origin', 'local_records', 'traits', 'griis']",['flowering'],Moderate
Rumex pulcher,,Polygonaceae,introduced,Not available,rumex pulcher,Moderately High Risk,herb,herbaceous,perennial,0.2,0.6,True,False,0.0,No local records found,1.0,1987-12-08T00:00:00Z,Use Caution,,,,,,,,,,,,,,,,0,,,,,,,False,Herb,3a935e72-5dba-4702-b8b5-ef187c8db10f,https://vicflora.rbg.vic.gov.au/flora/taxon/3a935e72-5dba-4702-b8b5-ef187c8db10f,"['rating', 'origin', 'local_records', 'traits', 'griis']",['flowering'],Moderate
Rumex pulcher subsp. pulcher,Fiddle Dock,Polygonaceae,introduced,naturalised,rumex pulcher,Moderately High Risk,herb,herbaceous,perennial,0.2,0.6,True,False,0.0,No local records found,1.0,1987-12-08T00:00:00Z,Use Caution,Fiddle Dock,VicFlora,,,,,,,,,,,,,,0,,,,,,,False,Herb,fe98898c-66e8-4b35-8ff7-3607b03abcdd,https://vicflora.rbg.vic.gov.au/flora/taxon/fe98898c-66e8-4b35-8ff7-3607b03abcdd,"['rating', 'origin', 'local_records', 'traits', 'griis']",['flowering'],Moderate
Rytidosperma bipartitum,,Poaceae,native,native,rytidosperma bipartitum,Not Assessed / No exact match,tussock,herbaceous,perennial,0.15,0.8,False,False,0.0,No local records found,1.0,1987-12-08T00:00:00Z,Not Assessed,Leafy Wallaby-grass,ALA,True,True,True,False,False,False,False,False,True,True,True,True,Sep–Mar,2,1.0,partial_resprouting,not_vegetative,persistent,sticking to animals and clothing,,True,Grass,7a1202c4-c34d-4b98-b6ba-535473c72ddd,https://vicflora.rbg.vic.gov.au/flora/taxon/7a1202c4-c34d-4b98-b6ba-535473c72ddd,"['origin', 'local_records', 'traits', 'flowering']",['rating'],Moderate
Rytidosperma caespitosum,Common Wallaby-grass,Poaceae,native,native,rytidosperma caespitosum,Not Assessed / No exact match,graminoid,herbaceous,perennial,0.128119903,1.0,False,False,5.0,2013,8.0,2013-11-19T00:00:00Z,Not Assessed,Common Wallaby-grass,VicFlora,True,True,False,False,False,False,False,True,True,True,True,True,Aug–Feb,5,1.0,partial_resprouting,not_vegetative,persistent,sticking to animals and clothing / ants,Copes with short wet spells (under a month),False,Grass,238ec2f0-a3b8-462e-b33b-0a55a30b8d64,https://vicflora.rbg.vic.gov.au/flora/taxon/238ec2f0-a3b8-462e-b33b-0a55a30b8d64,"['origin', 'local_records', 'traits', 'flowering']",['rating'],Moderate
Rytidosperma erianthum,,Poaceae,native,native,rytidosperma erianthum,Not Assessed / No exact match,tussock,herbaceous,perennial,0.19,0.7,False,False,0.0,No local records found,1.0,1987-12-08T00:00:00Z,Not Assessed,Hill Wallaby-grass,ALA,False,False,False,False,False,False,False,False,True,True,True,True,Sep–Dec,2,1.0,partial_resprouting,not_vegetative,persistent,sticking to animals and clothing,,True,Grass,ad34ce19-5006-4796-b013-eac5ef58b230,https://vicflora.rbg.vic.gov.au/flora/taxon/ad34ce19-5006-4796-b013-eac5ef58b230,"['origin', 'local_records', 'traits', 'flowering']",['rating'],Moderate
Rytidosperma fulvum,,Poaceae,native,native,rytidosperma fulvum,Not Assessed / No exact match,tussock,herbaceous,perennial,0.2,1.15,True,False,3.0,2013,5.0,2023-07-13T00:00:00Z,Not Assessed,Copper-awned Wallaby-grass,VBA,True,True,True,False,False,False,False,False,False,False,True,True,Nov–Mar,2,1.0,partial_resprouting,not_vegetative,persistent,sticking to animals and clothing,,True,Grass,eecba53c-a0c5-4696-8cc9-4d52390acc7e,https://vicflora.rbg.vic.gov.au/flora/taxon/eecba53c-a0c5-4696-8cc9-4d52390acc7e,"['origin', 'local_records', 'traits', 'flowering']",['rating'],Moderate
Rytidosperma geniculatum,Kneed Wallaby-grass,Poaceae,native,native,rytidosperma geniculatum,Not Assessed / No exact match,tussock,herbaceous,perennial,0.08,0.45,False,False,2.0,2010,7.0,2024-11-27T14:26:50Z,Not Assessed,Kneed Wallaby-grass,VicFlora,False,False,False,False,False,False,False,False,False,True,True,True,Oct–Dec,2,1.0,partial_resprouting,not_vegetative,transient,sticking to animals and clothing,Copes with waterlogged soil for 1-6 months,False,Grass,e181ab02-4912-4659-b246-c0d972d5e265,https://vicflora.rbg.vic.gov.au/flora/taxon/e181ab02-4912-4659-b246-c0d972d5e265,"['origin', 'local_records', 'traits', 'flowering']",['rating'],Moderate
Rytidosperma laeve,,Poaceae,native,native,rytidosperma laeve,Not Assessed / No exact match,tussock,herbaceous,perennial,0.2,0.6,False,False,1.0,1987,4.0,1991-11-29T00:00:00Z,Not Assessed,Smooth Wallaby-grass,VBA,True,True,False,False,False,False,False,False,True,True,True,True,Sep–Feb,3,1.0,partial_resprouting,not_vegetative,persistent,sticking to animals and clothing,Copes with waterlogged soil for 1-6 months,False,Grass,dc605b4c-d75e-4584-8fe5-d42cf4c253e8,https://vicflora.rbg.vic.gov.au/flora/taxon/dc605b4c-d75e-4584-8fe5-d42cf4c253e8,"['origin', 'local_records', 'traits', 'flowering']",['rating'],Moderate
Rytidosperma pallidum,Silvertop Wallaby-grass,Poaceae,native,native,rytidosperma pallidum,Not Assessed / No exact match,tussock,herbaceous,perennial,0.32,1.6,False,False,0.0,No local records found,4.0,1987-12-08T00:00:00Z,Not Assessed,Silvertop Wallaby-grass,VicFlora,True,True,False,False,False,False,False,False,True,True,True,True,Sep–Feb,4,1.0,partial_resprouting,not_vegetative,persistent,sticking to animals and clothing,,True,Grass,3f0f9744-26a9-4c27-a01b-243d17b00652,https://vicflora.rbg.vic.gov.au/flora/taxon/3f0f9744-26a9-4c27-a01b-243d17b00652,"['origin', 'local_records', 'traits', 'flowering']",['rating'],Moderate
Rytidosperma penicillatum,Slender Wallaby-grass,Poaceae,native,native,rytidosperma penicillatum,Not Assessed / No exact match,tussock,herbaceous,perennial,0.12,0.75,False,False,1.0,2013,3.0,2013-11-19T00:00:00Z,Not Assessed,Slender Wallaby-grass,VicFlora,True,True,False,False,False,False,False,False,True,True,True,True,Sep–Feb,4,1.0,resprouts,not_vegetative,persistent,sticking to animals and clothing,Copes with short wet spells (under a month),False,Grass,3c93313f-6b55-4495-8285-884a2091de60,https://vicflora.rbg.vic.gov.au/flora/taxon/3c93313f-6b55-4495-8285-884a2091de60,"['origin', 'local_records', 'traits', 'flowering']",['rating'],Moderate
Rytidosperma pilosum,Velvet Wallaby-grass,Poaceae,native,native,rytidosperma pilosum,Not Assessed / No exact match,tussock,herbaceous,perennial,0.14,0.9,False,False,1.0,1962,4.0,2023-07-13T00:00:00Z,Not Assessed,Velvet Wallaby-grass,VicFlora,True,True,False,False,False,False,False,False,True,True,True,True,Sep–Feb,4,1.0,partial_resprouting,not_vegetative,persistent,sticking to animals and clothing / ants,Copes with waterlogged soil for 1-6 months,False,Grass,af474e50-22fb-4ab3-bd5e-c5bb5682c489,https://vicflora.rbg.vic.gov.au/flora/taxon/af474e50-22fb-4ab3-bd5e-c5bb5682c489,"['origin', 'local_records', 'traits', 'flowering']",['rating'],Moderate
Rytidosperma racemosum,,Poaceae,native,native,rytidosperma racemosum,Not Assessed / No exact match,tussock,herbaceous,perennial,0.16,0.75,False,False,10.0,2013,15.0,2023-08-08T00:00:00Z,Not Assessed,,,True,False,False,False,False,False,False,False,True,True,True,True,Sep–Jan,2,1.0,partial_resprouting,not_vegetative,persistent,sticking to animals and clothing,Copes with short wet spells (under a month),False,Grass,7fd078d8-d212-49c3-a044-a0b561f2de29,https://vicflora.rbg.vic.gov.au/flora/taxon/7fd078d8-d212-49c3-a044-a0b561f2de29,"['origin', 'local_records', 'traits', 'flowering']",['rating'],Moderate
Rytidosperma racemosum var. racemosum,,Poaceae,native,native,rytidosperma racemosum,Not Assessed / No exact match,tussock,herbaceous,perennial,0.16,0.75,False,False,10.0,2013,15.0,2023-08-08T00:00:00Z,Not Assessed,Slender Wallaby-grass,VBA,True,False,False,False,False,False,False,False,True,True,True,True,Sep–Jan,2,1.0,partial_resprouting,not_vegetative,persistent,sticking to animals and clothing,Copes with short wet spells (under a month),False,Grass,3e71499a-ea2c-4db7-8469-1af79a2c2a28,https://vicflora.rbg.vic.gov.au/flora/taxon/3e71499a-ea2c-4db7-8469-1af79a2c2a28,"['origin', 'local_records', 'traits', 'flowering']",['rating'],Moderate
Rytidosperma semiannulare,,Poaceae,native,native,rytidosperma semiannulare,Not Assessed / No exact match,tussock,herbaceous,perennial,0.2,1.0,False,False,2.0,1987,2.0,1987-02-01T00:00:00Z,Not Assessed,Wetland Wallaby-grass,VBA,True,True,False,False,False,False,False,False,True,True,True,True,Sep–Feb,4,1.0,partial_resprouting,not_vegetative,persistent,sticking to animals and clothing,Copes with waterlogged soil for 1-6 months,False,Grass,e108e8fb-37f6-4440-8606-cf17cd1a4b96,https://vicflora.rbg.vic.gov.au/flora/taxon/e108e8fb-37f6-4440-8606-cf17cd1a4b96,"['origin', 'local_records', 'traits', 'flowering']",['rating'],Moderate
Rytidosperma setaceum,Bristly Wallaby-grass,Poaceae,native,native,rytidosperma setaceum,Not Assessed / No exact match,tussock,herbaceous,perennial,0.1,1.0,False,False,9.0,2010,20.0,2023-08-08T00:00:00Z,Not Assessed,Bristly Wallaby-grass,VicFlora,True,False,False,False,False,False,False,True,True,True,True,True,Aug–Jan,3,1.0,partial_resprouting,not_vegetative,persistent,sticking to animals and clothing,Copes with waterlogged soil for 1-6 months,False,Grass,e2616d14-0aa1-4d6b-8199-a65169039d10,https://vicflora.rbg.vic.gov.au/flora/taxon/e2616d14-0aa1-4d6b-8199-a65169039d10,"['origin', 'local_records', 'traits', 'flowering']",['rating'],Moderate
Rytidosperma tenuius,,Poaceae,native,native,rytidosperma tenuius,Not Assessed / No exact match,tussock,herbaceous,perennial,0.1,1.2,False,False,1.0,1987,3.0,1987-12-08T00:00:00Z,Not Assessed,Purplish Wallaby-grass,VBA,True,True,False,False,False,False,False,False,True,True,True,True,Sep–Feb,4,1.0,resprouts,not_vegetative,persistent,sticking to animals and clothing / ants,,True,Grass,eb100cdd-48cf-40d6-a09f-a9f055850e7e,https://vicflora.rbg.vic.gov.au/flora/taxon/eb100cdd-48cf-40d6-a09f-a9f055850e7e,"['origin', 'local_records', 'traits', 'flowering']",['rating'],Moderate
Salix babylonica,Weeping Willow,Salicaceae,introduced,naturalised,salix babylonica,Very High Risk,tree,woody,perennial,10.0,30.0,True,False,2.0,1986,2.0,1986-11-01T00:00:00Z,Reconsider Planting,Weeping Willow,VicFlora,,,,,,,,,,,,,,0,,resprouts,vegetative,,,,False,Tree,1142574f-4f29-4f7b-9021-cbd4d1ed6009,https://vicflora.rbg.vic.gov.au/flora/taxon/1142574f-4f29-4f7b-9021-cbd4d1ed6009,"['rating', 'origin', 'local_records', 'traits', 'griis']",['flowering'],Moderate
Salix cinerea,,Salicaceae,introduced,Not available,salix cinerea,Very High Risk,shrub tree,woody,perennial,8.0,10.0,True,False,2.0,2000,3.0,2000-04-26T00:00:00Z,Reconsider Planting,Grey Sallow,VBA,,,,,,,,,,,,,,0,,fire_killed,,,,,False,Tree,3d93bba9-1049-42f2-9d53-cfe9e819112e,https://vicflora.rbg.vic.gov.au/flora/taxon/3d93bba9-1049-42f2-9d53-cfe9e819112e,"['rating', 'origin', 'local_records', 'traits', 'griis']",['flowering'],Moderate
Salix ×pendulina,Weeping Willow,Salicaceae,introduced,naturalised,salix pendulina,Not Assessed / No exact match,,,,,,True,False,0.0,No local records found,0.0,No local records found,Not Assessed,Weeping Willow,VicFlora,,,,,,,,,,,,,,0,,,,,,,False,,ffe4f248-efe8-4641-afe7-02b34f4fa018,https://vicflora.rbg.vic.gov.au/flora/taxon/ffe4f248-efe8-4641-afe7-02b34f4fa018,"['origin', 'griis']","['rating', 'local_records', 'traits', 'flowering']",Limited
Salpichroa origanifolia,Pampas Lily-of-the-Valley,Solanaceae,introduced,naturalised,salpichroa origanifolia,Moderately High Risk,herb,herbaceous,perennial,,,True,False,1.0,2009,7.0,2026-04-15T12:45:01Z,Use Caution,Pampas Lily-of-the-Valley,VicFlora,True,True,True,True,True,False,False,False,True,True,True,True,Sep–May,1,1.0,resprouts,,,,,False,Herb,4b03fa74-a762-4655-91b3-de3a3a484427,https://vicflora.rbg.vic.gov.au/flora/taxon/4b03fa74-a762-4655-91b3-de3a3a484427,"['rating', 'origin', 'local_records', 'traits', 'flowering', 'griis']",[],Strong
Salvinia molesta,Salvinia,Salviniaceae,introduced,adventive,salvinia molesta,Very High Risk,,,,,,True,False,0.0,No local records found,0.0,No local records found,Reconsider Planting,Salvinia,VicFlora,,,,,,,,,,,,,,0,,,,,,,False,,299f9111-ba21-4937-aae7-e7ee8bc5651c,https://vicflora.rbg.vic.gov.au/flora/taxon/299f9111-ba21-4937-aae7-e7ee8bc5651c,"['rating', 'origin', 'griis']","['local_records', 'traits', 'flowering']",Limited
Schenkia australis,,Gentianaceae,native,native,schenkia australis,Not Assessed / No exact match,herb,herbaceous,annual biennial,0.02,0.45,False,False,1.0,1980,1.0,1980-01-11T00:00:00Z,Not Assessed,Spiked Centaury,VBA,True,True,True,True,True,True,True,True,True,True,True,True,All year,3,1.0,fire_killed,not_vegetative,persistent,animals / wind,Copes with waterlogged soil for 1-6 months,False,Herb,6fb8db7b-ea25-4129-b09a-9aafa7621188,https://vicflora.rbg.vic.gov.au/flora/taxon/6fb8db7b-ea25-4129-b09a-9aafa7621188,"['origin', 'local_records', 'traits', 'flowering']",['rating'],Moderate
Schizaea bifida,Forked Comb-fern,Schizaeaceae,native,native,schizaea bifida,Not Assessed / No exact match,fern,herbaceous,perennial,,,False,False,1.0,1900,1.0,1900-09-04T00:00:00Z,Not Assessed,Forked Comb-fern,VicFlora,,,,,,,,,,,,,,0,,resprouts,vegetative,transient,wind,Copes with waterlogged soil for 1-6 months,False,Fern,aee009ae-48c5-470b-bc11-1cb0982506a0,https://vicflora.rbg.vic.gov.au/flora/taxon/aee009ae-48c5-470b-bc11-1cb0982506a0,"['origin', 'local_records', 'traits']","['rating', 'flowering']",Moderate
Schizaea fistulosa,Narrow Comb-fern,Schizaeaceae,native,native,schizaea fistulosa,Not Assessed / No exact match,fern,herbaceous,perennial,0.05,0.6,False,False,2.0,1890,3.0,,Not Assessed,Narrow Comb-fern,VicFlora,,,,,,,,,,,,,,0,,resprouts,vegetative,transient,wind,Copes with waterlogged soil for 1-6 months,False,Fern,14e92c6c-66c2-4386-aeb6-b79a3fbd3659,https://vicflora.rbg.vic.gov.au/flora/taxon/14e92c6c-66c2-4386-aeb6-b79a3fbd3659,"['origin', 'local_records', 'traits']","['rating', 'flowering']",Moderate
Schoenoplectus tabernaemontani,,Cyperaceae,native,native,schoenoplectus tabernaemontani,Not Assessed / No exact match,graminoid herb,herbaceous,perennial,0.8,2.0,False,False,0.0,No local records found,5.0,2025-10-07T14:21:10Z,Not Assessed,River Club-rush,ALA,True,True,False,False,False,False,False,False,True,True,True,True,Sep–Feb,2,1.0,resprouts,vegetative,persistent,birds and animals eating the fruit / falling near the parent plant,,False,Grass,8f3cba6f-ced9-45a5-b296-b7bd312ba589,https://vicflora.rbg.vic.gov.au/flora/taxon/8f3cba6f-ced9-45a5-b296-b7bd312ba589,"['origin', 'local_records', 'traits', 'flowering']",['rating'],Moderate
Schoenus apogon,Common Bog-rush,Cyperaceae,native,native,schoenus apogon,Not Assessed / No exact match,herb,herbaceous,perennial,0.05,0.25,False,False,7.0,1987,14.0,2023-08-08T00:00:00Z,Not Assessed,Common Bog-rush,VicFlora,True,True,True,True,False,False,False,False,True,True,True,True,Sep–Apr,5,1.0,fire_killed,not_vegetative,persistent,animals / wind,Copes with waterlogged soil for over 6 months,False,Herb,a2f40db4-36e8-4da1-b2f0-0a4560956188,https://vicflora.rbg.vic.gov.au/flora/taxon/a2f40db4-36e8-4da1-b2f0-0a4560956188,"['origin', 'local_records', 'traits', 'flowering']",['rating'],Moderate
Schoenus brevifolius,,Cyperaceae,native,native,schoenus brevifolius,Not Assessed / No exact match,graminoid,herbaceous,perennial,0.6,0.7,False,False,0.0,No local records found,5.0,1895-12-14T00:00:00Z,Not Assessed,Zig-zag Bog-sedge,ALA,True,True,True,False,False,False,False,False,True,True,True,True,Sep–Mar,4,1.0,resprouts,not_vegetative,persistent,wind / animals,Copes with waterlogged soil for 1-6 months,False,Grass,807946db-2715-46b7-81eb-aa777ac6c563,https://vicflora.rbg.vic.gov.au/flora/taxon/807946db-2715-46b7-81eb-aa777ac6c563,"['origin', 'local_records', 'traits', 'flowering']",['rating'],Moderate
Schoenus lepidosperma,,Cyperaceae,native,native,schoenus lepidosperma,Not Assessed / No exact match,graminoid herb,herbaceous,perennial,0.2,0.5,False,False,0.0,No local records found,5.0,1895-10-19T00:00:00Z,Not Assessed,Slender Bog-sedge,ALA,True,True,False,False,False,False,True,True,True,True,True,True,Jul–Feb,3,1.0,resprouts,vegetative,persistent,animals / wind,Copes with waterlogged soil for 1-6 months,False,Grass,7703f7b6-c0cc-46b3-9cf2-f8c647ea4dc1,https://vicflora.rbg.vic.gov.au/flora/taxon/7703f7b6-c0cc-46b3-9cf2-f8c647ea4dc1,"['origin', 'local_records', 'traits', 'flowering']",['rating'],Moderate
Schoenus lepidosperma subsp. lepidosperma,,Cyperaceae,native,native,schoenus lepidosperma,Not Assessed / No exact match,graminoid herb,herbaceous,perennial,0.2,0.5,False,False,0.0,No local records found,5.0,1895-10-19T00:00:00Z,Not Assessed,Slender Bog-sedge,ALA,True,True,False,False,False,False,True,True,True,True,True,True,Jul–Feb,3,1.0,resprouts,vegetative,persistent,animals / wind,Copes with waterlogged soil for 1-6 months,False,Grass,b0e4662f-ea5b-419c-9ab2-2c9c953ee54e,https://vicflora.rbg.vic.gov.au/flora/taxon/b0e4662f-ea5b-419c-9ab2-2c9c953ee54e,"['origin', 'local_records', 'traits', 'flowering']",['rating'],Moderate
Scorpiurium cucullatum,,Brachytheciaceae,native,native,scorpiurium cucullatum,Not Assessed / No exact match,,,,,,False,False,2.0,1954,3.0,1954-02-23T00:00:00Z,Not Assessed,Feather Moss,VBA,,,,,,,,,,,,,,0,,,,,,,False,,dff09ea0-7359-431b-a61c-fce169cd77d8,https://vicflora.rbg.vic.gov.au/flora/taxon/dff09ea0-7359-431b-a61c-fce169cd77d8,"['origin', 'local_records']","['rating', 'traits', 'flowering']",Limited
Sebaea ovata,Yellow Sebaea,Gentianaceae,native,native,sebaea ovata,Not Assessed / No exact match,herb,herbaceous,annual,0.03,0.5,False,False,0.0,No local records found,1.0,1885-10-09T00:00:00Z,Not Assessed,Yellow Sebaea,VicFlora,False,False,False,False,False,False,False,False,True,True,True,True,Sep–Dec,4,1.0,fire_killed,not_vegetative,long_persistent,falling near the parent plant / wind,Copes with waterlogged soil for 1-6 months,False,Herb,cf93f22c-885d-464f-9901-1a1af84783a4,https://vicflora.rbg.vic.gov.au/flora/taxon/cf93f22c-885d-464f-9901-1a1af84783a4,"['origin', 'local_records', 'traits', 'flowering']",['rating'],Moderate
Selaginella uliginosa,Swamp Selaginella,Selaginellaceae,native,native,selaginella uliginosa,Not Assessed / No exact match,herb,herbaceous,perennial,0.05,0.4,False,False,1.0,1900,7.0,2025-12-24T10:42:09Z,Not Assessed,Swamp Selaginella,VicFlora,,,,,,,,,,,,,,0,,resprouts,vegetative,transient,wind / falling near the parent plant,Copes with waterlogged soil for 1-6 months,False,Herb,131a1708-a93d-44da-bfe4-f640bfbd4eb2,https://vicflora.rbg.vic.gov.au/flora/taxon/131a1708-a93d-44da-bfe4-f640bfbd4eb2,"['origin', 'local_records', 'traits']","['rating', 'flowering']",Moderate
Senecio glomeratus,,Asteraceae,native,native,senecio glomeratus,Not Assessed / No exact match,herb,herbaceous,annual,0.3,2.0,False,False,2.0,1987,9.0,2025-08-18T06:42:04Z,Not Assessed,Annual Fireweed,VBA,True,True,True,True,False,False,False,False,True,True,True,True,Sep–Apr,5,1.0,fire_killed,not_vegetative,persistent,wind,Copes with waterlogged soil for 1-6 months,False,Herb,fe892c9c-ad23-4571-aa90-48b83982b2d3,https://vicflora.rbg.vic.gov.au/flora/taxon/fe892c9c-ad23-4571-aa90-48b83982b2d3,"['origin', 'local_records', 'traits', 'flowering']",['rating'],Moderate
Senecio glomeratus subsp. glomeratus,,Asteraceae,native,native,senecio glomeratus,Not Assessed / No exact match,herb,herbaceous,annual,0.3,2.0,False,False,2.0,1987,9.0,2025-08-18T06:42:04Z,Not Assessed,Annual Fireweed,ALA,True,True,True,True,False,False,False,False,True,True,True,True,Sep–Apr,5,1.0,fire_killed,not_vegetative,persistent,wind,Copes with waterlogged soil for 1-6 months,False,Herb,b5226da4-fe27-4570-90a9-5b9156fe755a,https://vicflora.rbg.vic.gov.au/flora/taxon/b5226da4-fe27-4570-90a9-5b9156fe755a,"['origin', 'local_records', 'traits', 'flowering']",['rating'],Moderate
Senecio hispidulus,Rough Fireweed | Hill Fireweed | Hispid Fireweed,Asteraceae,native,native,senecio hispidulus,Not Assessed / No exact match,herb,herbaceous,perennial,0.15,1.5,False,False,3.0,2010,16.0,2026-08-18T07:17:20Z,Not Assessed,Rough Fireweed | Hill Fireweed | Hispid Fireweed,VicFlora,True,True,False,False,False,False,False,True,True,True,True,True,Aug–Feb,5,1.0,fire_killed,not_vegetative,persistent,wind,Copes with short wet spells (under a month),False,Herb,39e43de2-f644-4e2c-bf51-30d21d88decb,https://vicflora.rbg.vic.gov.au/flora/taxon/39e43de2-f644-4e2c-bf51-30d21d88decb,"['origin', 'local_records', 'traits', 'flowering']",['rating'],Moderate
Senecio jacobaea,Ragwort,Asteraceae,introduced,naturalised,senecio jacobaea,Moderately High Risk,herb,herbaceous,biennial perennial,0.3,1.8,True,False,0.0,No local records found,1.0,2005-08-01T00:00:00Z,Use Caution,Ragwort,VicFlora,False,False,True,True,True,False,False,False,False,False,False,False,Mar–May,1,1.0,,,,,,False,Herb,815c4c96-ff9c-4015-9e0e-bbe427615e09,https://vicflora.rbg.vic.gov.au/flora/taxon/815c4c96-ff9c-4015-9e0e-bbe427615e09,"['rating', 'origin', 'local_records', 'traits', 'flowering', 'griis']",[],Strong
Senecio minimus,,Asteraceae,native,native,senecio minimus,Not Assessed / No exact match,herb,herbaceous,annual,0.2,2.0,False,False,3.0,2007,8.0,2026-08-13T12:05:53Z,Not Assessed,Shrubby Fireweed,VBA,True,True,True,True,False,False,False,False,True,True,True,True,Sep–Apr,4,1.0,partial_resprouting,not_vegetative,transient,wind,Copes with waterlogged soil for 1-6 months,False,Herb,8a8710a0-70cb-44c1-ab96-473296d44fbd,https://vicflora.rbg.vic.gov.au/flora/taxon/8a8710a0-70cb-44c1-ab96-473296d44fbd,"['origin', 'local_records', 'traits', 'flowering']",['rating'],Moderate
Senecio pinnatifolius,Variable Groundsel,Asteraceae,native,native,senecio pinnatifolius,Not Assessed / No exact match,herb,herbaceous,annual,0.1,2.0,False,False,0.0,No local records found,2.0,1902-10-09T00:00:00Z,Not Assessed,Variable Groundsel,VicFlora,True,True,True,True,True,True,True,True,True,True,True,True,All year,6,1.0,resprouts,vegetative,persistent,wind,Copes with waterlogged soil for 1-6 months,False,Herb,690e0b3b-daad-4ef8-b3d5-f2f34c8b704b,https://vicflora.rbg.vic.gov.au/flora/taxon/690e0b3b-daad-4ef8-b3d5-f2f34c8b704b,"['origin', 'local_records', 'traits', 'flowering']",['rating'],Moderate
Senecio pinnatifolius var. lanceolatus,,Asteraceae,native,native,senecio pinnatifolius,Not Assessed / No exact match,herb,herbaceous,annual,0.1,2.0,False,False,0.0,No local records found,2.0,1902-10-09T00:00:00Z,Not Assessed,Variable Groundsel,ALA,True,True,True,True,True,True,True,True,True,True,True,True,All year,6,1.0,resprouts,vegetative,persistent,wind,Copes with waterlogged soil for 1-6 months,False,Herb,4bc725ec-a4bd-4193-a790-eead29559aee,https://vicflora.rbg.vic.gov.au/flora/taxon/4bc725ec-a4bd-4193-a790-eead29559aee,"['origin', 'local_records', 'traits', 'flowering']",['rating'],Moderate
Senecio quadridentatus,Cottony Fireweed,Asteraceae,native,native,senecio quadridentatus,Not Assessed / No exact match,herb,herbaceous,perennial,0.2,1.5,False,False,9.0,2010,37.0,2026-04-24T08:30:01Z,Not Assessed,Cottony Fireweed,VicFlora,True,True,True,False,False,False,True,True,True,True,True,True,Jul–Mar,4,1.0,fire_killed,not_vegetative,transient,wind,Copes with short wet spells (under a month),False,Herb,011e5663-6439-4ea3-8d08-d73e2e5bc9ca,https://vicflora.rbg.vic.gov.au/flora/taxon/011e5663-6439-4ea3-8d08-d73e2e5bc9ca,"['origin', 'local_records', 'traits', 'flowering']",['rating'],Moderate
Senecio vulgaris,Common Groundsel,Asteraceae,introduced,naturalised,senecio vulgaris,Medium Risk,herb,herbaceous,annual,0.05,0.5,True,False,1.0,2000,4.0,2026-08-13T08:07:47Z,Use Caution,Common Groundsel,VicFlora,False,False,False,False,False,True,True,True,True,True,True,False,Jun–Nov,1,1.0,fire_killed,,,,,False,Herb,639a8967-0cd4-44ab-8a20-98563a83beb7,https://vicflora.rbg.vic.gov.au/flora/taxon/639a8967-0cd4-44ab-8a20-98563a83beb7,"['rating', 'origin', 'local_records', 'traits', 'flowering', 'griis']",[],Strong
Setaria italica,Italian Millet,Poaceae,introduced,naturalised,setaria italica,Lower Risk,graminoid herb,herbaceous,annual,0.3,2.0,True,False,1.0,1989,5.0,2025-04-25T10:28:05Z,Lower Concern,Italian Millet,VicFlora,True,True,False,False,False,False,False,False,False,False,False,True,Dec–Feb,1,1.0,,not_vegetative,,sticking to animals and clothing,,False,Grass,d821759f-a0aa-43a5-9620-c5e381709129,https://vicflora.rbg.vic.gov.au/flora/taxon/d821759f-a0aa-43a5-9620-c5e381709129,"['rating', 'origin', 'local_records', 'traits', 'flowering', 'griis']",[],Strong
Setaria parviflora,Slender Pigeon-grass,Poaceae,introduced,naturalised,setaria parviflora,High Risk,graminoid herb,herbaceous,perennial,0.3,1.2,True,False,5.0,2010,7.0,2026-04-13T10:31:28Z,Reconsider Planting,Slender Pigeon-grass,VicFlora,True,True,False,False,False,False,False,False,False,False,False,True,Dec–Feb,2,1.0,resprouts,not_vegetative,,wind,,False,Grass,b6b7365b-4b7f-4dbb-9064-9198415c2321,https://vicflora.rbg.vic.gov.au/flora/taxon/b6b7365b-4b7f-4dbb-9064-9198415c2321,"['rating', 'origin', 'local_records', 'traits', 'flowering', 'griis']",[],Strong
Setaria pumila,Pale pigeon-grass,Poaceae,introduced,naturalised,setaria pumila,Medium Risk,tussock,herbaceous,annual,0.3,1.3,True,False,1.0,1984,2.0,2022-05-10T14:31:00Z,Use Caution,Pale pigeon-grass,VicFlora,True,True,False,False,False,False,False,False,False,False,False,True,Dec–Feb,1,1.0,,not_vegetative,,sticking to animals and clothing,,False,Grass,d5a5cbd5-6b62-4f85-afe7-262e8fb1cbbd,https://vicflora.rbg.vic.gov.au/flora/taxon/d5a5cbd5-6b62-4f85-afe7-262e8fb1cbbd,"['rating', 'origin', 'local_records', 'traits', 'flowering', 'griis']",[],Strong
Silene gallica,,Caryophyllaceae,introduced,Not available,silene gallica,High Risk,herb,herbaceous,annual,0.1,0.75,True,False,0.0,No local records found,1.0,2013-09-11T00:00:00Z,Reconsider Planting,,,False,False,False,False,True,True,True,True,True,True,True,True,May–Dec,3,1.0,fire_killed,,long_persistent,,,False,Herb,b0cab6bb-b1d5-4e4a-b9dd-1159e86e6555,https://vicflora.rbg.vic.gov.au/flora/taxon/b0cab6bb-b1d5-4e4a-b9dd-1159e86e6555,"['rating', 'origin', 'local_records', 'traits', 'flowering', 'griis']",[],Strong
Silene gallica var. quinquevulnera,Spotted Catchfly | Five-wounded Catchfly,Caryophyllaceae,introduced,naturalised,silene gallica,High Risk,herb,herbaceous,annual,0.1,0.75,True,False,0.0,No local records found,1.0,2013-09-11T00:00:00Z,Reconsider Planting,Spotted Catchfly | Five-wounded Catchfly,VicFlora,False,False,False,False,True,True,True,True,True,True,True,True,May–Dec,3,1.0,fire_killed,,long_persistent,,,False,Herb,533a2176-54fc-4b69-b91c-9f16d5a18012,https://vicflora.rbg.vic.gov.au/flora/taxon/533a2176-54fc-4b69-b91c-9f16d5a18012,"['rating', 'origin', 'local_records', 'traits', 'flowering', 'griis']",[],Strong
Silene longicaulis,Portuguese Catchfly,Caryophyllaceae,introduced,naturalised,silene longicaulis,High Risk,herb,herbaceous,annual,,,True,False,1.0,2006,0.0,No local records found,Reconsider Planting,Portuguese Catchfly,VicFlora,,,,,,,,,,,,,,0,,,,,,,False,Herb,9f341971-4a4b-4eac-8b08-cfe975e219c9,https://vicflora.rbg.vic.gov.au/flora/taxon/9f341971-4a4b-4eac-8b08-cfe975e219c9,"['rating', 'origin', 'local_records', 'traits', 'griis']",['flowering'],Moderate
Sisyrinchium micranthum,Blue Pigroot,Iridaceae,introduced,naturalised,sisyrinchium micranthum,Medium Risk,herb,herbaceous,annual perennial,0.1,0.6,True,False,0.0,No local records found,5.0,2026-01-14T13:18:43Z,Use Caution,Blue Pigroot,VicFlora,True,False,False,False,False,False,False,False,True,True,True,False,"Jan, Sep–Nov",2,2.0,fire_killed,,,,,False,Herb,f175f9a3-67ad-4be4-8b2e-ccffe872feb1,https://vicflora.rbg.vic.gov.au/flora/taxon/f175f9a3-67ad-4be4-8b2e-ccffe872feb1,"['rating', 'origin', 'local_records', 'traits', 'flowering', 'griis']",[],Strong
Solanum americanum,Glossy Nightshade,Solanaceae,introduced,naturalised,solanum americanum,Moderately High Risk,herb shrub,herbaceous woody,short_lived_perennial,0.45,2.0,True,False,0.0,No local records found,4.0,2021-05-18T16:33:00Z,Use Caution,Glossy Nightshade,VicFlora,False,False,False,False,False,False,True,False,True,True,True,False,"Jul, Sep–Nov",2,2.0,fire_killed,not_vegetative,persistent,birds and animals eating the fruit,,True,Shrub,614cd1c6-dd84-46e7-a01c-edd3918eef1b,https://vicflora.rbg.vic.gov.au/flora/taxon/614cd1c6-dd84-46e7-a01c-edd3918eef1b,"['rating', 'origin', 'local_records', 'traits', 'flowering', 'griis']",[],Strong
Solanum aviculare,Kangaroo Apple,Solanaceae,native,native,solanum aviculare,Not Assessed / No exact match,shrub,woody,perennial,1.0,4.0,True,False,0.0,No local records found,17.0,2025-12-22T16:11:00Z,Not Assessed,Kangaroo Apple,VicFlora,True,True,False,False,False,True,True,True,True,True,True,True,Jun–Feb,4,1.0,fire_killed,not_vegetative,persistent,birds and animals eating the fruit,Copes with short wet spells (under a month),False,Shrub,c016037c-901d-445f-abb3-ab681d0e11fb,https://vicflora.rbg.vic.gov.au/flora/taxon/c016037c-901d-445f-abb3-ab681d0e11fb,"['origin', 'local_records', 'traits', 'flowering']",['rating'],Moderate
Solanum laciniatum,Large Kangaroo-apple,Solanaceae,native,native,solanum laciniatum,Not Assessed / No exact match,shrub,woody,perennial,1.0,4.0,True,False,5.0,2010,43.0,2026-08-15T13:41:39Z,Not Assessed,Large Kangaroo-apple,VicFlora,True,True,True,True,True,True,True,True,True,True,True,True,All year,4,1.0,fire_killed,not_vegetative,long_persistent,birds and animals eating the fruit,Copes with short wet spells (under a month),False,Shrub,405b3c14-17cb-41ab-a549-f3aab34e2281,https://vicflora.rbg.vic.gov.au/flora/taxon/405b3c14-17cb-41ab-a549-f3aab34e2281,"['origin', 'local_records', 'traits', 'flowering']",['rating'],Moderate
Solanum lycopersicum,Tomato,Solanaceae,introduced,adventive,solanum lycopersicum,Lower Risk,herb,herbaceous,annual short_lived_perennial,0.3,1.5,True,False,1.0,2000,3.0,2026-04-15T07:34:38Z,Lower Concern,Tomato,VicFlora,True,True,False,False,False,False,False,False,False,False,True,True,Nov–Feb,1,1.0,,,,,,False,Herb,bede19ce-e3ad-48cd-a1bb-69d1348bfdb8,https://vicflora.rbg.vic.gov.au/flora/taxon/bede19ce-e3ad-48cd-a1bb-69d1348bfdb8,"['rating', 'origin', 'local_records', 'traits', 'flowering', 'griis']",[],Strong
Solanum mauritianum,Tobacco-bush,Solanaceae,introduced,naturalised,solanum mauritianum,Moderately High Risk,shrub tree,woody,perennial,4.0,4.0,True,False,1.0,2000,10.0,2026-02-04T08:15:26Z,Use Caution,Tobacco-bush,VicFlora,True,True,True,True,True,True,True,True,True,True,True,False,Jan–Nov,3,1.0,resprouts,not_vegetative,,,,False,Tree,c3127990-5562-42aa-b676-5e9927591591,https://vicflora.rbg.vic.gov.au/flora/taxon/c3127990-5562-42aa-b676-5e9927591591,"['rating', 'origin', 'local_records', 'traits', 'flowering', 'griis']",[],Strong
Solanum nigrum,Black Nightshade,Solanaceae,introduced,naturalised,solanum nigrum,Medium Risk,herb shrub,herbaceous woody,perennial,0.3,1.0,True,False,12.0,2010,43.0,2026-04-24T08:14:00Z,Use Caution,Black Nightshade,VicFlora,True,True,True,True,True,True,True,True,True,True,True,True,All year,3,1.0,fire_killed,,,animals,,False,Shrub,6cbcccd1-0091-401e-ada9-5341a2dec101,https://vicflora.rbg.vic.gov.au/flora/taxon/6cbcccd1-0091-401e-ada9-5341a2dec101,"['rating', 'origin', 'local_records', 'traits', 'flowering', 'griis']",[],Strong
Solanum pseudocapsicum,Madeira Winter-cherry,Solanaceae,introduced,naturalised,solanum pseudocapsicum,High Risk,shrub,woody,perennial,1.0,2.0,True,False,6.0,2007,150.0,2026-08-16T16:33:45Z,Reconsider Planting,Madeira Winter-cherry,VicFlora,True,True,True,True,True,False,True,True,True,True,True,True,Jul–May,3,1.0,,not_vegetative,,,,False,Shrub,f11c9d48-bd36-45d9-9e78-58b882c1b9eb,https://vicflora.rbg.vic.gov.au/flora/taxon/f11c9d48-bd36-45d9-9e78-58b882c1b9eb,"['rating', 'origin', 'local_records', 'traits', 'flowering', 'griis']",[],Strong
Solenogyne dominii,,Asteraceae,native,native,solenogyne dominii,Not Assessed / No exact match,herb,herbaceous,perennial,0.01,0.2,False,False,1.0,2000,4.0,2000-10-12T00:00:00Z,Not Assessed,Smooth Solenogyne,VBA,True,True,True,True,True,True,True,True,True,True,True,True,All year,4,1.0,resprouts,not_vegetative,transient,falling near the parent plant / wind,Copes with short wet spells (under a month),False,Herb,664360c6-d55c-4749-91b4-5cb942bf0336,https://vicflora.rbg.vic.gov.au/flora/taxon/664360c6-d55c-4749-91b4-5cb942bf0336,"['origin', 'local_records', 'traits', 'flowering']",['rating'],Moderate
Solenogyne gunnii,,Asteraceae,native,native,solenogyne gunnii,Not Assessed / No exact match,herb,herbaceous,perennial,0.01,0.2,False,False,3.0,1998,3.0,1998-06-01T00:00:00Z,Not Assessed,Hairy Solenogyne,VBA,True,True,True,True,True,True,True,True,True,True,True,True,All year,3,1.0,resprouts,not_vegetative,persistent,wind / animals,Copes with short wet spells (under a month),False,Herb,7ce09cd3-f295-4155-afa3-c0311b5cd74d,https://vicflora.rbg.vic.gov.au/flora/taxon/7ce09cd3-f295-4155-afa3-c0311b5cd74d,"['origin', 'local_records', 'traits', 'flowering']",['rating'],Moderate
Soliva sessilis,Jo Jo | Bindyi,Asteraceae,introduced,naturalised,soliva sessilis,Medium Risk,herb,herbaceous,annual,0.2,0.2,True,False,3.0,2013,5.0,2022-10-23T07:49:51.917Z,Use Caution,Jo Jo | Bindyi,VicFlora,True,True,False,False,False,False,False,False,True,True,True,True,Sep–Feb,1,1.0,,,transient,,,False,Herb,24a3fdab-f307-46b8-bd6a-6876b625fcbe,https://vicflora.rbg.vic.gov.au/flora/taxon/24a3fdab-f307-46b8-bd6a-6876b625fcbe,"['rating', 'origin', 'local_records', 'traits', 'flowering', 'griis']",[],Strong
Sonchus asper,Rough Sow-thistle | Prickly Sow-thistle,Asteraceae,introduced,Not available,sonchus asper,Moderately High Risk,herb,herbaceous,annual,0.2,2.0,True,False,8.0,2024,22.0,2025-10-27T16:50:27Z,Use Caution,Rough Sow-thistle | Prickly Sow-thistle,VicFlora,True,False,False,False,False,False,False,True,True,True,True,True,Aug–Jan,2,1.0,fire_killed,,widely_dispersed,wind,,False,Herb,9f85b9a7-dcd3-47b1-ac51-a22015d5c61f,https://vicflora.rbg.vic.gov.au/flora/taxon/9f85b9a7-dcd3-47b1-ac51-a22015d5c61f,"['rating', 'origin', 'local_records', 'traits', 'flowering', 'griis']",[],Strong
Sonchus asper subsp. asper,,Asteraceae,introduced,naturalised,sonchus asper,Moderately High Risk,herb,herbaceous,annual,0.2,2.0,True,False,8.0,2024,22.0,2025-10-27T16:50:27Z,Use Caution,Rough Sow-thistle,VBA,True,False,False,False,False,False,False,True,True,True,True,True,Aug–Jan,2,1.0,fire_killed,,widely_dispersed,wind,,False,Herb,2d2a6397-1be9-43c4-91d6-12033d6e1de0,https://vicflora.rbg.vic.gov.au/flora/taxon/2d2a6397-1be9-43c4-91d6-12033d6e1de0,"['rating', 'origin', 'local_records', 'traits', 'flowering', 'griis']",[],Strong
Sonchus oleraceus,Sow Thistle,Asteraceae,introduced,naturalised,sonchus oleraceus,Moderately High Risk,herb,herbaceous,annual,0.045,1.8,True,False,12.0,2010,45.0,2026-07-23T12:01:36Z,Use Caution,Sow Thistle,VicFlora,True,True,True,True,True,True,True,True,True,True,True,True,All year,4,1.0,fire_killed,not_vegetative,widely_dispersed,,,False,Herb,05d32d07-7c25-46c1-be96-adc822095b01,https://vicflora.rbg.vic.gov.au/flora/taxon/05d32d07-7c25-46c1-be96-adc822095b01,"['rating', 'origin', 'local_records', 'traits', 'flowering', 'griis']",[],Strong
Spergula arvensis,Corn Spurrey,Caryophyllaceae,introduced,naturalised,spergula arvensis,Medium Risk,herb,herbaceous,annual,0.2,0.45,True,False,1.0,1962,1.0,1962-11-28T00:00:00Z,Use Caution,Corn Spurrey,VicFlora,True,False,False,False,False,False,False,False,True,True,True,True,Sep–Jan,1,1.0,fire_killed,,,,,False,Herb,983da6b6-04d5-4ad7-8ea2-7eaeabd5fbb7,https://vicflora.rbg.vic.gov.au/flora/taxon/983da6b6-04d5-4ad7-8ea2-7eaeabd5fbb7,"['rating', 'origin', 'local_records', 'traits', 'flowering', 'griis']",[],Strong
Spergularia bocconei,,Caryophyllaceae,introduced,naturalised,spergularia bocconei,Medium Risk,herb,herbaceous,annual biennial,0.3,0.3,True,False,0.0,No local records found,1.0,1885-10-29T00:00:00Z,Use Caution,Bocconi's Sand-spurrey,DEECA Advisory List,,,,,,,,,,,,,,0,,,,,,,False,Herb,4b30ce07-2e74-46be-b949-14c05642b5bb,https://vicflora.rbg.vic.gov.au/flora/taxon/4b30ce07-2e74-46be-b949-14c05642b5bb,"['rating', 'origin', 'local_records', 'traits', 'griis']",['flowering'],Moderate
Sphaerolobium minus,Globe-pea,Fabaceae,native,native,sphaerolobium minus,Not Assessed / No exact match,shrub,woody,perennial,0.5,0.5,False,False,0.0,No local records found,1.0,1884-11-07T00:00:00Z,Not Assessed,Globe-pea,VicFlora,False,False,False,False,False,False,False,False,True,True,True,True,Sep–Dec,2,1.0,fire_killed,not_vegetative,persistent,falling near the parent plant / ants,Copes with short wet spells (under a month),False,Shrub,ec41f1a2-57aa-40eb-98dc-48e87a4d5d79,https://vicflora.rbg.vic.gov.au/flora/taxon/ec41f1a2-57aa-40eb-98dc-48e87a4d5d79,"['origin', 'local_records', 'traits', 'flowering']",['rating'],Moderate
Sphaerolobium vimineum,Leafless Globe-pea,Fabaceae,native,native,sphaerolobium vimineum,Not Assessed / No exact match,shrub,woody,perennial,0.2,1.2,False,False,1.0,1980,6.0,1980-01-11T00:00:00Z,Not Assessed,Leafless Globe-pea,VicFlora,False,False,False,False,False,False,False,True,True,True,True,True,Aug–Dec,5,1.0,fire_killed,not_vegetative,persistent,falling near the parent plant / ants,Copes with short wet spells (under a month),False,Shrub,ed5b7a65-2ad7-457a-8bd5-f1138dc8a66e,https://vicflora.rbg.vic.gov.au/flora/taxon/ed5b7a65-2ad7-457a-8bd5-f1138dc8a66e,"['origin', 'local_records', 'traits', 'flowering']",['rating'],Moderate
Spirodela punctata,Thin Duckweed,Araceae,native,native,spirodela punctata,Not Assessed / No exact match,,,,,,False,False,2.0,1975,0.0,No local records found,Not Assessed,Thin Duckweed,VicFlora,,,,,,,,,,,,,,0,,,,,,,False,,c3a953e8-6b41-4fce-ad82-7c0e0b89fbf4,https://vicflora.rbg.vic.gov.au/flora/taxon/c3a953e8-6b41-4fce-ad82-7c0e0b89fbf4,"['origin', 'local_records']","['rating', 'traits', 'flowering']",Limited
Sporobolus africanus,Rat-tail Grass,Poaceae,introduced,naturalised,sporobolus africanus,High Risk,graminoid herb,herbaceous,perennial,0.1,1.1,True,False,8.0,2010,18.0,2025-06-20T00:00:00Z,Reconsider Planting,Rat-tail Grass,VicFlora,True,True,False,False,False,False,False,False,False,False,False,True,Dec–Feb,1,1.0,resprouts,not_vegetative,,falling near the parent plant,,False,Grass,02a9be14-cffb-432e-8f70-34c1ffc36854,https://vicflora.rbg.vic.gov.au/flora/taxon/02a9be14-cffb-432e-8f70-34c1ffc36854,"['rating', 'origin', 'local_records', 'traits', 'flowering', 'griis']",[],Strong
Sprengelia incarnata,Pink Swamp-heath,Ericaceae,native,native,sprengelia incarnata,Not Assessed / No exact match,shrub,woody,perennial,0.5,2.0,False,False,1.0,1900,8.0,1900-09-04T00:00:00Z,Not Assessed,Pink Swamp-heath,VicFlora,False,False,False,False,False,True,True,True,True,True,True,True,Jun–Dec,4,1.0,fire_killed,not_vegetative,persistent,animals / birds and animals eating the fruit,Copes with waterlogged soil for over 6 months,False,Shrub,7339cd2e-1dcd-4045-9f57-434b821a2877,https://vicflora.rbg.vic.gov.au/flora/taxon/7339cd2e-1dcd-4045-9f57-434b821a2877,"['origin', 'local_records', 'traits', 'flowering']",['rating'],Moderate
Spyridium parvifolium,Dusty Miller,Rhamnaceae,native,native,spyridium parvifolium,Not Assessed / No exact match,shrub,woody,perennial,1.0,3.0,False,False,1.0,1987,60.0,2026-08-15T13:48:16Z,Not Assessed,Dusty Miller,VicFlora,False,False,False,False,False,True,True,True,True,True,True,False,Jun–Nov,2,1.0,fire_killed,not_vegetative,long_persistent,ants / falling near the parent plant,,True,Shrub,c92f01ea-defb-421d-b819-7ed1db939aaf,https://vicflora.rbg.vic.gov.au/flora/taxon/c92f01ea-defb-421d-b819-7ed1db939aaf,"['origin', 'local_records', 'traits', 'flowering']",['rating'],Moderate
Stachys arvensis,Stagger Weed,Lamiaceae,introduced,naturalised,stachys arvensis,Medium Risk,herb,herbaceous,annual,0.06,0.35,True,False,1.0,1985,4.0,2019-06-28T13:28:00Z,Use Caution,Stagger Weed,VicFlora,False,False,False,False,True,True,False,False,True,True,True,False,"May–Jun, Sep–Nov",2,2.0,fire_killed,,,,,False,Herb,da22bd95-334b-46a8-9e9b-0ab802059472,https://vicflora.rbg.vic.gov.au/flora/taxon/da22bd95-334b-46a8-9e9b-0ab802059472,"['rating', 'origin', 'local_records', 'traits', 'flowering', 'griis']",[],Strong
Stackhousia monogyna,Creamy Candles,Celastraceae,native,native,stackhousia monogyna,Not Assessed / No exact match,herb,herbaceous,perennial,0.5,0.7,False,False,2.0,1980,6.0,1986-11-01T00:00:00Z,Not Assessed,Creamy Candles,VicFlora,True,False,False,False,True,True,True,True,True,True,True,True,May–Jan,5,1.0,resprouts,not_vegetative,persistent,animals / falling near the parent plant,Copes with short wet spells (under a month),False,Herb,39b67dbc-26ba-4e9a-8b61-5a939155dbf3,https://vicflora.rbg.vic.gov.au/flora/taxon/39b67dbc-26ba-4e9a-8b61-5a939155dbf3,"['origin', 'local_records', 'traits', 'flowering']",['rating'],Moderate
Stellaria media,Chickweed,Caryophyllaceae,introduced,naturalised,stellaria media,Moderately High Risk,herb,herbaceous,annual,0.01,0.4,True,False,4.0,2010,16.0,2026-04-27T08:24:29Z,Use Caution,Chickweed,VicFlora,True,False,False,False,True,True,True,True,True,True,True,True,May–Jan,3,1.0,fire_killed,not_vegetative,transient,,,False,Herb,f8f7625a-0a18-4be2-bcf1-600159e554dc,https://vicflora.rbg.vic.gov.au/flora/taxon/f8f7625a-0a18-4be2-bcf1-600159e554dc,"['rating', 'origin', 'local_records', 'traits', 'flowering', 'griis']",[],Strong
Stenotaphrum secundatum,Buffalo Grass,Poaceae,introduced,naturalised,stenotaphrum secundatum,High Risk,graminoid herb,herbaceous,perennial,0.1,0.5,True,False,2.0,2000,2.0,2000-03-25T00:00:00Z,Reconsider Planting,Buffalo Grass,VicFlora,True,True,False,False,False,False,False,False,False,False,False,True,Dec–Feb,1,1.0,resprouts,vegetative,,wind,,False,Grass,e3254a65-85b8-41b1-becb-466879516db8,https://vicflora.rbg.vic.gov.au/flora/taxon/e3254a65-85b8-41b1-becb-466879516db8,"['rating', 'origin', 'local_records', 'traits', 'flowering', 'griis']",[],Strong
Stylidium armeria,,Stylidiaceae,native,native,stylidium armeria,Not Assessed / No exact match,herb,herbaceous,perennial,0.3,0.3,False,False,0.0,No local records found,2.0,1989-11-20T00:00:00Z,Not Assessed,,,True,True,False,False,False,False,False,False,True,True,True,True,Sep–Feb,2,1.0,resprouts,vegetative,persistent,animals / sticking to animals and clothing,Copes with short wet spells (under a month),False,Herb,fe73fd80-6602-421e-a22a-5510d350724d,https://vicflora.rbg.vic.gov.au/flora/taxon/fe73fd80-6602-421e-a22a-5510d350724d,"['origin', 'local_records', 'traits', 'flowering']",['rating'],Moderate
Stylidium armeria subsp. armeria,,Stylidiaceae,native,native,stylidium armeria,Not Assessed / No exact match,herb,herbaceous,perennial,0.3,0.3,False,False,0.0,No local records found,2.0,1989-11-20T00:00:00Z,Not Assessed,Common Triggerplant,ALA,True,True,False,False,False,False,False,False,True,True,True,True,Sep–Feb,2,1.0,resprouts,vegetative,persistent,animals / sticking to animals and clothing,Copes with short wet spells (under a month),False,Herb,78dbb92e-6b98-481d-994c-c84ed064df86,https://vicflora.rbg.vic.gov.au/flora/taxon/78dbb92e-6b98-481d-994c-c84ed064df86,"['origin', 'local_records', 'traits', 'flowering']",['rating'],Moderate
Stylidium despectum,Small Triggerplant,Stylidiaceae,native,native,stylidium despectum,Not Assessed / No exact match,herb,herbaceous,annual,0.015,0.15,False,False,2.0,1984,11.0,1984-12-21T00:00:00Z,Not Assessed,Small Triggerplant,VicFlora,True,False,False,False,False,False,False,False,True,True,True,True,Sep–Jan,4,1.0,fire_killed,not_vegetative,persistent,sticking to animals and clothing / animals,Copes with waterlogged soil for 1-6 months,False,Herb,58357cac-5db3-4a90-8b1f-21b4b552470b,https://vicflora.rbg.vic.gov.au/flora/taxon/58357cac-5db3-4a90-8b1f-21b4b552470b,"['origin', 'local_records', 'traits', 'flowering']",['rating'],Moderate
Stylidium graminifolium,Grass Triggerplant,Stylidiaceae,native,native,stylidium graminifolium,Not Assessed / No exact match,herb,herbaceous,perennial,0.1779,0.8,False,False,7.0,2000,30.0,2026-05-18T12:46:27Z,Not Assessed,Grass Triggerplant,VicFlora,True,True,True,True,True,False,False,True,True,True,True,True,Aug–May,5,1.0,resprouts,not_vegetative,persistent,animals / falling near the parent plant,Copes with short wet spells (under a month),False,Herb,b3874d32-36d9-4f3b-a0c7-21e92e1e34a8,https://vicflora.rbg.vic.gov.au/flora/taxon/b3874d32-36d9-4f3b-a0c7-21e92e1e34a8,"['origin', 'local_records', 'traits', 'flowering']",['rating'],Moderate
Stylidium perpusillum,Slender Triggerplant,Stylidiaceae,native,native,stylidium perpusillum,Not Assessed / No exact match,herb,herbaceous,annual,0.015,0.05,False,False,0.0,No local records found,1.0,,Not Assessed,Slender Triggerplant,VicFlora,False,False,False,False,False,False,False,False,True,True,True,True,Sep–Dec,3,1.0,fire_killed,not_vegetative,long_persistent,sticking to animals and clothing / animals,Copes with waterlogged soil for over 6 months,False,Herb,dba10cd5-f57d-459d-a053-c2da8e99c652,https://vicflora.rbg.vic.gov.au/flora/taxon/dba10cd5-f57d-459d-a053-c2da8e99c652,"['origin', 'local_records', 'traits', 'flowering']",['rating'],Moderate
Styphelia humifusa,Cranberry Heath,Ericaceae,native,native,styphelia humifusa,Not Assessed / No exact match,shrub,woody,perennial,0.06,0.7,False,False,2.0,2000,2.0,2000-10-12T00:00:00Z,Not Assessed,Cranberry Heath,VicFlora,True,True,True,True,True,True,True,True,True,True,True,True,All year,4,1.0,resprouts,not_vegetative,long_persistent,birds and animals eating the fruit,,True,Shrub,7875b303-cd9e-40dd-9894-304dbe0c29b9,https://vicflora.rbg.vic.gov.au/flora/taxon/7875b303-cd9e-40dd-9894-304dbe0c29b9,"['origin', 'local_records', 'traits', 'flowering']",['rating'],Moderate
Symphyotrichum subulatum,Aster-weed,Asteraceae,introduced,naturalised,symphyotrichum subulatum,Moderately High Risk,herb,herbaceous,annual short_lived_perennial,0.3,1.8,True,False,6.0,2010,10.0,2023-07-13T00:00:00Z,Use Caution,Aster-weed,VicFlora,False,False,True,False,False,True,True,True,False,False,False,False,"Mar, Jun–Aug",2,2.0,fire_killed,not_vegetative,,,,False,Herb,287ab0c5-e90d-4775-969c-51750cfe5c3c,https://vicflora.rbg.vic.gov.au/flora/taxon/287ab0c5-e90d-4775-969c-51750cfe5c3c,"['rating', 'origin', 'local_records', 'traits', 'flowering', 'griis']",[],Strong
Syzygium smithii,,Myrtaceae,native,native,syzygium smithii,Medium Risk,tree,woody,perennial,3.56,25.0,True,False,1.0,2000,7.0,2025-10-25T17:16:56Z,Use Caution,Lilly Pilly,VBA,True,True,True,True,False,False,False,False,False,True,True,True,Oct–Apr,5,1.0,resprouts,not_vegetative,transient,birds and animals eating the fruit / animals,Copes with short wet spells (under a month),False,Tree,4e303824-a7e2-4d2f-9b46-4d47e2555d41,https://vicflora.rbg.vic.gov.au/flora/taxon/4e303824-a7e2-4d2f-9b46-4d47e2555d41,"['rating', 'origin', 'local_records', 'traits', 'flowering']",[],Strong
Tayloria octoblepharum,,Splachnaceae,native,native,tayloria octoblepharum,Not Assessed / No exact match,,,,,,False,False,1.0,1770,0.0,No local records found,Not Assessed,Dung Moss,VBA,,,,,,,,,,,,,,0,,,,,,,False,,f496a318-a259-45d5-8673-808fc94d5fb5,https://vicflora.rbg.vic.gov.au/flora/taxon/f496a318-a259-45d5-8673-808fc94d5fb5,"['origin', 'local_records']","['rating', 'traits', 'flowering']",Limited
Tetratheca ciliata,Pink-bells,Elaeocarpaceae,native,native,tetratheca ciliata,Not Assessed / No exact match,shrub,woody,perennial,0.5,1.0,False,False,2.0,1968,13.0,2025-10-27T16:02:19Z,Not Assessed,Pink-bells,VicFlora,True,False,False,False,False,False,True,True,True,True,True,True,Jul–Jan,4,1.0,resprouts,not_vegetative,persistent,ants / animals,Copes with short wet spells (under a month),False,Shrub,5ae47f9c-245e-445f-b508-cea354d6717c,https://vicflora.rbg.vic.gov.au/flora/taxon/5ae47f9c-245e-445f-b508-cea354d6717c,"['origin', 'local_records', 'traits', 'flowering']",['rating'],Moderate
Thelionema caespitosum,Tufted Blue Lily,Asphodelaceae,native,native,thelionema caespitosum,Not Assessed / No exact match,herb,herbaceous,perennial,0.3,0.9,False,False,2.0,1980,2.0,1980-01-11T00:00:00Z,Not Assessed,Tufted Blue Lily,VicFlora,True,True,False,False,False,False,False,False,True,True,True,True,Sep–Feb,3,1.0,resprouts,not_vegetative,persistent,falling near the parent plant / wind,Copes with short wet spells (under a month),False,Herb,546361e3-8ef3-4e03-8aaf-e425b4604055,https://vicflora.rbg.vic.gov.au/flora/taxon/546361e3-8ef3-4e03-8aaf-e425b4604055,"['origin', 'local_records', 'traits', 'flowering']",['rating'],Moderate
Thelymitra antennifera,Rabbit-ears,Orchidaceae,native,native,thelymitra antennifera,Not Assessed / No exact match,herb,herbaceous,perennial,0.1,0.25,False,False,0.0,No local records found,1.0,1887-10-14T00:00:00Z,Not Assessed,Rabbit-ears,VicFlora,False,False,False,False,False,False,True,True,True,True,False,False,Jul–Oct,2,1.0,resprouts,not_vegetative,transient,wind,Copes with waterlogged soil for 1-6 months,False,Herb,6fce17da-94b1-4d03-80eb-3f1003502f9e,https://vicflora.rbg.vic.gov.au/flora/taxon/6fce17da-94b1-4d03-80eb-3f1003502f9e,"['origin', 'local_records', 'traits', 'flowering']",['rating'],Moderate
Thelymitra flexuosa,Twisted Sun-orchid,Orchidaceae,native,native,thelymitra flexuosa,Not Assessed / No exact match,herb,herbaceous,perennial,0.15,0.35,False,False,1.0,1770,4.0,1893-10-21T00:00:00Z,Not Assessed,Twisted Sun-orchid,VicFlora,False,False,False,False,False,False,False,True,True,True,True,False,Aug–Nov,4,1.0,resprouts,not_vegetative,transient,wind,Copes with waterlogged soil for 1-6 months,False,Herb,1cf18d5e-e289-40af-a3f1-cbded205039e,https://vicflora.rbg.vic.gov.au/flora/taxon/1cf18d5e-e289-40af-a3f1-cbded205039e,"['origin', 'local_records', 'traits', 'flowering']",['rating'],Moderate
Thelymitra ixioides,Dotted Sun-orchid | Spotted Sun-orchid,Orchidaceae,native,native,thelymitra ixioides,Not Assessed / No exact match,herb,herbaceous,perennial,0.15,0.6,False,False,2.0,1968,3.0,1968-09-26T00:00:00Z,Not Assessed,Dotted Sun-orchid | Spotted Sun-orchid,VicFlora,True,False,False,False,False,False,False,True,True,True,True,True,Aug–Jan,3,1.0,resprouts,not_vegetative,transient,wind / falling near the parent plant,Copes with waterlogged soil for 1-6 months,False,Herb,920b172b-c827-44b9-8a97-157745304b88,https://vicflora.rbg.vic.gov.au/flora/taxon/920b172b-c827-44b9-8a97-157745304b88,"['origin', 'local_records', 'traits', 'flowering']",['rating'],Moderate
Thelymitra pauciflora,,Orchidaceae,native,native,thelymitra pauciflora,Not Assessed / No exact match,herb,herbaceous,perennial,0.05,0.5,False,False,2.0,1975,4.0,2023-07-13T00:00:00Z,Not Assessed,Slender Sun-orchid,ALA,True,False,False,False,False,False,False,True,True,True,True,True,Aug–Jan,3,1.0,resprouts,not_vegetative,transient,wind / falling near the parent plant,Copes with waterlogged soil for 1-6 months,False,Herb,44bf3133-f9af-43c4-8340-003c853db49a,https://vicflora.rbg.vic.gov.au/flora/taxon/44bf3133-f9af-43c4-8340-003c853db49a,"['origin', 'local_records', 'traits', 'flowering']",['rating'],Moderate
Thelymitra rubra,Salmon Sun-orchid,Orchidaceae,native,native,thelymitra rubra,Not Assessed / No exact match,herb,herbaceous,perennial,0.15,0.5,False,False,0.0,No local records found,0.0,No local records found,Not Assessed,Salmon Sun-orchid,VicFlora,False,False,False,False,False,False,False,True,True,True,True,True,Aug–Dec,3,1.0,resprouts,not_vegetative,transient,wind / falling near the parent plant,Copes with waterlogged soil for 1-6 months,False,Herb,790926e5-8ec2-4990-af63-076948d11bc9,https://vicflora.rbg.vic.gov.au/flora/taxon/790926e5-8ec2-4990-af63-076948d11bc9,"['origin', 'traits', 'flowering']","['rating', 'local_records']",Moderate
Themeda triandra,Kangaroo Grass,Poaceae,native,native,themeda triandra,Not Assessed / No exact match,graminoid,herbaceous,perennial,0.2913,2.0,False,False,15.0,2009,67.0,2026-04-24T17:30:06Z,Not Assessed,Kangaroo Grass,VicFlora,True,True,True,True,True,True,True,True,True,True,True,True,All year,5,1.0,partial_resprouting,not_vegetative,persistent,sticking to animals and clothing / wind,Copes with waterlogged soil for 1-6 months,False,Grass,5c4beccd-3eef-434d-9769-4d187abb91e9,https://vicflora.rbg.vic.gov.au/flora/taxon/5c4beccd-3eef-434d-9769-4d187abb91e9,"['origin', 'local_records', 'traits', 'flowering']",['rating'],Moderate
Thesium australe,Austral Toad-flax,Santalaceae,native,native,thesium australe,Not Assessed / No exact match,herb,herbaceous,perennial,0.4,0.4,False,False,1.0,1913,1.0,,Not Assessed,Austral Toad-flax,VicFlora,True,True,True,False,False,False,False,False,True,True,True,True,Sep–Mar,4,1.0,fire_killed,not_vegetative,transient,birds and animals eating the fruit,Copes with short wet spells (under a month),False,Herb,4c83ac42-14c5-4705-a8f3-0914b8b345e5,https://vicflora.rbg.vic.gov.au/flora/taxon/4c83ac42-14c5-4705-a8f3-0914b8b345e5,"['origin', 'local_records', 'traits', 'flowering']",['rating'],Moderate
Thuidiopsis furfurosa,,Thuidiaceae,native,native,thuidiopsis furfurosa,Not Assessed / No exact match,,,,,,False,False,0.0,No local records found,1.0,1991-11-29T00:00:00Z,Not Assessed,Golden Weft-moss,ALA,,,,,,,,,,,,,,0,,,,,,,False,,7280eef0-b823-4555-a35c-b90335fd4bfb,https://vicflora.rbg.vic.gov.au/flora/taxon/7280eef0-b823-4555-a35c-b90335fd4bfb,"['origin', 'local_records']","['rating', 'traits', 'flowering']",Limited
Thysanotus patersonii,Twining Fringe Lily,Asparagaceae,native,native,thysanotus patersonii,Not Assessed / No exact match,herb,herbaceous,perennial,0.05,1.0,False,False,4.0,1969,5.0,1969-09-30T00:00:00Z,Not Assessed,Twining Fringe Lily,VicFlora,False,False,False,False,True,True,True,True,True,True,True,False,May–Nov,5,1.0,resprouts,not_vegetative,long_persistent,ants / falling near the parent plant,,True,Herb,680a7133-5f44-480f-8665-a3ddbec43a6f,https://vicflora.rbg.vic.gov.au/flora/taxon/680a7133-5f44-480f-8665-a3ddbec43a6f,"['origin', 'local_records', 'traits', 'flowering']",['rating'],Moderate
Thysanotus tuberosus,Common Fringe Lily,Asparagaceae,native,native,thysanotus tuberosus,Not Assessed / No exact match,herb,herbaceous,perennial,0.15,0.7,False,False,1.0,1898,4.0,1894-11-17T00:00:00Z,Not Assessed,Common Fringe Lily,VicFlora,True,True,True,True,True,False,False,False,True,True,True,True,Sep–May,6,1.0,resprouts,not_vegetative,transient,ants / falling near the parent plant,Copes with waterlogged soil for 1-6 months,False,Herb,8aa2b107-3794-4198-9488-5e657ac40f3a,https://vicflora.rbg.vic.gov.au/flora/taxon/8aa2b107-3794-4198-9488-5e657ac40f3a,"['origin', 'local_records', 'traits', 'flowering']",['rating'],Moderate
Thysanotus tuberosus subsp. tuberosus,,Asparagaceae,native,native,thysanotus tuberosus,Not Assessed / No exact match,herb,herbaceous,perennial,0.15,0.7,False,False,1.0,1898,4.0,1894-11-17T00:00:00Z,Not Assessed,Common Fringe-lily,VBA,True,True,True,True,True,False,False,False,True,True,True,True,Sep–May,6,1.0,resprouts,not_vegetative,transient,ants / falling near the parent plant,Copes with waterlogged soil for 1-6 months,False,Herb,0c8f6587-b902-4643-9394-2d40dbad4d41,https://vicflora.rbg.vic.gov.au/flora/taxon/0c8f6587-b902-4643-9394-2d40dbad4d41,"['origin', 'local_records', 'traits', 'flowering']",['rating'],Moderate
Todea barbara,Austral King-fern,Osmundaceae,native,native,todea barbara,Not Assessed / No exact match,fern,herbaceous,perennial,0.3,3.0,False,False,1.0,1982,1.0,1982-11-22T00:00:00Z,Not Assessed,Austral King-fern,VicFlora,,,,,,,,,,,,,,0,,resprouts,not_vegetative,transient,wind,Copes with waterlogged soil for over 6 months,False,Fern,678ec15d-b603-4bb3-9ea9-162f32cf6e17,https://vicflora.rbg.vic.gov.au/flora/taxon/678ec15d-b603-4bb3-9ea9-162f32cf6e17,"['origin', 'local_records', 'traits']","['rating', 'flowering']",Moderate
Tortula truncata,,Pottiaceae,introduced,naturalised,tortula truncata,Not Assessed / No exact match,,,,,,True,False,0.0,No local records found,2.0,1982-05-24T00:00:00Z,Not Assessed,Common Pottia,ALA,,,,,,,,,,,,,,0,,,,,,,False,,369b6bb9-f7cc-4923-8487-63391d52dd49,https://vicflora.rbg.vic.gov.au/flora/taxon/369b6bb9-f7cc-4923-8487-63391d52dd49,"['origin', 'local_records', 'griis']","['rating', 'traits', 'flowering']",Limited
Trachymene composita,,Araliaceae,native,native,trachymene composita,Not Assessed / No exact match,herb,herbaceous,annual biennial,1.2,2.5,False,False,6.0,1914,28.0,2026-08-13T08:24:59Z,Not Assessed,Parsnip Trachymene,ALA,True,True,True,True,False,False,True,True,True,True,True,True,Jul–Apr,2,1.0,fire_killed,not_vegetative,persistent,animals / falling near the parent plant,Copes with short wet spells (under a month),False,Herb,acc75962-5bea-4e2a-a199-0e8a6b50ea17,https://vicflora.rbg.vic.gov.au/flora/taxon/acc75962-5bea-4e2a-a199-0e8a6b50ea17,"['origin', 'local_records', 'traits', 'flowering']",['rating'],Moderate
Trachymene composita var. composita,,Araliaceae,native,native,trachymene composita,Not Assessed / No exact match,herb,herbaceous,annual biennial,1.2,2.5,False,False,6.0,1914,28.0,2026-08-13T08:24:59Z,Not Assessed,Parsnip Trachymene,VBA,True,True,True,True,False,False,True,True,True,True,True,True,Jul–Apr,2,1.0,fire_killed,not_vegetative,persistent,animals / falling near the parent plant,Copes with short wet spells (under a month),False,Herb,69c60676-8bd9-4283-b1f9-03fa12b0386c,https://vicflora.rbg.vic.gov.au/flora/taxon/69c60676-8bd9-4283-b1f9-03fa12b0386c,"['origin', 'local_records', 'traits', 'flowering']",['rating'],Moderate
Trachymene pilosa,Dwarf Trachymene,Araliaceae,native,native,trachymene pilosa,Not Assessed / No exact match,herb,herbaceous,annual,0.02,0.4,False,False,0.0,No local records found,1.0,1893-12-23T00:00:00Z,Not Assessed,Dwarf Trachymene,VicFlora,False,False,False,False,True,True,True,True,True,True,True,False,May–Nov,3,1.0,fire_killed,not_vegetative,long_persistent,animals,Copes with short wet spells (under a month),False,Herb,08fde7aa-d79a-4632-be80-30bb6fbce245,https://vicflora.rbg.vic.gov.au/flora/taxon/08fde7aa-d79a-4632-be80-30bb6fbce245,"['origin', 'local_records', 'traits', 'flowering']",['rating'],Moderate
Tradescantia fluminensis,Wandering Trad | Wandering Creeper | Wandering Jew,Commelinaceae,introduced,naturalised,tradescantia fluminensis,Very High Risk,herb,herbaceous,perennial,0.1,0.1,True,False,6.0,2024,201.0,2026-04-24T17:18:10Z,Reconsider Planting,Wandering Trad | Wandering Creeper | Wandering Jew,VicFlora,True,True,False,False,False,False,False,False,True,True,True,True,Sep–Feb,3,1.0,resprouts,vegetative,persistent,,,False,Herb,fc60f8b2-271b-4913-ba1d-ff00791f5a51,https://vicflora.rbg.vic.gov.au/flora/taxon/fc60f8b2-271b-4913-ba1d-ff00791f5a51,"['rating', 'origin', 'local_records', 'traits', 'flowering', 'griis']",[],Strong
Tribolium obliterum,Capetown Grass,Poaceae,introduced,naturalised,tribolium obliterum,Moderately High Risk,graminoid herb,herbaceous,annual perennial,0.23,0.4,True,False,1.0,1982,2.0,1982-10-05T00:00:00Z,Use Caution,Capetown Grass,VicFlora,,,,,,,,,,,,,,0,,,,,,,False,Grass,4460359d-28be-4ee7-9b8d-879b51fe6713,https://vicflora.rbg.vic.gov.au/flora/taxon/4460359d-28be-4ee7-9b8d-879b51fe6713,"['rating', 'origin', 'local_records', 'traits', 'griis']",['flowering'],Moderate
Tricoryne elatior,Yellow Rush Lily,Asphodelaceae,native,native,tricoryne elatior,Not Assessed / No exact match,herb,herbaceous,perennial,0.1,0.7,False,False,11.0,2009,28.0,2025-10-24T16:18:50Z,Not Assessed,Yellow Rush Lily,VicFlora,True,True,True,True,True,True,True,True,True,True,True,True,All year,7,1.0,resprouts,not_vegetative,transient,falling near the parent plant / wind,Copes with short wet spells (under a month),False,Herb,9c3b49b8-ff03-4dd9-bc2b-1466a5657903,https://vicflora.rbg.vic.gov.au/flora/taxon/9c3b49b8-ff03-4dd9-bc2b-1466a5657903,"['origin', 'local_records', 'traits', 'flowering']",['rating'],Moderate
Trifolium angustifolium,,Fabaceae,introduced,Not available,trifolium angustifolium,Medium Risk,herb,herbaceous,annual,0.1,0.7,True,False,0.0,No local records found,2.0,1987-12-08T00:00:00Z,Use Caution,Narrow-leaf Clover,ALA,,,,,,,,,,,,,,0,,fire_killed,,long_persistent,,,False,Herb,4e7a0e0b-29ad-4701-86dc-8bda24018ada,https://vicflora.rbg.vic.gov.au/flora/taxon/4e7a0e0b-29ad-4701-86dc-8bda24018ada,"['rating', 'origin', 'local_records', 'traits', 'griis']",['flowering'],Moderate
Trifolium angustifolium var. angustifolium,Narrow-leaved Clover,Fabaceae,introduced,naturalised,trifolium angustifolium,Medium Risk,herb,herbaceous,annual,0.1,0.7,True,False,0.0,No local records found,2.0,1987-12-08T00:00:00Z,Use Caution,Narrow-leaved Clover,VicFlora,,,,,,,,,,,,,,0,,fire_killed,,long_persistent,,,False,Herb,b30f0951-db2f-428b-8485-dfbdc8305fbc,https://vicflora.rbg.vic.gov.au/flora/taxon/b30f0951-db2f-428b-8485-dfbdc8305fbc,"['rating', 'origin', 'local_records', 'traits', 'griis']",['flowering'],Moderate
Trifolium cernuum,Drooping-flower Clover,Fabaceae,introduced,naturalised,trifolium cernuum,High Risk,herb,herbaceous,annual,0.02,0.1,True,False,1.0,1962,1.0,1962-11-28T00:00:00Z,Reconsider Planting,Drooping-flower Clover,VicFlora,,,,,,,,,,,,,,0,,fire_killed,,long_persistent,,,False,Herb,a7511a8a-3f6e-425d-9c69-6e0e5fb6d52c,https://vicflora.rbg.vic.gov.au/flora/taxon/a7511a8a-3f6e-425d-9c69-6e0e5fb6d52c,"['rating', 'origin', 'local_records', 'traits', 'griis']",['flowering'],Moderate
Trifolium dubium,Suckling Clover,Fabaceae,introduced,naturalised,trifolium dubium,Moderately High Risk,herb,herbaceous,annual,0.095,0.5,True,False,3.0,2006,7.0,2024-08-26T12:56:06Z,Use Caution,Suckling Clover,VicFlora,False,False,False,False,True,True,True,True,True,True,True,False,May–Nov,2,1.0,fire_killed,,long_persistent,,,False,Herb,06176248-1ee8-4717-9972-5c388e1f254c,https://vicflora.rbg.vic.gov.au/flora/taxon/06176248-1ee8-4717-9972-5c388e1f254c,"['rating', 'origin', 'local_records', 'traits', 'flowering', 'griis']",[],Strong
Trifolium fragiferum,,Fabaceae,introduced,Not available,trifolium fragiferum,Moderately High Risk,herb,herbaceous,perennial,,,True,False,1.0,2007,5.0,2025-04-08T14:14:06Z,Use Caution,Strawberry Clover,ALA,,,,,,,,,,,,,,0,,fire_killed,,long_persistent,,,False,Herb,667f591a-c824-453e-bf53-516000695801,https://vicflora.rbg.vic.gov.au/flora/taxon/667f591a-c824-453e-bf53-516000695801,"['rating', 'origin', 'local_records', 'traits', 'griis']",['flowering'],Moderate
Trifolium fragiferum var. fragiferum,Strawberry Clover,Fabaceae,introduced,naturalised,trifolium fragiferum,Moderately High Risk,herb,herbaceous,perennial,,,True,False,1.0,2007,5.0,2025-04-08T14:14:06Z,Use Caution,Strawberry Clover,VicFlora,,,,,,,,,,,,,,0,,fire_killed,,long_persistent,,,False,Herb,0bcbd7a4-fd6f-41d4-8fa3-b1a2020b5ac9,https://vicflora.rbg.vic.gov.au/flora/taxon/0bcbd7a4-fd6f-41d4-8fa3-b1a2020b5ac9,"['rating', 'origin', 'local_records', 'traits', 'griis']",['flowering'],Moderate
Trifolium glomeratum,Clustered Clover,Fabaceae,introduced,naturalised,trifolium glomeratum,Moderately High Risk,herb,herbaceous,annual,0.03,0.4,True,False,2.0,1985,4.0,2020-10-29T00:00:00Z,Use Caution,Clustered Clover,VicFlora,False,False,False,False,False,False,False,True,True,True,False,False,Aug–Oct,2,1.0,fire_killed,,long_persistent,,,False,Herb,704cbae3-cb48-45f0-918f-a45649bb6199,https://vicflora.rbg.vic.gov.au/flora/taxon/704cbae3-cb48-45f0-918f-a45649bb6199,"['rating', 'origin', 'local_records', 'traits', 'flowering', 'griis']",[],Strong
Trifolium incarnatum,,Fabaceae,introduced,Not available,trifolium incarnatum,Medium Risk,herb,herbaceous,annual,0.2,0.5,True,False,0.0,No local records found,1.0,1982-03-22T00:00:00Z,Use Caution,Crimson Clover,ALA,,,,,,,,,,,,,,0,,,,,,,False,Herb,35497e19-bc2c-4856-bdf7-c0972690a223,https://vicflora.rbg.vic.gov.au/flora/taxon/35497e19-bc2c-4856-bdf7-c0972690a223,"['rating', 'origin', 'local_records', 'traits', 'griis']",['flowering'],Moderate
Trifolium michelianum,,Fabaceae,introduced,Not available,trifolium michelianum,Lower Risk,herb,herbaceous,annual perennial,,,True,False,0.0,No local records found,1.0,1991-10-24T00:00:00Z,Lower Concern,,,,,,,,,,,,,,,,0,,,,,,,False,Herb,9869a10e-1bff-4a30-8274-27b1c525adda,https://vicflora.rbg.vic.gov.au/flora/taxon/9869a10e-1bff-4a30-8274-27b1c525adda,"['rating', 'origin', 'local_records', 'traits', 'griis']",['flowering'],Moderate
Trifolium michelianum var. michelianum,Annual White Clover,Fabaceae,introduced,naturalised,trifolium michelianum,Lower Risk,herb,herbaceous,annual perennial,,,True,False,0.0,No local records found,1.0,1991-10-24T00:00:00Z,Lower Concern,Annual White Clover,VicFlora,,,,,,,,,,,,,,0,,,,,,,False,Herb,1667ce3d-746b-46cb-af30-3778a118d0f4,https://vicflora.rbg.vic.gov.au/flora/taxon/1667ce3d-746b-46cb-af30-3778a118d0f4,"['rating', 'origin', 'local_records', 'traits', 'griis']",['flowering'],Moderate
Trifolium pratense,Red Clover,Fabaceae,introduced,naturalised,trifolium pratense,Medium Risk,herb,herbaceous,perennial,0.6,0.6,True,False,0.0,No local records found,1.0,2012-01-12T00:00:00Z,Use Caution,Red Clover,VicFlora,,,,,,,,,,,,,,0,,fire_killed,,,,,False,Herb,d696e3c0-77b6-4528-b4ed-39fb98e44a1b,https://vicflora.rbg.vic.gov.au/flora/taxon/d696e3c0-77b6-4528-b4ed-39fb98e44a1b,"['rating', 'origin', 'local_records', 'traits', 'griis']",['flowering'],Moderate
Trifolium repens,,Fabaceae,introduced,Not available,trifolium repens,High Risk,herb,herbaceous,annual perennial,0.15,0.3,True,False,11.0,2013,61.0,2026-04-24T07:55:58Z,Reconsider Planting,White Clover,ALA,True,True,True,True,True,False,True,True,True,True,True,True,Jul–May,2,1.0,fire_killed,,long_persistent,animals,,False,Herb,dd9c4fbe-3c56-4ca7-b4a5-ef1181feb581,https://vicflora.rbg.vic.gov.au/flora/taxon/dd9c4fbe-3c56-4ca7-b4a5-ef1181feb581,"['rating', 'origin', 'local_records', 'traits', 'flowering', 'griis']",[],Strong
Trifolium repens var. repens,White Clover,Fabaceae,introduced,naturalised,trifolium repens,High Risk,herb,herbaceous,annual perennial,0.15,0.3,True,False,11.0,2013,61.0,2026-04-24T07:55:58Z,Reconsider Planting,White Clover,VicFlora,True,True,True,True,True,False,True,True,True,True,True,True,Jul–May,2,1.0,fire_killed,,long_persistent,animals,,False,Herb,7ff32f65-9d6a-45fd-9a64-4046b5093123,https://vicflora.rbg.vic.gov.au/flora/taxon/7ff32f65-9d6a-45fd-9a64-4046b5093123,"['rating', 'origin', 'local_records', 'traits', 'flowering', 'griis']",[],Strong
Trifolium resupinatum,Shaftal Clover,Fabaceae,introduced,Not available,trifolium resupinatum,Medium Risk,herb,herbaceous,annual,0.2,0.3,True,False,0.0,No local records found,2.0,2025-12-18T10:41:17Z,Use Caution,Shaftal Clover,VicFlora,,,,,,,,,,,,,,0,,,,,,,False,Herb,1439474f-ea71-4c71-b386-fcbd208009f3,https://vicflora.rbg.vic.gov.au/flora/taxon/1439474f-ea71-4c71-b386-fcbd208009f3,"['rating', 'origin', 'local_records', 'traits', 'griis']",['flowering'],Moderate
Trifolium striatum,Knotted Clover,Fabaceae,introduced,naturalised,trifolium striatum,High Risk,herb,herbaceous,annual,0.3,0.6,True,False,1.0,1962,1.0,1962-11-28T00:00:00Z,Reconsider Planting,Knotted Clover,VicFlora,,,,,,,,,,,,,,0,,,,,wind,,False,Herb,f66800da-9b82-4b05-8229-eb2508be0aa0,https://vicflora.rbg.vic.gov.au/flora/taxon/f66800da-9b82-4b05-8229-eb2508be0aa0,"['rating', 'origin', 'local_records', 'traits', 'griis']",['flowering'],Moderate
Trifolium subterraneum,Subterranean Clover,Fabaceae,introduced,naturalised,trifolium subterraneum,High Risk,herb,herbaceous,annual,0.025,0.35,True,False,2.0,2000,8.0,2025-04-25T15:43:25Z,Reconsider Planting,Subterranean Clover,VicFlora,True,False,False,False,True,True,True,True,True,True,True,True,May–Jan,2,1.0,fire_killed,,long_persistent,,,False,Herb,2b79d3c6-25c8-4317-a89c-5ae21cc09f78,https://vicflora.rbg.vic.gov.au/flora/taxon/2b79d3c6-25c8-4317-a89c-5ae21cc09f78,"['rating', 'origin', 'local_records', 'traits', 'flowering', 'griis']",[],Strong
Trifolium vesiculosum,,Fabaceae,introduced,Not available,trifolium vesiculosum,Very High Risk,herb,herbaceous,annual,0.8,0.8,True,False,0.0,No local records found,1.0,2019-11-15T00:00:00Z,Reconsider Planting,,,,,,,,,,,,,,,,0,,,,,,,False,Herb,0f724285-4044-4ca3-8cb0-fbb43b75022e,https://vicflora.rbg.vic.gov.au/flora/taxon/0f724285-4044-4ca3-8cb0-fbb43b75022e,"['rating', 'origin', 'local_records', 'traits', 'griis']",['flowering'],Moderate
Trifolium vesiculosum var. vesiculosum,Arrowleaf Clover,Fabaceae,introduced,naturalised,trifolium vesiculosum,Very High Risk,herb,herbaceous,annual,0.8,0.8,True,False,0.0,No local records found,1.0,2019-11-15T00:00:00Z,Reconsider Planting,Arrowleaf Clover,VicFlora,,,,,,,,,,,,,,0,,,,,,,False,Herb,9bcf7b59-91b6-4488-8ad6-251f61411fe1,https://vicflora.rbg.vic.gov.au/flora/taxon/9bcf7b59-91b6-4488-8ad6-251f61411fe1,"['rating', 'origin', 'local_records', 'traits', 'griis']",['flowering'],Moderate
Triglochin striata,,Juncaginaceae,native,native,triglochin striata,Not Assessed / No exact match,herb,herbaceous,perennial,0.03,0.5,False,False,1.0,2010,3.0,2010-04-21T00:00:00Z,Not Assessed,Streaked Arrowgrass,VBA,True,True,True,True,True,True,True,True,True,True,True,True,All year,4,1.0,resprouts,vegetative,persistent,water / falling near the parent plant,Copes with waterlogged soil for over 6 months,False,Herb,ec7703de-924a-420b-b765-bc4946510f5e,https://vicflora.rbg.vic.gov.au/flora/taxon/ec7703de-924a-420b-b765-bc4946510f5e,"['origin', 'local_records', 'traits', 'flowering']",['rating'],Moderate
Typha domingensis,Narrowleaf Cumbungi | Gumbung,Typhaceae,native,native,typha domingensis,Not Assessed / No exact match,herb,herbaceous,perennial,1.5,4.0,False,False,3.0,2010,5.0,2023-07-13T00:00:00Z,Not Assessed,Narrowleaf Cumbungi | Gumbung,VicFlora,True,True,True,True,True,True,True,True,True,True,True,True,All year,5,1.0,resprouts,vegetative,transient,wind / animals,,False,Herb,702a622d-a096-4d58-bf06-5b03ff192472,https://vicflora.rbg.vic.gov.au/flora/taxon/702a622d-a096-4d58-bf06-5b03ff192472,"['origin', 'local_records', 'traits', 'flowering']",['rating'],Moderate
Typha latifolia,Lesser Reed-mace,Typhaceae,introduced,naturalised,typha latifolia,Very High Risk,herb,herbaceous,perennial,3.0,3.0,True,False,0.0,No local records found,2.0,2022-04-10T00:00:00Z,Reconsider Planting,Lesser Reed-mace,VicFlora,True,True,False,False,False,False,False,False,False,True,True,True,Oct–Feb,1,1.0,,,,,,False,Herb,0e7587fa-9d0a-443e-b3ee-9bbbcef2423a,https://vicflora.rbg.vic.gov.au/flora/taxon/0e7587fa-9d0a-443e-b3ee-9bbbcef2423a,"['rating', 'origin', 'local_records', 'traits', 'flowering', 'griis']",[],Strong
Typha orientalis,Broadleaf Cumbungi,Typhaceae,native,native,typha orientalis,Not Assessed / No exact match,herb,herbaceous,perennial,2.0,4.5,True,False,2.0,2024,4.0,2024-08-01T00:00:00Z,Not Assessed,Broadleaf Cumbungi,VicFlora,True,True,True,False,False,False,True,True,True,True,True,True,Jul–Mar,2,1.0,resprouts,vegetative,transient,wind / animals,,False,Herb,d8e250bb-40c8-422d-aa20-c93bfce43664,https://vicflora.rbg.vic.gov.au/flora/taxon/d8e250bb-40c8-422d-aa20-c93bfce43664,"['origin', 'local_records', 'traits', 'flowering']",['rating'],Moderate
Ulex europaeus,Gorse | Furze,Fabaceae,introduced,naturalised,ulex europaeus,High Risk,shrub,woody,perennial,2.0,3.0,True,False,11.0,2024,46.0,2026-04-14T12:51:03Z,Reconsider Planting,Gorse | Furze,VicFlora,False,False,False,False,False,False,False,False,True,True,True,False,Sep–Nov,1,1.0,fire_killed,,persistent,ants / animals,,False,Shrub,75b5ba13-59cf-4c9d-93ab-34f63a2e1a35,https://vicflora.rbg.vic.gov.au/flora/taxon/75b5ba13-59cf-4c9d-93ab-34f63a2e1a35,"['rating', 'origin', 'local_records', 'traits', 'flowering', 'griis']",[],Strong
Urtica urens,Small Nettle,Urticaceae,introduced,naturalised,urtica urens,Moderately High Risk,herb,herbaceous,annual,0.6,0.9,True,False,0.0,No local records found,2.0,2024-08-29T12:45:15Z,Use Caution,Small Nettle,VicFlora,True,True,True,True,True,True,True,True,True,True,True,True,All year,2,1.0,fire_killed,,,,,False,Herb,71259ee6-6827-4db2-b49c-10523176c069,https://vicflora.rbg.vic.gov.au/flora/taxon/71259ee6-6827-4db2-b49c-10523176c069,"['rating', 'origin', 'local_records', 'traits', 'flowering', 'griis']",[],Strong
Utricularia dichotoma,Fairies' Aprons | Purple Bladderwort,Lentibulariaceae,native,native,utricularia dichotoma,Not Assessed / No exact match,herb,herbaceous,perennial,0.1,0.5,False,False,3.0,1985,6.0,1985-10-19T00:00:00Z,Not Assessed,Fairies' Aprons | Purple Bladderwort,VicFlora,True,True,True,True,True,True,True,True,True,True,True,True,All year,5,1.0,resprouts,vegetative,persistent,sticking to animals and clothing / wind,Copes with waterlogged soil for over 6 months,False,Herb,a45ff555-d4e7-4ed2-9c3f-9d75aba4539b,https://vicflora.rbg.vic.gov.au/flora/taxon/a45ff555-d4e7-4ed2-9c3f-9d75aba4539b,"['origin', 'local_records', 'traits', 'flowering']",['rating'],Moderate
Utricularia lateriflora,Tiny Bladderwort,Lentibulariaceae,native,native,utricularia lateriflora,Not Assessed / No exact match,herb,herbaceous,perennial,0.08,0.1,False,False,2.0,1902,2.0,1902-02-20T00:00:00Z,Not Assessed,Tiny Bladderwort,VicFlora,True,True,True,True,True,True,True,True,True,True,True,True,All year,4,1.0,resprouts,vegetative,persistent,wind / water,Copes with waterlogged soil for 1-6 months,False,Herb,e273e04f-ed93-4228-a9cb-02abbb0177e8,https://vicflora.rbg.vic.gov.au/flora/taxon/e273e04f-ed93-4228-a9cb-02abbb0177e8,"['origin', 'local_records', 'traits', 'flowering']",['rating'],Moderate
Utricularia tenella,Pink Bladderwort,Lentibulariaceae,native,native,utricularia tenella,Not Assessed / No exact match,herb,herbaceous,annual,0.01,0.15,False,False,0.0,No local records found,4.0,1894-10-08T00:00:00Z,Not Assessed,Pink Bladderwort,VicFlora,False,False,False,False,False,False,False,True,True,True,True,False,Aug–Nov,1,1.0,resprouts,not_vegetative,long_persistent,wind / sticking to animals and clothing,Copes with waterlogged soil for 1-6 months,False,Herb,0b98d30e-39b5-4c45-8c93-0e21d261c495,https://vicflora.rbg.vic.gov.au/flora/taxon/0b98d30e-39b5-4c45-8c93-0e21d261c495,"['origin', 'local_records', 'traits', 'flowering']",['rating'],Moderate
Vellereophyton dealbatum,White Cudweed,Asteraceae,introduced,naturalised,vellereophyton dealbatum,Moderately High Risk,herb,herbaceous,annual,0.05,0.5,True,False,4.0,1899,2.0,,Use Caution,White Cudweed,VicFlora,True,True,True,True,True,True,True,True,True,True,True,True,All year,2,1.0,fire_killed,not_vegetative,long_persistent,wind,,False,Herb,a61c20d3-bd29-4dd6-884d-71ce839a426b,https://vicflora.rbg.vic.gov.au/flora/taxon/a61c20d3-bd29-4dd6-884d-71ce839a426b,"['rating', 'origin', 'local_records', 'traits', 'flowering', 'griis']",[],Strong
Veronica arvensis,Wall Speedwell,Plantaginaceae,introduced,naturalised,veronica arvensis,Moderately High Risk,herb,herbaceous,annual,0.04,0.3,True,False,1.0,2006,5.0,2024-09-23T16:35:15Z,Use Caution,Wall Speedwell,VicFlora,True,True,False,False,False,False,False,False,True,True,True,True,Sep–Feb,3,1.0,fire_killed,,transient,,,False,Herb,61f26f26-4a2e-465c-b8a6-8ac9ce7179ed,https://vicflora.rbg.vic.gov.au/flora/taxon/61f26f26-4a2e-465c-b8a6-8ac9ce7179ed,"['rating', 'origin', 'local_records', 'traits', 'flowering', 'griis']",[],Strong
Veronica calycina,Hairy Speedwell,Plantaginaceae,native,native,veronica calycina,Not Assessed / No exact match,herb,herbaceous,perennial,0.03,0.5,False,False,1.0,2000,1.0,2000-10-12T00:00:00Z,Not Assessed,Hairy Speedwell,VicFlora,True,True,False,False,False,False,False,True,True,True,True,True,Aug–Feb,4,1.0,partial_resprouting,vegetative,transient,falling near the parent plant / water,,True,Herb,ff8c1d83-53b4-4ca3-a0ab-61ec888042d1,https://vicflora.rbg.vic.gov.au/flora/taxon/ff8c1d83-53b4-4ca3-a0ab-61ec888042d1,"['origin', 'local_records', 'traits', 'flowering']",['rating'],Moderate
Veronica gracilis,Slender Speedwell,Plantaginaceae,native,native,veronica gracilis,Not Assessed / No exact match,herb,herbaceous,perennial,0.3,0.6,False,False,6.0,2007,11.0,2025-11-06T17:16:16Z,Not Assessed,Slender Speedwell,VicFlora,True,True,False,False,False,False,False,False,True,True,True,True,Sep–Feb,3,1.0,resprouts,vegetative,transient,falling near the parent plant / water,Copes with waterlogged soil for 1-6 months,False,Herb,2d29f66d-8bde-4093-b209-c5529e65bfd1,https://vicflora.rbg.vic.gov.au/flora/taxon/2d29f66d-8bde-4093-b209-c5529e65bfd1,"['origin', 'local_records', 'traits', 'flowering']",['rating'],Moderate
Veronica persica,Creeping Speedwell,Plantaginaceae,introduced,naturalised,veronica persica,Medium Risk,herb,herbaceous,annual,0.06,0.5,True,False,0.0,No local records found,8.0,2025-09-15T09:51:49Z,Use Caution,Creeping Speedwell,VicFlora,False,True,False,False,False,True,True,True,True,True,True,False,"Feb, Jun–Nov",2,2.0,fire_killed,,,,,False,Herb,d5ef573e-319f-4c61-9a96-aace07756d66,https://vicflora.rbg.vic.gov.au/flora/taxon/d5ef573e-319f-4c61-9a96-aace07756d66,"['rating', 'origin', 'local_records', 'traits', 'flowering', 'griis']",[],Strong
Veronica plebeia,Trailing Speedwell,Plantaginaceae,native,native,veronica plebeia,Not Assessed / No exact match,herb,herbaceous,perennial,0.05,0.4,True,False,1.0,2010,1.0,2010-04-21T00:00:00Z,Not Assessed,Trailing Speedwell,VicFlora,True,True,True,True,True,True,True,True,True,True,True,True,All year,4,1.0,resprouts,vegetative,transient,falling near the parent plant / water,,True,Herb,c6f98220-926e-45a4-8046-bd6a8a321e19,https://vicflora.rbg.vic.gov.au/flora/taxon/c6f98220-926e-45a4-8046-bd6a8a321e19,"['origin', 'local_records', 'traits', 'flowering']",['rating'],Moderate
Veronica serpyllifolia,Thyme Speedwell,Plantaginaceae,uncertain,Not available,veronica serpyllifolia,Lower Risk,herb,herbaceous,perennial,0.1,0.1,True,False,1.0,1994,1.0,,Lower Concern,Thyme Speedwell,VicFlora,True,True,False,False,False,False,False,False,True,True,True,True,Sep–Feb,2,1.0,resprouts,vegetative,transient,falling near the parent plant,Copes with waterlogged soil for over 6 months,False,Herb,5d8e2494-6b27-44fb-a7ef-e552e1148337,https://vicflora.rbg.vic.gov.au/flora/taxon/5d8e2494-6b27-44fb-a7ef-e552e1148337,"['rating', 'origin', 'local_records', 'traits', 'flowering']",[],Strong
Viburnum tinus,Laurestinus,Caprifoliaceae,introduced,naturalised,viburnum tinus,Medium Risk,shrub tree,woody,perennial,4.0,4.0,True,False,0.0,No local records found,7.0,2026-07-15T15:10:54Z,Use Caution,Laurestinus,VicFlora,,,,,,,,,,,,,,0,,,,,,,False,Tree,20a05898-e331-4a6a-a552-60f37de75488,https://vicflora.rbg.vic.gov.au/flora/taxon/20a05898-e331-4a6a-a552-60f37de75488,"['rating', 'origin', 'local_records', 'traits', 'griis']",['flowering'],Moderate
Vicia hirsuta,Tiny Vetch,Fabaceae,introduced,naturalised,vicia hirsuta,High Risk,herb,herbaceous,annual,0.15,0.8,True,False,3.0,2007,7.0,2024-09-03T11:06:19Z,Reconsider Planting,Tiny Vetch,VicFlora,False,False,False,False,False,False,False,False,True,True,True,False,Sep–Nov,2,1.0,fire_killed,,long_persistent,,,False,Herb,c6b6b601-dbf3-43af-b4c7-1e953f451be6,https://vicflora.rbg.vic.gov.au/flora/taxon/c6b6b601-dbf3-43af-b4c7-1e953f451be6,"['rating', 'origin', 'local_records', 'traits', 'flowering', 'griis']",[],Strong
Vicia sativa,Common Vetch,Fabaceae,introduced,Not available,vicia sativa,Lower Risk,herb,herbaceous,annual,0.2,1.5,True,False,6.0,2007,25.0,2026-07-25T14:21:40Z,Lower Concern,Common Vetch,VicFlora,False,False,False,False,False,True,True,True,True,True,True,False,Jun–Nov,2,1.0,fire_killed,,long_persistent,,,False,Herb,ab68a78b-7125-4f3f-8c4a-4e00cd051f64,https://vicflora.rbg.vic.gov.au/flora/taxon/ab68a78b-7125-4f3f-8c4a-4e00cd051f64,"['rating', 'origin', 'local_records', 'traits', 'flowering', 'griis']",[],Strong
Vicia sativa subsp. sativa,,Fabaceae,introduced,naturalised,vicia sativa,Lower Risk,herb,herbaceous,annual,0.2,1.5,True,False,6.0,2007,25.0,2026-07-25T14:21:40Z,Lower Concern,Common Vetch,VBA,False,False,False,False,False,True,True,True,True,True,True,False,Jun–Nov,2,1.0,fire_killed,,long_persistent,,,False,Herb,67f59559-026c-43b8-937e-ccb7a5ab37ac,https://vicflora.rbg.vic.gov.au/flora/taxon/67f59559-026c-43b8-937e-ccb7a5ab37ac,"['rating', 'origin', 'local_records', 'traits', 'flowering', 'griis']",[],Strong
Vicia tetrasperma,Slender Vetch,Fabaceae,introduced,naturalised,vicia tetrasperma,High Risk,herb,herbaceous,annual,0.5,0.5,True,False,0.0,No local records found,1.0,1972-11-05T00:00:00Z,Reconsider Planting,Slender Vetch,VicFlora,False,True,False,False,False,True,True,True,True,True,True,False,"Feb, Jun–Nov",2,2.0,fire_killed,,,,,False,Herb,3691c137-b8cc-433d-9eb0-27b677ca1863,https://vicflora.rbg.vic.gov.au/flora/taxon/3691c137-b8cc-433d-9eb0-27b677ca1863,"['rating', 'origin', 'local_records', 'traits', 'flowering', 'griis']",[],Strong
Viminaria juncea,Golden Spray,Fabaceae,native,native,viminaria juncea,Not Assessed / No exact match,shrub,woody,perennial,1.0,5.0,False,False,6.0,2006,39.0,2026-02-13T14:41:57Z,Not Assessed,Golden Spray,VicFlora,True,True,False,False,False,False,False,True,True,True,True,True,Aug–Feb,6,1.0,fire_killed,not_vegetative,persistent,ants / falling near the parent plant,Copes with waterlogged soil for over 6 months,False,Shrub,0beda23b-e1ca-4873-944a-0d3f6999f4bd,https://vicflora.rbg.vic.gov.au/flora/taxon/0beda23b-e1ca-4873-944a-0d3f6999f4bd,"['origin', 'local_records', 'traits', 'flowering']",['rating'],Moderate
Viola hederacea,Ivy-leaved Violet,Violaceae,native,native,viola hederacea,Not Assessed / No exact match,herb,herbaceous,perennial,0.03,0.3,False,False,6.0,1985,17.0,2025-12-22T16:41:00Z,Not Assessed,Ivy-leaved Violet,VicFlora,True,True,True,True,False,False,False,True,True,True,True,True,Aug–Apr,6,1.0,resprouts,vegetative,persistent,animals / ants,Copes with waterlogged soil for 1-6 months,False,Herb,c419789b-5659-4a05-891e-735053c34881,https://vicflora.rbg.vic.gov.au/flora/taxon/c419789b-5659-4a05-891e-735053c34881,"['origin', 'local_records', 'traits', 'flowering']",['rating'],Moderate
Viola odorata,Common Violet | Sweet Violet,Violaceae,introduced,naturalised,viola odorata,Very High Risk,herb,herbaceous,perennial,0.05,0.15,True,False,2.0,2000,17.0,2026-08-21T14:56:03Z,Reconsider Planting,Common Violet | Sweet Violet,VicFlora,False,False,False,False,False,True,True,True,True,True,True,True,Jun–Dec,1,1.0,resprouts,,,,,False,Herb,b6285e9e-1d44-41ef-bc4d-f2e9d8bf4ad9,https://vicflora.rbg.vic.gov.au/flora/taxon/b6285e9e-1d44-41ef-bc4d-f2e9d8bf4ad9,"['rating', 'origin', 'local_records', 'traits', 'flowering', 'griis']",[],Strong
Vulpia bromoides,Squirrel-tail Fescue,Poaceae,introduced,naturalised,vulpia bromoides,Moderately High Risk,graminoid herb,herbaceous,annual,0.05,0.6,True,False,5.0,2013,10.0,2023-07-13T00:00:00Z,Use Caution,Squirrel-tail Fescue,VicFlora,True,False,False,False,False,False,False,True,True,True,True,True,Aug–Jan,2,1.0,fire_killed,,transient,,,False,Grass,8f0015c2-6cce-47e1-9fd3-8be22bedb84f,https://vicflora.rbg.vic.gov.au/flora/taxon/8f0015c2-6cce-47e1-9fd3-8be22bedb84f,"['rating', 'origin', 'local_records', 'traits', 'flowering', 'griis']",[],Strong
Vulpia myuros,Rat's-tail Fescue,Poaceae,introduced,Not available,vulpia myuros,Moderately High Risk,graminoid herb,herbaceous,annual,0.069207095,0.7,True,False,1.0,2009,1.0,2009-10-09T00:00:00Z,Use Caution,Rat's-tail Fescue,VicFlora,False,False,False,False,True,True,True,True,True,True,True,False,May–Nov,2,1.0,fire_killed,,transient,,,False,Grass,15997c70-5601-4dc5-b1ee-d3698a83ae4e,https://vicflora.rbg.vic.gov.au/flora/taxon/15997c70-5601-4dc5-b1ee-d3698a83ae4e,"['rating', 'origin', 'local_records', 'traits', 'flowering', 'griis']",[],Strong
Vulpia myuros f. myuros,,Poaceae,introduced,naturalised,vulpia myuros,Moderately High Risk,graminoid herb,herbaceous,annual,0.069207095,0.7,True,False,1.0,2009,1.0,2009-10-09T00:00:00Z,Use Caution,Rat's-tail Fescue,VBA,False,False,False,False,True,True,True,True,True,True,True,False,May–Nov,2,1.0,fire_killed,,transient,,,False,Grass,a7a80ae8-dbe9-4469-9a76-eb7829fe1ee7,https://vicflora.rbg.vic.gov.au/flora/taxon/a7a80ae8-dbe9-4469-9a76-eb7829fe1ee7,"['rating', 'origin', 'local_records', 'traits', 'flowering', 'griis']",[],Strong
Wahlenbergia gracilis,Sprawling Bluebell,Campanulaceae,native,native,wahlenbergia gracilis,Not Assessed / No exact match,herb,herbaceous,perennial,0.05,0.8,False,False,1.0,2010,1.0,2010-04-21T00:00:00Z,Not Assessed,Sprawling Bluebell,VicFlora,True,True,True,True,True,True,True,True,True,True,True,True,All year,3,1.0,partial_resprouting,not_vegetative,persistent,wind / falling near the parent plant,Copes with short wet spells (under a month),False,Herb,d4b462a2-4032-480b-8e3d-eff4df062036,https://vicflora.rbg.vic.gov.au/flora/taxon/d4b462a2-4032-480b-8e3d-eff4df062036,"['origin', 'local_records', 'traits', 'flowering']",['rating'],Moderate
Wahlenbergia gymnoclada,Naked Bluebell,Campanulaceae,native,native,wahlenbergia gymnoclada,Not Assessed / No exact match,herb,herbaceous,perennial,0.1,0.6,False,False,1.0,1980,1.0,1980-01-11T00:00:00Z,Not Assessed,Naked Bluebell,VicFlora,True,True,False,False,False,False,False,False,False,True,True,True,Oct–Feb,1,1.0,resprouts,not_vegetative,long_persistent,falling near the parent plant / animals,Copes with short wet spells (under a month),False,Herb,c42eeff6-2b3b-4c87-b808-f3bc59b4d5e0,https://vicflora.rbg.vic.gov.au/flora/taxon/c42eeff6-2b3b-4c87-b808-f3bc59b4d5e0,"['origin', 'local_records', 'traits', 'flowering']",['rating'],Moderate
Wahlenbergia multicaulis,,Campanulaceae,native,native,wahlenbergia multicaulis,Not Assessed / No exact match,herb,herbaceous,perennial,0.1,0.75,False,False,1.0,1960,1.0,1960-10-01T00:00:00Z,Not Assessed,Branching Bluebell,VBA,True,True,True,True,True,True,True,True,True,True,True,True,All year,4,1.0,resprouts,not_vegetative,long_persistent,falling near the parent plant / animals,,True,Herb,6bb997f1-15bf-471b-be01-72ee8a037731,https://vicflora.rbg.vic.gov.au/flora/taxon/6bb997f1-15bf-471b-be01-72ee8a037731,"['origin', 'local_records', 'traits', 'flowering']",['rating'],Moderate
Wahlenbergia stricta,,Campanulaceae,native,native,wahlenbergia stricta,Not Assessed / No exact match,herb,herbaceous,perennial,0.1,0.9,False,False,1.0,1980,4.0,2025-10-27T18:04:17Z,Not Assessed,Tall Bluebell,ALA,True,True,True,True,True,True,True,True,True,True,True,True,All year,4,1.0,resprouts,not_vegetative,persistent,falling near the parent plant / animals,,True,Herb,d1959d98-5bd2-4994-8779-b8d4fb33ffa1,https://vicflora.rbg.vic.gov.au/flora/taxon/d1959d98-5bd2-4994-8779-b8d4fb33ffa1,"['origin', 'local_records', 'traits', 'flowering']",['rating'],Moderate
Wahlenbergia stricta subsp. stricta,Tall Bluebell,Campanulaceae,native,native,wahlenbergia stricta,Not Assessed / No exact match,herb,herbaceous,perennial,0.1,0.9,False,False,1.0,1980,4.0,2025-10-27T18:04:17Z,Not Assessed,Tall Bluebell,VicFlora,True,True,True,True,True,True,True,True,True,True,True,True,All year,4,1.0,resprouts,not_vegetative,persistent,falling near the parent plant / animals,,True,Herb,d355d943-d980-4d0e-9ab1-572f1b5a5cb8,https://vicflora.rbg.vic.gov.au/flora/taxon/d355d943-d980-4d0e-9ab1-572f1b5a5cb8,"['origin', 'local_records', 'traits', 'flowering']",['rating'],Moderate
Watsonia meriana,,Iridaceae,introduced,naturalised,watsonia meriana,Very High Risk,herb,herbaceous,perennial,0.5,2.5,True,False,4.0,2009,8.0,2023-07-13T00:00:00Z,Reconsider Planting,,,False,False,False,False,False,False,False,False,False,True,True,True,Oct–Dec,2,1.0,resprouts,,,,,False,Herb,441d086c-13c1-4a8b-b063-7c2300488c70,https://vicflora.rbg.vic.gov.au/flora/taxon/441d086c-13c1-4a8b-b063-7c2300488c70,"['rating', 'origin', 'local_records', 'traits', 'flowering', 'griis']",[],Strong
Watsonia meriana var. bulbillifera,,Iridaceae,introduced,naturalised,watsonia meriana,Very High Risk,herb,herbaceous,perennial,0.5,2.5,True,False,4.0,2009,8.0,2023-07-13T00:00:00Z,Reconsider Planting,Bulbil Watsonia,VBA,False,False,False,False,False,False,False,False,False,True,True,True,Oct–Dec,2,1.0,resprouts,,,,,False,Herb,4a24e6f4-a1e8-4920-be6d-58126303ba6f,https://vicflora.rbg.vic.gov.au/flora/taxon/4a24e6f4-a1e8-4920-be6d-58126303ba6f,"['rating', 'origin', 'local_records', 'traits', 'flowering', 'griis']",[],Strong
Wurmbea dioica,,Colchicaceae,native,native,wurmbea dioica,Not Assessed / No exact match,herb,herbaceous,perennial,0.035,0.4,False,False,6.0,2000,8.0,2000-10-12T00:00:00Z,Not Assessed,Common Early Nancy,VBA,False,False,False,False,True,True,True,True,True,True,True,False,May–Nov,5,1.0,resprouts,not_vegetative,transient,falling near the parent plant / wind,Copes with waterlogged soil for 1-6 months,False,Herb,dee19e49-779c-470b-81ce-59f9303589fb,https://vicflora.rbg.vic.gov.au/flora/taxon/dee19e49-779c-470b-81ce-59f9303589fb,"['origin', 'local_records', 'traits', 'flowering']",['rating'],Moderate
Wurmbea dioica subsp. dioica,Early Nancy,Colchicaceae,native,native,wurmbea dioica,Not Assessed / No exact match,herb,herbaceous,perennial,0.035,0.4,False,False,6.0,2000,8.0,2000-10-12T00:00:00Z,Not Assessed,Early Nancy,VicFlora,False,False,False,False,True,True,True,True,True,True,True,False,May–Nov,5,1.0,resprouts,not_vegetative,transient,falling near the parent plant / wind,Copes with waterlogged soil for 1-6 months,False,Herb,b4c7f2ef-515c-4a6a-84e2-057af297046b,https://vicflora.rbg.vic.gov.au/flora/taxon/b4c7f2ef-515c-4a6a-84e2-057af297046b,"['origin', 'local_records', 'traits', 'flowering']",['rating'],Moderate
Xanthorrhoea minor,,Asphodelaceae,native,native,xanthorrhoea minor,Not Assessed / No exact match,herb,herbaceous,perennial,1.0,1.0,False,False,3.0,2006,19.0,2026-02-25T13:40:04Z,Not Assessed,,,True,True,True,True,False,False,False,False,False,True,True,True,Oct–Apr,5,1.0,resprouts,not_vegetative,persistent,falling near the parent plant / wind,Copes with waterlogged soil for 1-6 months,False,Herb,31dc939b-6c47-46cb-b28b-c5e78e560313,https://vicflora.rbg.vic.gov.au/flora/taxon/31dc939b-6c47-46cb-b28b-c5e78e560313,"['origin', 'local_records', 'traits', 'flowering']",['rating'],Moderate
Xanthorrhoea minor subsp. lutea,Small Grass-tree | Toolimerin,Asphodelaceae,native,native,xanthorrhoea minor,Not Assessed / No exact match,herb,herbaceous,perennial,1.0,1.0,False,False,3.0,2006,19.0,2026-02-25T13:40:04Z,Not Assessed,Small Grass-tree | Toolimerin,VicFlora,True,True,True,True,False,False,False,False,False,True,True,True,Oct–Apr,5,1.0,resprouts,not_vegetative,persistent,falling near the parent plant / wind,Copes with waterlogged soil for 1-6 months,False,Herb,6d19e559-ce05-4752-8d82-14fb95893c7a,https://vicflora.rbg.vic.gov.au/flora/taxon/6d19e559-ce05-4752-8d82-14fb95893c7a,"['origin', 'local_records', 'traits', 'flowering']",['rating'],Moderate
Xanthosia dissecta,Cut-leaved Xanthosia,Apiaceae,native,native,xanthosia dissecta,Not Assessed / No exact match,shrub,herbaceous woody,perennial,0.1,0.3,False,False,8.0,1987,14.0,2024-09-06T14:16:06Z,Not Assessed,Cut-leaved Xanthosia,VicFlora,True,False,False,False,False,False,False,False,True,True,True,True,Sep–Jan,3,1.0,resprouts,not_vegetative,persistent,ants / animals,Copes with waterlogged soil for 1-6 months,False,Shrub,084d02c0-413f-4a00-9506-5e49fa8e26e3,https://vicflora.rbg.vic.gov.au/flora/taxon/084d02c0-413f-4a00-9506-5e49fa8e26e3,"['origin', 'local_records', 'traits', 'flowering']",['rating'],Moderate
Xyris gracilis,Slender Yellow-eye,Xyridaceae,native,native,xyris gracilis,Not Assessed / No exact match,herb,herbaceous,perennial,0.29,0.6,False,False,1.0,1898,6.0,1895-12-14T00:00:00Z,Not Assessed,Slender Yellow-eye,VicFlora,True,True,False,False,False,False,False,False,False,False,True,True,Nov–Feb,4,1.0,resprouts,not_vegetative,persistent,sticking to animals and clothing / animals,Copes with waterlogged soil for over 6 months,False,Herb,292b376c-48b5-480e-bf47-1a28e0e12e34,https://vicflora.rbg.vic.gov.au/flora/taxon/292b376c-48b5-480e-bf47-1a28e0e12e34,"['origin', 'local_records', 'traits', 'flowering']",['rating'],Moderate
Zantedeschia aethiopica,White Arum-lily,Araceae,introduced,naturalised,zantedeschia aethiopica,Very High Risk,herb,herbaceous,perennial,1.0,1.0,True,False,5.0,2006,48.0,2026-08-12T12:47:55Z,Reconsider Planting,White Arum-lily,VicFlora,False,False,False,False,False,False,False,False,True,True,True,False,Sep–Nov,1,1.0,resprouts,,,,,False,Herb,780dd766-22c5-462a-8e32-7ea1a66311f9,https://vicflora.rbg.vic.gov.au/flora/taxon/780dd766-22c5-462a-8e32-7ea1a66311f9,"['rating', 'origin', 'local_records', 'traits', 'flowering', 'griis']",[],Strong
