scientific_name,common_name,recommendation,is_risky,origin,plant_type,month_number,month,flowers,flowering_split_pattern
Acacia acinacea,Gold-dust Wattle,Not Assessed,False,native,Shrub,1,Jan,False,False
Acacia acinacea,Gold-dust Wattle,Not Assessed,False,native,Shrub,2,Feb,False,False
Acacia acinacea,Gold-dust Wattle,Not Assessed,False,native,Shrub,3,Mar,False,False
Acacia acinacea,Gold-dust Wattle,Not Assessed,False,native,Shrub,4,Apr,False,False
Acacia acinacea,Gold-dust Wattle,Not Assessed,False,native,Shrub,5,May,False,False
Acacia acinacea,Gold-dust Wattle,Not Assessed,False,native,Shrub,6,Jun,True,False
Acacia acinacea,Gold-dust Wattle,Not Assessed,False,native,Shrub,7,Jul,True,False
Acacia acinacea,Gold-dust Wattle,Not Assessed,False,native,Shrub,8,Aug,True,False
Acacia acinacea,Gold-dust Wattle,Not Assessed,False,native,Shrub,9,Sep,True,False
Acacia acinacea,Gold-dust Wattle,Not Assessed,False,native,Shrub,10,Oct,True,False
Acacia acinacea,Gold-dust Wattle,Not Assessed,False,native,Shrub,11,Nov,True,False
Acacia acinacea,Gold-dust Wattle,Not Assessed,False,native,Shrub,12,Dec,False,False
Acacia aculeatissima,Thin-leaf Wattle | Snake Wattle,Not Assessed,False,native,Shrub,1,Jan,False,False
Acacia aculeatissima,Thin-leaf Wattle | Snake Wattle,Not Assessed,False,native,Shrub,2,Feb,False,False
Acacia aculeatissima,Thin-leaf Wattle | Snake Wattle,Not Assessed,False,native,Shrub,3,Mar,False,False
Acacia aculeatissima,Thin-leaf Wattle | Snake Wattle,Not Assessed,False,native,Shrub,4,Apr,False,False
Acacia aculeatissima,Thin-leaf Wattle | Snake Wattle,Not Assessed,False,native,Shrub,5,May,False,False
Acacia aculeatissima,Thin-leaf Wattle | Snake Wattle,Not Assessed,False,native,Shrub,6,Jun,False,False
Acacia aculeatissima,Thin-leaf Wattle | Snake Wattle,Not Assessed,False,native,Shrub,7,Jul,False,False
Acacia aculeatissima,Thin-leaf Wattle | Snake Wattle,Not Assessed,False,native,Shrub,8,Aug,True,False
Acacia aculeatissima,Thin-leaf Wattle | Snake Wattle,Not Assessed,False,native,Shrub,9,Sep,True,False
Acacia aculeatissima,Thin-leaf Wattle | Snake Wattle,Not Assessed,False,native,Shrub,10,Oct,True,False
Acacia aculeatissima,Thin-leaf Wattle | Snake Wattle,Not Assessed,False,native,Shrub,11,Nov,True,False
Acacia aculeatissima,Thin-leaf Wattle | Snake Wattle,Not Assessed,False,native,Shrub,12,Dec,False,False
Acacia baileyana,Cootamundra Wattle,Use Caution,True,introduced,Tree,1,Jan,False,False
Acacia baileyana,Cootamundra Wattle,Use Caution,True,introduced,Tree,2,Feb,False,False
Acacia baileyana,Cootamundra Wattle,Use Caution,True,introduced,Tree,3,Mar,False,False
Acacia baileyana,Cootamundra Wattle,Use Caution,True,introduced,Tree,4,Apr,False,False
Acacia baileyana,Cootamundra Wattle,Use Caution,True,introduced,Tree,5,May,False,False
Acacia baileyana,Cootamundra Wattle,Use Caution,True,introduced,Tree,6,Jun,True,False
Acacia baileyana,Cootamundra Wattle,Use Caution,True,introduced,Tree,7,Jul,True,False
Acacia baileyana,Cootamundra Wattle,Use Caution,True,introduced,Tree,8,Aug,True,False
Acacia baileyana,Cootamundra Wattle,Use Caution,True,introduced,Tree,9,Sep,True,False
Acacia baileyana,Cootamundra Wattle,Use Caution,True,introduced,Tree,10,Oct,False,False
Acacia baileyana,Cootamundra Wattle,Use Caution,True,introduced,Tree,11,Nov,False,False
Acacia baileyana,Cootamundra Wattle,Use Caution,True,introduced,Tree,12,Dec,False,False
Acacia boormanii,Snowy River Wattle,Use Caution,True,native,Shrub,1,Jan,False,False
Acacia boormanii,Snowy River Wattle,Use Caution,True,native,Shrub,2,Feb,False,False
Acacia boormanii,Snowy River Wattle,Use Caution,True,native,Shrub,3,Mar,False,False
Acacia boormanii,Snowy River Wattle,Use Caution,True,native,Shrub,4,Apr,False,False
Acacia boormanii,Snowy River Wattle,Use Caution,True,native,Shrub,5,May,False,False
Acacia boormanii,Snowy River Wattle,Use Caution,True,native,Shrub,6,Jun,False,False
Acacia boormanii,Snowy River Wattle,Use Caution,True,native,Shrub,7,Jul,False,False
Acacia boormanii,Snowy River Wattle,Use Caution,True,native,Shrub,8,Aug,True,False
Acacia boormanii,Snowy River Wattle,Use Caution,True,native,Shrub,9,Sep,True,False
Acacia boormanii,Snowy River Wattle,Use Caution,True,native,Shrub,10,Oct,True,False
Acacia boormanii,Snowy River Wattle,Use Caution,True,native,Shrub,11,Nov,False,False
Acacia boormanii,Snowy River Wattle,Use Caution,True,native,Shrub,12,Dec,False,False
Acacia brownii,Heath Wattle,Not Assessed,False,native,Shrub,1,Jan,False,False
Acacia brownii,Heath Wattle,Not Assessed,False,native,Shrub,2,Feb,False,False
Acacia brownii,Heath Wattle,Not Assessed,False,native,Shrub,3,Mar,False,False
Acacia brownii,Heath Wattle,Not Assessed,False,native,Shrub,4,Apr,False,False
Acacia brownii,Heath Wattle,Not Assessed,False,native,Shrub,5,May,False,False
Acacia brownii,Heath Wattle,Not Assessed,False,native,Shrub,6,Jun,False,False
Acacia brownii,Heath Wattle,Not Assessed,False,native,Shrub,7,Jul,True,False
Acacia brownii,Heath Wattle,Not Assessed,False,native,Shrub,8,Aug,True,False
Acacia brownii,Heath Wattle,Not Assessed,False,native,Shrub,9,Sep,True,False
Acacia brownii,Heath Wattle,Not Assessed,False,native,Shrub,10,Oct,True,False
Acacia brownii,Heath Wattle,Not Assessed,False,native,Shrub,11,Nov,True,False
Acacia brownii,Heath Wattle,Not Assessed,False,native,Shrub,12,Dec,False,False
Acacia cultriformis,Knife-leaf Wattle,Use Caution,True,introduced,Shrub,1,Jan,False,False
Acacia cultriformis,Knife-leaf Wattle,Use Caution,True,introduced,Shrub,2,Feb,False,False
Acacia cultriformis,Knife-leaf Wattle,Use Caution,True,introduced,Shrub,3,Mar,False,False
Acacia cultriformis,Knife-leaf Wattle,Use Caution,True,introduced,Shrub,4,Apr,False,False
Acacia cultriformis,Knife-leaf Wattle,Use Caution,True,introduced,Shrub,5,May,False,False
Acacia cultriformis,Knife-leaf Wattle,Use Caution,True,introduced,Shrub,6,Jun,False,False
Acacia cultriformis,Knife-leaf Wattle,Use Caution,True,introduced,Shrub,7,Jul,False,False
Acacia cultriformis,Knife-leaf Wattle,Use Caution,True,introduced,Shrub,8,Aug,True,False
Acacia cultriformis,Knife-leaf Wattle,Use Caution,True,introduced,Shrub,9,Sep,True,False
Acacia cultriformis,Knife-leaf Wattle,Use Caution,True,introduced,Shrub,10,Oct,True,False
Acacia cultriformis,Knife-leaf Wattle,Use Caution,True,introduced,Shrub,11,Nov,True,False
Acacia cultriformis,Knife-leaf Wattle,Use Caution,True,introduced,Shrub,12,Dec,False,False
Acacia dealbata,Silver Wattle,Use Caution,True,native,Tree,1,Jan,False,False
Acacia dealbata,Silver Wattle,Use Caution,True,native,Tree,2,Feb,False,False
Acacia dealbata,Silver Wattle,Use Caution,True,native,Tree,3,Mar,False,False
Acacia dealbata,Silver Wattle,Use Caution,True,native,Tree,4,Apr,False,False
Acacia dealbata,Silver Wattle,Use Caution,True,native,Tree,5,May,False,False
Acacia dealbata,Silver Wattle,Use Caution,True,native,Tree,6,Jun,False,False
Acacia dealbata,Silver Wattle,Use Caution,True,native,Tree,7,Jul,True,False
Acacia dealbata,Silver Wattle,Use Caution,True,native,Tree,8,Aug,True,False
Acacia dealbata,Silver Wattle,Use Caution,True,native,Tree,9,Sep,True,False
Acacia dealbata,Silver Wattle,Use Caution,True,native,Tree,10,Oct,True,False
Acacia dealbata,Silver Wattle,Use Caution,True,native,Tree,11,Nov,True,False
Acacia dealbata,Silver Wattle,Use Caution,True,native,Tree,12,Dec,False,False
Acacia decurrens,Early Black-wattle,Reconsider Planting,True,introduced,Tree,1,Jan,False,False
Acacia decurrens,Early Black-wattle,Reconsider Planting,True,introduced,Tree,2,Feb,False,False
Acacia decurrens,Early Black-wattle,Reconsider Planting,True,introduced,Tree,3,Mar,False,False
Acacia decurrens,Early Black-wattle,Reconsider Planting,True,introduced,Tree,4,Apr,False,False
Acacia decurrens,Early Black-wattle,Reconsider Planting,True,introduced,Tree,5,May,False,False
Acacia decurrens,Early Black-wattle,Reconsider Planting,True,introduced,Tree,6,Jun,False,False
Acacia decurrens,Early Black-wattle,Reconsider Planting,True,introduced,Tree,7,Jul,True,False
Acacia decurrens,Early Black-wattle,Reconsider Planting,True,introduced,Tree,8,Aug,True,False
Acacia decurrens,Early Black-wattle,Reconsider Planting,True,introduced,Tree,9,Sep,True,False
Acacia decurrens,Early Black-wattle,Reconsider Planting,True,introduced,Tree,10,Oct,True,False
Acacia decurrens,Early Black-wattle,Reconsider Planting,True,introduced,Tree,11,Nov,True,False
Acacia decurrens,Early Black-wattle,Reconsider Planting,True,introduced,Tree,12,Dec,True,False
Acacia elata,Cedar Wattle,Reconsider Planting,True,introduced,Tree,1,Jan,True,False
Acacia elata,Cedar Wattle,Reconsider Planting,True,introduced,Tree,2,Feb,True,False
Acacia elata,Cedar Wattle,Reconsider Planting,True,introduced,Tree,3,Mar,True,False
Acacia elata,Cedar Wattle,Reconsider Planting,True,introduced,Tree,4,Apr,False,False
Acacia elata,Cedar Wattle,Reconsider Planting,True,introduced,Tree,5,May,False,False
Acacia elata,Cedar Wattle,Reconsider Planting,True,introduced,Tree,6,Jun,False,False
Acacia elata,Cedar Wattle,Reconsider Planting,True,introduced,Tree,7,Jul,False,False
Acacia elata,Cedar Wattle,Reconsider Planting,True,introduced,Tree,8,Aug,False,False
Acacia elata,Cedar Wattle,Reconsider Planting,True,introduced,Tree,9,Sep,False,False
Acacia elata,Cedar Wattle,Reconsider Planting,True,introduced,Tree,10,Oct,False,False
Acacia elata,Cedar Wattle,Reconsider Planting,True,introduced,Tree,11,Nov,False,False
Acacia elata,Cedar Wattle,Reconsider Planting,True,introduced,Tree,12,Dec,True,False
Acacia genistifolia,Spreading Wattle,Not Assessed,False,native,Shrub,1,Jan,False,False
Acacia genistifolia,Spreading Wattle,Not Assessed,False,native,Shrub,2,Feb,True,False
Acacia genistifolia,Spreading Wattle,Not Assessed,False,native,Shrub,3,Mar,True,False
Acacia genistifolia,Spreading Wattle,Not Assessed,False,native,Shrub,4,Apr,True,False
Acacia genistifolia,Spreading Wattle,Not Assessed,False,native,Shrub,5,May,True,False
Acacia genistifolia,Spreading Wattle,Not Assessed,False,native,Shrub,6,Jun,True,False
Acacia genistifolia,Spreading Wattle,Not Assessed,False,native,Shrub,7,Jul,True,False
Acacia genistifolia,Spreading Wattle,Not Assessed,False,native,Shrub,8,Aug,True,False
Acacia genistifolia,Spreading Wattle,Not Assessed,False,native,Shrub,9,Sep,True,False
Acacia genistifolia,Spreading Wattle,Not Assessed,False,native,Shrub,10,Oct,True,False
Acacia genistifolia,Spreading Wattle,Not Assessed,False,native,Shrub,11,Nov,False,False
Acacia genistifolia,Spreading Wattle,Not Assessed,False,native,Shrub,12,Dec,False,False
Acacia genistifolia subsp. genistifolia,Spreading Wattle,Not Assessed,False,native,Shrub,1,Jan,False,False
Acacia genistifolia subsp. genistifolia,Spreading Wattle,Not Assessed,False,native,Shrub,2,Feb,True,False
Acacia genistifolia subsp. genistifolia,Spreading Wattle,Not Assessed,False,native,Shrub,3,Mar,True,False
Acacia genistifolia subsp. genistifolia,Spreading Wattle,Not Assessed,False,native,Shrub,4,Apr,True,False
Acacia genistifolia subsp. genistifolia,Spreading Wattle,Not Assessed,False,native,Shrub,5,May,True,False
Acacia genistifolia subsp. genistifolia,Spreading Wattle,Not Assessed,False,native,Shrub,6,Jun,True,False
Acacia genistifolia subsp. genistifolia,Spreading Wattle,Not Assessed,False,native,Shrub,7,Jul,True,False
Acacia genistifolia subsp. genistifolia,Spreading Wattle,Not Assessed,False,native,Shrub,8,Aug,True,False
Acacia genistifolia subsp. genistifolia,Spreading Wattle,Not Assessed,False,native,Shrub,9,Sep,True,False
Acacia genistifolia subsp. genistifolia,Spreading Wattle,Not Assessed,False,native,Shrub,10,Oct,True,False
Acacia genistifolia subsp. genistifolia,Spreading Wattle,Not Assessed,False,native,Shrub,11,Nov,False,False
Acacia genistifolia subsp. genistifolia,Spreading Wattle,Not Assessed,False,native,Shrub,12,Dec,False,False
Acacia howittii,Sticky Wattle,Reconsider Planting,True,native,Tree,1,Jan,False,False
Acacia howittii,Sticky Wattle,Reconsider Planting,True,native,Tree,2,Feb,False,False
Acacia howittii,Sticky Wattle,Reconsider Planting,True,native,Tree,3,Mar,False,False
Acacia howittii,Sticky Wattle,Reconsider Planting,True,native,Tree,4,Apr,False,False
Acacia howittii,Sticky Wattle,Reconsider Planting,True,native,Tree,5,May,False,False
Acacia howittii,Sticky Wattle,Reconsider Planting,True,native,Tree,6,Jun,False,False
Acacia howittii,Sticky Wattle,Reconsider Planting,True,native,Tree,7,Jul,False,False
Acacia howittii,Sticky Wattle,Reconsider Planting,True,native,Tree,8,Aug,False,False
Acacia howittii,Sticky Wattle,Reconsider Planting,True,native,Tree,9,Sep,False,False
Acacia howittii,Sticky Wattle,Reconsider Planting,True,native,Tree,10,Oct,True,False
Acacia howittii,Sticky Wattle,Reconsider Planting,True,native,Tree,11,Nov,False,False
Acacia howittii,Sticky Wattle,Reconsider Planting,True,native,Tree,12,Dec,False,False
Acacia implexa,Lightwood | Hickory Wattle,Not Assessed,False,native,Tree,1,Jan,True,False
Acacia implexa,Lightwood | Hickory Wattle,Not Assessed,False,native,Tree,2,Feb,True,False
Acacia implexa,Lightwood | Hickory Wattle,Not Assessed,False,native,Tree,3,Mar,True,False
Acacia implexa,Lightwood | Hickory Wattle,Not Assessed,False,native,Tree,4,Apr,True,False
Acacia implexa,Lightwood | Hickory Wattle,Not Assessed,False,native,Tree,5,May,False,False
Acacia implexa,Lightwood | Hickory Wattle,Not Assessed,False,native,Tree,6,Jun,False,False
Acacia implexa,Lightwood | Hickory Wattle,Not Assessed,False,native,Tree,7,Jul,False,False
Acacia implexa,Lightwood | Hickory Wattle,Not Assessed,False,native,Tree,8,Aug,True,False
Acacia implexa,Lightwood | Hickory Wattle,Not Assessed,False,native,Tree,9,Sep,False,False
Acacia implexa,Lightwood | Hickory Wattle,Not Assessed,False,native,Tree,10,Oct,False,False
Acacia implexa,Lightwood | Hickory Wattle,Not Assessed,False,native,Tree,11,Nov,False,False
Acacia implexa,Lightwood | Hickory Wattle,Not Assessed,False,native,Tree,12,Dec,True,False
Acacia iteaphylla,Flinders Range Wattle | Willow-leaved Wattle,Use Caution,True,introduced,Shrub,1,Jan,False,False
Acacia iteaphylla,Flinders Range Wattle | Willow-leaved Wattle,Use Caution,True,introduced,Shrub,2,Feb,False,False
Acacia iteaphylla,Flinders Range Wattle | Willow-leaved Wattle,Use Caution,True,introduced,Shrub,3,Mar,True,False
Acacia iteaphylla,Flinders Range Wattle | Willow-leaved Wattle,Use Caution,True,introduced,Shrub,4,Apr,True,False
Acacia iteaphylla,Flinders Range Wattle | Willow-leaved Wattle,Use Caution,True,introduced,Shrub,5,May,True,False
Acacia iteaphylla,Flinders Range Wattle | Willow-leaved Wattle,Use Caution,True,introduced,Shrub,6,Jun,True,False
Acacia iteaphylla,Flinders Range Wattle | Willow-leaved Wattle,Use Caution,True,introduced,Shrub,7,Jul,True,False
Acacia iteaphylla,Flinders Range Wattle | Willow-leaved Wattle,Use Caution,True,introduced,Shrub,8,Aug,True,False
Acacia iteaphylla,Flinders Range Wattle | Willow-leaved Wattle,Use Caution,True,introduced,Shrub,9,Sep,False,False
Acacia iteaphylla,Flinders Range Wattle | Willow-leaved Wattle,Use Caution,True,introduced,Shrub,10,Oct,False,False
Acacia iteaphylla,Flinders Range Wattle | Willow-leaved Wattle,Use Caution,True,introduced,Shrub,11,Nov,False,False
Acacia iteaphylla,Flinders Range Wattle | Willow-leaved Wattle,Use Caution,True,introduced,Shrub,12,Dec,False,False
Acacia leprosa,Cinnamon Wattle,Not Assessed,False,native,Shrub,1,Jan,False,False
Acacia leprosa,Cinnamon Wattle,Not Assessed,False,native,Shrub,2,Feb,False,False
Acacia leprosa,Cinnamon Wattle,Not Assessed,False,native,Shrub,3,Mar,False,False
Acacia leprosa,Cinnamon Wattle,Not Assessed,False,native,Shrub,4,Apr,False,False
Acacia leprosa,Cinnamon Wattle,Not Assessed,False,native,Shrub,5,May,False,False
Acacia leprosa,Cinnamon Wattle,Not Assessed,False,native,Shrub,6,Jun,False,False
Acacia leprosa,Cinnamon Wattle,Not Assessed,False,native,Shrub,7,Jul,True,False
Acacia leprosa,Cinnamon Wattle,Not Assessed,False,native,Shrub,8,Aug,True,False
Acacia leprosa,Cinnamon Wattle,Not Assessed,False,native,Shrub,9,Sep,True,False
Acacia leprosa,Cinnamon Wattle,Not Assessed,False,native,Shrub,10,Oct,True,False
Acacia leprosa,Cinnamon Wattle,Not Assessed,False,native,Shrub,11,Nov,True,False
Acacia leprosa,Cinnamon Wattle,Not Assessed,False,native,Shrub,12,Dec,False,False
Acacia leprosa var. uninervia,,Not Assessed,False,native,Shrub,1,Jan,False,False
Acacia leprosa var. uninervia,,Not Assessed,False,native,Shrub,2,Feb,False,False
Acacia leprosa var. uninervia,,Not Assessed,False,native,Shrub,3,Mar,False,False
Acacia leprosa var. uninervia,,Not Assessed,False,native,Shrub,4,Apr,False,False
Acacia leprosa var. uninervia,,Not Assessed,False,native,Shrub,5,May,False,False
Acacia leprosa var. uninervia,,Not Assessed,False,native,Shrub,6,Jun,False,False
Acacia leprosa var. uninervia,,Not Assessed,False,native,Shrub,7,Jul,True,False
Acacia leprosa var. uninervia,,Not Assessed,False,native,Shrub,8,Aug,True,False
Acacia leprosa var. uninervia,,Not Assessed,False,native,Shrub,9,Sep,True,False
Acacia leprosa var. uninervia,,Not Assessed,False,native,Shrub,10,Oct,True,False
Acacia leprosa var. uninervia,,Not Assessed,False,native,Shrub,11,Nov,True,False
Acacia leprosa var. uninervia,,Not Assessed,False,native,Shrub,12,Dec,False,False
Acacia longifolia,Sallow Wattle,Reconsider Planting,True,native,Tree,1,Jan,False,False
Acacia longifolia,Sallow Wattle,Reconsider Planting,True,native,Tree,2,Feb,False,False
Acacia longifolia,Sallow Wattle,Reconsider Planting,True,native,Tree,3,Mar,False,False
Acacia longifolia,Sallow Wattle,Reconsider Planting,True,native,Tree,4,Apr,False,False
Acacia longifolia,Sallow Wattle,Reconsider Planting,True,native,Tree,5,May,False,False
Acacia longifolia,Sallow Wattle,Reconsider Planting,True,native,Tree,6,Jun,True,False
Acacia longifolia,Sallow Wattle,Reconsider Planting,True,native,Tree,7,Jul,True,False
Acacia longifolia,Sallow Wattle,Reconsider Planting,True,native,Tree,8,Aug,True,False
Acacia longifolia,Sallow Wattle,Reconsider Planting,True,native,Tree,9,Sep,True,False
Acacia longifolia,Sallow Wattle,Reconsider Planting,True,native,Tree,10,Oct,True,False
Acacia longifolia,Sallow Wattle,Reconsider Planting,True,native,Tree,11,Nov,True,False
Acacia longifolia,Sallow Wattle,Reconsider Planting,True,native,Tree,12,Dec,False,False
Acacia longifolia subsp. longifolia,Sallow Wattle,Reconsider Planting,True,native,Tree,1,Jan,False,False
Acacia longifolia subsp. longifolia,Sallow Wattle,Reconsider Planting,True,native,Tree,2,Feb,False,False
Acacia longifolia subsp. longifolia,Sallow Wattle,Reconsider Planting,True,native,Tree,3,Mar,False,False
Acacia longifolia subsp. longifolia,Sallow Wattle,Reconsider Planting,True,native,Tree,4,Apr,False,False
Acacia longifolia subsp. longifolia,Sallow Wattle,Reconsider Planting,True,native,Tree,5,May,False,False
Acacia longifolia subsp. longifolia,Sallow Wattle,Reconsider Planting,True,native,Tree,6,Jun,True,False
Acacia longifolia subsp. longifolia,Sallow Wattle,Reconsider Planting,True,native,Tree,7,Jul,True,False
Acacia longifolia subsp. longifolia,Sallow Wattle,Reconsider Planting,True,native,Tree,8,Aug,True,False
Acacia longifolia subsp. longifolia,Sallow Wattle,Reconsider Planting,True,native,Tree,9,Sep,True,False
Acacia longifolia subsp. longifolia,Sallow Wattle,Reconsider Planting,True,native,Tree,10,Oct,True,False
Acacia longifolia subsp. longifolia,Sallow Wattle,Reconsider Planting,True,native,Tree,11,Nov,True,False
Acacia longifolia subsp. longifolia,Sallow Wattle,Reconsider Planting,True,native,Tree,12,Dec,False,False
Acacia longifolia subsp. sophorae,Coast Wattle,Reconsider Planting,True,native,Tree,1,Jan,False,False
Acacia longifolia subsp. sophorae,Coast Wattle,Reconsider Planting,True,native,Tree,2,Feb,False,False
Acacia longifolia subsp. sophorae,Coast Wattle,Reconsider Planting,True,native,Tree,3,Mar,False,False
Acacia longifolia subsp. sophorae,Coast Wattle,Reconsider Planting,True,native,Tree,4,Apr,False,False
Acacia longifolia subsp. sophorae,Coast Wattle,Reconsider Planting,True,native,Tree,5,May,False,False
Acacia longifolia subsp. sophorae,Coast Wattle,Reconsider Planting,True,native,Tree,6,Jun,True,False
Acacia longifolia subsp. sophorae,Coast Wattle,Reconsider Planting,True,native,Tree,7,Jul,True,False
Acacia longifolia subsp. sophorae,Coast Wattle,Reconsider Planting,True,native,Tree,8,Aug,True,False
Acacia longifolia subsp. sophorae,Coast Wattle,Reconsider Planting,True,native,Tree,9,Sep,True,False
Acacia longifolia subsp. sophorae,Coast Wattle,Reconsider Planting,True,native,Tree,10,Oct,True,False
Acacia longifolia subsp. sophorae,Coast Wattle,Reconsider Planting,True,native,Tree,11,Nov,True,False
Acacia longifolia subsp. sophorae,Coast Wattle,Reconsider Planting,True,native,Tree,12,Dec,False,False
Acacia mearnsii,Black Wattle,Not Assessed,False,native,Tree,1,Jan,False,False
Acacia mearnsii,Black Wattle,Not Assessed,False,native,Tree,2,Feb,False,False
Acacia mearnsii,Black Wattle,Not Assessed,False,native,Tree,3,Mar,False,False
Acacia mearnsii,Black Wattle,Not Assessed,False,native,Tree,4,Apr,False,False
Acacia mearnsii,Black Wattle,Not Assessed,False,native,Tree,5,May,False,False
Acacia mearnsii,Black Wattle,Not Assessed,False,native,Tree,6,Jun,False,False
Acacia mearnsii,Black Wattle,Not Assessed,False,native,Tree,7,Jul,False,False
Acacia mearnsii,Black Wattle,Not Assessed,False,native,Tree,8,Aug,False,False
Acacia mearnsii,Black Wattle,Not Assessed,False,native,Tree,9,Sep,True,False
Acacia mearnsii,Black Wattle,Not Assessed,False,native,Tree,10,Oct,True,False
Acacia mearnsii,Black Wattle,Not Assessed,False,native,Tree,11,Nov,True,False
Acacia mearnsii,Black Wattle,Not Assessed,False,native,Tree,12,Dec,True,False
Acacia melanoxylon,Blackwood | Mudgerabah | Hickory | Sally Wattle | Blackwood,Not Assessed,False,native,Tree,1,Jan,True,False
Acacia melanoxylon,Blackwood | Mudgerabah | Hickory | Sally Wattle | Blackwood,Not Assessed,False,native,Tree,2,Feb,True,False
Acacia melanoxylon,Blackwood | Mudgerabah | Hickory | Sally Wattle | Blackwood,Not Assessed,False,native,Tree,3,Mar,True,False
Acacia melanoxylon,Blackwood | Mudgerabah | Hickory | Sally Wattle | Blackwood,Not Assessed,False,native,Tree,4,Apr,True,False
Acacia melanoxylon,Blackwood | Mudgerabah | Hickory | Sally Wattle | Blackwood,Not Assessed,False,native,Tree,5,May,True,False
Acacia melanoxylon,Blackwood | Mudgerabah | Hickory | Sally Wattle | Blackwood,Not Assessed,False,native,Tree,6,Jun,False,False
Acacia melanoxylon,Blackwood | Mudgerabah | Hickory | Sally Wattle | Blackwood,Not Assessed,False,native,Tree,7,Jul,True,False
Acacia melanoxylon,Blackwood | Mudgerabah | Hickory | Sally Wattle | Blackwood,Not Assessed,False,native,Tree,8,Aug,True,False
Acacia melanoxylon,Blackwood | Mudgerabah | Hickory | Sally Wattle | Blackwood,Not Assessed,False,native,Tree,9,Sep,True,False
Acacia melanoxylon,Blackwood | Mudgerabah | Hickory | Sally Wattle | Blackwood,Not Assessed,False,native,Tree,10,Oct,True,False
Acacia melanoxylon,Blackwood | Mudgerabah | Hickory | Sally Wattle | Blackwood,Not Assessed,False,native,Tree,11,Nov,True,False
Acacia melanoxylon,Blackwood | Mudgerabah | Hickory | Sally Wattle | Blackwood,Not Assessed,False,native,Tree,12,Dec,True,False
Acacia myrtifolia,Myrtle Wattle,Use Caution,True,native,Shrub,1,Jan,False,False
Acacia myrtifolia,Myrtle Wattle,Use Caution,True,native,Shrub,2,Feb,False,False
Acacia myrtifolia,Myrtle Wattle,Use Caution,True,native,Shrub,3,Mar,False,False
Acacia myrtifolia,Myrtle Wattle,Use Caution,True,native,Shrub,4,Apr,False,False
Acacia myrtifolia,Myrtle Wattle,Use Caution,True,native,Shrub,5,May,True,False
Acacia myrtifolia,Myrtle Wattle,Use Caution,True,native,Shrub,6,Jun,True,False
Acacia myrtifolia,Myrtle Wattle,Use Caution,True,native,Shrub,7,Jul,True,False
Acacia myrtifolia,Myrtle Wattle,Use Caution,True,native,Shrub,8,Aug,True,False
Acacia myrtifolia,Myrtle Wattle,Use Caution,True,native,Shrub,9,Sep,True,False
Acacia myrtifolia,Myrtle Wattle,Use Caution,True,native,Shrub,10,Oct,True,False
Acacia myrtifolia,Myrtle Wattle,Use Caution,True,native,Shrub,11,Nov,True,False
Acacia myrtifolia,Myrtle Wattle,Use Caution,True,native,Shrub,12,Dec,True,False
Acacia oxycedrus,Spike Wattle,Not Assessed,False,native,Shrub,1,Jan,False,False
Acacia oxycedrus,Spike Wattle,Not Assessed,False,native,Shrub,2,Feb,False,False
Acacia oxycedrus,Spike Wattle,Not Assessed,False,native,Shrub,3,Mar,False,False
Acacia oxycedrus,Spike Wattle,Not Assessed,False,native,Shrub,4,Apr,False,False
Acacia oxycedrus,Spike Wattle,Not Assessed,False,native,Shrub,5,May,False,False
Acacia oxycedrus,Spike Wattle,Not Assessed,False,native,Shrub,6,Jun,True,False
Acacia oxycedrus,Spike Wattle,Not Assessed,False,native,Shrub,7,Jul,True,False
Acacia oxycedrus,Spike Wattle,Not Assessed,False,native,Shrub,8,Aug,True,False
Acacia oxycedrus,Spike Wattle,Not Assessed,False,native,Shrub,9,Sep,True,False
Acacia oxycedrus,Spike Wattle,Not Assessed,False,native,Shrub,10,Oct,True,False
Acacia oxycedrus,Spike Wattle,Not Assessed,False,native,Shrub,11,Nov,True,False
Acacia oxycedrus,Spike Wattle,Not Assessed,False,native,Shrub,12,Dec,False,False
Acacia paradoxa,Hedge Wattle | Kangaroo Thorn | Prickly Wattle,Not Assessed,False,native,Shrub,1,Jan,False,False
Acacia paradoxa,Hedge Wattle | Kangaroo Thorn | Prickly Wattle,Not Assessed,False,native,Shrub,2,Feb,False,False
Acacia paradoxa,Hedge Wattle | Kangaroo Thorn | Prickly Wattle,Not Assessed,False,native,Shrub,3,Mar,False,False
Acacia paradoxa,Hedge Wattle | Kangaroo Thorn | Prickly Wattle,Not Assessed,False,native,Shrub,4,Apr,False,False
Acacia paradoxa,Hedge Wattle | Kangaroo Thorn | Prickly Wattle,Not Assessed,False,native,Shrub,5,May,False,False
Acacia paradoxa,Hedge Wattle | Kangaroo Thorn | Prickly Wattle,Not Assessed,False,native,Shrub,6,Jun,False,False
Acacia paradoxa,Hedge Wattle | Kangaroo Thorn | Prickly Wattle,Not Assessed,False,native,Shrub,7,Jul,True,False
Acacia paradoxa,Hedge Wattle | Kangaroo Thorn | Prickly Wattle,Not Assessed,False,native,Shrub,8,Aug,True,False
Acacia paradoxa,Hedge Wattle | Kangaroo Thorn | Prickly Wattle,Not Assessed,False,native,Shrub,9,Sep,True,False
Acacia paradoxa,Hedge Wattle | Kangaroo Thorn | Prickly Wattle,Not Assessed,False,native,Shrub,10,Oct,True,False
Acacia paradoxa,Hedge Wattle | Kangaroo Thorn | Prickly Wattle,Not Assessed,False,native,Shrub,11,Nov,True,False
Acacia paradoxa,Hedge Wattle | Kangaroo Thorn | Prickly Wattle,Not Assessed,False,native,Shrub,12,Dec,False,False
Acacia pravissima,Ovens Wattle | Wedge-leaf Wattle,Reconsider Planting,True,native,Tree,1,Jan,False,False
Acacia pravissima,Ovens Wattle | Wedge-leaf Wattle,Reconsider Planting,True,native,Tree,2,Feb,False,False
Acacia pravissima,Ovens Wattle | Wedge-leaf Wattle,Reconsider Planting,True,native,Tree,3,Mar,False,False
Acacia pravissima,Ovens Wattle | Wedge-leaf Wattle,Reconsider Planting,True,native,Tree,4,Apr,False,False
Acacia pravissima,Ovens Wattle | Wedge-leaf Wattle,Reconsider Planting,True,native,Tree,5,May,False,False
Acacia pravissima,Ovens Wattle | Wedge-leaf Wattle,Reconsider Planting,True,native,Tree,6,Jun,False,False
Acacia pravissima,Ovens Wattle | Wedge-leaf Wattle,Reconsider Planting,True,native,Tree,7,Jul,False,False
Acacia pravissima,Ovens Wattle | Wedge-leaf Wattle,Reconsider Planting,True,native,Tree,8,Aug,False,False
Acacia pravissima,Ovens Wattle | Wedge-leaf Wattle,Reconsider Planting,True,native,Tree,9,Sep,True,False
Acacia pravissima,Ovens Wattle | Wedge-leaf Wattle,Reconsider Planting,True,native,Tree,10,Oct,True,False
Acacia pravissima,Ovens Wattle | Wedge-leaf Wattle,Reconsider Planting,True,native,Tree,11,Nov,True,False
Acacia pravissima,Ovens Wattle | Wedge-leaf Wattle,Reconsider Planting,True,native,Tree,12,Dec,False,False
Acacia provincialis,Wirilda,Reconsider Planting,True,native,Tree,1,Jan,True,False
Acacia provincialis,Wirilda,Reconsider Planting,True,native,Tree,2,Feb,False,False
Acacia provincialis,Wirilda,Reconsider Planting,True,native,Tree,3,Mar,False,False
Acacia provincialis,Wirilda,Reconsider Planting,True,native,Tree,4,Apr,False,False
Acacia provincialis,Wirilda,Reconsider Planting,True,native,Tree,5,May,False,False
Acacia provincialis,Wirilda,Reconsider Planting,True,native,Tree,6,Jun,False,False
Acacia provincialis,Wirilda,Reconsider Planting,True,native,Tree,7,Jul,False,False
Acacia provincialis,Wirilda,Reconsider Planting,True,native,Tree,8,Aug,False,False
Acacia provincialis,Wirilda,Reconsider Planting,True,native,Tree,9,Sep,False,False
Acacia provincialis,Wirilda,Reconsider Planting,True,native,Tree,10,Oct,True,False
Acacia provincialis,Wirilda,Reconsider Planting,True,native,Tree,11,Nov,True,False
Acacia provincialis,Wirilda,Reconsider Planting,True,native,Tree,12,Dec,True,False
Acacia pycnantha,Golden Wattle,Use Caution,True,native,Tree,1,Jan,False,False
Acacia pycnantha,Golden Wattle,Use Caution,True,native,Tree,2,Feb,False,False
Acacia pycnantha,Golden Wattle,Use Caution,True,native,Tree,3,Mar,False,False
Acacia pycnantha,Golden Wattle,Use Caution,True,native,Tree,4,Apr,False,False
Acacia pycnantha,Golden Wattle,Use Caution,True,native,Tree,5,May,False,False
Acacia pycnantha,Golden Wattle,Use Caution,True,native,Tree,6,Jun,False,False
Acacia pycnantha,Golden Wattle,Use Caution,True,native,Tree,7,Jul,True,False
Acacia pycnantha,Golden Wattle,Use Caution,True,native,Tree,8,Aug,True,False
Acacia pycnantha,Golden Wattle,Use Caution,True,native,Tree,9,Sep,True,False
Acacia pycnantha,Golden Wattle,Use Caution,True,native,Tree,10,Oct,True,False
Acacia pycnantha,Golden Wattle,Use Caution,True,native,Tree,11,Nov,True,False
Acacia pycnantha,Golden Wattle,Use Caution,True,native,Tree,12,Dec,False,False
Acacia siculiformis,Dagger Wattle,Not Assessed,False,native,Shrub,1,Jan,False,False
Acacia siculiformis,Dagger Wattle,Not Assessed,False,native,Shrub,2,Feb,False,False
Acacia siculiformis,Dagger Wattle,Not Assessed,False,native,Shrub,3,Mar,False,False
Acacia siculiformis,Dagger Wattle,Not Assessed,False,native,Shrub,4,Apr,False,False
Acacia siculiformis,Dagger Wattle,Not Assessed,False,native,Shrub,5,May,False,False
Acacia siculiformis,Dagger Wattle,Not Assessed,False,native,Shrub,6,Jun,False,False
Acacia siculiformis,Dagger Wattle,Not Assessed,False,native,Shrub,7,Jul,False,False
Acacia siculiformis,Dagger Wattle,Not Assessed,False,native,Shrub,8,Aug,True,False
Acacia siculiformis,Dagger Wattle,Not Assessed,False,native,Shrub,9,Sep,True,False
Acacia siculiformis,Dagger Wattle,Not Assessed,False,native,Shrub,10,Oct,True,False
Acacia siculiformis,Dagger Wattle,Not Assessed,False,native,Shrub,11,Nov,True,False
Acacia siculiformis,Dagger Wattle,Not Assessed,False,native,Shrub,12,Dec,True,False
Acacia stricta,Hop Wattle,Not Assessed,False,native,Shrub,1,Jan,False,False
Acacia stricta,Hop Wattle,Not Assessed,False,native,Shrub,2,Feb,False,False
Acacia stricta,Hop Wattle,Not Assessed,False,native,Shrub,3,Mar,False,False
Acacia stricta,Hop Wattle,Not Assessed,False,native,Shrub,4,Apr,False,False
Acacia stricta,Hop Wattle,Not Assessed,False,native,Shrub,5,May,True,False
Acacia stricta,Hop Wattle,Not Assessed,False,native,Shrub,6,Jun,True,False
Acacia stricta,Hop Wattle,Not Assessed,False,native,Shrub,7,Jul,True,False
Acacia stricta,Hop Wattle,Not Assessed,False,native,Shrub,8,Aug,True,False
Acacia stricta,Hop Wattle,Not Assessed,False,native,Shrub,9,Sep,True,False
Acacia stricta,Hop Wattle,Not Assessed,False,native,Shrub,10,Oct,True,False
Acacia stricta,Hop Wattle,Not Assessed,False,native,Shrub,11,Nov,False,False
Acacia stricta,Hop Wattle,Not Assessed,False,native,Shrub,12,Dec,False,False
Acacia suaveolens,Sweet Wattle,Not Assessed,False,native,Shrub,1,Jan,False,False
Acacia suaveolens,Sweet Wattle,Not Assessed,False,native,Shrub,2,Feb,False,False
Acacia suaveolens,Sweet Wattle,Not Assessed,False,native,Shrub,3,Mar,True,False
Acacia suaveolens,Sweet Wattle,Not Assessed,False,native,Shrub,4,Apr,True,False
Acacia suaveolens,Sweet Wattle,Not Assessed,False,native,Shrub,5,May,True,False
Acacia suaveolens,Sweet Wattle,Not Assessed,False,native,Shrub,6,Jun,True,False
Acacia suaveolens,Sweet Wattle,Not Assessed,False,native,Shrub,7,Jul,True,False
Acacia suaveolens,Sweet Wattle,Not Assessed,False,native,Shrub,8,Aug,True,False
Acacia suaveolens,Sweet Wattle,Not Assessed,False,native,Shrub,9,Sep,True,False
Acacia suaveolens,Sweet Wattle,Not Assessed,False,native,Shrub,10,Oct,True,False
Acacia suaveolens,Sweet Wattle,Not Assessed,False,native,Shrub,11,Nov,False,False
Acacia suaveolens,Sweet Wattle,Not Assessed,False,native,Shrub,12,Dec,False,False
Acacia ulicifolia,Juniper Wattle,Not Assessed,False,native,Shrub,1,Jan,False,False
Acacia ulicifolia,Juniper Wattle,Not Assessed,False,native,Shrub,2,Feb,False,False
Acacia ulicifolia,Juniper Wattle,Not Assessed,False,native,Shrub,3,Mar,False,False
Acacia ulicifolia,Juniper Wattle,Not Assessed,False,native,Shrub,4,Apr,True,False
Acacia ulicifolia,Juniper Wattle,Not Assessed,False,native,Shrub,5,May,True,False
Acacia ulicifolia,Juniper Wattle,Not Assessed,False,native,Shrub,6,Jun,True,False
Acacia ulicifolia,Juniper Wattle,Not Assessed,False,native,Shrub,7,Jul,True,False
Acacia ulicifolia,Juniper Wattle,Not Assessed,False,native,Shrub,8,Aug,True,False
Acacia ulicifolia,Juniper Wattle,Not Assessed,False,native,Shrub,9,Sep,True,False
Acacia ulicifolia,Juniper Wattle,Not Assessed,False,native,Shrub,10,Oct,True,False
Acacia ulicifolia,Juniper Wattle,Not Assessed,False,native,Shrub,11,Nov,False,False
Acacia ulicifolia,Juniper Wattle,Not Assessed,False,native,Shrub,12,Dec,False,False
Acacia verticillata,Prickly Moses,Not Assessed,False,native,Shrub,1,Jan,False,False
Acacia verticillata,Prickly Moses,Not Assessed,False,native,Shrub,2,Feb,False,False
Acacia verticillata,Prickly Moses,Not Assessed,False,native,Shrub,3,Mar,False,False
Acacia verticillata,Prickly Moses,Not Assessed,False,native,Shrub,4,Apr,False,False
Acacia verticillata,Prickly Moses,Not Assessed,False,native,Shrub,5,May,False,False
Acacia verticillata,Prickly Moses,Not Assessed,False,native,Shrub,6,Jun,False,False
Acacia verticillata,Prickly Moses,Not Assessed,False,native,Shrub,7,Jul,True,False
Acacia verticillata,Prickly Moses,Not Assessed,False,native,Shrub,8,Aug,True,False
Acacia verticillata,Prickly Moses,Not Assessed,False,native,Shrub,9,Sep,True,False
Acacia verticillata,Prickly Moses,Not Assessed,False,native,Shrub,10,Oct,True,False
Acacia verticillata,Prickly Moses,Not Assessed,False,native,Shrub,11,Nov,True,False
Acacia verticillata,Prickly Moses,Not Assessed,False,native,Shrub,12,Dec,True,False
Acacia verticillata subsp. cephalantha,Needle-leaf Prickly Moses,Not Assessed,False,native,Shrub,1,Jan,False,False
Acacia verticillata subsp. cephalantha,Needle-leaf Prickly Moses,Not Assessed,False,native,Shrub,2,Feb,False,False
Acacia verticillata subsp. cephalantha,Needle-leaf Prickly Moses,Not Assessed,False,native,Shrub,3,Mar,False,False
Acacia verticillata subsp. cephalantha,Needle-leaf Prickly Moses,Not Assessed,False,native,Shrub,4,Apr,False,False
Acacia verticillata subsp. cephalantha,Needle-leaf Prickly Moses,Not Assessed,False,native,Shrub,5,May,False,False
Acacia verticillata subsp. cephalantha,Needle-leaf Prickly Moses,Not Assessed,False,native,Shrub,6,Jun,False,False
Acacia verticillata subsp. cephalantha,Needle-leaf Prickly Moses,Not Assessed,False,native,Shrub,7,Jul,True,False
Acacia verticillata subsp. cephalantha,Needle-leaf Prickly Moses,Not Assessed,False,native,Shrub,8,Aug,True,False
Acacia verticillata subsp. cephalantha,Needle-leaf Prickly Moses,Not Assessed,False,native,Shrub,9,Sep,True,False
Acacia verticillata subsp. cephalantha,Needle-leaf Prickly Moses,Not Assessed,False,native,Shrub,10,Oct,True,False
Acacia verticillata subsp. cephalantha,Needle-leaf Prickly Moses,Not Assessed,False,native,Shrub,11,Nov,True,False
Acacia verticillata subsp. cephalantha,Needle-leaf Prickly Moses,Not Assessed,False,native,Shrub,12,Dec,True,False
Acacia verticillata subsp. verticillata,Prickly Moses,Not Assessed,False,native,Shrub,1,Jan,False,False
Acacia verticillata subsp. verticillata,Prickly Moses,Not Assessed,False,native,Shrub,2,Feb,False,False
Acacia verticillata subsp. verticillata,Prickly Moses,Not Assessed,False,native,Shrub,3,Mar,False,False
Acacia verticillata subsp. verticillata,Prickly Moses,Not Assessed,False,native,Shrub,4,Apr,False,False
Acacia verticillata subsp. verticillata,Prickly Moses,Not Assessed,False,native,Shrub,5,May,False,False
Acacia verticillata subsp. verticillata,Prickly Moses,Not Assessed,False,native,Shrub,6,Jun,False,False
Acacia verticillata subsp. verticillata,Prickly Moses,Not Assessed,False,native,Shrub,7,Jul,True,False
Acacia verticillata subsp. verticillata,Prickly Moses,Not Assessed,False,native,Shrub,8,Aug,True,False
Acacia verticillata subsp. verticillata,Prickly Moses,Not Assessed,False,native,Shrub,9,Sep,True,False
Acacia verticillata subsp. verticillata,Prickly Moses,Not Assessed,False,native,Shrub,10,Oct,True,False
Acacia verticillata subsp. verticillata,Prickly Moses,Not Assessed,False,native,Shrub,11,Nov,True,False
Acacia verticillata subsp. verticillata,Prickly Moses,Not Assessed,False,native,Shrub,12,Dec,True,False
Acaena echinata,Sheep's Burr,Not Assessed,False,native,Herb,1,Jan,True,False
Acaena echinata,Sheep's Burr,Not Assessed,False,native,Herb,2,Feb,True,False
Acaena echinata,Sheep's Burr,Not Assessed,False,native,Herb,3,Mar,True,False
Acaena echinata,Sheep's Burr,Not Assessed,False,native,Herb,4,Apr,True,False
Acaena echinata,Sheep's Burr,Not Assessed,False,native,Herb,5,May,False,False
Acaena echinata,Sheep's Burr,Not Assessed,False,native,Herb,6,Jun,False,False
Acaena echinata,Sheep's Burr,Not Assessed,False,native,Herb,7,Jul,False,False
Acaena echinata,Sheep's Burr,Not Assessed,False,native,Herb,8,Aug,True,False
Acaena echinata,Sheep's Burr,Not Assessed,False,native,Herb,9,Sep,True,False
Acaena echinata,Sheep's Burr,Not Assessed,False,native,Herb,10,Oct,True,False
Acaena echinata,Sheep's Burr,Not Assessed,False,native,Herb,11,Nov,True,False
Acaena echinata,Sheep's Burr,Not Assessed,False,native,Herb,12,Dec,True,False
Acaena novae-zelandiae,Bidgee-widgee,Not Assessed,False,native,Herb,1,Jan,True,False
Acaena novae-zelandiae,Bidgee-widgee,Not Assessed,False,native,Herb,2,Feb,True,False
Acaena novae-zelandiae,Bidgee-widgee,Not Assessed,False,native,Herb,3,Mar,True,False
Acaena novae-zelandiae,Bidgee-widgee,Not Assessed,False,native,Herb,4,Apr,True,False
Acaena novae-zelandiae,Bidgee-widgee,Not Assessed,False,native,Herb,5,May,False,False
Acaena novae-zelandiae,Bidgee-widgee,Not Assessed,False,native,Herb,6,Jun,False,False
Acaena novae-zelandiae,Bidgee-widgee,Not Assessed,False,native,Herb,7,Jul,False,False
Acaena novae-zelandiae,Bidgee-widgee,Not Assessed,False,native,Herb,8,Aug,False,False
Acaena novae-zelandiae,Bidgee-widgee,Not Assessed,False,native,Herb,9,Sep,True,False
Acaena novae-zelandiae,Bidgee-widgee,Not Assessed,False,native,Herb,10,Oct,True,False
Acaena novae-zelandiae,Bidgee-widgee,Not Assessed,False,native,Herb,11,Nov,True,False
Acaena novae-zelandiae,Bidgee-widgee,Not Assessed,False,native,Herb,12,Dec,True,False
Acaena ×ovina,Sheep's Burr,Not Assessed,False,native,Herb,1,Jan,True,False
Acaena ×ovina,Sheep's Burr,Not Assessed,False,native,Herb,2,Feb,True,False
Acaena ×ovina,Sheep's Burr,Not Assessed,False,native,Herb,3,Mar,True,False
Acaena ×ovina,Sheep's Burr,Not Assessed,False,native,Herb,4,Apr,True,False
Acaena ×ovina,Sheep's Burr,Not Assessed,False,native,Herb,5,May,False,False
Acaena ×ovina,Sheep's Burr,Not Assessed,False,native,Herb,6,Jun,False,False
Acaena ×ovina,Sheep's Burr,Not Assessed,False,native,Herb,7,Jul,False,False
Acaena ×ovina,Sheep's Burr,Not Assessed,False,native,Herb,8,Aug,False,False
Acaena ×ovina,Sheep's Burr,Not Assessed,False,native,Herb,9,Sep,True,False
Acaena ×ovina,Sheep's Burr,Not Assessed,False,native,Herb,10,Oct,True,False
Acaena ×ovina,Sheep's Burr,Not Assessed,False,native,Herb,11,Nov,True,False
Acaena ×ovina,Sheep's Burr,Not Assessed,False,native,Herb,12,Dec,True,False
Acanthus mollis,Bear's Breech,Reconsider Planting,True,introduced,Herb,1,Jan,,False
Acanthus mollis,Bear's Breech,Reconsider Planting,True,introduced,Herb,2,Feb,,False
Acanthus mollis,Bear's Breech,Reconsider Planting,True,introduced,Herb,3,Mar,,False
Acanthus mollis,Bear's Breech,Reconsider Planting,True,introduced,Herb,4,Apr,,False
Acanthus mollis,Bear's Breech,Reconsider Planting,True,introduced,Herb,5,May,,False
Acanthus mollis,Bear's Breech,Reconsider Planting,True,introduced,Herb,6,Jun,,False
Acanthus mollis,Bear's Breech,Reconsider Planting,True,introduced,Herb,7,Jul,,False
Acanthus mollis,Bear's Breech,Reconsider Planting,True,introduced,Herb,8,Aug,,False
Acanthus mollis,Bear's Breech,Reconsider Planting,True,introduced,Herb,9,Sep,,False
Acanthus mollis,Bear's Breech,Reconsider Planting,True,introduced,Herb,10,Oct,,False
Acanthus mollis,Bear's Breech,Reconsider Planting,True,introduced,Herb,11,Nov,,False
Acanthus mollis,Bear's Breech,Reconsider Planting,True,introduced,Herb,12,Dec,,False
Acer negundo,Box Elder,Reconsider Planting,True,introduced,Tree,1,Jan,False,False
Acer negundo,Box Elder,Reconsider Planting,True,introduced,Tree,2,Feb,False,False
Acer negundo,Box Elder,Reconsider Planting,True,introduced,Tree,3,Mar,False,False
Acer negundo,Box Elder,Reconsider Planting,True,introduced,Tree,4,Apr,False,False
Acer negundo,Box Elder,Reconsider Planting,True,introduced,Tree,5,May,False,False
Acer negundo,Box Elder,Reconsider Planting,True,introduced,Tree,6,Jun,False,False
Acer negundo,Box Elder,Reconsider Planting,True,introduced,Tree,7,Jul,False,False
Acer negundo,Box Elder,Reconsider Planting,True,introduced,Tree,8,Aug,False,False
Acer negundo,Box Elder,Reconsider Planting,True,introduced,Tree,9,Sep,True,False
Acer negundo,Box Elder,Reconsider Planting,True,introduced,Tree,10,Oct,True,False
Acer negundo,Box Elder,Reconsider Planting,True,introduced,Tree,11,Nov,True,False
Acer negundo,Box Elder,Reconsider Planting,True,introduced,Tree,12,Dec,False,False
Acetosella vulgaris,Sheep Sorrel,Use Caution,True,introduced,,1,Jan,,False
Acetosella vulgaris,Sheep Sorrel,Use Caution,True,introduced,,2,Feb,,False
Acetosella vulgaris,Sheep Sorrel,Use Caution,True,introduced,,3,Mar,,False
Acetosella vulgaris,Sheep Sorrel,Use Caution,True,introduced,,4,Apr,,False
Acetosella vulgaris,Sheep Sorrel,Use Caution,True,introduced,,5,May,,False
Acetosella vulgaris,Sheep Sorrel,Use Caution,True,introduced,,6,Jun,,False
Acetosella vulgaris,Sheep Sorrel,Use Caution,True,introduced,,7,Jul,,False
Acetosella vulgaris,Sheep Sorrel,Use Caution,True,introduced,,8,Aug,,False
Acetosella vulgaris,Sheep Sorrel,Use Caution,True,introduced,,9,Sep,,False
Acetosella vulgaris,Sheep Sorrel,Use Caution,True,introduced,,10,Oct,,False
Acetosella vulgaris,Sheep Sorrel,Use Caution,True,introduced,,11,Nov,,False
Acetosella vulgaris,Sheep Sorrel,Use Caution,True,introduced,,12,Dec,,False
Achrophyllum dentatum,Toothed Mitre-moss,Not Assessed,False,native,,1,Jan,,False
Achrophyllum dentatum,Toothed Mitre-moss,Not Assessed,False,native,,2,Feb,,False
Achrophyllum dentatum,Toothed Mitre-moss,Not Assessed,False,native,,3,Mar,,False
Achrophyllum dentatum,Toothed Mitre-moss,Not Assessed,False,native,,4,Apr,,False
Achrophyllum dentatum,Toothed Mitre-moss,Not Assessed,False,native,,5,May,,False
Achrophyllum dentatum,Toothed Mitre-moss,Not Assessed,False,native,,6,Jun,,False
Achrophyllum dentatum,Toothed Mitre-moss,Not Assessed,False,native,,7,Jul,,False
Achrophyllum dentatum,Toothed Mitre-moss,Not Assessed,False,native,,8,Aug,,False
Achrophyllum dentatum,Toothed Mitre-moss,Not Assessed,False,native,,9,Sep,,False
Achrophyllum dentatum,Toothed Mitre-moss,Not Assessed,False,native,,10,Oct,,False
Achrophyllum dentatum,Toothed Mitre-moss,Not Assessed,False,native,,11,Nov,,False
Achrophyllum dentatum,Toothed Mitre-moss,Not Assessed,False,native,,12,Dec,,False
Acianthus pusillus,Small Mosquito Orchid,Not Assessed,False,native,Herb,1,Jan,False,False
Acianthus pusillus,Small Mosquito Orchid,Not Assessed,False,native,Herb,2,Feb,False,False
Acianthus pusillus,Small Mosquito Orchid,Not Assessed,False,native,Herb,3,Mar,True,False
Acianthus pusillus,Small Mosquito Orchid,Not Assessed,False,native,Herb,4,Apr,True,False
Acianthus pusillus,Small Mosquito Orchid,Not Assessed,False,native,Herb,5,May,True,False
Acianthus pusillus,Small Mosquito Orchid,Not Assessed,False,native,Herb,6,Jun,True,False
Acianthus pusillus,Small Mosquito Orchid,Not Assessed,False,native,Herb,7,Jul,True,False
Acianthus pusillus,Small Mosquito Orchid,Not Assessed,False,native,Herb,8,Aug,True,False
Acianthus pusillus,Small Mosquito Orchid,Not Assessed,False,native,Herb,9,Sep,False,False
Acianthus pusillus,Small Mosquito Orchid,Not Assessed,False,native,Herb,10,Oct,False,False
Acianthus pusillus,Small Mosquito Orchid,Not Assessed,False,native,Herb,11,Nov,False,False
Acianthus pusillus,Small Mosquito Orchid,Not Assessed,False,native,Herb,12,Dec,False,False
Acrocladium chlamydophyllum,Spear Moss,Not Assessed,False,native,,1,Jan,,False
Acrocladium chlamydophyllum,Spear Moss,Not Assessed,False,native,,2,Feb,,False
Acrocladium chlamydophyllum,Spear Moss,Not Assessed,False,native,,3,Mar,,False
Acrocladium chlamydophyllum,Spear Moss,Not Assessed,False,native,,4,Apr,,False
Acrocladium chlamydophyllum,Spear Moss,Not Assessed,False,native,,5,May,,False
Acrocladium chlamydophyllum,Spear Moss,Not Assessed,False,native,,6,Jun,,False
Acrocladium chlamydophyllum,Spear Moss,Not Assessed,False,native,,7,Jul,,False
Acrocladium chlamydophyllum,Spear Moss,Not Assessed,False,native,,8,Aug,,False
Acrocladium chlamydophyllum,Spear Moss,Not Assessed,False,native,,9,Sep,,False
Acrocladium chlamydophyllum,Spear Moss,Not Assessed,False,native,,10,Oct,,False
Acrocladium chlamydophyllum,Spear Moss,Not Assessed,False,native,,11,Nov,,False
Acrocladium chlamydophyllum,Spear Moss,Not Assessed,False,native,,12,Dec,,False
Acrotriche serrulata,Honey-pots,Not Assessed,False,native,Shrub,1,Jan,False,False
Acrotriche serrulata,Honey-pots,Not Assessed,False,native,Shrub,2,Feb,False,False
Acrotriche serrulata,Honey-pots,Not Assessed,False,native,Shrub,3,Mar,False,False
Acrotriche serrulata,Honey-pots,Not Assessed,False,native,Shrub,4,Apr,False,False
Acrotriche serrulata,Honey-pots,Not Assessed,False,native,Shrub,5,May,False,False
Acrotriche serrulata,Honey-pots,Not Assessed,False,native,Shrub,6,Jun,True,False
Acrotriche serrulata,Honey-pots,Not Assessed,False,native,Shrub,7,Jul,True,False
Acrotriche serrulata,Honey-pots,Not Assessed,False,native,Shrub,8,Aug,True,False
Acrotriche serrulata,Honey-pots,Not Assessed,False,native,Shrub,9,Sep,True,False
Acrotriche serrulata,Honey-pots,Not Assessed,False,native,Shrub,10,Oct,True,False
Acrotriche serrulata,Honey-pots,Not Assessed,False,native,Shrub,11,Nov,True,False
Acrotriche serrulata,Honey-pots,Not Assessed,False,native,Shrub,12,Dec,False,False
Adiantum aethiopicum,Common Maidenhair,Not Assessed,False,native,Fern,1,Jan,,False
Adiantum aethiopicum,Common Maidenhair,Not Assessed,False,native,Fern,2,Feb,,False
Adiantum aethiopicum,Common Maidenhair,Not Assessed,False,native,Fern,3,Mar,,False
Adiantum aethiopicum,Common Maidenhair,Not Assessed,False,native,Fern,4,Apr,,False
Adiantum aethiopicum,Common Maidenhair,Not Assessed,False,native,Fern,5,May,,False
Adiantum aethiopicum,Common Maidenhair,Not Assessed,False,native,Fern,6,Jun,,False
Adiantum aethiopicum,Common Maidenhair,Not Assessed,False,native,Fern,7,Jul,,False
Adiantum aethiopicum,Common Maidenhair,Not Assessed,False,native,Fern,8,Aug,,False
Adiantum aethiopicum,Common Maidenhair,Not Assessed,False,native,Fern,9,Sep,,False
Adiantum aethiopicum,Common Maidenhair,Not Assessed,False,native,Fern,10,Oct,,False
Adiantum aethiopicum,Common Maidenhair,Not Assessed,False,native,Fern,11,Nov,,False
Adiantum aethiopicum,Common Maidenhair,Not Assessed,False,native,Fern,12,Dec,,False
Agapanthus praecox,Agapanthus,Reconsider Planting,True,introduced,Herb,1,Jan,True,False
Agapanthus praecox,Agapanthus,Reconsider Planting,True,introduced,Herb,2,Feb,False,False
Agapanthus praecox,Agapanthus,Reconsider Planting,True,introduced,Herb,3,Mar,False,False
Agapanthus praecox,Agapanthus,Reconsider Planting,True,introduced,Herb,4,Apr,False,False
Agapanthus praecox,Agapanthus,Reconsider Planting,True,introduced,Herb,5,May,False,False
Agapanthus praecox,Agapanthus,Reconsider Planting,True,introduced,Herb,6,Jun,False,False
Agapanthus praecox,Agapanthus,Reconsider Planting,True,introduced,Herb,7,Jul,False,False
Agapanthus praecox,Agapanthus,Reconsider Planting,True,introduced,Herb,8,Aug,False,False
Agapanthus praecox,Agapanthus,Reconsider Planting,True,introduced,Herb,9,Sep,False,False
Agapanthus praecox,Agapanthus,Reconsider Planting,True,introduced,Herb,10,Oct,False,False
Agapanthus praecox,Agapanthus,Reconsider Planting,True,introduced,Herb,11,Nov,False,False
Agapanthus praecox,Agapanthus,Reconsider Planting,True,introduced,Herb,12,Dec,True,False
Agapanthus praecox subsp. orientalis,Agapanthus,Reconsider Planting,True,introduced,Herb,1,Jan,True,False
Agapanthus praecox subsp. orientalis,Agapanthus,Reconsider Planting,True,introduced,Herb,2,Feb,False,False
Agapanthus praecox subsp. orientalis,Agapanthus,Reconsider Planting,True,introduced,Herb,3,Mar,False,False
Agapanthus praecox subsp. orientalis,Agapanthus,Reconsider Planting,True,introduced,Herb,4,Apr,False,False
Agapanthus praecox subsp. orientalis,Agapanthus,Reconsider Planting,True,introduced,Herb,5,May,False,False
Agapanthus praecox subsp. orientalis,Agapanthus,Reconsider Planting,True,introduced,Herb,6,Jun,False,False
Agapanthus praecox subsp. orientalis,Agapanthus,Reconsider Planting,True,introduced,Herb,7,Jul,False,False
Agapanthus praecox subsp. orientalis,Agapanthus,Reconsider Planting,True,introduced,Herb,8,Aug,False,False
Agapanthus praecox subsp. orientalis,Agapanthus,Reconsider Planting,True,introduced,Herb,9,Sep,False,False
Agapanthus praecox subsp. orientalis,Agapanthus,Reconsider Planting,True,introduced,Herb,10,Oct,False,False
Agapanthus praecox subsp. orientalis,Agapanthus,Reconsider Planting,True,introduced,Herb,11,Nov,False,False
Agapanthus praecox subsp. orientalis,Agapanthus,Reconsider Planting,True,introduced,Herb,12,Dec,True,False
Agrostis capillaris,Brown-top Bent,Reconsider Planting,True,introduced,Grass,1,Jan,True,False
Agrostis capillaris,Brown-top Bent,Reconsider Planting,True,introduced,Grass,2,Feb,True,False
Agrostis capillaris,Brown-top Bent,Reconsider Planting,True,introduced,Grass,3,Mar,False,False
Agrostis capillaris,Brown-top Bent,Reconsider Planting,True,introduced,Grass,4,Apr,False,False
Agrostis capillaris,Brown-top Bent,Reconsider Planting,True,introduced,Grass,5,May,False,False
Agrostis capillaris,Brown-top Bent,Reconsider Planting,True,introduced,Grass,6,Jun,False,False
Agrostis capillaris,Brown-top Bent,Reconsider Planting,True,introduced,Grass,7,Jul,False,False
Agrostis capillaris,Brown-top Bent,Reconsider Planting,True,introduced,Grass,8,Aug,False,False
Agrostis capillaris,Brown-top Bent,Reconsider Planting,True,introduced,Grass,9,Sep,True,False
Agrostis capillaris,Brown-top Bent,Reconsider Planting,True,introduced,Grass,10,Oct,True,False
Agrostis capillaris,Brown-top Bent,Reconsider Planting,True,introduced,Grass,11,Nov,True,False
Agrostis capillaris,Brown-top Bent,Reconsider Planting,True,introduced,Grass,12,Dec,True,False
Agrostis capillaris var. capillaris,Brown-top Bent,Reconsider Planting,True,introduced,Grass,1,Jan,True,False
Agrostis capillaris var. capillaris,Brown-top Bent,Reconsider Planting,True,introduced,Grass,2,Feb,True,False
Agrostis capillaris var. capillaris,Brown-top Bent,Reconsider Planting,True,introduced,Grass,3,Mar,False,False
Agrostis capillaris var. capillaris,Brown-top Bent,Reconsider Planting,True,introduced,Grass,4,Apr,False,False
Agrostis capillaris var. capillaris,Brown-top Bent,Reconsider Planting,True,introduced,Grass,5,May,False,False
Agrostis capillaris var. capillaris,Brown-top Bent,Reconsider Planting,True,introduced,Grass,6,Jun,False,False
Agrostis capillaris var. capillaris,Brown-top Bent,Reconsider Planting,True,introduced,Grass,7,Jul,False,False
Agrostis capillaris var. capillaris,Brown-top Bent,Reconsider Planting,True,introduced,Grass,8,Aug,False,False
Agrostis capillaris var. capillaris,Brown-top Bent,Reconsider Planting,True,introduced,Grass,9,Sep,True,False
Agrostis capillaris var. capillaris,Brown-top Bent,Reconsider Planting,True,introduced,Grass,10,Oct,True,False
Agrostis capillaris var. capillaris,Brown-top Bent,Reconsider Planting,True,introduced,Grass,11,Nov,True,False
Agrostis capillaris var. capillaris,Brown-top Bent,Reconsider Planting,True,introduced,Grass,12,Dec,True,False
Agrostis stolonifera,Creeping Bent,Reconsider Planting,True,introduced,Grass,1,Jan,True,False
Agrostis stolonifera,Creeping Bent,Reconsider Planting,True,introduced,Grass,2,Feb,True,False
Agrostis stolonifera,Creeping Bent,Reconsider Planting,True,introduced,Grass,3,Mar,False,False
Agrostis stolonifera,Creeping Bent,Reconsider Planting,True,introduced,Grass,4,Apr,False,False
Agrostis stolonifera,Creeping Bent,Reconsider Planting,True,introduced,Grass,5,May,False,False
Agrostis stolonifera,Creeping Bent,Reconsider Planting,True,introduced,Grass,6,Jun,False,False
Agrostis stolonifera,Creeping Bent,Reconsider Planting,True,introduced,Grass,7,Jul,False,False
Agrostis stolonifera,Creeping Bent,Reconsider Planting,True,introduced,Grass,8,Aug,False,False
Agrostis stolonifera,Creeping Bent,Reconsider Planting,True,introduced,Grass,9,Sep,True,False
Agrostis stolonifera,Creeping Bent,Reconsider Planting,True,introduced,Grass,10,Oct,True,False
Agrostis stolonifera,Creeping Bent,Reconsider Planting,True,introduced,Grass,11,Nov,True,False
Agrostis stolonifera,Creeping Bent,Reconsider Planting,True,introduced,Grass,12,Dec,True,False
Aira elegantissima,Delicate Hair-grass,Use Caution,True,introduced,Grass,1,Jan,False,False
Aira elegantissima,Delicate Hair-grass,Use Caution,True,introduced,Grass,2,Feb,False,False
Aira elegantissima,Delicate Hair-grass,Use Caution,True,introduced,Grass,3,Mar,False,False
Aira elegantissima,Delicate Hair-grass,Use Caution,True,introduced,Grass,4,Apr,False,False
Aira elegantissima,Delicate Hair-grass,Use Caution,True,introduced,Grass,5,May,False,False
Aira elegantissima,Delicate Hair-grass,Use Caution,True,introduced,Grass,6,Jun,False,False
Aira elegantissima,Delicate Hair-grass,Use Caution,True,introduced,Grass,7,Jul,False,False
Aira elegantissima,Delicate Hair-grass,Use Caution,True,introduced,Grass,8,Aug,False,False
Aira elegantissima,Delicate Hair-grass,Use Caution,True,introduced,Grass,9,Sep,True,False
Aira elegantissima,Delicate Hair-grass,Use Caution,True,introduced,Grass,10,Oct,True,False
Aira elegantissima,Delicate Hair-grass,Use Caution,True,introduced,Grass,11,Nov,True,False
Aira elegantissima,Delicate Hair-grass,Use Caution,True,introduced,Grass,12,Dec,False,False
Aizoon pubescens,Galenia,Use Caution,True,introduced,Herb,1,Jan,,False
Aizoon pubescens,Galenia,Use Caution,True,introduced,Herb,2,Feb,,False
Aizoon pubescens,Galenia,Use Caution,True,introduced,Herb,3,Mar,,False
Aizoon pubescens,Galenia,Use Caution,True,introduced,Herb,4,Apr,,False
Aizoon pubescens,Galenia,Use Caution,True,introduced,Herb,5,May,,False
Aizoon pubescens,Galenia,Use Caution,True,introduced,Herb,6,Jun,,False
Aizoon pubescens,Galenia,Use Caution,True,introduced,Herb,7,Jul,,False
Aizoon pubescens,Galenia,Use Caution,True,introduced,Herb,8,Aug,,False
Aizoon pubescens,Galenia,Use Caution,True,introduced,Herb,9,Sep,,False
Aizoon pubescens,Galenia,Use Caution,True,introduced,Herb,10,Oct,,False
Aizoon pubescens,Galenia,Use Caution,True,introduced,Herb,11,Nov,,False
Aizoon pubescens,Galenia,Use Caution,True,introduced,Herb,12,Dec,,False
Alisma plantago-aquatica,Water Plantain,Not Assessed,False,native,Herb,1,Jan,True,False
Alisma plantago-aquatica,Water Plantain,Not Assessed,False,native,Herb,2,Feb,True,False
Alisma plantago-aquatica,Water Plantain,Not Assessed,False,native,Herb,3,Mar,True,False
Alisma plantago-aquatica,Water Plantain,Not Assessed,False,native,Herb,4,Apr,False,False
Alisma plantago-aquatica,Water Plantain,Not Assessed,False,native,Herb,5,May,False,False
Alisma plantago-aquatica,Water Plantain,Not Assessed,False,native,Herb,6,Jun,False,False
Alisma plantago-aquatica,Water Plantain,Not Assessed,False,native,Herb,7,Jul,False,False
Alisma plantago-aquatica,Water Plantain,Not Assessed,False,native,Herb,8,Aug,False,False
Alisma plantago-aquatica,Water Plantain,Not Assessed,False,native,Herb,9,Sep,False,False
Alisma plantago-aquatica,Water Plantain,Not Assessed,False,native,Herb,10,Oct,False,False
Alisma plantago-aquatica,Water Plantain,Not Assessed,False,native,Herb,11,Nov,True,False
Alisma plantago-aquatica,Water Plantain,Not Assessed,False,native,Herb,12,Dec,True,False
Allittia cardiocarpa,Swamp Daisy,Not Assessed,False,native,Herb,1,Jan,False,False
Allittia cardiocarpa,Swamp Daisy,Not Assessed,False,native,Herb,2,Feb,False,False
Allittia cardiocarpa,Swamp Daisy,Not Assessed,False,native,Herb,3,Mar,False,False
Allittia cardiocarpa,Swamp Daisy,Not Assessed,False,native,Herb,4,Apr,False,False
Allittia cardiocarpa,Swamp Daisy,Not Assessed,False,native,Herb,5,May,False,False
Allittia cardiocarpa,Swamp Daisy,Not Assessed,False,native,Herb,6,Jun,True,False
Allittia cardiocarpa,Swamp Daisy,Not Assessed,False,native,Herb,7,Jul,True,False
Allittia cardiocarpa,Swamp Daisy,Not Assessed,False,native,Herb,8,Aug,True,False
Allittia cardiocarpa,Swamp Daisy,Not Assessed,False,native,Herb,9,Sep,True,False
Allittia cardiocarpa,Swamp Daisy,Not Assessed,False,native,Herb,10,Oct,True,False
Allittia cardiocarpa,Swamp Daisy,Not Assessed,False,native,Herb,11,Nov,True,False
Allittia cardiocarpa,Swamp Daisy,Not Assessed,False,native,Herb,12,Dec,True,False
Allium triquetrum,Three-corner Garlic,Reconsider Planting,True,introduced,Herb,1,Jan,False,False
Allium triquetrum,Three-corner Garlic,Reconsider Planting,True,introduced,Herb,2,Feb,False,False
Allium triquetrum,Three-corner Garlic,Reconsider Planting,True,introduced,Herb,3,Mar,False,False
Allium triquetrum,Three-corner Garlic,Reconsider Planting,True,introduced,Herb,4,Apr,False,False
Allium triquetrum,Three-corner Garlic,Reconsider Planting,True,introduced,Herb,5,May,False,False
Allium triquetrum,Three-corner Garlic,Reconsider Planting,True,introduced,Herb,6,Jun,False,False
Allium triquetrum,Three-corner Garlic,Reconsider Planting,True,introduced,Herb,7,Jul,False,False
Allium triquetrum,Three-corner Garlic,Reconsider Planting,True,introduced,Herb,8,Aug,True,False
Allium triquetrum,Three-corner Garlic,Reconsider Planting,True,introduced,Herb,9,Sep,True,False
Allium triquetrum,Three-corner Garlic,Reconsider Planting,True,introduced,Herb,10,Oct,True,False
Allium triquetrum,Three-corner Garlic,Reconsider Planting,True,introduced,Herb,11,Nov,True,False
Allium triquetrum,Three-corner Garlic,Reconsider Planting,True,introduced,Herb,12,Dec,False,False
Allocasuarina littoralis,Black Sheoak,Not Assessed,False,native,Tree,1,Jan,True,False
Allocasuarina littoralis,Black Sheoak,Not Assessed,False,native,Tree,2,Feb,True,False
Allocasuarina littoralis,Black Sheoak,Not Assessed,False,native,Tree,3,Mar,True,False
Allocasuarina littoralis,Black Sheoak,Not Assessed,False,native,Tree,4,Apr,True,False
Allocasuarina littoralis,Black Sheoak,Not Assessed,False,native,Tree,5,May,True,False
Allocasuarina littoralis,Black Sheoak,Not Assessed,False,native,Tree,6,Jun,True,False
Allocasuarina littoralis,Black Sheoak,Not Assessed,False,native,Tree,7,Jul,True,False
Allocasuarina littoralis,Black Sheoak,Not Assessed,False,native,Tree,8,Aug,True,False
Allocasuarina littoralis,Black Sheoak,Not Assessed,False,native,Tree,9,Sep,True,False
Allocasuarina littoralis,Black Sheoak,Not Assessed,False,native,Tree,10,Oct,True,False
Allocasuarina littoralis,Black Sheoak,Not Assessed,False,native,Tree,11,Nov,True,False
Allocasuarina littoralis,Black Sheoak,Not Assessed,False,native,Tree,12,Dec,True,False
Allocasuarina paludosa,Scrub Sheoak,Not Assessed,False,native,Shrub,1,Jan,True,False
Allocasuarina paludosa,Scrub Sheoak,Not Assessed,False,native,Shrub,2,Feb,True,False
Allocasuarina paludosa,Scrub Sheoak,Not Assessed,False,native,Shrub,3,Mar,True,False
Allocasuarina paludosa,Scrub Sheoak,Not Assessed,False,native,Shrub,4,Apr,True,False
Allocasuarina paludosa,Scrub Sheoak,Not Assessed,False,native,Shrub,5,May,True,False
Allocasuarina paludosa,Scrub Sheoak,Not Assessed,False,native,Shrub,6,Jun,True,False
Allocasuarina paludosa,Scrub Sheoak,Not Assessed,False,native,Shrub,7,Jul,True,False
Allocasuarina paludosa,Scrub Sheoak,Not Assessed,False,native,Shrub,8,Aug,True,False
Allocasuarina paludosa,Scrub Sheoak,Not Assessed,False,native,Shrub,9,Sep,True,False
Allocasuarina paludosa,Scrub Sheoak,Not Assessed,False,native,Shrub,10,Oct,True,False
Allocasuarina paludosa,Scrub Sheoak,Not Assessed,False,native,Shrub,11,Nov,True,False
Allocasuarina paludosa,Scrub Sheoak,Not Assessed,False,native,Shrub,12,Dec,True,False
Allocasuarina paradoxa,Green Sheoak,Not Assessed,False,native,Shrub,1,Jan,True,False
Allocasuarina paradoxa,Green Sheoak,Not Assessed,False,native,Shrub,2,Feb,True,False
Allocasuarina paradoxa,Green Sheoak,Not Assessed,False,native,Shrub,3,Mar,True,False
Allocasuarina paradoxa,Green Sheoak,Not Assessed,False,native,Shrub,4,Apr,True,False
Allocasuarina paradoxa,Green Sheoak,Not Assessed,False,native,Shrub,5,May,True,False
Allocasuarina paradoxa,Green Sheoak,Not Assessed,False,native,Shrub,6,Jun,True,False
Allocasuarina paradoxa,Green Sheoak,Not Assessed,False,native,Shrub,7,Jul,True,False
Allocasuarina paradoxa,Green Sheoak,Not Assessed,False,native,Shrub,8,Aug,True,False
Allocasuarina paradoxa,Green Sheoak,Not Assessed,False,native,Shrub,9,Sep,True,False
Allocasuarina paradoxa,Green Sheoak,Not Assessed,False,native,Shrub,10,Oct,True,False
Allocasuarina paradoxa,Green Sheoak,Not Assessed,False,native,Shrub,11,Nov,True,False
Allocasuarina paradoxa,Green Sheoak,Not Assessed,False,native,Shrub,12,Dec,True,False
Allocasuarina pusilla,Dwarf Sheoak,Not Assessed,False,native,Shrub,1,Jan,False,False
Allocasuarina pusilla,Dwarf Sheoak,Not Assessed,False,native,Shrub,2,Feb,False,False
Allocasuarina pusilla,Dwarf Sheoak,Not Assessed,False,native,Shrub,3,Mar,False,False
Allocasuarina pusilla,Dwarf Sheoak,Not Assessed,False,native,Shrub,4,Apr,False,False
Allocasuarina pusilla,Dwarf Sheoak,Not Assessed,False,native,Shrub,5,May,False,False
Allocasuarina pusilla,Dwarf Sheoak,Not Assessed,False,native,Shrub,6,Jun,False,False
Allocasuarina pusilla,Dwarf Sheoak,Not Assessed,False,native,Shrub,7,Jul,False,False
Allocasuarina pusilla,Dwarf Sheoak,Not Assessed,False,native,Shrub,8,Aug,False,False
Allocasuarina pusilla,Dwarf Sheoak,Not Assessed,False,native,Shrub,9,Sep,True,False
Allocasuarina pusilla,Dwarf Sheoak,Not Assessed,False,native,Shrub,10,Oct,True,False
Allocasuarina pusilla,Dwarf Sheoak,Not Assessed,False,native,Shrub,11,Nov,True,False
Allocasuarina pusilla,Dwarf Sheoak,Not Assessed,False,native,Shrub,12,Dec,False,False
Allocasuarina verticillata,Drooping Sheoak,Not Assessed,False,native,Tree,1,Jan,True,False
Allocasuarina verticillata,Drooping Sheoak,Not Assessed,False,native,Tree,2,Feb,True,False
Allocasuarina verticillata,Drooping Sheoak,Not Assessed,False,native,Tree,3,Mar,True,False
Allocasuarina verticillata,Drooping Sheoak,Not Assessed,False,native,Tree,4,Apr,True,False
Allocasuarina verticillata,Drooping Sheoak,Not Assessed,False,native,Tree,5,May,True,False
Allocasuarina verticillata,Drooping Sheoak,Not Assessed,False,native,Tree,6,Jun,True,False
Allocasuarina verticillata,Drooping Sheoak,Not Assessed,False,native,Tree,7,Jul,True,False
Allocasuarina verticillata,Drooping Sheoak,Not Assessed,False,native,Tree,8,Aug,True,False
Allocasuarina verticillata,Drooping Sheoak,Not Assessed,False,native,Tree,9,Sep,True,False
Allocasuarina verticillata,Drooping Sheoak,Not Assessed,False,native,Tree,10,Oct,True,False
Allocasuarina verticillata,Drooping Sheoak,Not Assessed,False,native,Tree,11,Nov,True,False
Allocasuarina verticillata,Drooping Sheoak,Not Assessed,False,native,Tree,12,Dec,True,False
Alopecurus pratensis,Meadow Fox-tail,Reconsider Planting,True,introduced,Grass,1,Jan,False,False
Alopecurus pratensis,Meadow Fox-tail,Reconsider Planting,True,introduced,Grass,2,Feb,False,False
Alopecurus pratensis,Meadow Fox-tail,Reconsider Planting,True,introduced,Grass,3,Mar,False,False
Alopecurus pratensis,Meadow Fox-tail,Reconsider Planting,True,introduced,Grass,4,Apr,False,False
Alopecurus pratensis,Meadow Fox-tail,Reconsider Planting,True,introduced,Grass,5,May,False,False
Alopecurus pratensis,Meadow Fox-tail,Reconsider Planting,True,introduced,Grass,6,Jun,False,False
Alopecurus pratensis,Meadow Fox-tail,Reconsider Planting,True,introduced,Grass,7,Jul,False,False
Alopecurus pratensis,Meadow Fox-tail,Reconsider Planting,True,introduced,Grass,8,Aug,False,False
Alopecurus pratensis,Meadow Fox-tail,Reconsider Planting,True,introduced,Grass,9,Sep,True,False
Alopecurus pratensis,Meadow Fox-tail,Reconsider Planting,True,introduced,Grass,10,Oct,True,False
Alopecurus pratensis,Meadow Fox-tail,Reconsider Planting,True,introduced,Grass,11,Nov,True,False
Alopecurus pratensis,Meadow Fox-tail,Reconsider Planting,True,introduced,Grass,12,Dec,False,False
Alternanthera denticulata,Lesser Joyweed,Not Assessed,False,native,Herb,1,Jan,True,False
Alternanthera denticulata,Lesser Joyweed,Not Assessed,False,native,Herb,2,Feb,True,False
Alternanthera denticulata,Lesser Joyweed,Not Assessed,False,native,Herb,3,Mar,True,False
Alternanthera denticulata,Lesser Joyweed,Not Assessed,False,native,Herb,4,Apr,True,False
Alternanthera denticulata,Lesser Joyweed,Not Assessed,False,native,Herb,5,May,True,False
Alternanthera denticulata,Lesser Joyweed,Not Assessed,False,native,Herb,6,Jun,True,False
Alternanthera denticulata,Lesser Joyweed,Not Assessed,False,native,Herb,7,Jul,True,False
Alternanthera denticulata,Lesser Joyweed,Not Assessed,False,native,Herb,8,Aug,True,False
Alternanthera denticulata,Lesser Joyweed,Not Assessed,False,native,Herb,9,Sep,True,False
Alternanthera denticulata,Lesser Joyweed,Not Assessed,False,native,Herb,10,Oct,True,False
Alternanthera denticulata,Lesser Joyweed,Not Assessed,False,native,Herb,11,Nov,True,False
Alternanthera denticulata,Lesser Joyweed,Not Assessed,False,native,Herb,12,Dec,True,False
Alternanthera philoxeroides,Alligator Weed,Reconsider Planting,True,introduced,Herb,1,Jan,True,False
Alternanthera philoxeroides,Alligator Weed,Reconsider Planting,True,introduced,Herb,2,Feb,False,False
Alternanthera philoxeroides,Alligator Weed,Reconsider Planting,True,introduced,Herb,3,Mar,False,False
Alternanthera philoxeroides,Alligator Weed,Reconsider Planting,True,introduced,Herb,4,Apr,False,False
Alternanthera philoxeroides,Alligator Weed,Reconsider Planting,True,introduced,Herb,5,May,False,False
Alternanthera philoxeroides,Alligator Weed,Reconsider Planting,True,introduced,Herb,6,Jun,False,False
Alternanthera philoxeroides,Alligator Weed,Reconsider Planting,True,introduced,Herb,7,Jul,False,False
Alternanthera philoxeroides,Alligator Weed,Reconsider Planting,True,introduced,Herb,8,Aug,False,False
Alternanthera philoxeroides,Alligator Weed,Reconsider Planting,True,introduced,Herb,9,Sep,False,False
Alternanthera philoxeroides,Alligator Weed,Reconsider Planting,True,introduced,Herb,10,Oct,False,False
Alternanthera philoxeroides,Alligator Weed,Reconsider Planting,True,introduced,Herb,11,Nov,False,False
Alternanthera philoxeroides,Alligator Weed,Reconsider Planting,True,introduced,Herb,12,Dec,False,False
Amelichloa caudata,Espartillo,Reconsider Planting,True,introduced,Grass,1,Jan,,False
Amelichloa caudata,Espartillo,Reconsider Planting,True,introduced,Grass,2,Feb,,False
Amelichloa caudata,Espartillo,Reconsider Planting,True,introduced,Grass,3,Mar,,False
Amelichloa caudata,Espartillo,Reconsider Planting,True,introduced,Grass,4,Apr,,False
Amelichloa caudata,Espartillo,Reconsider Planting,True,introduced,Grass,5,May,,False
Amelichloa caudata,Espartillo,Reconsider Planting,True,introduced,Grass,6,Jun,,False
Amelichloa caudata,Espartillo,Reconsider Planting,True,introduced,Grass,7,Jul,,False
Amelichloa caudata,Espartillo,Reconsider Planting,True,introduced,Grass,8,Aug,,False
Amelichloa caudata,Espartillo,Reconsider Planting,True,introduced,Grass,9,Sep,,False
Amelichloa caudata,Espartillo,Reconsider Planting,True,introduced,Grass,10,Oct,,False
Amelichloa caudata,Espartillo,Reconsider Planting,True,introduced,Grass,11,Nov,,False
Amelichloa caudata,Espartillo,Reconsider Planting,True,introduced,Grass,12,Dec,,False
Amperea xiphoclada,,Not Assessed,False,native,Shrub,1,Jan,True,False
Amperea xiphoclada,,Not Assessed,False,native,Shrub,2,Feb,True,False
Amperea xiphoclada,,Not Assessed,False,native,Shrub,3,Mar,True,False
Amperea xiphoclada,,Not Assessed,False,native,Shrub,4,Apr,True,False
Amperea xiphoclada,,Not Assessed,False,native,Shrub,5,May,True,False
Amperea xiphoclada,,Not Assessed,False,native,Shrub,6,Jun,True,False
Amperea xiphoclada,,Not Assessed,False,native,Shrub,7,Jul,True,False
Amperea xiphoclada,,Not Assessed,False,native,Shrub,8,Aug,True,False
Amperea xiphoclada,,Not Assessed,False,native,Shrub,9,Sep,True,False
Amperea xiphoclada,,Not Assessed,False,native,Shrub,10,Oct,True,False
Amperea xiphoclada,,Not Assessed,False,native,Shrub,11,Nov,True,False
Amperea xiphoclada,,Not Assessed,False,native,Shrub,12,Dec,True,False
Amperea xiphoclada var. xiphoclada,Broom Spurge,Not Assessed,False,native,Shrub,1,Jan,True,False
Amperea xiphoclada var. xiphoclada,Broom Spurge,Not Assessed,False,native,Shrub,2,Feb,True,False
Amperea xiphoclada var. xiphoclada,Broom Spurge,Not Assessed,False,native,Shrub,3,Mar,True,False
Amperea xiphoclada var. xiphoclada,Broom Spurge,Not Assessed,False,native,Shrub,4,Apr,True,False
Amperea xiphoclada var. xiphoclada,Broom Spurge,Not Assessed,False,native,Shrub,5,May,True,False
Amperea xiphoclada var. xiphoclada,Broom Spurge,Not Assessed,False,native,Shrub,6,Jun,True,False
Amperea xiphoclada var. xiphoclada,Broom Spurge,Not Assessed,False,native,Shrub,7,Jul,True,False
Amperea xiphoclada var. xiphoclada,Broom Spurge,Not Assessed,False,native,Shrub,8,Aug,True,False
Amperea xiphoclada var. xiphoclada,Broom Spurge,Not Assessed,False,native,Shrub,9,Sep,True,False
Amperea xiphoclada var. xiphoclada,Broom Spurge,Not Assessed,False,native,Shrub,10,Oct,True,False
Amperea xiphoclada var. xiphoclada,Broom Spurge,Not Assessed,False,native,Shrub,11,Nov,True,False
Amperea xiphoclada var. xiphoclada,Broom Spurge,Not Assessed,False,native,Shrub,12,Dec,True,False
Amphibromus archeri,Pointed Swamp Wallaby-grass,Not Assessed,False,native,Grass,1,Jan,True,False
Amphibromus archeri,Pointed Swamp Wallaby-grass,Not Assessed,False,native,Grass,2,Feb,False,False
Amphibromus archeri,Pointed Swamp Wallaby-grass,Not Assessed,False,native,Grass,3,Mar,False,False
Amphibromus archeri,Pointed Swamp Wallaby-grass,Not Assessed,False,native,Grass,4,Apr,False,False
Amphibromus archeri,Pointed Swamp Wallaby-grass,Not Assessed,False,native,Grass,5,May,False,False
Amphibromus archeri,Pointed Swamp Wallaby-grass,Not Assessed,False,native,Grass,6,Jun,False,False
Amphibromus archeri,Pointed Swamp Wallaby-grass,Not Assessed,False,native,Grass,7,Jul,False,False
Amphibromus archeri,Pointed Swamp Wallaby-grass,Not Assessed,False,native,Grass,8,Aug,False,False
Amphibromus archeri,Pointed Swamp Wallaby-grass,Not Assessed,False,native,Grass,9,Sep,False,False
Amphibromus archeri,Pointed Swamp Wallaby-grass,Not Assessed,False,native,Grass,10,Oct,True,False
Amphibromus archeri,Pointed Swamp Wallaby-grass,Not Assessed,False,native,Grass,11,Nov,True,False
Amphibromus archeri,Pointed Swamp Wallaby-grass,Not Assessed,False,native,Grass,12,Dec,True,False
Amphibromus nervosus,Common Swamp Wallaby-grass,Not Assessed,False,native,Grass,1,Jan,True,False
Amphibromus nervosus,Common Swamp Wallaby-grass,Not Assessed,False,native,Grass,2,Feb,False,False
Amphibromus nervosus,Common Swamp Wallaby-grass,Not Assessed,False,native,Grass,3,Mar,False,False
Amphibromus nervosus,Common Swamp Wallaby-grass,Not Assessed,False,native,Grass,4,Apr,False,False
Amphibromus nervosus,Common Swamp Wallaby-grass,Not Assessed,False,native,Grass,5,May,False,False
Amphibromus nervosus,Common Swamp Wallaby-grass,Not Assessed,False,native,Grass,6,Jun,False,False
Amphibromus nervosus,Common Swamp Wallaby-grass,Not Assessed,False,native,Grass,7,Jul,False,False
Amphibromus nervosus,Common Swamp Wallaby-grass,Not Assessed,False,native,Grass,8,Aug,False,False
Amphibromus nervosus,Common Swamp Wallaby-grass,Not Assessed,False,native,Grass,9,Sep,False,False
Amphibromus nervosus,Common Swamp Wallaby-grass,Not Assessed,False,native,Grass,10,Oct,True,False
Amphibromus nervosus,Common Swamp Wallaby-grass,Not Assessed,False,native,Grass,11,Nov,True,False
Amphibromus nervosus,Common Swamp Wallaby-grass,Not Assessed,False,native,Grass,12,Dec,True,False
Amyema miquelii,Box Mistletoe,Not Assessed,False,native,Shrub,1,Jan,True,False
Amyema miquelii,Box Mistletoe,Not Assessed,False,native,Shrub,2,Feb,True,False
Amyema miquelii,Box Mistletoe,Not Assessed,False,native,Shrub,3,Mar,True,False
Amyema miquelii,Box Mistletoe,Not Assessed,False,native,Shrub,4,Apr,True,False
Amyema miquelii,Box Mistletoe,Not Assessed,False,native,Shrub,5,May,True,False
Amyema miquelii,Box Mistletoe,Not Assessed,False,native,Shrub,6,Jun,True,False
Amyema miquelii,Box Mistletoe,Not Assessed,False,native,Shrub,7,Jul,True,False
Amyema miquelii,Box Mistletoe,Not Assessed,False,native,Shrub,8,Aug,True,False
Amyema miquelii,Box Mistletoe,Not Assessed,False,native,Shrub,9,Sep,True,False
Amyema miquelii,Box Mistletoe,Not Assessed,False,native,Shrub,10,Oct,True,False
Amyema miquelii,Box Mistletoe,Not Assessed,False,native,Shrub,11,Nov,True,False
Amyema miquelii,Box Mistletoe,Not Assessed,False,native,Shrub,12,Dec,True,False
Amyema miraculosa,Fleshy Mistletoe,Not Assessed,False,native,Shrub,1,Jan,True,False
Amyema miraculosa,Fleshy Mistletoe,Not Assessed,False,native,Shrub,2,Feb,True,False
Amyema miraculosa,Fleshy Mistletoe,Not Assessed,False,native,Shrub,3,Mar,True,False
Amyema miraculosa,Fleshy Mistletoe,Not Assessed,False,native,Shrub,4,Apr,True,False
Amyema miraculosa,Fleshy Mistletoe,Not Assessed,False,native,Shrub,5,May,False,False
Amyema miraculosa,Fleshy Mistletoe,Not Assessed,False,native,Shrub,6,Jun,False,False
Amyema miraculosa,Fleshy Mistletoe,Not Assessed,False,native,Shrub,7,Jul,False,False
Amyema miraculosa,Fleshy Mistletoe,Not Assessed,False,native,Shrub,8,Aug,True,False
Amyema miraculosa,Fleshy Mistletoe,Not Assessed,False,native,Shrub,9,Sep,True,False
Amyema miraculosa,Fleshy Mistletoe,Not Assessed,False,native,Shrub,10,Oct,True,False
Amyema miraculosa,Fleshy Mistletoe,Not Assessed,False,native,Shrub,11,Nov,False,False
Amyema miraculosa,Fleshy Mistletoe,Not Assessed,False,native,Shrub,12,Dec,False,False
Amyema pendula,Drooping Mistletoe,Not Assessed,False,native,Shrub,1,Jan,True,False
Amyema pendula,Drooping Mistletoe,Not Assessed,False,native,Shrub,2,Feb,True,False
Amyema pendula,Drooping Mistletoe,Not Assessed,False,native,Shrub,3,Mar,True,False
Amyema pendula,Drooping Mistletoe,Not Assessed,False,native,Shrub,4,Apr,True,False
Amyema pendula,Drooping Mistletoe,Not Assessed,False,native,Shrub,5,May,True,False
Amyema pendula,Drooping Mistletoe,Not Assessed,False,native,Shrub,6,Jun,True,False
Amyema pendula,Drooping Mistletoe,Not Assessed,False,native,Shrub,7,Jul,True,False
Amyema pendula,Drooping Mistletoe,Not Assessed,False,native,Shrub,8,Aug,True,False
Amyema pendula,Drooping Mistletoe,Not Assessed,False,native,Shrub,9,Sep,True,False
Amyema pendula,Drooping Mistletoe,Not Assessed,False,native,Shrub,10,Oct,True,False
Amyema pendula,Drooping Mistletoe,Not Assessed,False,native,Shrub,11,Nov,True,False
Amyema pendula,Drooping Mistletoe,Not Assessed,False,native,Shrub,12,Dec,True,False
Amyema pendula subsp. pendula,Drooping Mistletoe,Not Assessed,False,native,Shrub,1,Jan,True,False
Amyema pendula subsp. pendula,Drooping Mistletoe,Not Assessed,False,native,Shrub,2,Feb,True,False
Amyema pendula subsp. pendula,Drooping Mistletoe,Not Assessed,False,native,Shrub,3,Mar,True,False
Amyema pendula subsp. pendula,Drooping Mistletoe,Not Assessed,False,native,Shrub,4,Apr,True,False
Amyema pendula subsp. pendula,Drooping Mistletoe,Not Assessed,False,native,Shrub,5,May,True,False
Amyema pendula subsp. pendula,Drooping Mistletoe,Not Assessed,False,native,Shrub,6,Jun,True,False
Amyema pendula subsp. pendula,Drooping Mistletoe,Not Assessed,False,native,Shrub,7,Jul,True,False
Amyema pendula subsp. pendula,Drooping Mistletoe,Not Assessed,False,native,Shrub,8,Aug,True,False
Amyema pendula subsp. pendula,Drooping Mistletoe,Not Assessed,False,native,Shrub,9,Sep,True,False
Amyema pendula subsp. pendula,Drooping Mistletoe,Not Assessed,False,native,Shrub,10,Oct,True,False
Amyema pendula subsp. pendula,Drooping Mistletoe,Not Assessed,False,native,Shrub,11,Nov,True,False
Amyema pendula subsp. pendula,Drooping Mistletoe,Not Assessed,False,native,Shrub,12,Dec,True,False
Angianthus preissianus,Salt Angianthus,Not Assessed,False,native,Herb,1,Jan,True,False
Angianthus preissianus,Salt Angianthus,Not Assessed,False,native,Herb,2,Feb,False,False
Angianthus preissianus,Salt Angianthus,Not Assessed,False,native,Herb,3,Mar,False,False
Angianthus preissianus,Salt Angianthus,Not Assessed,False,native,Herb,4,Apr,False,False
Angianthus preissianus,Salt Angianthus,Not Assessed,False,native,Herb,5,May,False,False
Angianthus preissianus,Salt Angianthus,Not Assessed,False,native,Herb,6,Jun,False,False
Angianthus preissianus,Salt Angianthus,Not Assessed,False,native,Herb,7,Jul,False,False
Angianthus preissianus,Salt Angianthus,Not Assessed,False,native,Herb,8,Aug,True,False
Angianthus preissianus,Salt Angianthus,Not Assessed,False,native,Herb,9,Sep,True,False
Angianthus preissianus,Salt Angianthus,Not Assessed,False,native,Herb,10,Oct,True,False
Angianthus preissianus,Salt Angianthus,Not Assessed,False,native,Herb,11,Nov,True,False
Angianthus preissianus,Salt Angianthus,Not Assessed,False,native,Herb,12,Dec,True,False
Anredera cordifolia,Madeira Vine | Jalap,Reconsider Planting,True,introduced,Climber,1,Jan,True,False
Anredera cordifolia,Madeira Vine | Jalap,Reconsider Planting,True,introduced,Climber,2,Feb,True,False
Anredera cordifolia,Madeira Vine | Jalap,Reconsider Planting,True,introduced,Climber,3,Mar,True,False
Anredera cordifolia,Madeira Vine | Jalap,Reconsider Planting,True,introduced,Climber,4,Apr,True,False
Anredera cordifolia,Madeira Vine | Jalap,Reconsider Planting,True,introduced,Climber,5,May,False,False
Anredera cordifolia,Madeira Vine | Jalap,Reconsider Planting,True,introduced,Climber,6,Jun,False,False
Anredera cordifolia,Madeira Vine | Jalap,Reconsider Planting,True,introduced,Climber,7,Jul,False,False
Anredera cordifolia,Madeira Vine | Jalap,Reconsider Planting,True,introduced,Climber,8,Aug,False,False
Anredera cordifolia,Madeira Vine | Jalap,Reconsider Planting,True,introduced,Climber,9,Sep,True,False
Anredera cordifolia,Madeira Vine | Jalap,Reconsider Planting,True,introduced,Climber,10,Oct,True,False
Anredera cordifolia,Madeira Vine | Jalap,Reconsider Planting,True,introduced,Climber,11,Nov,True,False
Anredera cordifolia,Madeira Vine | Jalap,Reconsider Planting,True,introduced,Climber,12,Dec,True,False
Anthosachne scabra,Common Wheat-grass,Not Assessed,False,native,Grass,1,Jan,True,False
Anthosachne scabra,Common Wheat-grass,Not Assessed,False,native,Grass,2,Feb,True,False
Anthosachne scabra,Common Wheat-grass,Not Assessed,False,native,Grass,3,Mar,False,False
Anthosachne scabra,Common Wheat-grass,Not Assessed,False,native,Grass,4,Apr,False,False
Anthosachne scabra,Common Wheat-grass,Not Assessed,False,native,Grass,5,May,False,False
Anthosachne scabra,Common Wheat-grass,Not Assessed,False,native,Grass,6,Jun,False,False
Anthosachne scabra,Common Wheat-grass,Not Assessed,False,native,Grass,7,Jul,True,False
Anthosachne scabra,Common Wheat-grass,Not Assessed,False,native,Grass,8,Aug,True,False
Anthosachne scabra,Common Wheat-grass,Not Assessed,False,native,Grass,9,Sep,True,False
Anthosachne scabra,Common Wheat-grass,Not Assessed,False,native,Grass,10,Oct,True,False
Anthosachne scabra,Common Wheat-grass,Not Assessed,False,native,Grass,11,Nov,True,False
Anthosachne scabra,Common Wheat-grass,Not Assessed,False,native,Grass,12,Dec,True,False
Anthoxanthum odoratum,Sweet Vernal-grass,Reconsider Planting,True,introduced,Grass,1,Jan,True,False
Anthoxanthum odoratum,Sweet Vernal-grass,Reconsider Planting,True,introduced,Grass,2,Feb,True,False
Anthoxanthum odoratum,Sweet Vernal-grass,Reconsider Planting,True,introduced,Grass,3,Mar,False,False
Anthoxanthum odoratum,Sweet Vernal-grass,Reconsider Planting,True,introduced,Grass,4,Apr,False,False
Anthoxanthum odoratum,Sweet Vernal-grass,Reconsider Planting,True,introduced,Grass,5,May,False,False
Anthoxanthum odoratum,Sweet Vernal-grass,Reconsider Planting,True,introduced,Grass,6,Jun,False,False
Anthoxanthum odoratum,Sweet Vernal-grass,Reconsider Planting,True,introduced,Grass,7,Jul,False,False
Anthoxanthum odoratum,Sweet Vernal-grass,Reconsider Planting,True,introduced,Grass,8,Aug,False,False
Anthoxanthum odoratum,Sweet Vernal-grass,Reconsider Planting,True,introduced,Grass,9,Sep,True,False
Anthoxanthum odoratum,Sweet Vernal-grass,Reconsider Planting,True,introduced,Grass,10,Oct,True,False
Anthoxanthum odoratum,Sweet Vernal-grass,Reconsider Planting,True,introduced,Grass,11,Nov,True,False
Anthoxanthum odoratum,Sweet Vernal-grass,Reconsider Planting,True,introduced,Grass,12,Dec,True,False
Aotus ericoides,Common Aotus,Not Assessed,False,native,Shrub,1,Jan,False,False
Aotus ericoides,Common Aotus,Not Assessed,False,native,Shrub,2,Feb,False,False
Aotus ericoides,Common Aotus,Not Assessed,False,native,Shrub,3,Mar,False,False
Aotus ericoides,Common Aotus,Not Assessed,False,native,Shrub,4,Apr,False,False
Aotus ericoides,Common Aotus,Not Assessed,False,native,Shrub,5,May,False,False
Aotus ericoides,Common Aotus,Not Assessed,False,native,Shrub,6,Jun,False,False
Aotus ericoides,Common Aotus,Not Assessed,False,native,Shrub,7,Jul,False,False
Aotus ericoides,Common Aotus,Not Assessed,False,native,Shrub,8,Aug,True,False
Aotus ericoides,Common Aotus,Not Assessed,False,native,Shrub,9,Sep,True,False
Aotus ericoides,Common Aotus,Not Assessed,False,native,Shrub,10,Oct,True,False
Aotus ericoides,Common Aotus,Not Assessed,False,native,Shrub,11,Nov,True,False
Aotus ericoides,Common Aotus,Not Assessed,False,native,Shrub,12,Dec,False,False
Aphelia gracilis,Slender Aphelia,Not Assessed,False,native,Grass,1,Jan,False,False
Aphelia gracilis,Slender Aphelia,Not Assessed,False,native,Grass,2,Feb,False,False
Aphelia gracilis,Slender Aphelia,Not Assessed,False,native,Grass,3,Mar,False,False
Aphelia gracilis,Slender Aphelia,Not Assessed,False,native,Grass,4,Apr,False,False
Aphelia gracilis,Slender Aphelia,Not Assessed,False,native,Grass,5,May,False,False
Aphelia gracilis,Slender Aphelia,Not Assessed,False,native,Grass,6,Jun,False,False
Aphelia gracilis,Slender Aphelia,Not Assessed,False,native,Grass,7,Jul,False,False
Aphelia gracilis,Slender Aphelia,Not Assessed,False,native,Grass,8,Aug,True,False
Aphelia gracilis,Slender Aphelia,Not Assessed,False,native,Grass,9,Sep,True,False
Aphelia gracilis,Slender Aphelia,Not Assessed,False,native,Grass,10,Oct,True,False
Aphelia gracilis,Slender Aphelia,Not Assessed,False,native,Grass,11,Nov,True,False
Aphelia gracilis,Slender Aphelia,Not Assessed,False,native,Grass,12,Dec,False,False
Aphelia pumilio,Dwarf Aphelia,Not Assessed,False,native,Grass,1,Jan,False,False
Aphelia pumilio,Dwarf Aphelia,Not Assessed,False,native,Grass,2,Feb,False,False
Aphelia pumilio,Dwarf Aphelia,Not Assessed,False,native,Grass,3,Mar,False,False
Aphelia pumilio,Dwarf Aphelia,Not Assessed,False,native,Grass,4,Apr,False,False
Aphelia pumilio,Dwarf Aphelia,Not Assessed,False,native,Grass,5,May,False,False
Aphelia pumilio,Dwarf Aphelia,Not Assessed,False,native,Grass,6,Jun,False,False
Aphelia pumilio,Dwarf Aphelia,Not Assessed,False,native,Grass,7,Jul,False,False
Aphelia pumilio,Dwarf Aphelia,Not Assessed,False,native,Grass,8,Aug,False,False
Aphelia pumilio,Dwarf Aphelia,Not Assessed,False,native,Grass,9,Sep,True,False
Aphelia pumilio,Dwarf Aphelia,Not Assessed,False,native,Grass,10,Oct,True,False
Aphelia pumilio,Dwarf Aphelia,Not Assessed,False,native,Grass,11,Nov,True,False
Aphelia pumilio,Dwarf Aphelia,Not Assessed,False,native,Grass,12,Dec,False,False
Arbutus unedo,Irish Strawberry Tree,Reconsider Planting,True,introduced,Tree,1,Jan,,False
Arbutus unedo,Irish Strawberry Tree,Reconsider Planting,True,introduced,Tree,2,Feb,,False
Arbutus unedo,Irish Strawberry Tree,Reconsider Planting,True,introduced,Tree,3,Mar,,False
Arbutus unedo,Irish Strawberry Tree,Reconsider Planting,True,introduced,Tree,4,Apr,,False
Arbutus unedo,Irish Strawberry Tree,Reconsider Planting,True,introduced,Tree,5,May,,False
Arbutus unedo,Irish Strawberry Tree,Reconsider Planting,True,introduced,Tree,6,Jun,,False
Arbutus unedo,Irish Strawberry Tree,Reconsider Planting,True,introduced,Tree,7,Jul,,False
Arbutus unedo,Irish Strawberry Tree,Reconsider Planting,True,introduced,Tree,8,Aug,,False
Arbutus unedo,Irish Strawberry Tree,Reconsider Planting,True,introduced,Tree,9,Sep,,False
Arbutus unedo,Irish Strawberry Tree,Reconsider Planting,True,introduced,Tree,10,Oct,,False
Arbutus unedo,Irish Strawberry Tree,Reconsider Planting,True,introduced,Tree,11,Nov,,False
Arbutus unedo,Irish Strawberry Tree,Reconsider Planting,True,introduced,Tree,12,Dec,,False
Arctotheca calendula,Capeweed,Use Caution,True,introduced,Herb,1,Jan,True,False
Arctotheca calendula,Capeweed,Use Caution,True,introduced,Herb,2,Feb,False,False
Arctotheca calendula,Capeweed,Use Caution,True,introduced,Herb,3,Mar,False,False
Arctotheca calendula,Capeweed,Use Caution,True,introduced,Herb,4,Apr,False,False
Arctotheca calendula,Capeweed,Use Caution,True,introduced,Herb,5,May,True,False
Arctotheca calendula,Capeweed,Use Caution,True,introduced,Herb,6,Jun,True,False
Arctotheca calendula,Capeweed,Use Caution,True,introduced,Herb,7,Jul,True,False
Arctotheca calendula,Capeweed,Use Caution,True,introduced,Herb,8,Aug,True,False
Arctotheca calendula,Capeweed,Use Caution,True,introduced,Herb,9,Sep,True,False
Arctotheca calendula,Capeweed,Use Caution,True,introduced,Herb,10,Oct,True,False
Arctotheca calendula,Capeweed,Use Caution,True,introduced,Herb,11,Nov,True,False
Arctotheca calendula,Capeweed,Use Caution,True,introduced,Herb,12,Dec,True,False
Arthropodium fimbriatum,Nodding Chocolate-lily,Not Assessed,False,native,Herb,1,Jan,True,False
Arthropodium fimbriatum,Nodding Chocolate-lily,Not Assessed,False,native,Herb,2,Feb,True,False
Arthropodium fimbriatum,Nodding Chocolate-lily,Not Assessed,False,native,Herb,3,Mar,False,False
Arthropodium fimbriatum,Nodding Chocolate-lily,Not Assessed,False,native,Herb,4,Apr,False,False
Arthropodium fimbriatum,Nodding Chocolate-lily,Not Assessed,False,native,Herb,5,May,False,False
Arthropodium fimbriatum,Nodding Chocolate-lily,Not Assessed,False,native,Herb,6,Jun,False,False
Arthropodium fimbriatum,Nodding Chocolate-lily,Not Assessed,False,native,Herb,7,Jul,False,False
Arthropodium fimbriatum,Nodding Chocolate-lily,Not Assessed,False,native,Herb,8,Aug,False,False
Arthropodium fimbriatum,Nodding Chocolate-lily,Not Assessed,False,native,Herb,9,Sep,True,False
Arthropodium fimbriatum,Nodding Chocolate-lily,Not Assessed,False,native,Herb,10,Oct,True,False
Arthropodium fimbriatum,Nodding Chocolate-lily,Not Assessed,False,native,Herb,11,Nov,True,False
Arthropodium fimbriatum,Nodding Chocolate-lily,Not Assessed,False,native,Herb,12,Dec,True,False
Arthropodium milleflorum,Pale Vanilla-lily,Not Assessed,False,native,Herb,1,Jan,True,False
Arthropodium milleflorum,Pale Vanilla-lily,Not Assessed,False,native,Herb,2,Feb,True,False
Arthropodium milleflorum,Pale Vanilla-lily,Not Assessed,False,native,Herb,3,Mar,False,False
Arthropodium milleflorum,Pale Vanilla-lily,Not Assessed,False,native,Herb,4,Apr,False,False
Arthropodium milleflorum,Pale Vanilla-lily,Not Assessed,False,native,Herb,5,May,False,False
Arthropodium milleflorum,Pale Vanilla-lily,Not Assessed,False,native,Herb,6,Jun,False,False
Arthropodium milleflorum,Pale Vanilla-lily,Not Assessed,False,native,Herb,7,Jul,False,False
Arthropodium milleflorum,Pale Vanilla-lily,Not Assessed,False,native,Herb,8,Aug,False,False
Arthropodium milleflorum,Pale Vanilla-lily,Not Assessed,False,native,Herb,9,Sep,False,False
Arthropodium milleflorum,Pale Vanilla-lily,Not Assessed,False,native,Herb,10,Oct,False,False
Arthropodium milleflorum,Pale Vanilla-lily,Not Assessed,False,native,Herb,11,Nov,True,False
Arthropodium milleflorum,Pale Vanilla-lily,Not Assessed,False,native,Herb,12,Dec,True,False
Arthropodium strictum,Chocolate Lily,Not Assessed,False,native,Herb,1,Jan,True,False
Arthropodium strictum,Chocolate Lily,Not Assessed,False,native,Herb,2,Feb,False,False
Arthropodium strictum,Chocolate Lily,Not Assessed,False,native,Herb,3,Mar,False,False
Arthropodium strictum,Chocolate Lily,Not Assessed,False,native,Herb,4,Apr,False,False
Arthropodium strictum,Chocolate Lily,Not Assessed,False,native,Herb,5,May,False,False
Arthropodium strictum,Chocolate Lily,Not Assessed,False,native,Herb,6,Jun,False,False
Arthropodium strictum,Chocolate Lily,Not Assessed,False,native,Herb,7,Jul,False,False
Arthropodium strictum,Chocolate Lily,Not Assessed,False,native,Herb,8,Aug,True,False
Arthropodium strictum,Chocolate Lily,Not Assessed,False,native,Herb,9,Sep,True,False
Arthropodium strictum,Chocolate Lily,Not Assessed,False,native,Herb,10,Oct,True,False
Arthropodium strictum,Chocolate Lily,Not Assessed,False,native,Herb,11,Nov,True,False
Arthropodium strictum,Chocolate Lily,Not Assessed,False,native,Herb,12,Dec,True,False
Asparagus asparagoides,Bridal Creeper,Reconsider Planting,True,introduced,Climber,1,Jan,False,False
Asparagus asparagoides,Bridal Creeper,Reconsider Planting,True,introduced,Climber,2,Feb,False,False
Asparagus asparagoides,Bridal Creeper,Reconsider Planting,True,introduced,Climber,3,Mar,False,False
Asparagus asparagoides,Bridal Creeper,Reconsider Planting,True,introduced,Climber,4,Apr,False,False
Asparagus asparagoides,Bridal Creeper,Reconsider Planting,True,introduced,Climber,5,May,False,False
Asparagus asparagoides,Bridal Creeper,Reconsider Planting,True,introduced,Climber,6,Jun,True,False
Asparagus asparagoides,Bridal Creeper,Reconsider Planting,True,introduced,Climber,7,Jul,True,False
Asparagus asparagoides,Bridal Creeper,Reconsider Planting,True,introduced,Climber,8,Aug,True,False
Asparagus asparagoides,Bridal Creeper,Reconsider Planting,True,introduced,Climber,9,Sep,True,False
Asparagus asparagoides,Bridal Creeper,Reconsider Planting,True,introduced,Climber,10,Oct,False,False
Asparagus asparagoides,Bridal Creeper,Reconsider Planting,True,introduced,Climber,11,Nov,False,False
Asparagus asparagoides,Bridal Creeper,Reconsider Planting,True,introduced,Climber,12,Dec,False,False
Atriplex cinerea,Coast Saltbush,Not Assessed,False,native,Shrub,1,Jan,True,False
Atriplex cinerea,Coast Saltbush,Not Assessed,False,native,Shrub,2,Feb,True,False
Atriplex cinerea,Coast Saltbush,Not Assessed,False,native,Shrub,3,Mar,True,False
Atriplex cinerea,Coast Saltbush,Not Assessed,False,native,Shrub,4,Apr,True,False
Atriplex cinerea,Coast Saltbush,Not Assessed,False,native,Shrub,5,May,True,False
Atriplex cinerea,Coast Saltbush,Not Assessed,False,native,Shrub,6,Jun,True,False
Atriplex cinerea,Coast Saltbush,Not Assessed,False,native,Shrub,7,Jul,True,False
Atriplex cinerea,Coast Saltbush,Not Assessed,False,native,Shrub,8,Aug,True,False
Atriplex cinerea,Coast Saltbush,Not Assessed,False,native,Shrub,9,Sep,True,False
Atriplex cinerea,Coast Saltbush,Not Assessed,False,native,Shrub,10,Oct,True,False
Atriplex cinerea,Coast Saltbush,Not Assessed,False,native,Shrub,11,Nov,True,False
Atriplex cinerea,Coast Saltbush,Not Assessed,False,native,Shrub,12,Dec,True,False
Atriplex prostrata,Orache,Reconsider Planting,True,introduced,Herb,1,Jan,,False
Atriplex prostrata,Orache,Reconsider Planting,True,introduced,Herb,2,Feb,,False
Atriplex prostrata,Orache,Reconsider Planting,True,introduced,Herb,3,Mar,,False
Atriplex prostrata,Orache,Reconsider Planting,True,introduced,Herb,4,Apr,,False
Atriplex prostrata,Orache,Reconsider Planting,True,introduced,Herb,5,May,,False
Atriplex prostrata,Orache,Reconsider Planting,True,introduced,Herb,6,Jun,,False
Atriplex prostrata,Orache,Reconsider Planting,True,introduced,Herb,7,Jul,,False
Atriplex prostrata,Orache,Reconsider Planting,True,introduced,Herb,8,Aug,,False
Atriplex prostrata,Orache,Reconsider Planting,True,introduced,Herb,9,Sep,,False
Atriplex prostrata,Orache,Reconsider Planting,True,introduced,Herb,10,Oct,,False
Atriplex prostrata,Orache,Reconsider Planting,True,introduced,Herb,11,Nov,,False
Atriplex prostrata,Orache,Reconsider Planting,True,introduced,Herb,12,Dec,,False
Austrostipa mollis,Supple Spear-grass,Not Assessed,False,native,Grass,1,Jan,True,False
Austrostipa mollis,Supple Spear-grass,Not Assessed,False,native,Grass,2,Feb,True,False
Austrostipa mollis,Supple Spear-grass,Not Assessed,False,native,Grass,3,Mar,False,False
Austrostipa mollis,Supple Spear-grass,Not Assessed,False,native,Grass,4,Apr,False,False
Austrostipa mollis,Supple Spear-grass,Not Assessed,False,native,Grass,5,May,False,False
Austrostipa mollis,Supple Spear-grass,Not Assessed,False,native,Grass,6,Jun,False,False
Austrostipa mollis,Supple Spear-grass,Not Assessed,False,native,Grass,7,Jul,False,False
Austrostipa mollis,Supple Spear-grass,Not Assessed,False,native,Grass,8,Aug,True,False
Austrostipa mollis,Supple Spear-grass,Not Assessed,False,native,Grass,9,Sep,True,False
Austrostipa mollis,Supple Spear-grass,Not Assessed,False,native,Grass,10,Oct,True,False
Austrostipa mollis,Supple Spear-grass,Not Assessed,False,native,Grass,11,Nov,True,False
Austrostipa mollis,Supple Spear-grass,Not Assessed,False,native,Grass,12,Dec,True,False
Austrostipa pubinodis,Tall Spear-grass,Not Assessed,False,native,Grass,1,Jan,True,False
Austrostipa pubinodis,Tall Spear-grass,Not Assessed,False,native,Grass,2,Feb,True,False
Austrostipa pubinodis,Tall Spear-grass,Not Assessed,False,native,Grass,3,Mar,False,False
Austrostipa pubinodis,Tall Spear-grass,Not Assessed,False,native,Grass,4,Apr,False,False
Austrostipa pubinodis,Tall Spear-grass,Not Assessed,False,native,Grass,5,May,False,False
Austrostipa pubinodis,Tall Spear-grass,Not Assessed,False,native,Grass,6,Jun,False,False
Austrostipa pubinodis,Tall Spear-grass,Not Assessed,False,native,Grass,7,Jul,False,False
Austrostipa pubinodis,Tall Spear-grass,Not Assessed,False,native,Grass,8,Aug,False,False
Austrostipa pubinodis,Tall Spear-grass,Not Assessed,False,native,Grass,9,Sep,True,False
Austrostipa pubinodis,Tall Spear-grass,Not Assessed,False,native,Grass,10,Oct,True,False
Austrostipa pubinodis,Tall Spear-grass,Not Assessed,False,native,Grass,11,Nov,True,False
Austrostipa pubinodis,Tall Spear-grass,Not Assessed,False,native,Grass,12,Dec,True,False
Austrostipa rudis,Veined Spear-grass,Not Assessed,False,native,Grass,1,Jan,True,False
Austrostipa rudis,Veined Spear-grass,Not Assessed,False,native,Grass,2,Feb,True,False
Austrostipa rudis,Veined Spear-grass,Not Assessed,False,native,Grass,3,Mar,False,False
Austrostipa rudis,Veined Spear-grass,Not Assessed,False,native,Grass,4,Apr,False,False
Austrostipa rudis,Veined Spear-grass,Not Assessed,False,native,Grass,5,May,False,False
Austrostipa rudis,Veined Spear-grass,Not Assessed,False,native,Grass,6,Jun,False,False
Austrostipa rudis,Veined Spear-grass,Not Assessed,False,native,Grass,7,Jul,False,False
Austrostipa rudis,Veined Spear-grass,Not Assessed,False,native,Grass,8,Aug,False,False
Austrostipa rudis,Veined Spear-grass,Not Assessed,False,native,Grass,9,Sep,True,False
Austrostipa rudis,Veined Spear-grass,Not Assessed,False,native,Grass,10,Oct,True,False
Austrostipa rudis,Veined Spear-grass,Not Assessed,False,native,Grass,11,Nov,True,False
Austrostipa rudis,Veined Spear-grass,Not Assessed,False,native,Grass,12,Dec,True,False
Austrostipa rudis subsp. rudis,Veined Spear-grass,Not Assessed,False,native,Grass,1,Jan,True,False
Austrostipa rudis subsp. rudis,Veined Spear-grass,Not Assessed,False,native,Grass,2,Feb,True,False
Austrostipa rudis subsp. rudis,Veined Spear-grass,Not Assessed,False,native,Grass,3,Mar,False,False
Austrostipa rudis subsp. rudis,Veined Spear-grass,Not Assessed,False,native,Grass,4,Apr,False,False
Austrostipa rudis subsp. rudis,Veined Spear-grass,Not Assessed,False,native,Grass,5,May,False,False
Austrostipa rudis subsp. rudis,Veined Spear-grass,Not Assessed,False,native,Grass,6,Jun,False,False
Austrostipa rudis subsp. rudis,Veined Spear-grass,Not Assessed,False,native,Grass,7,Jul,False,False
Austrostipa rudis subsp. rudis,Veined Spear-grass,Not Assessed,False,native,Grass,8,Aug,False,False
Austrostipa rudis subsp. rudis,Veined Spear-grass,Not Assessed,False,native,Grass,9,Sep,True,False
Austrostipa rudis subsp. rudis,Veined Spear-grass,Not Assessed,False,native,Grass,10,Oct,True,False
Austrostipa rudis subsp. rudis,Veined Spear-grass,Not Assessed,False,native,Grass,11,Nov,True,False
Austrostipa rudis subsp. rudis,Veined Spear-grass,Not Assessed,False,native,Grass,12,Dec,True,False
Austrostipa scabra,,Not Assessed,False,native,Grass,1,Jan,False,False
Austrostipa scabra,,Not Assessed,False,native,Grass,2,Feb,False,False
Austrostipa scabra,,Not Assessed,False,native,Grass,3,Mar,False,False
Austrostipa scabra,,Not Assessed,False,native,Grass,4,Apr,False,False
Austrostipa scabra,,Not Assessed,False,native,Grass,5,May,True,False
Austrostipa scabra,,Not Assessed,False,native,Grass,6,Jun,True,False
Austrostipa scabra,,Not Assessed,False,native,Grass,7,Jul,True,False
Austrostipa scabra,,Not Assessed,False,native,Grass,8,Aug,True,False
Austrostipa scabra,,Not Assessed,False,native,Grass,9,Sep,True,False
Austrostipa scabra,,Not Assessed,False,native,Grass,10,Oct,True,False
Austrostipa scabra,,Not Assessed,False,native,Grass,11,Nov,True,False
Austrostipa scabra,,Not Assessed,False,native,Grass,12,Dec,True,False
Austrostipa scabra subsp. scabra,Rough Spear-grass,Not Assessed,False,native,Grass,1,Jan,False,False
Austrostipa scabra subsp. scabra,Rough Spear-grass,Not Assessed,False,native,Grass,2,Feb,False,False
Austrostipa scabra subsp. scabra,Rough Spear-grass,Not Assessed,False,native,Grass,3,Mar,False,False
Austrostipa scabra subsp. scabra,Rough Spear-grass,Not Assessed,False,native,Grass,4,Apr,False,False
Austrostipa scabra subsp. scabra,Rough Spear-grass,Not Assessed,False,native,Grass,5,May,True,False
Austrostipa scabra subsp. scabra,Rough Spear-grass,Not Assessed,False,native,Grass,6,Jun,True,False
Austrostipa scabra subsp. scabra,Rough Spear-grass,Not Assessed,False,native,Grass,7,Jul,True,False
Austrostipa scabra subsp. scabra,Rough Spear-grass,Not Assessed,False,native,Grass,8,Aug,True,False
Austrostipa scabra subsp. scabra,Rough Spear-grass,Not Assessed,False,native,Grass,9,Sep,True,False
Austrostipa scabra subsp. scabra,Rough Spear-grass,Not Assessed,False,native,Grass,10,Oct,True,False
Austrostipa scabra subsp. scabra,Rough Spear-grass,Not Assessed,False,native,Grass,11,Nov,True,False
Austrostipa scabra subsp. scabra,Rough Spear-grass,Not Assessed,False,native,Grass,12,Dec,True,False
Austrostipa stipoides,,Not Assessed,False,native,Grass,1,Jan,True,False
Austrostipa stipoides,,Not Assessed,False,native,Grass,2,Feb,True,False
Austrostipa stipoides,,Not Assessed,False,native,Grass,3,Mar,True,False
Austrostipa stipoides,,Not Assessed,False,native,Grass,4,Apr,False,False
Austrostipa stipoides,,Not Assessed,False,native,Grass,5,May,False,False
Austrostipa stipoides,,Not Assessed,False,native,Grass,6,Jun,False,False
Austrostipa stipoides,,Not Assessed,False,native,Grass,7,Jul,False,False
Austrostipa stipoides,,Not Assessed,False,native,Grass,8,Aug,False,False
Austrostipa stipoides,,Not Assessed,False,native,Grass,9,Sep,True,False
Austrostipa stipoides,,Not Assessed,False,native,Grass,10,Oct,True,False
Austrostipa stipoides,,Not Assessed,False,native,Grass,11,Nov,True,False
Austrostipa stipoides,,Not Assessed,False,native,Grass,12,Dec,True,False
Avena fatua,Wild Oat,Reconsider Planting,True,introduced,Grass,1,Jan,True,False
Avena fatua,Wild Oat,Reconsider Planting,True,introduced,Grass,2,Feb,False,False
Avena fatua,Wild Oat,Reconsider Planting,True,introduced,Grass,3,Mar,False,False
Avena fatua,Wild Oat,Reconsider Planting,True,introduced,Grass,4,Apr,False,False
Avena fatua,Wild Oat,Reconsider Planting,True,introduced,Grass,5,May,True,False
Avena fatua,Wild Oat,Reconsider Planting,True,introduced,Grass,6,Jun,True,False
Avena fatua,Wild Oat,Reconsider Planting,True,introduced,Grass,7,Jul,True,False
Avena fatua,Wild Oat,Reconsider Planting,True,introduced,Grass,8,Aug,True,False
Avena fatua,Wild Oat,Reconsider Planting,True,introduced,Grass,9,Sep,True,False
Avena fatua,Wild Oat,Reconsider Planting,True,introduced,Grass,10,Oct,True,False
Avena fatua,Wild Oat,Reconsider Planting,True,introduced,Grass,11,Nov,True,False
Avena fatua,Wild Oat,Reconsider Planting,True,introduced,Grass,12,Dec,True,False
Avena sterilis,Sterile Oat,Use Caution,True,introduced,Grass,1,Jan,False,False
Avena sterilis,Sterile Oat,Use Caution,True,introduced,Grass,2,Feb,False,False
Avena sterilis,Sterile Oat,Use Caution,True,introduced,Grass,3,Mar,False,False
Avena sterilis,Sterile Oat,Use Caution,True,introduced,Grass,4,Apr,False,False
Avena sterilis,Sterile Oat,Use Caution,True,introduced,Grass,5,May,False,False
Avena sterilis,Sterile Oat,Use Caution,True,introduced,Grass,6,Jun,False,False
Avena sterilis,Sterile Oat,Use Caution,True,introduced,Grass,7,Jul,False,False
Avena sterilis,Sterile Oat,Use Caution,True,introduced,Grass,8,Aug,False,False
Avena sterilis,Sterile Oat,Use Caution,True,introduced,Grass,9,Sep,True,False
Avena sterilis,Sterile Oat,Use Caution,True,introduced,Grass,10,Oct,True,False
Avena sterilis,Sterile Oat,Use Caution,True,introduced,Grass,11,Nov,True,False
Avena sterilis,Sterile Oat,Use Caution,True,introduced,Grass,12,Dec,False,False
Azolla rubra,Pacific Azolla,Not Assessed,False,native,Fern,1,Jan,,False
Azolla rubra,Pacific Azolla,Not Assessed,False,native,Fern,2,Feb,,False
Azolla rubra,Pacific Azolla,Not Assessed,False,native,Fern,3,Mar,,False
Azolla rubra,Pacific Azolla,Not Assessed,False,native,Fern,4,Apr,,False
Azolla rubra,Pacific Azolla,Not Assessed,False,native,Fern,5,May,,False
Azolla rubra,Pacific Azolla,Not Assessed,False,native,Fern,6,Jun,,False
Azolla rubra,Pacific Azolla,Not Assessed,False,native,Fern,7,Jul,,False
Azolla rubra,Pacific Azolla,Not Assessed,False,native,Fern,8,Aug,,False
Azolla rubra,Pacific Azolla,Not Assessed,False,native,Fern,9,Sep,,False
Azolla rubra,Pacific Azolla,Not Assessed,False,native,Fern,10,Oct,,False
Azolla rubra,Pacific Azolla,Not Assessed,False,native,Fern,11,Nov,,False
Azolla rubra,Pacific Azolla,Not Assessed,False,native,Fern,12,Dec,,False
Banksia integrifolia,Coast Banksia,Not Assessed,False,native,Tree,1,Jan,True,False
Banksia integrifolia,Coast Banksia,Not Assessed,False,native,Tree,2,Feb,True,False
Banksia integrifolia,Coast Banksia,Not Assessed,False,native,Tree,3,Mar,True,False
Banksia integrifolia,Coast Banksia,Not Assessed,False,native,Tree,4,Apr,True,False
Banksia integrifolia,Coast Banksia,Not Assessed,False,native,Tree,5,May,True,False
Banksia integrifolia,Coast Banksia,Not Assessed,False,native,Tree,6,Jun,True,False
Banksia integrifolia,Coast Banksia,Not Assessed,False,native,Tree,7,Jul,True,False
Banksia integrifolia,Coast Banksia,Not Assessed,False,native,Tree,8,Aug,False,False
Banksia integrifolia,Coast Banksia,Not Assessed,False,native,Tree,9,Sep,True,False
Banksia integrifolia,Coast Banksia,Not Assessed,False,native,Tree,10,Oct,True,False
Banksia integrifolia,Coast Banksia,Not Assessed,False,native,Tree,11,Nov,True,False
Banksia integrifolia,Coast Banksia,Not Assessed,False,native,Tree,12,Dec,False,False
Banksia integrifolia subsp. integrifolia,Coast Banksia,Not Assessed,False,native,Tree,1,Jan,True,False
Banksia integrifolia subsp. integrifolia,Coast Banksia,Not Assessed,False,native,Tree,2,Feb,True,False
Banksia integrifolia subsp. integrifolia,Coast Banksia,Not Assessed,False,native,Tree,3,Mar,True,False
Banksia integrifolia subsp. integrifolia,Coast Banksia,Not Assessed,False,native,Tree,4,Apr,True,False
Banksia integrifolia subsp. integrifolia,Coast Banksia,Not Assessed,False,native,Tree,5,May,True,False
Banksia integrifolia subsp. integrifolia,Coast Banksia,Not Assessed,False,native,Tree,6,Jun,True,False
Banksia integrifolia subsp. integrifolia,Coast Banksia,Not Assessed,False,native,Tree,7,Jul,True,False
Banksia integrifolia subsp. integrifolia,Coast Banksia,Not Assessed,False,native,Tree,8,Aug,False,False
Banksia integrifolia subsp. integrifolia,Coast Banksia,Not Assessed,False,native,Tree,9,Sep,True,False
Banksia integrifolia subsp. integrifolia,Coast Banksia,Not Assessed,False,native,Tree,10,Oct,True,False
Banksia integrifolia subsp. integrifolia,Coast Banksia,Not Assessed,False,native,Tree,11,Nov,True,False
Banksia integrifolia subsp. integrifolia,Coast Banksia,Not Assessed,False,native,Tree,12,Dec,False,False
Banksia marginata,Silver Banksia | Warrock,Not Assessed,False,native,Shrub,1,Jan,False,False
Banksia marginata,Silver Banksia | Warrock,Not Assessed,False,native,Shrub,2,Feb,True,False
Banksia marginata,Silver Banksia | Warrock,Not Assessed,False,native,Shrub,3,Mar,True,False
Banksia marginata,Silver Banksia | Warrock,Not Assessed,False,native,Shrub,4,Apr,True,False
Banksia marginata,Silver Banksia | Warrock,Not Assessed,False,native,Shrub,5,May,True,False
Banksia marginata,Silver Banksia | Warrock,Not Assessed,False,native,Shrub,6,Jun,True,False
Banksia marginata,Silver Banksia | Warrock,Not Assessed,False,native,Shrub,7,Jul,True,False
Banksia marginata,Silver Banksia | Warrock,Not Assessed,False,native,Shrub,8,Aug,False,False
Banksia marginata,Silver Banksia | Warrock,Not Assessed,False,native,Shrub,9,Sep,False,False
Banksia marginata,Silver Banksia | Warrock,Not Assessed,False,native,Shrub,10,Oct,False,False
Banksia marginata,Silver Banksia | Warrock,Not Assessed,False,native,Shrub,11,Nov,False,False
Banksia marginata,Silver Banksia | Warrock,Not Assessed,False,native,Shrub,12,Dec,False,False
Bellis perennis,English Daisy,Use Caution,True,introduced,Herb,1,Jan,,False
Bellis perennis,English Daisy,Use Caution,True,introduced,Herb,2,Feb,,False
Bellis perennis,English Daisy,Use Caution,True,introduced,Herb,3,Mar,,False
Bellis perennis,English Daisy,Use Caution,True,introduced,Herb,4,Apr,,False
Bellis perennis,English Daisy,Use Caution,True,introduced,Herb,5,May,,False
Bellis perennis,English Daisy,Use Caution,True,introduced,Herb,6,Jun,,False
Bellis perennis,English Daisy,Use Caution,True,introduced,Herb,7,Jul,,False
Bellis perennis,English Daisy,Use Caution,True,introduced,Herb,8,Aug,,False
Bellis perennis,English Daisy,Use Caution,True,introduced,Herb,9,Sep,,False
Bellis perennis,English Daisy,Use Caution,True,introduced,Herb,10,Oct,,False
Bellis perennis,English Daisy,Use Caution,True,introduced,Herb,11,Nov,,False
Bellis perennis,English Daisy,Use Caution,True,introduced,Herb,12,Dec,,False
Berula erecta,Water Parsnip,Lower Concern,False,uncertain,Herb,1,Jan,True,False
Berula erecta,Water Parsnip,Lower Concern,False,uncertain,Herb,2,Feb,True,False
Berula erecta,Water Parsnip,Lower Concern,False,uncertain,Herb,3,Mar,True,False
Berula erecta,Water Parsnip,Lower Concern,False,uncertain,Herb,4,Apr,False,False
Berula erecta,Water Parsnip,Lower Concern,False,uncertain,Herb,5,May,False,False
Berula erecta,Water Parsnip,Lower Concern,False,uncertain,Herb,6,Jun,False,False
Berula erecta,Water Parsnip,Lower Concern,False,uncertain,Herb,7,Jul,False,False
Berula erecta,Water Parsnip,Lower Concern,False,uncertain,Herb,8,Aug,False,False
Berula erecta,Water Parsnip,Lower Concern,False,uncertain,Herb,9,Sep,False,False
Berula erecta,Water Parsnip,Lower Concern,False,uncertain,Herb,10,Oct,False,False
Berula erecta,Water Parsnip,Lower Concern,False,uncertain,Herb,11,Nov,False,False
Berula erecta,Water Parsnip,Lower Concern,False,uncertain,Herb,12,Dec,False,False
Bidens pilosa,Cobbler's-pegs,Lower Concern,False,introduced,Herb,1,Jan,True,False
Bidens pilosa,Cobbler's-pegs,Lower Concern,False,introduced,Herb,2,Feb,True,False
Bidens pilosa,Cobbler's-pegs,Lower Concern,False,introduced,Herb,3,Mar,True,False
Bidens pilosa,Cobbler's-pegs,Lower Concern,False,introduced,Herb,4,Apr,True,False
Bidens pilosa,Cobbler's-pegs,Lower Concern,False,introduced,Herb,5,May,True,False
Bidens pilosa,Cobbler's-pegs,Lower Concern,False,introduced,Herb,6,Jun,True,False
Bidens pilosa,Cobbler's-pegs,Lower Concern,False,introduced,Herb,7,Jul,True,False
Bidens pilosa,Cobbler's-pegs,Lower Concern,False,introduced,Herb,8,Aug,True,False
Bidens pilosa,Cobbler's-pegs,Lower Concern,False,introduced,Herb,9,Sep,True,False
Bidens pilosa,Cobbler's-pegs,Lower Concern,False,introduced,Herb,10,Oct,True,False
Bidens pilosa,Cobbler's-pegs,Lower Concern,False,introduced,Herb,11,Nov,True,False
Bidens pilosa,Cobbler's-pegs,Lower Concern,False,introduced,Herb,12,Dec,True,False
Bidens pilosa var. minor,Cobbler's-pegs,Lower Concern,False,introduced,Herb,1,Jan,True,False
Bidens pilosa var. minor,Cobbler's-pegs,Lower Concern,False,introduced,Herb,2,Feb,True,False
Bidens pilosa var. minor,Cobbler's-pegs,Lower Concern,False,introduced,Herb,3,Mar,True,False
Bidens pilosa var. minor,Cobbler's-pegs,Lower Concern,False,introduced,Herb,4,Apr,True,False
Bidens pilosa var. minor,Cobbler's-pegs,Lower Concern,False,introduced,Herb,5,May,True,False
Bidens pilosa var. minor,Cobbler's-pegs,Lower Concern,False,introduced,Herb,6,Jun,True,False
Bidens pilosa var. minor,Cobbler's-pegs,Lower Concern,False,introduced,Herb,7,Jul,True,False
Bidens pilosa var. minor,Cobbler's-pegs,Lower Concern,False,introduced,Herb,8,Aug,True,False
Bidens pilosa var. minor,Cobbler's-pegs,Lower Concern,False,introduced,Herb,9,Sep,True,False
Bidens pilosa var. minor,Cobbler's-pegs,Lower Concern,False,introduced,Herb,10,Oct,True,False
Bidens pilosa var. minor,Cobbler's-pegs,Lower Concern,False,introduced,Herb,11,Nov,True,False
Bidens pilosa var. minor,Cobbler's-pegs,Lower Concern,False,introduced,Herb,12,Dec,True,False
Billardiera mutabilis,Common Apple-berry,Not Assessed,False,native,Shrub,1,Jan,True,False
Billardiera mutabilis,Common Apple-berry,Not Assessed,False,native,Shrub,2,Feb,False,False
Billardiera mutabilis,Common Apple-berry,Not Assessed,False,native,Shrub,3,Mar,False,False
Billardiera mutabilis,Common Apple-berry,Not Assessed,False,native,Shrub,4,Apr,False,False
Billardiera mutabilis,Common Apple-berry,Not Assessed,False,native,Shrub,5,May,False,False
Billardiera mutabilis,Common Apple-berry,Not Assessed,False,native,Shrub,6,Jun,False,False
Billardiera mutabilis,Common Apple-berry,Not Assessed,False,native,Shrub,7,Jul,False,False
Billardiera mutabilis,Common Apple-berry,Not Assessed,False,native,Shrub,8,Aug,False,False
Billardiera mutabilis,Common Apple-berry,Not Assessed,False,native,Shrub,9,Sep,True,False
Billardiera mutabilis,Common Apple-berry,Not Assessed,False,native,Shrub,10,Oct,True,False
Billardiera mutabilis,Common Apple-berry,Not Assessed,False,native,Shrub,11,Nov,True,False
Billardiera mutabilis,Common Apple-berry,Not Assessed,False,native,Shrub,12,Dec,True,False
Billardiera scandens,Common Apple-berry,Not Assessed,False,native,Climber,1,Jan,True,False
Billardiera scandens,Common Apple-berry,Not Assessed,False,native,Climber,2,Feb,True,False
Billardiera scandens,Common Apple-berry,Not Assessed,False,native,Climber,3,Mar,False,False
Billardiera scandens,Common Apple-berry,Not Assessed,False,native,Climber,4,Apr,False,False
Billardiera scandens,Common Apple-berry,Not Assessed,False,native,Climber,5,May,False,False
Billardiera scandens,Common Apple-berry,Not Assessed,False,native,Climber,6,Jun,False,False
Billardiera scandens,Common Apple-berry,Not Assessed,False,native,Climber,7,Jul,False,False
Billardiera scandens,Common Apple-berry,Not Assessed,False,native,Climber,8,Aug,False,False
Billardiera scandens,Common Apple-berry,Not Assessed,False,native,Climber,9,Sep,True,False
Billardiera scandens,Common Apple-berry,Not Assessed,False,native,Climber,10,Oct,True,False
Billardiera scandens,Common Apple-berry,Not Assessed,False,native,Climber,11,Nov,True,False
Billardiera scandens,Common Apple-berry,Not Assessed,False,native,Climber,12,Dec,True,False
Boronia parviflora,Swamp Boronia,Not Assessed,False,native,Shrub,1,Jan,True,False
Boronia parviflora,Swamp Boronia,Not Assessed,False,native,Shrub,2,Feb,True,False
Boronia parviflora,Swamp Boronia,Not Assessed,False,native,Shrub,3,Mar,True,False
Boronia parviflora,Swamp Boronia,Not Assessed,False,native,Shrub,4,Apr,True,False
Boronia parviflora,Swamp Boronia,Not Assessed,False,native,Shrub,5,May,True,False
Boronia parviflora,Swamp Boronia,Not Assessed,False,native,Shrub,6,Jun,True,False
Boronia parviflora,Swamp Boronia,Not Assessed,False,native,Shrub,7,Jul,True,False
Boronia parviflora,Swamp Boronia,Not Assessed,False,native,Shrub,8,Aug,True,False
Boronia parviflora,Swamp Boronia,Not Assessed,False,native,Shrub,9,Sep,True,False
Boronia parviflora,Swamp Boronia,Not Assessed,False,native,Shrub,10,Oct,True,False
Boronia parviflora,Swamp Boronia,Not Assessed,False,native,Shrub,11,Nov,True,False
Boronia parviflora,Swamp Boronia,Not Assessed,False,native,Shrub,12,Dec,True,False
Bossiaea cinerea,Showy Bossiaea,Not Assessed,False,native,Shrub,1,Jan,False,False
Bossiaea cinerea,Showy Bossiaea,Not Assessed,False,native,Shrub,2,Feb,False,False
Bossiaea cinerea,Showy Bossiaea,Not Assessed,False,native,Shrub,3,Mar,False,False
Bossiaea cinerea,Showy Bossiaea,Not Assessed,False,native,Shrub,4,Apr,False,False
Bossiaea cinerea,Showy Bossiaea,Not Assessed,False,native,Shrub,5,May,False,False
Bossiaea cinerea,Showy Bossiaea,Not Assessed,False,native,Shrub,6,Jun,False,False
Bossiaea cinerea,Showy Bossiaea,Not Assessed,False,native,Shrub,7,Jul,False,False
Bossiaea cinerea,Showy Bossiaea,Not Assessed,False,native,Shrub,8,Aug,True,False
Bossiaea cinerea,Showy Bossiaea,Not Assessed,False,native,Shrub,9,Sep,True,False
Bossiaea cinerea,Showy Bossiaea,Not Assessed,False,native,Shrub,10,Oct,True,False
Bossiaea cinerea,Showy Bossiaea,Not Assessed,False,native,Shrub,11,Nov,True,False
Bossiaea cinerea,Showy Bossiaea,Not Assessed,False,native,Shrub,12,Dec,False,False
Bossiaea prostrata,Creeping Bossiaea,Not Assessed,False,native,Shrub,1,Jan,False,False
Bossiaea prostrata,Creeping Bossiaea,Not Assessed,False,native,Shrub,2,Feb,False,False
Bossiaea prostrata,Creeping Bossiaea,Not Assessed,False,native,Shrub,3,Mar,False,False
Bossiaea prostrata,Creeping Bossiaea,Not Assessed,False,native,Shrub,4,Apr,False,False
Bossiaea prostrata,Creeping Bossiaea,Not Assessed,False,native,Shrub,5,May,False,False
Bossiaea prostrata,Creeping Bossiaea,Not Assessed,False,native,Shrub,6,Jun,False,False
Bossiaea prostrata,Creeping Bossiaea,Not Assessed,False,native,Shrub,7,Jul,False,False
Bossiaea prostrata,Creeping Bossiaea,Not Assessed,False,native,Shrub,8,Aug,False,False
Bossiaea prostrata,Creeping Bossiaea,Not Assessed,False,native,Shrub,9,Sep,True,False
Bossiaea prostrata,Creeping Bossiaea,Not Assessed,False,native,Shrub,10,Oct,True,False
Bossiaea prostrata,Creeping Bossiaea,Not Assessed,False,native,Shrub,11,Nov,True,False
Bossiaea prostrata,Creeping Bossiaea,Not Assessed,False,native,Shrub,12,Dec,False,False
Bothriochloa macra,Red-leg Grass,Not Assessed,False,native,Grass,1,Jan,True,False
Bothriochloa macra,Red-leg Grass,Not Assessed,False,native,Grass,2,Feb,True,False
Bothriochloa macra,Red-leg Grass,Not Assessed,False,native,Grass,3,Mar,True,False
Bothriochloa macra,Red-leg Grass,Not Assessed,False,native,Grass,4,Apr,True,False
Bothriochloa macra,Red-leg Grass,Not Assessed,False,native,Grass,5,May,False,False
Bothriochloa macra,Red-leg Grass,Not Assessed,False,native,Grass,6,Jun,False,False
Bothriochloa macra,Red-leg Grass,Not Assessed,False,native,Grass,7,Jul,False,False
Bothriochloa macra,Red-leg Grass,Not Assessed,False,native,Grass,8,Aug,False,False
Bothriochloa macra,Red-leg Grass,Not Assessed,False,native,Grass,9,Sep,False,False
Bothriochloa macra,Red-leg Grass,Not Assessed,False,native,Grass,10,Oct,False,False
Bothriochloa macra,Red-leg Grass,Not Assessed,False,native,Grass,11,Nov,False,False
Bothriochloa macra,Red-leg Grass,Not Assessed,False,native,Grass,12,Dec,True,False
Brachyscome diversifolia,Tall Daisy,Not Assessed,False,native,Herb,1,Jan,True,False
Brachyscome diversifolia,Tall Daisy,Not Assessed,False,native,Herb,2,Feb,True,False
Brachyscome diversifolia,Tall Daisy,Not Assessed,False,native,Herb,3,Mar,True,False
Brachyscome diversifolia,Tall Daisy,Not Assessed,False,native,Herb,4,Apr,True,False
Brachyscome diversifolia,Tall Daisy,Not Assessed,False,native,Herb,5,May,False,False
Brachyscome diversifolia,Tall Daisy,Not Assessed,False,native,Herb,6,Jun,True,False
Brachyscome diversifolia,Tall Daisy,Not Assessed,False,native,Herb,7,Jul,True,False
Brachyscome diversifolia,Tall Daisy,Not Assessed,False,native,Herb,8,Aug,True,False
Brachyscome diversifolia,Tall Daisy,Not Assessed,False,native,Herb,9,Sep,True,False
Brachyscome diversifolia,Tall Daisy,Not Assessed,False,native,Herb,10,Oct,True,False
Brachyscome diversifolia,Tall Daisy,Not Assessed,False,native,Herb,11,Nov,True,False
Brachyscome diversifolia,Tall Daisy,Not Assessed,False,native,Herb,12,Dec,True,False
Brachyscome parvula,Coast Daisy,Not Assessed,False,native,Herb,1,Jan,True,False
Brachyscome parvula,Coast Daisy,Not Assessed,False,native,Herb,2,Feb,False,False
Brachyscome parvula,Coast Daisy,Not Assessed,False,native,Herb,3,Mar,False,False
Brachyscome parvula,Coast Daisy,Not Assessed,False,native,Herb,4,Apr,False,False
Brachyscome parvula,Coast Daisy,Not Assessed,False,native,Herb,5,May,False,False
Brachyscome parvula,Coast Daisy,Not Assessed,False,native,Herb,6,Jun,False,False
Brachyscome parvula,Coast Daisy,Not Assessed,False,native,Herb,7,Jul,False,False
Brachyscome parvula,Coast Daisy,Not Assessed,False,native,Herb,8,Aug,False,False
Brachyscome parvula,Coast Daisy,Not Assessed,False,native,Herb,9,Sep,True,False
Brachyscome parvula,Coast Daisy,Not Assessed,False,native,Herb,10,Oct,True,False
Brachyscome parvula,Coast Daisy,Not Assessed,False,native,Herb,11,Nov,True,False
Brachyscome parvula,Coast Daisy,Not Assessed,False,native,Herb,12,Dec,True,False
Brachyscome perpusilla,Tiny Daisy,Not Assessed,False,native,Herb,1,Jan,False,False
Brachyscome perpusilla,Tiny Daisy,Not Assessed,False,native,Herb,2,Feb,False,False
Brachyscome perpusilla,Tiny Daisy,Not Assessed,False,native,Herb,3,Mar,False,False
Brachyscome perpusilla,Tiny Daisy,Not Assessed,False,native,Herb,4,Apr,False,False
Brachyscome perpusilla,Tiny Daisy,Not Assessed,False,native,Herb,5,May,False,False
Brachyscome perpusilla,Tiny Daisy,Not Assessed,False,native,Herb,6,Jun,False,False
Brachyscome perpusilla,Tiny Daisy,Not Assessed,False,native,Herb,7,Jul,True,False
Brachyscome perpusilla,Tiny Daisy,Not Assessed,False,native,Herb,8,Aug,True,False
Brachyscome perpusilla,Tiny Daisy,Not Assessed,False,native,Herb,9,Sep,True,False
Brachyscome perpusilla,Tiny Daisy,Not Assessed,False,native,Herb,10,Oct,True,False
Brachyscome perpusilla,Tiny Daisy,Not Assessed,False,native,Herb,11,Nov,True,False
Brachyscome perpusilla,Tiny Daisy,Not Assessed,False,native,Herb,12,Dec,False,False
Brassica fruticulosa,Twiggy Turnip,Reconsider Planting,True,introduced,Herb,1,Jan,True,False
Brassica fruticulosa,Twiggy Turnip,Reconsider Planting,True,introduced,Herb,2,Feb,True,False
Brassica fruticulosa,Twiggy Turnip,Reconsider Planting,True,introduced,Herb,3,Mar,False,False
Brassica fruticulosa,Twiggy Turnip,Reconsider Planting,True,introduced,Herb,4,Apr,True,False
Brassica fruticulosa,Twiggy Turnip,Reconsider Planting,True,introduced,Herb,5,May,True,False
Brassica fruticulosa,Twiggy Turnip,Reconsider Planting,True,introduced,Herb,6,Jun,True,False
Brassica fruticulosa,Twiggy Turnip,Reconsider Planting,True,introduced,Herb,7,Jul,True,False
Brassica fruticulosa,Twiggy Turnip,Reconsider Planting,True,introduced,Herb,8,Aug,False,False
Brassica fruticulosa,Twiggy Turnip,Reconsider Planting,True,introduced,Herb,9,Sep,True,False
Brassica fruticulosa,Twiggy Turnip,Reconsider Planting,True,introduced,Herb,10,Oct,True,False
Brassica fruticulosa,Twiggy Turnip,Reconsider Planting,True,introduced,Herb,11,Nov,True,False
Brassica fruticulosa,Twiggy Turnip,Reconsider Planting,True,introduced,Herb,12,Dec,True,False
Briza maxima,Large Quaking Grass | Shelly Grass,Use Caution,True,introduced,Grass,1,Jan,False,False
Briza maxima,Large Quaking Grass | Shelly Grass,Use Caution,True,introduced,Grass,2,Feb,False,False
Briza maxima,Large Quaking Grass | Shelly Grass,Use Caution,True,introduced,Grass,3,Mar,False,False
Briza maxima,Large Quaking Grass | Shelly Grass,Use Caution,True,introduced,Grass,4,Apr,False,False
Briza maxima,Large Quaking Grass | Shelly Grass,Use Caution,True,introduced,Grass,5,May,False,False
Briza maxima,Large Quaking Grass | Shelly Grass,Use Caution,True,introduced,Grass,6,Jun,False,False
Briza maxima,Large Quaking Grass | Shelly Grass,Use Caution,True,introduced,Grass,7,Jul,False,False
Briza maxima,Large Quaking Grass | Shelly Grass,Use Caution,True,introduced,Grass,8,Aug,True,False
Briza maxima,Large Quaking Grass | Shelly Grass,Use Caution,True,introduced,Grass,9,Sep,True,False
Briza maxima,Large Quaking Grass | Shelly Grass,Use Caution,True,introduced,Grass,10,Oct,True,False
Briza maxima,Large Quaking Grass | Shelly Grass,Use Caution,True,introduced,Grass,11,Nov,True,False
Briza maxima,Large Quaking Grass | Shelly Grass,Use Caution,True,introduced,Grass,12,Dec,False,False
Briza minor,Lesser Quaking Grass | Shivery Grass,Use Caution,True,introduced,Grass,1,Jan,False,False
Briza minor,Lesser Quaking Grass | Shivery Grass,Use Caution,True,introduced,Grass,2,Feb,False,False
Briza minor,Lesser Quaking Grass | Shivery Grass,Use Caution,True,introduced,Grass,3,Mar,False,False
Briza minor,Lesser Quaking Grass | Shivery Grass,Use Caution,True,introduced,Grass,4,Apr,False,False
Briza minor,Lesser Quaking Grass | Shivery Grass,Use Caution,True,introduced,Grass,5,May,False,False
Briza minor,Lesser Quaking Grass | Shivery Grass,Use Caution,True,introduced,Grass,6,Jun,False,False
Briza minor,Lesser Quaking Grass | Shivery Grass,Use Caution,True,introduced,Grass,7,Jul,False,False
Briza minor,Lesser Quaking Grass | Shivery Grass,Use Caution,True,introduced,Grass,8,Aug,True,False
Briza minor,Lesser Quaking Grass | Shivery Grass,Use Caution,True,introduced,Grass,9,Sep,True,False
Briza minor,Lesser Quaking Grass | Shivery Grass,Use Caution,True,introduced,Grass,10,Oct,True,False
Briza minor,Lesser Quaking Grass | Shivery Grass,Use Caution,True,introduced,Grass,11,Nov,True,False
Briza minor,Lesser Quaking Grass | Shivery Grass,Use Caution,True,introduced,Grass,12,Dec,False,False
Bromus catharticus,Prairie Grass,Reconsider Planting,True,introduced,Grass,1,Jan,False,False
Bromus catharticus,Prairie Grass,Reconsider Planting,True,introduced,Grass,2,Feb,False,False
Bromus catharticus,Prairie Grass,Reconsider Planting,True,introduced,Grass,3,Mar,False,False
Bromus catharticus,Prairie Grass,Reconsider Planting,True,introduced,Grass,4,Apr,False,False
Bromus catharticus,Prairie Grass,Reconsider Planting,True,introduced,Grass,5,May,False,False
Bromus catharticus,Prairie Grass,Reconsider Planting,True,introduced,Grass,6,Jun,False,False
Bromus catharticus,Prairie Grass,Reconsider Planting,True,introduced,Grass,7,Jul,False,False
Bromus catharticus,Prairie Grass,Reconsider Planting,True,introduced,Grass,8,Aug,False,False
Bromus catharticus,Prairie Grass,Reconsider Planting,True,introduced,Grass,9,Sep,True,False
Bromus catharticus,Prairie Grass,Reconsider Planting,True,introduced,Grass,10,Oct,True,False
Bromus catharticus,Prairie Grass,Reconsider Planting,True,introduced,Grass,11,Nov,True,False
Bromus catharticus,Prairie Grass,Reconsider Planting,True,introduced,Grass,12,Dec,False,False
Bromus diandrus,Great Brome,Use Caution,True,introduced,Grass,1,Jan,False,False
Bromus diandrus,Great Brome,Use Caution,True,introduced,Grass,2,Feb,False,False
Bromus diandrus,Great Brome,Use Caution,True,introduced,Grass,3,Mar,False,False
Bromus diandrus,Great Brome,Use Caution,True,introduced,Grass,4,Apr,False,False
Bromus diandrus,Great Brome,Use Caution,True,introduced,Grass,5,May,True,False
Bromus diandrus,Great Brome,Use Caution,True,introduced,Grass,6,Jun,True,False
Bromus diandrus,Great Brome,Use Caution,True,introduced,Grass,7,Jul,True,False
Bromus diandrus,Great Brome,Use Caution,True,introduced,Grass,8,Aug,True,False
Bromus diandrus,Great Brome,Use Caution,True,introduced,Grass,9,Sep,True,False
Bromus diandrus,Great Brome,Use Caution,True,introduced,Grass,10,Oct,True,False
Bromus diandrus,Great Brome,Use Caution,True,introduced,Grass,11,Nov,True,False
Bromus diandrus,Great Brome,Use Caution,True,introduced,Grass,12,Dec,False,False
Bromus hordeaceus,Soft Brome,Use Caution,True,introduced,Grass,1,Jan,False,False
Bromus hordeaceus,Soft Brome,Use Caution,True,introduced,Grass,2,Feb,False,False
Bromus hordeaceus,Soft Brome,Use Caution,True,introduced,Grass,3,Mar,False,False
Bromus hordeaceus,Soft Brome,Use Caution,True,introduced,Grass,4,Apr,False,False
Bromus hordeaceus,Soft Brome,Use Caution,True,introduced,Grass,5,May,False,False
Bromus hordeaceus,Soft Brome,Use Caution,True,introduced,Grass,6,Jun,False,False
Bromus hordeaceus,Soft Brome,Use Caution,True,introduced,Grass,7,Jul,False,False
Bromus hordeaceus,Soft Brome,Use Caution,True,introduced,Grass,8,Aug,False,False
Bromus hordeaceus,Soft Brome,Use Caution,True,introduced,Grass,9,Sep,True,False
Bromus hordeaceus,Soft Brome,Use Caution,True,introduced,Grass,10,Oct,True,False
Bromus hordeaceus,Soft Brome,Use Caution,True,introduced,Grass,11,Nov,True,False
Bromus hordeaceus,Soft Brome,Use Caution,True,introduced,Grass,12,Dec,False,False
Brunonia australis,Blue Pincushion,Not Assessed,False,native,Herb,1,Jan,True,False
Brunonia australis,Blue Pincushion,Not Assessed,False,native,Herb,2,Feb,True,False
Brunonia australis,Blue Pincushion,Not Assessed,False,native,Herb,3,Mar,False,False
Brunonia australis,Blue Pincushion,Not Assessed,False,native,Herb,4,Apr,False,False
Brunonia australis,Blue Pincushion,Not Assessed,False,native,Herb,5,May,True,False
Brunonia australis,Blue Pincushion,Not Assessed,False,native,Herb,6,Jun,True,False
Brunonia australis,Blue Pincushion,Not Assessed,False,native,Herb,7,Jul,True,False
Brunonia australis,Blue Pincushion,Not Assessed,False,native,Herb,8,Aug,True,False
Brunonia australis,Blue Pincushion,Not Assessed,False,native,Herb,9,Sep,True,False
Brunonia australis,Blue Pincushion,Not Assessed,False,native,Herb,10,Oct,True,False
Brunonia australis,Blue Pincushion,Not Assessed,False,native,Herb,11,Nov,True,False
Brunonia australis,Blue Pincushion,Not Assessed,False,native,Herb,12,Dec,True,False
Bryum argenteum,Silver Moss,Not Assessed,False,uncertain,,1,Jan,,False
Bryum argenteum,Silver Moss,Not Assessed,False,uncertain,,2,Feb,,False
Bryum argenteum,Silver Moss,Not Assessed,False,uncertain,,3,Mar,,False
Bryum argenteum,Silver Moss,Not Assessed,False,uncertain,,4,Apr,,False
Bryum argenteum,Silver Moss,Not Assessed,False,uncertain,,5,May,,False
Bryum argenteum,Silver Moss,Not Assessed,False,uncertain,,6,Jun,,False
Bryum argenteum,Silver Moss,Not Assessed,False,uncertain,,7,Jul,,False
Bryum argenteum,Silver Moss,Not Assessed,False,uncertain,,8,Aug,,False
Bryum argenteum,Silver Moss,Not Assessed,False,uncertain,,9,Sep,,False
Bryum argenteum,Silver Moss,Not Assessed,False,uncertain,,10,Oct,,False
Bryum argenteum,Silver Moss,Not Assessed,False,uncertain,,11,Nov,,False
Bryum argenteum,Silver Moss,Not Assessed,False,uncertain,,12,Dec,,False
Bulbine bulbosa,Bulbine Lily | Pike,Not Assessed,False,native,Herb,1,Jan,True,False
Bulbine bulbosa,Bulbine Lily | Pike,Not Assessed,False,native,Herb,2,Feb,True,False
Bulbine bulbosa,Bulbine Lily | Pike,Not Assessed,False,native,Herb,3,Mar,True,False
Bulbine bulbosa,Bulbine Lily | Pike,Not Assessed,False,native,Herb,4,Apr,False,False
Bulbine bulbosa,Bulbine Lily | Pike,Not Assessed,False,native,Herb,5,May,False,False
Bulbine bulbosa,Bulbine Lily | Pike,Not Assessed,False,native,Herb,6,Jun,False,False
Bulbine bulbosa,Bulbine Lily | Pike,Not Assessed,False,native,Herb,7,Jul,False,False
Bulbine bulbosa,Bulbine Lily | Pike,Not Assessed,False,native,Herb,8,Aug,False,False
Bulbine bulbosa,Bulbine Lily | Pike,Not Assessed,False,native,Herb,9,Sep,True,False
Bulbine bulbosa,Bulbine Lily | Pike,Not Assessed,False,native,Herb,10,Oct,True,False
Bulbine bulbosa,Bulbine Lily | Pike,Not Assessed,False,native,Herb,11,Nov,True,False
Bulbine bulbosa,Bulbine Lily | Pike,Not Assessed,False,native,Herb,12,Dec,True,False
Burchardia umbellata,Milkmaids | Popoto,Not Assessed,False,native,Herb,1,Jan,False,False
Burchardia umbellata,Milkmaids | Popoto,Not Assessed,False,native,Herb,2,Feb,False,False
Burchardia umbellata,Milkmaids | Popoto,Not Assessed,False,native,Herb,3,Mar,False,False
Burchardia umbellata,Milkmaids | Popoto,Not Assessed,False,native,Herb,4,Apr,False,False
Burchardia umbellata,Milkmaids | Popoto,Not Assessed,False,native,Herb,5,May,False,False
Burchardia umbellata,Milkmaids | Popoto,Not Assessed,False,native,Herb,6,Jun,False,False
Burchardia umbellata,Milkmaids | Popoto,Not Assessed,False,native,Herb,7,Jul,True,False
Burchardia umbellata,Milkmaids | Popoto,Not Assessed,False,native,Herb,8,Aug,True,False
Burchardia umbellata,Milkmaids | Popoto,Not Assessed,False,native,Herb,9,Sep,True,False
Burchardia umbellata,Milkmaids | Popoto,Not Assessed,False,native,Herb,10,Oct,True,False
Burchardia umbellata,Milkmaids | Popoto,Not Assessed,False,native,Herb,11,Nov,True,False
Burchardia umbellata,Milkmaids | Popoto,Not Assessed,False,native,Herb,12,Dec,False,False
Burnettia cuneata,Burnettia | Lizard Orchid,Not Assessed,False,native,Herb,1,Jan,False,False
Burnettia cuneata,Burnettia | Lizard Orchid,Not Assessed,False,native,Herb,2,Feb,False,False
Burnettia cuneata,Burnettia | Lizard Orchid,Not Assessed,False,native,Herb,3,Mar,False,False
Burnettia cuneata,Burnettia | Lizard Orchid,Not Assessed,False,native,Herb,4,Apr,False,False
Burnettia cuneata,Burnettia | Lizard Orchid,Not Assessed,False,native,Herb,5,May,False,False
Burnettia cuneata,Burnettia | Lizard Orchid,Not Assessed,False,native,Herb,6,Jun,False,False
Burnettia cuneata,Burnettia | Lizard Orchid,Not Assessed,False,native,Herb,7,Jul,False,False
Burnettia cuneata,Burnettia | Lizard Orchid,Not Assessed,False,native,Herb,8,Aug,False,False
Burnettia cuneata,Burnettia | Lizard Orchid,Not Assessed,False,native,Herb,9,Sep,True,False
Burnettia cuneata,Burnettia | Lizard Orchid,Not Assessed,False,native,Herb,10,Oct,True,False
Burnettia cuneata,Burnettia | Lizard Orchid,Not Assessed,False,native,Herb,11,Nov,True,False
Burnettia cuneata,Burnettia | Lizard Orchid,Not Assessed,False,native,Herb,12,Dec,True,False
Bursaria spinosa,Kurwan | Tupy | Sweet Bursaria | Native Box,Not Assessed,False,native,Shrub,1,Jan,True,False
Bursaria spinosa,Kurwan | Tupy | Sweet Bursaria | Native Box,Not Assessed,False,native,Shrub,2,Feb,True,False
Bursaria spinosa,Kurwan | Tupy | Sweet Bursaria | Native Box,Not Assessed,False,native,Shrub,3,Mar,True,False
Bursaria spinosa,Kurwan | Tupy | Sweet Bursaria | Native Box,Not Assessed,False,native,Shrub,4,Apr,True,False
Bursaria spinosa,Kurwan | Tupy | Sweet Bursaria | Native Box,Not Assessed,False,native,Shrub,5,May,True,False
Bursaria spinosa,Kurwan | Tupy | Sweet Bursaria | Native Box,Not Assessed,False,native,Shrub,6,Jun,False,False
Bursaria spinosa,Kurwan | Tupy | Sweet Bursaria | Native Box,Not Assessed,False,native,Shrub,7,Jul,False,False
Bursaria spinosa,Kurwan | Tupy | Sweet Bursaria | Native Box,Not Assessed,False,native,Shrub,8,Aug,False,False
Bursaria spinosa,Kurwan | Tupy | Sweet Bursaria | Native Box,Not Assessed,False,native,Shrub,9,Sep,True,False
Bursaria spinosa,Kurwan | Tupy | Sweet Bursaria | Native Box,Not Assessed,False,native,Shrub,10,Oct,True,False
Bursaria spinosa,Kurwan | Tupy | Sweet Bursaria | Native Box,Not Assessed,False,native,Shrub,11,Nov,True,False
Bursaria spinosa,Kurwan | Tupy | Sweet Bursaria | Native Box,Not Assessed,False,native,Shrub,12,Dec,True,False
Bursaria spinosa subsp. spinosa,Sweet Bursaria,Not Assessed,False,native,Shrub,1,Jan,True,False
Bursaria spinosa subsp. spinosa,Sweet Bursaria,Not Assessed,False,native,Shrub,2,Feb,True,False
Bursaria spinosa subsp. spinosa,Sweet Bursaria,Not Assessed,False,native,Shrub,3,Mar,True,False
Bursaria spinosa subsp. spinosa,Sweet Bursaria,Not Assessed,False,native,Shrub,4,Apr,True,False
Bursaria spinosa subsp. spinosa,Sweet Bursaria,Not Assessed,False,native,Shrub,5,May,True,False
Bursaria spinosa subsp. spinosa,Sweet Bursaria,Not Assessed,False,native,Shrub,6,Jun,False,False
Bursaria spinosa subsp. spinosa,Sweet Bursaria,Not Assessed,False,native,Shrub,7,Jul,False,False
Bursaria spinosa subsp. spinosa,Sweet Bursaria,Not Assessed,False,native,Shrub,8,Aug,False,False
Bursaria spinosa subsp. spinosa,Sweet Bursaria,Not Assessed,False,native,Shrub,9,Sep,True,False
Bursaria spinosa subsp. spinosa,Sweet Bursaria,Not Assessed,False,native,Shrub,10,Oct,True,False
Bursaria spinosa subsp. spinosa,Sweet Bursaria,Not Assessed,False,native,Shrub,11,Nov,True,False
Bursaria spinosa subsp. spinosa,Sweet Bursaria,Not Assessed,False,native,Shrub,12,Dec,True,False
Caesia calliantha,Blue Grass-lily,Not Assessed,False,native,Herb,1,Jan,True,False
Caesia calliantha,Blue Grass-lily,Not Assessed,False,native,Herb,2,Feb,True,False
Caesia calliantha,Blue Grass-lily,Not Assessed,False,native,Herb,3,Mar,False,False
Caesia calliantha,Blue Grass-lily,Not Assessed,False,native,Herb,4,Apr,False,False
Caesia calliantha,Blue Grass-lily,Not Assessed,False,native,Herb,5,May,False,False
Caesia calliantha,Blue Grass-lily,Not Assessed,False,native,Herb,6,Jun,False,False
Caesia calliantha,Blue Grass-lily,Not Assessed,False,native,Herb,7,Jul,False,False
Caesia calliantha,Blue Grass-lily,Not Assessed,False,native,Herb,8,Aug,False,False
Caesia calliantha,Blue Grass-lily,Not Assessed,False,native,Herb,9,Sep,True,False
Caesia calliantha,Blue Grass-lily,Not Assessed,False,native,Herb,10,Oct,True,False
Caesia calliantha,Blue Grass-lily,Not Assessed,False,native,Herb,11,Nov,True,False
Caesia calliantha,Blue Grass-lily,Not Assessed,False,native,Herb,12,Dec,True,False
Caesia parviflora,Pale Grass-lily,Not Assessed,False,native,Herb,1,Jan,True,False
Caesia parviflora,Pale Grass-lily,Not Assessed,False,native,Herb,2,Feb,True,False
Caesia parviflora,Pale Grass-lily,Not Assessed,False,native,Herb,3,Mar,False,False
Caesia parviflora,Pale Grass-lily,Not Assessed,False,native,Herb,4,Apr,False,False
Caesia parviflora,Pale Grass-lily,Not Assessed,False,native,Herb,5,May,False,False
Caesia parviflora,Pale Grass-lily,Not Assessed,False,native,Herb,6,Jun,False,False
Caesia parviflora,Pale Grass-lily,Not Assessed,False,native,Herb,7,Jul,False,False
Caesia parviflora,Pale Grass-lily,Not Assessed,False,native,Herb,8,Aug,False,False
Caesia parviflora,Pale Grass-lily,Not Assessed,False,native,Herb,9,Sep,True,False
Caesia parviflora,Pale Grass-lily,Not Assessed,False,native,Herb,10,Oct,True,False
Caesia parviflora,Pale Grass-lily,Not Assessed,False,native,Herb,11,Nov,True,False
Caesia parviflora,Pale Grass-lily,Not Assessed,False,native,Herb,12,Dec,True,False
Caesia parviflora var. minor,Pale Grass-lily,Not Assessed,False,native,Herb,1,Jan,True,False
Caesia parviflora var. minor,Pale Grass-lily,Not Assessed,False,native,Herb,2,Feb,True,False
Caesia parviflora var. minor,Pale Grass-lily,Not Assessed,False,native,Herb,3,Mar,False,False
Caesia parviflora var. minor,Pale Grass-lily,Not Assessed,False,native,Herb,4,Apr,False,False
Caesia parviflora var. minor,Pale Grass-lily,Not Assessed,False,native,Herb,5,May,False,False
Caesia parviflora var. minor,Pale Grass-lily,Not Assessed,False,native,Herb,6,Jun,False,False
Caesia parviflora var. minor,Pale Grass-lily,Not Assessed,False,native,Herb,7,Jul,False,False
Caesia parviflora var. minor,Pale Grass-lily,Not Assessed,False,native,Herb,8,Aug,False,False
Caesia parviflora var. minor,Pale Grass-lily,Not Assessed,False,native,Herb,9,Sep,True,False
Caesia parviflora var. minor,Pale Grass-lily,Not Assessed,False,native,Herb,10,Oct,True,False
Caesia parviflora var. minor,Pale Grass-lily,Not Assessed,False,native,Herb,11,Nov,True,False
Caesia parviflora var. minor,Pale Grass-lily,Not Assessed,False,native,Herb,12,Dec,True,False
Caesia parviflora var. parviflora,Pale Grass-lily,Not Assessed,False,native,Herb,1,Jan,True,False
Caesia parviflora var. parviflora,Pale Grass-lily,Not Assessed,False,native,Herb,2,Feb,True,False
Caesia parviflora var. parviflora,Pale Grass-lily,Not Assessed,False,native,Herb,3,Mar,False,False
Caesia parviflora var. parviflora,Pale Grass-lily,Not Assessed,False,native,Herb,4,Apr,False,False
Caesia parviflora var. parviflora,Pale Grass-lily,Not Assessed,False,native,Herb,5,May,False,False
Caesia parviflora var. parviflora,Pale Grass-lily,Not Assessed,False,native,Herb,6,Jun,False,False
Caesia parviflora var. parviflora,Pale Grass-lily,Not Assessed,False,native,Herb,7,Jul,False,False
Caesia parviflora var. parviflora,Pale Grass-lily,Not Assessed,False,native,Herb,8,Aug,False,False
Caesia parviflora var. parviflora,Pale Grass-lily,Not Assessed,False,native,Herb,9,Sep,True,False
Caesia parviflora var. parviflora,Pale Grass-lily,Not Assessed,False,native,Herb,10,Oct,True,False
Caesia parviflora var. parviflora,Pale Grass-lily,Not Assessed,False,native,Herb,11,Nov,True,False
Caesia parviflora var. parviflora,Pale Grass-lily,Not Assessed,False,native,Herb,12,Dec,True,False
Caladenia australis,Southern Spider-orchid,Not Assessed,False,native,Herb,1,Jan,False,False
Caladenia australis,Southern Spider-orchid,Not Assessed,False,native,Herb,2,Feb,False,False
Caladenia australis,Southern Spider-orchid,Not Assessed,False,native,Herb,3,Mar,False,False
Caladenia australis,Southern Spider-orchid,Not Assessed,False,native,Herb,4,Apr,False,False
Caladenia australis,Southern Spider-orchid,Not Assessed,False,native,Herb,5,May,False,False
Caladenia australis,Southern Spider-orchid,Not Assessed,False,native,Herb,6,Jun,False,False
Caladenia australis,Southern Spider-orchid,Not Assessed,False,native,Herb,7,Jul,False,False
Caladenia australis,Southern Spider-orchid,Not Assessed,False,native,Herb,8,Aug,False,False
Caladenia australis,Southern Spider-orchid,Not Assessed,False,native,Herb,9,Sep,True,False
Caladenia australis,Southern Spider-orchid,Not Assessed,False,native,Herb,10,Oct,True,False
Caladenia australis,Southern Spider-orchid,Not Assessed,False,native,Herb,11,Nov,True,False
Caladenia australis,Southern Spider-orchid,Not Assessed,False,native,Herb,12,Dec,False,False
Caladenia oenochila,Wine-lipped Spider-orchid,Not Assessed,False,native,Herb,1,Jan,False,False
Caladenia oenochila,Wine-lipped Spider-orchid,Not Assessed,False,native,Herb,2,Feb,False,False
Caladenia oenochila,Wine-lipped Spider-orchid,Not Assessed,False,native,Herb,3,Mar,False,False
Caladenia oenochila,Wine-lipped Spider-orchid,Not Assessed,False,native,Herb,4,Apr,False,False
Caladenia oenochila,Wine-lipped Spider-orchid,Not Assessed,False,native,Herb,5,May,False,False
Caladenia oenochila,Wine-lipped Spider-orchid,Not Assessed,False,native,Herb,6,Jun,False,False
Caladenia oenochila,Wine-lipped Spider-orchid,Not Assessed,False,native,Herb,7,Jul,False,False
Caladenia oenochila,Wine-lipped Spider-orchid,Not Assessed,False,native,Herb,8,Aug,True,False
Caladenia oenochila,Wine-lipped Spider-orchid,Not Assessed,False,native,Herb,9,Sep,True,False
Caladenia oenochila,Wine-lipped Spider-orchid,Not Assessed,False,native,Herb,10,Oct,True,False
Caladenia oenochila,Wine-lipped Spider-orchid,Not Assessed,False,native,Herb,11,Nov,False,False
Caladenia oenochila,Wine-lipped Spider-orchid,Not Assessed,False,native,Herb,12,Dec,False,False
Caladenia parva,Green-comb Spider-orchid,Not Assessed,False,native,Herb,1,Jan,False,False
Caladenia parva,Green-comb Spider-orchid,Not Assessed,False,native,Herb,2,Feb,False,False
Caladenia parva,Green-comb Spider-orchid,Not Assessed,False,native,Herb,3,Mar,False,False
Caladenia parva,Green-comb Spider-orchid,Not Assessed,False,native,Herb,4,Apr,False,False
Caladenia parva,Green-comb Spider-orchid,Not Assessed,False,native,Herb,5,May,False,False
Caladenia parva,Green-comb Spider-orchid,Not Assessed,False,native,Herb,6,Jun,False,False
Caladenia parva,Green-comb Spider-orchid,Not Assessed,False,native,Herb,7,Jul,False,False
Caladenia parva,Green-comb Spider-orchid,Not Assessed,False,native,Herb,8,Aug,True,False
Caladenia parva,Green-comb Spider-orchid,Not Assessed,False,native,Herb,9,Sep,True,False
Caladenia parva,Green-comb Spider-orchid,Not Assessed,False,native,Herb,10,Oct,True,False
Caladenia parva,Green-comb Spider-orchid,Not Assessed,False,native,Herb,11,Nov,False,False
Caladenia parva,Green-comb Spider-orchid,Not Assessed,False,native,Herb,12,Dec,False,False
Caladenia robinsonii,Frankston Spiderorchid,Not Assessed,False,native,Herb,1,Jan,False,False
Caladenia robinsonii,Frankston Spiderorchid,Not Assessed,False,native,Herb,2,Feb,False,False
Caladenia robinsonii,Frankston Spiderorchid,Not Assessed,False,native,Herb,3,Mar,False,False
Caladenia robinsonii,Frankston Spiderorchid,Not Assessed,False,native,Herb,4,Apr,False,False
Caladenia robinsonii,Frankston Spiderorchid,Not Assessed,False,native,Herb,5,May,False,False
Caladenia robinsonii,Frankston Spiderorchid,Not Assessed,False,native,Herb,6,Jun,False,False
Caladenia robinsonii,Frankston Spiderorchid,Not Assessed,False,native,Herb,7,Jul,False,False
Caladenia robinsonii,Frankston Spiderorchid,Not Assessed,False,native,Herb,8,Aug,False,False
Caladenia robinsonii,Frankston Spiderorchid,Not Assessed,False,native,Herb,9,Sep,False,False
Caladenia robinsonii,Frankston Spiderorchid,Not Assessed,False,native,Herb,10,Oct,True,False
Caladenia robinsonii,Frankston Spiderorchid,Not Assessed,False,native,Herb,11,Nov,False,False
Caladenia robinsonii,Frankston Spiderorchid,Not Assessed,False,native,Herb,12,Dec,False,False
Caladenia venusta,White Spider-orchid,Not Assessed,False,native,Herb,1,Jan,False,False
Caladenia venusta,White Spider-orchid,Not Assessed,False,native,Herb,2,Feb,False,False
Caladenia venusta,White Spider-orchid,Not Assessed,False,native,Herb,3,Mar,False,False
Caladenia venusta,White Spider-orchid,Not Assessed,False,native,Herb,4,Apr,False,False
Caladenia venusta,White Spider-orchid,Not Assessed,False,native,Herb,5,May,False,False
Caladenia venusta,White Spider-orchid,Not Assessed,False,native,Herb,6,Jun,False,False
Caladenia venusta,White Spider-orchid,Not Assessed,False,native,Herb,7,Jul,False,False
Caladenia venusta,White Spider-orchid,Not Assessed,False,native,Herb,8,Aug,False,False
Caladenia venusta,White Spider-orchid,Not Assessed,False,native,Herb,9,Sep,False,False
Caladenia venusta,White Spider-orchid,Not Assessed,False,native,Herb,10,Oct,True,False
Caladenia venusta,White Spider-orchid,Not Assessed,False,native,Herb,11,Nov,True,False
Caladenia venusta,White Spider-orchid,Not Assessed,False,native,Herb,12,Dec,False,False
Caleana major,Large Duck-orchid | Flying Ducks,Not Assessed,False,native,Herb,1,Jan,True,False
Caleana major,Large Duck-orchid | Flying Ducks,Not Assessed,False,native,Herb,2,Feb,True,False
Caleana major,Large Duck-orchid | Flying Ducks,Not Assessed,False,native,Herb,3,Mar,False,False
Caleana major,Large Duck-orchid | Flying Ducks,Not Assessed,False,native,Herb,4,Apr,False,False
Caleana major,Large Duck-orchid | Flying Ducks,Not Assessed,False,native,Herb,5,May,False,False
Caleana major,Large Duck-orchid | Flying Ducks,Not Assessed,False,native,Herb,6,Jun,False,False
Caleana major,Large Duck-orchid | Flying Ducks,Not Assessed,False,native,Herb,7,Jul,False,False
Caleana major,Large Duck-orchid | Flying Ducks,Not Assessed,False,native,Herb,8,Aug,False,False
Caleana major,Large Duck-orchid | Flying Ducks,Not Assessed,False,native,Herb,9,Sep,True,False
Caleana major,Large Duck-orchid | Flying Ducks,Not Assessed,False,native,Herb,10,Oct,True,False
Caleana major,Large Duck-orchid | Flying Ducks,Not Assessed,False,native,Herb,11,Nov,True,False
Caleana major,Large Duck-orchid | Flying Ducks,Not Assessed,False,native,Herb,12,Dec,True,False
Callitriche stagnalis,Common Water-starwort,Use Caution,True,introduced,Herb,1,Jan,True,False
Callitriche stagnalis,Common Water-starwort,Use Caution,True,introduced,Herb,2,Feb,True,False
Callitriche stagnalis,Common Water-starwort,Use Caution,True,introduced,Herb,3,Mar,False,False
Callitriche stagnalis,Common Water-starwort,Use Caution,True,introduced,Herb,4,Apr,False,False
Callitriche stagnalis,Common Water-starwort,Use Caution,True,introduced,Herb,5,May,False,False
Callitriche stagnalis,Common Water-starwort,Use Caution,True,introduced,Herb,6,Jun,False,False
Callitriche stagnalis,Common Water-starwort,Use Caution,True,introduced,Herb,7,Jul,False,False
Callitriche stagnalis,Common Water-starwort,Use Caution,True,introduced,Herb,8,Aug,False,False
Callitriche stagnalis,Common Water-starwort,Use Caution,True,introduced,Herb,9,Sep,True,False
Callitriche stagnalis,Common Water-starwort,Use Caution,True,introduced,Herb,10,Oct,True,False
Callitriche stagnalis,Common Water-starwort,Use Caution,True,introduced,Herb,11,Nov,True,False
Callitriche stagnalis,Common Water-starwort,Use Caution,True,introduced,Herb,12,Dec,True,False
Calochilus paludosus,Red Beard-orchid,Not Assessed,False,native,Herb,1,Jan,False,False
Calochilus paludosus,Red Beard-orchid,Not Assessed,False,native,Herb,2,Feb,False,False
Calochilus paludosus,Red Beard-orchid,Not Assessed,False,native,Herb,3,Mar,False,False
Calochilus paludosus,Red Beard-orchid,Not Assessed,False,native,Herb,4,Apr,False,False
Calochilus paludosus,Red Beard-orchid,Not Assessed,False,native,Herb,5,May,False,False
Calochilus paludosus,Red Beard-orchid,Not Assessed,False,native,Herb,6,Jun,False,False
Calochilus paludosus,Red Beard-orchid,Not Assessed,False,native,Herb,7,Jul,False,False
Calochilus paludosus,Red Beard-orchid,Not Assessed,False,native,Herb,8,Aug,True,False
Calochilus paludosus,Red Beard-orchid,Not Assessed,False,native,Herb,9,Sep,True,False
Calochilus paludosus,Red Beard-orchid,Not Assessed,False,native,Herb,10,Oct,True,False
Calochilus paludosus,Red Beard-orchid,Not Assessed,False,native,Herb,11,Nov,True,False
Calochilus paludosus,Red Beard-orchid,Not Assessed,False,native,Herb,12,Dec,False,False
Calystegia sepium,Large Bindweed,Not Assessed,False,native,Herb,1,Jan,True,False
Calystegia sepium,Large Bindweed,Not Assessed,False,native,Herb,2,Feb,True,False
Calystegia sepium,Large Bindweed,Not Assessed,False,native,Herb,3,Mar,True,False
Calystegia sepium,Large Bindweed,Not Assessed,False,native,Herb,4,Apr,True,False
Calystegia sepium,Large Bindweed,Not Assessed,False,native,Herb,5,May,False,False
Calystegia sepium,Large Bindweed,Not Assessed,False,native,Herb,6,Jun,False,False
Calystegia sepium,Large Bindweed,Not Assessed,False,native,Herb,7,Jul,False,False
Calystegia sepium,Large Bindweed,Not Assessed,False,native,Herb,8,Aug,False,False
Calystegia sepium,Large Bindweed,Not Assessed,False,native,Herb,9,Sep,False,False
Calystegia sepium,Large Bindweed,Not Assessed,False,native,Herb,10,Oct,False,False
Calystegia sepium,Large Bindweed,Not Assessed,False,native,Herb,11,Nov,False,False
Calystegia sepium,Large Bindweed,Not Assessed,False,native,Herb,12,Dec,True,False
Calystegia sepium subsp. roseata,Large Bindweed,Not Assessed,False,native,Herb,1,Jan,True,False
Calystegia sepium subsp. roseata,Large Bindweed,Not Assessed,False,native,Herb,2,Feb,True,False
Calystegia sepium subsp. roseata,Large Bindweed,Not Assessed,False,native,Herb,3,Mar,True,False
Calystegia sepium subsp. roseata,Large Bindweed,Not Assessed,False,native,Herb,4,Apr,True,False
Calystegia sepium subsp. roseata,Large Bindweed,Not Assessed,False,native,Herb,5,May,False,False
Calystegia sepium subsp. roseata,Large Bindweed,Not Assessed,False,native,Herb,6,Jun,False,False
Calystegia sepium subsp. roseata,Large Bindweed,Not Assessed,False,native,Herb,7,Jul,False,False
Calystegia sepium subsp. roseata,Large Bindweed,Not Assessed,False,native,Herb,8,Aug,False,False
Calystegia sepium subsp. roseata,Large Bindweed,Not Assessed,False,native,Herb,9,Sep,False,False
Calystegia sepium subsp. roseata,Large Bindweed,Not Assessed,False,native,Herb,10,Oct,False,False
Calystegia sepium subsp. roseata,Large Bindweed,Not Assessed,False,native,Herb,11,Nov,False,False
Calystegia sepium subsp. roseata,Large Bindweed,Not Assessed,False,native,Herb,12,Dec,True,False
Calystegia silvatica,Greater Bindweed,Use Caution,True,introduced,Herb,1,Jan,True,False
Calystegia silvatica,Greater Bindweed,Use Caution,True,introduced,Herb,2,Feb,True,False
Calystegia silvatica,Greater Bindweed,Use Caution,True,introduced,Herb,3,Mar,False,False
Calystegia silvatica,Greater Bindweed,Use Caution,True,introduced,Herb,4,Apr,False,False
Calystegia silvatica,Greater Bindweed,Use Caution,True,introduced,Herb,5,May,False,False
Calystegia silvatica,Greater Bindweed,Use Caution,True,introduced,Herb,6,Jun,False,False
Calystegia silvatica,Greater Bindweed,Use Caution,True,introduced,Herb,7,Jul,False,False
Calystegia silvatica,Greater Bindweed,Use Caution,True,introduced,Herb,8,Aug,False,False
Calystegia silvatica,Greater Bindweed,Use Caution,True,introduced,Herb,9,Sep,False,False
Calystegia silvatica,Greater Bindweed,Use Caution,True,introduced,Herb,10,Oct,False,False
Calystegia silvatica,Greater Bindweed,Use Caution,True,introduced,Herb,11,Nov,False,False
Calystegia silvatica,Greater Bindweed,Use Caution,True,introduced,Herb,12,Dec,True,False
Calystegia silvatica subsp. silvatica,Greater Bindweed,Use Caution,True,introduced,Herb,1,Jan,True,False
Calystegia silvatica subsp. silvatica,Greater Bindweed,Use Caution,True,introduced,Herb,2,Feb,True,False
Calystegia silvatica subsp. silvatica,Greater Bindweed,Use Caution,True,introduced,Herb,3,Mar,False,False
Calystegia silvatica subsp. silvatica,Greater Bindweed,Use Caution,True,introduced,Herb,4,Apr,False,False
Calystegia silvatica subsp. silvatica,Greater Bindweed,Use Caution,True,introduced,Herb,5,May,False,False
Calystegia silvatica subsp. silvatica,Greater Bindweed,Use Caution,True,introduced,Herb,6,Jun,False,False
Calystegia silvatica subsp. silvatica,Greater Bindweed,Use Caution,True,introduced,Herb,7,Jul,False,False
Calystegia silvatica subsp. silvatica,Greater Bindweed,Use Caution,True,introduced,Herb,8,Aug,False,False
Calystegia silvatica subsp. silvatica,Greater Bindweed,Use Caution,True,introduced,Herb,9,Sep,False,False
Calystegia silvatica subsp. silvatica,Greater Bindweed,Use Caution,True,introduced,Herb,10,Oct,False,False
Calystegia silvatica subsp. silvatica,Greater Bindweed,Use Caution,True,introduced,Herb,11,Nov,False,False
Calystegia silvatica subsp. silvatica,Greater Bindweed,Use Caution,True,introduced,Herb,12,Dec,True,False
Campylopus appressifolius,,Not Assessed,False,native,,1,Jan,,False
Campylopus appressifolius,,Not Assessed,False,native,,2,Feb,,False
Campylopus appressifolius,,Not Assessed,False,native,,3,Mar,,False
Campylopus appressifolius,,Not Assessed,False,native,,4,Apr,,False
Campylopus appressifolius,,Not Assessed,False,native,,5,May,,False
Campylopus appressifolius,,Not Assessed,False,native,,6,Jun,,False
Campylopus appressifolius,,Not Assessed,False,native,,7,Jul,,False
Campylopus appressifolius,,Not Assessed,False,native,,8,Aug,,False
Campylopus appressifolius,,Not Assessed,False,native,,9,Sep,,False
Campylopus appressifolius,,Not Assessed,False,native,,10,Oct,,False
Campylopus appressifolius,,Not Assessed,False,native,,11,Nov,,False
Campylopus appressifolius,,Not Assessed,False,native,,12,Dec,,False
Campylopus introflexus,Heath Star Moss,Not Assessed,False,native,,1,Jan,,False
Campylopus introflexus,Heath Star Moss,Not Assessed,False,native,,2,Feb,,False
Campylopus introflexus,Heath Star Moss,Not Assessed,False,native,,3,Mar,,False
Campylopus introflexus,Heath Star Moss,Not Assessed,False,native,,4,Apr,,False
Campylopus introflexus,Heath Star Moss,Not Assessed,False,native,,5,May,,False
Campylopus introflexus,Heath Star Moss,Not Assessed,False,native,,6,Jun,,False
Campylopus introflexus,Heath Star Moss,Not Assessed,False,native,,7,Jul,,False
Campylopus introflexus,Heath Star Moss,Not Assessed,False,native,,8,Aug,,False
Campylopus introflexus,Heath Star Moss,Not Assessed,False,native,,9,Sep,,False
Campylopus introflexus,Heath Star Moss,Not Assessed,False,native,,10,Oct,,False
Campylopus introflexus,Heath Star Moss,Not Assessed,False,native,,11,Nov,,False
Campylopus introflexus,Heath Star Moss,Not Assessed,False,native,,12,Dec,,False
Campylopus kirkii,,Not Assessed,False,native,,1,Jan,,False
Campylopus kirkii,,Not Assessed,False,native,,2,Feb,,False
Campylopus kirkii,,Not Assessed,False,native,,3,Mar,,False
Campylopus kirkii,,Not Assessed,False,native,,4,Apr,,False
Campylopus kirkii,,Not Assessed,False,native,,5,May,,False
Campylopus kirkii,,Not Assessed,False,native,,6,Jun,,False
Campylopus kirkii,,Not Assessed,False,native,,7,Jul,,False
Campylopus kirkii,,Not Assessed,False,native,,8,Aug,,False
Campylopus kirkii,,Not Assessed,False,native,,9,Sep,,False
Campylopus kirkii,,Not Assessed,False,native,,10,Oct,,False
Campylopus kirkii,,Not Assessed,False,native,,11,Nov,,False
Campylopus kirkii,,Not Assessed,False,native,,12,Dec,,False
Cardamine hirsuta,Common Bitter-cress,Use Caution,True,introduced,Herb,1,Jan,False,False
Cardamine hirsuta,Common Bitter-cress,Use Caution,True,introduced,Herb,2,Feb,False,False
Cardamine hirsuta,Common Bitter-cress,Use Caution,True,introduced,Herb,3,Mar,False,False
Cardamine hirsuta,Common Bitter-cress,Use Caution,True,introduced,Herb,4,Apr,False,False
Cardamine hirsuta,Common Bitter-cress,Use Caution,True,introduced,Herb,5,May,True,False
Cardamine hirsuta,Common Bitter-cress,Use Caution,True,introduced,Herb,6,Jun,False,False
Cardamine hirsuta,Common Bitter-cress,Use Caution,True,introduced,Herb,7,Jul,False,False
Cardamine hirsuta,Common Bitter-cress,Use Caution,True,introduced,Herb,8,Aug,True,False
Cardamine hirsuta,Common Bitter-cress,Use Caution,True,introduced,Herb,9,Sep,True,False
Cardamine hirsuta,Common Bitter-cress,Use Caution,True,introduced,Herb,10,Oct,False,False
Cardamine hirsuta,Common Bitter-cress,Use Caution,True,introduced,Herb,11,Nov,False,False
Cardamine hirsuta,Common Bitter-cress,Use Caution,True,introduced,Herb,12,Dec,False,False
Cardamine moirensis,Riverina Bitter-cress,Not Assessed,False,native,Herb,1,Jan,False,False
Cardamine moirensis,Riverina Bitter-cress,Not Assessed,False,native,Herb,2,Feb,False,False
Cardamine moirensis,Riverina Bitter-cress,Not Assessed,False,native,Herb,3,Mar,False,False
Cardamine moirensis,Riverina Bitter-cress,Not Assessed,False,native,Herb,4,Apr,False,False
Cardamine moirensis,Riverina Bitter-cress,Not Assessed,False,native,Herb,5,May,False,False
Cardamine moirensis,Riverina Bitter-cress,Not Assessed,False,native,Herb,6,Jun,True,False
Cardamine moirensis,Riverina Bitter-cress,Not Assessed,False,native,Herb,7,Jul,True,False
Cardamine moirensis,Riverina Bitter-cress,Not Assessed,False,native,Herb,8,Aug,True,False
Cardamine moirensis,Riverina Bitter-cress,Not Assessed,False,native,Herb,9,Sep,True,False
Cardamine moirensis,Riverina Bitter-cress,Not Assessed,False,native,Herb,10,Oct,True,False
Cardamine moirensis,Riverina Bitter-cress,Not Assessed,False,native,Herb,11,Nov,True,False
Cardamine moirensis,Riverina Bitter-cress,Not Assessed,False,native,Herb,12,Dec,False,False
Carduus pycnocephalus,Slender Thistle,Use Caution,True,introduced,Herb,1,Jan,False,False
Carduus pycnocephalus,Slender Thistle,Use Caution,True,introduced,Herb,2,Feb,False,False
Carduus pycnocephalus,Slender Thistle,Use Caution,True,introduced,Herb,3,Mar,False,False
Carduus pycnocephalus,Slender Thistle,Use Caution,True,introduced,Herb,4,Apr,False,False
Carduus pycnocephalus,Slender Thistle,Use Caution,True,introduced,Herb,5,May,False,False
Carduus pycnocephalus,Slender Thistle,Use Caution,True,introduced,Herb,6,Jun,False,False
Carduus pycnocephalus,Slender Thistle,Use Caution,True,introduced,Herb,7,Jul,False,False
Carduus pycnocephalus,Slender Thistle,Use Caution,True,introduced,Herb,8,Aug,False,False
Carduus pycnocephalus,Slender Thistle,Use Caution,True,introduced,Herb,9,Sep,False,False
Carduus pycnocephalus,Slender Thistle,Use Caution,True,introduced,Herb,10,Oct,True,False
Carduus pycnocephalus,Slender Thistle,Use Caution,True,introduced,Herb,11,Nov,True,False
Carduus pycnocephalus,Slender Thistle,Use Caution,True,introduced,Herb,12,Dec,False,False
Carex appressa,Tall Sedge,Not Assessed,False,native,Herb,1,Jan,True,False
Carex appressa,Tall Sedge,Not Assessed,False,native,Herb,2,Feb,True,False
Carex appressa,Tall Sedge,Not Assessed,False,native,Herb,3,Mar,True,False
Carex appressa,Tall Sedge,Not Assessed,False,native,Herb,4,Apr,True,False
Carex appressa,Tall Sedge,Not Assessed,False,native,Herb,5,May,False,False
Carex appressa,Tall Sedge,Not Assessed,False,native,Herb,6,Jun,False,False
Carex appressa,Tall Sedge,Not Assessed,False,native,Herb,7,Jul,False,False
Carex appressa,Tall Sedge,Not Assessed,False,native,Herb,8,Aug,False,False
Carex appressa,Tall Sedge,Not Assessed,False,native,Herb,9,Sep,True,False
Carex appressa,Tall Sedge,Not Assessed,False,native,Herb,10,Oct,True,False
Carex appressa,Tall Sedge,Not Assessed,False,native,Herb,11,Nov,True,False
Carex appressa,Tall Sedge,Not Assessed,False,native,Herb,12,Dec,True,False
Carex breviculmis,Short-stem Sedge,Not Assessed,False,native,Herb,1,Jan,True,False
Carex breviculmis,Short-stem Sedge,Not Assessed,False,native,Herb,2,Feb,True,False
Carex breviculmis,Short-stem Sedge,Not Assessed,False,native,Herb,3,Mar,False,False
Carex breviculmis,Short-stem Sedge,Not Assessed,False,native,Herb,4,Apr,True,False
Carex breviculmis,Short-stem Sedge,Not Assessed,False,native,Herb,5,May,True,False
Carex breviculmis,Short-stem Sedge,Not Assessed,False,native,Herb,6,Jun,True,False
Carex breviculmis,Short-stem Sedge,Not Assessed,False,native,Herb,7,Jul,True,False
Carex breviculmis,Short-stem Sedge,Not Assessed,False,native,Herb,8,Aug,False,False
Carex breviculmis,Short-stem Sedge,Not Assessed,False,native,Herb,9,Sep,True,False
Carex breviculmis,Short-stem Sedge,Not Assessed,False,native,Herb,10,Oct,True,False
Carex breviculmis,Short-stem Sedge,Not Assessed,False,native,Herb,11,Nov,True,False
Carex breviculmis,Short-stem Sedge,Not Assessed,False,native,Herb,12,Dec,True,False
Carex fascicularis,Tassel Sedge,Not Assessed,False,native,Grass,1,Jan,True,False
Carex fascicularis,Tassel Sedge,Not Assessed,False,native,Grass,2,Feb,True,False
Carex fascicularis,Tassel Sedge,Not Assessed,False,native,Grass,3,Mar,False,False
Carex fascicularis,Tassel Sedge,Not Assessed,False,native,Grass,4,Apr,False,False
Carex fascicularis,Tassel Sedge,Not Assessed,False,native,Grass,5,May,False,False
Carex fascicularis,Tassel Sedge,Not Assessed,False,native,Grass,6,Jun,False,False
Carex fascicularis,Tassel Sedge,Not Assessed,False,native,Grass,7,Jul,False,False
Carex fascicularis,Tassel Sedge,Not Assessed,False,native,Grass,8,Aug,False,False
Carex fascicularis,Tassel Sedge,Not Assessed,False,native,Grass,9,Sep,True,False
Carex fascicularis,Tassel Sedge,Not Assessed,False,native,Grass,10,Oct,True,False
Carex fascicularis,Tassel Sedge,Not Assessed,False,native,Grass,11,Nov,True,False
Carex fascicularis,Tassel Sedge,Not Assessed,False,native,Grass,12,Dec,True,False
Carex gaudichaudiana,Fen Sedge,Not Assessed,False,native,Grass,1,Jan,True,False
Carex gaudichaudiana,Fen Sedge,Not Assessed,False,native,Grass,2,Feb,True,False
Carex gaudichaudiana,Fen Sedge,Not Assessed,False,native,Grass,3,Mar,False,False
Carex gaudichaudiana,Fen Sedge,Not Assessed,False,native,Grass,4,Apr,False,False
Carex gaudichaudiana,Fen Sedge,Not Assessed,False,native,Grass,5,May,False,False
Carex gaudichaudiana,Fen Sedge,Not Assessed,False,native,Grass,6,Jun,False,False
Carex gaudichaudiana,Fen Sedge,Not Assessed,False,native,Grass,7,Jul,False,False
Carex gaudichaudiana,Fen Sedge,Not Assessed,False,native,Grass,8,Aug,False,False
Carex gaudichaudiana,Fen Sedge,Not Assessed,False,native,Grass,9,Sep,True,False
Carex gaudichaudiana,Fen Sedge,Not Assessed,False,native,Grass,10,Oct,True,False
Carex gaudichaudiana,Fen Sedge,Not Assessed,False,native,Grass,11,Nov,True,False
Carex gaudichaudiana,Fen Sedge,Not Assessed,False,native,Grass,12,Dec,True,False
Carex inversa,Knob Sedge,Not Assessed,False,native,Grass,1,Jan,True,False
Carex inversa,Knob Sedge,Not Assessed,False,native,Grass,2,Feb,True,False
Carex inversa,Knob Sedge,Not Assessed,False,native,Grass,3,Mar,True,False
Carex inversa,Knob Sedge,Not Assessed,False,native,Grass,4,Apr,True,False
Carex inversa,Knob Sedge,Not Assessed,False,native,Grass,5,May,True,False
Carex inversa,Knob Sedge,Not Assessed,False,native,Grass,6,Jun,False,False
Carex inversa,Knob Sedge,Not Assessed,False,native,Grass,7,Jul,False,False
Carex inversa,Knob Sedge,Not Assessed,False,native,Grass,8,Aug,False,False
Carex inversa,Knob Sedge,Not Assessed,False,native,Grass,9,Sep,True,False
Carex inversa,Knob Sedge,Not Assessed,False,native,Grass,10,Oct,True,False
Carex inversa,Knob Sedge,Not Assessed,False,native,Grass,11,Nov,True,False
Carex inversa,Knob Sedge,Not Assessed,False,native,Grass,12,Dec,True,False
Carthamus tinctorius,Safflower,Lower Concern,False,introduced,Herb,1,Jan,True,False
Carthamus tinctorius,Safflower,Lower Concern,False,introduced,Herb,2,Feb,True,False
Carthamus tinctorius,Safflower,Lower Concern,False,introduced,Herb,3,Mar,False,False
Carthamus tinctorius,Safflower,Lower Concern,False,introduced,Herb,4,Apr,False,False
Carthamus tinctorius,Safflower,Lower Concern,False,introduced,Herb,5,May,False,False
Carthamus tinctorius,Safflower,Lower Concern,False,introduced,Herb,6,Jun,True,False
Carthamus tinctorius,Safflower,Lower Concern,False,introduced,Herb,7,Jul,True,False
Carthamus tinctorius,Safflower,Lower Concern,False,introduced,Herb,8,Aug,True,False
Carthamus tinctorius,Safflower,Lower Concern,False,introduced,Herb,9,Sep,True,False
Carthamus tinctorius,Safflower,Lower Concern,False,introduced,Herb,10,Oct,True,False
Carthamus tinctorius,Safflower,Lower Concern,False,introduced,Herb,11,Nov,True,False
Carthamus tinctorius,Safflower,Lower Concern,False,introduced,Herb,12,Dec,True,False
Cassinia aculeata,Common Cassinia | Dogwood,Not Assessed,False,native,Shrub,1,Jan,True,False
Cassinia aculeata,Common Cassinia | Dogwood,Not Assessed,False,native,Shrub,2,Feb,True,False
Cassinia aculeata,Common Cassinia | Dogwood,Not Assessed,False,native,Shrub,3,Mar,True,False
Cassinia aculeata,Common Cassinia | Dogwood,Not Assessed,False,native,Shrub,4,Apr,True,False
Cassinia aculeata,Common Cassinia | Dogwood,Not Assessed,False,native,Shrub,5,May,True,False
Cassinia aculeata,Common Cassinia | Dogwood,Not Assessed,False,native,Shrub,6,Jun,False,False
Cassinia aculeata,Common Cassinia | Dogwood,Not Assessed,False,native,Shrub,7,Jul,False,False
Cassinia aculeata,Common Cassinia | Dogwood,Not Assessed,False,native,Shrub,8,Aug,False,False
Cassinia aculeata,Common Cassinia | Dogwood,Not Assessed,False,native,Shrub,9,Sep,False,False
Cassinia aculeata,Common Cassinia | Dogwood,Not Assessed,False,native,Shrub,10,Oct,False,False
Cassinia aculeata,Common Cassinia | Dogwood,Not Assessed,False,native,Shrub,11,Nov,True,False
Cassinia aculeata,Common Cassinia | Dogwood,Not Assessed,False,native,Shrub,12,Dec,True,False
Cassinia aculeata subsp. aculeata,Common Cassinia,Not Assessed,False,native,Shrub,1,Jan,True,False
Cassinia aculeata subsp. aculeata,Common Cassinia,Not Assessed,False,native,Shrub,2,Feb,True,False
Cassinia aculeata subsp. aculeata,Common Cassinia,Not Assessed,False,native,Shrub,3,Mar,True,False
Cassinia aculeata subsp. aculeata,Common Cassinia,Not Assessed,False,native,Shrub,4,Apr,True,False
Cassinia aculeata subsp. aculeata,Common Cassinia,Not Assessed,False,native,Shrub,5,May,True,False
Cassinia aculeata subsp. aculeata,Common Cassinia,Not Assessed,False,native,Shrub,6,Jun,False,False
Cassinia aculeata subsp. aculeata,Common Cassinia,Not Assessed,False,native,Shrub,7,Jul,False,False
Cassinia aculeata subsp. aculeata,Common Cassinia,Not Assessed,False,native,Shrub,8,Aug,False,False
Cassinia aculeata subsp. aculeata,Common Cassinia,Not Assessed,False,native,Shrub,9,Sep,False,False
Cassinia aculeata subsp. aculeata,Common Cassinia,Not Assessed,False,native,Shrub,10,Oct,False,False
Cassinia aculeata subsp. aculeata,Common Cassinia,Not Assessed,False,native,Shrub,11,Nov,True,False
Cassinia aculeata subsp. aculeata,Common Cassinia,Not Assessed,False,native,Shrub,12,Dec,True,False
Cassinia arcuata,Desert Cassinia,Not Assessed,False,native,Shrub,1,Jan,True,False
Cassinia arcuata,Desert Cassinia,Not Assessed,False,native,Shrub,2,Feb,True,False
Cassinia arcuata,Desert Cassinia,Not Assessed,False,native,Shrub,3,Mar,True,False
Cassinia arcuata,Desert Cassinia,Not Assessed,False,native,Shrub,4,Apr,True,False
Cassinia arcuata,Desert Cassinia,Not Assessed,False,native,Shrub,5,May,True,False
Cassinia arcuata,Desert Cassinia,Not Assessed,False,native,Shrub,6,Jun,False,False
Cassinia arcuata,Desert Cassinia,Not Assessed,False,native,Shrub,7,Jul,False,False
Cassinia arcuata,Desert Cassinia,Not Assessed,False,native,Shrub,8,Aug,False,False
Cassinia arcuata,Desert Cassinia,Not Assessed,False,native,Shrub,9,Sep,True,False
Cassinia arcuata,Desert Cassinia,Not Assessed,False,native,Shrub,10,Oct,True,False
Cassinia arcuata,Desert Cassinia,Not Assessed,False,native,Shrub,11,Nov,True,False
Cassinia arcuata,Desert Cassinia,Not Assessed,False,native,Shrub,12,Dec,True,False
Cassinia longifolia,Shiny Cassinia | Long-leaf Dogwood,Not Assessed,False,native,Shrub,1,Jan,True,False
Cassinia longifolia,Shiny Cassinia | Long-leaf Dogwood,Not Assessed,False,native,Shrub,2,Feb,True,False
Cassinia longifolia,Shiny Cassinia | Long-leaf Dogwood,Not Assessed,False,native,Shrub,3,Mar,True,False
Cassinia longifolia,Shiny Cassinia | Long-leaf Dogwood,Not Assessed,False,native,Shrub,4,Apr,True,False
Cassinia longifolia,Shiny Cassinia | Long-leaf Dogwood,Not Assessed,False,native,Shrub,5,May,True,False
Cassinia longifolia,Shiny Cassinia | Long-leaf Dogwood,Not Assessed,False,native,Shrub,6,Jun,False,False
Cassinia longifolia,Shiny Cassinia | Long-leaf Dogwood,Not Assessed,False,native,Shrub,7,Jul,False,False
Cassinia longifolia,Shiny Cassinia | Long-leaf Dogwood,Not Assessed,False,native,Shrub,8,Aug,False,False
Cassinia longifolia,Shiny Cassinia | Long-leaf Dogwood,Not Assessed,False,native,Shrub,9,Sep,False,False
Cassinia longifolia,Shiny Cassinia | Long-leaf Dogwood,Not Assessed,False,native,Shrub,10,Oct,False,False
Cassinia longifolia,Shiny Cassinia | Long-leaf Dogwood,Not Assessed,False,native,Shrub,11,Nov,True,False
Cassinia longifolia,Shiny Cassinia | Long-leaf Dogwood,Not Assessed,False,native,Shrub,12,Dec,True,False
Cassinia sifton,Drooping Cassinia  | Chinese Scrub | Sifton Bush,Use Caution,True,uncertain,Shrub,1,Jan,,False
Cassinia sifton,Drooping Cassinia  | Chinese Scrub | Sifton Bush,Use Caution,True,uncertain,Shrub,2,Feb,,False
Cassinia sifton,Drooping Cassinia  | Chinese Scrub | Sifton Bush,Use Caution,True,uncertain,Shrub,3,Mar,,False
Cassinia sifton,Drooping Cassinia  | Chinese Scrub | Sifton Bush,Use Caution,True,uncertain,Shrub,4,Apr,,False
Cassinia sifton,Drooping Cassinia  | Chinese Scrub | Sifton Bush,Use Caution,True,uncertain,Shrub,5,May,,False
Cassinia sifton,Drooping Cassinia  | Chinese Scrub | Sifton Bush,Use Caution,True,uncertain,Shrub,6,Jun,,False
Cassinia sifton,Drooping Cassinia  | Chinese Scrub | Sifton Bush,Use Caution,True,uncertain,Shrub,7,Jul,,False
Cassinia sifton,Drooping Cassinia  | Chinese Scrub | Sifton Bush,Use Caution,True,uncertain,Shrub,8,Aug,,False
Cassinia sifton,Drooping Cassinia  | Chinese Scrub | Sifton Bush,Use Caution,True,uncertain,Shrub,9,Sep,,False
Cassinia sifton,Drooping Cassinia  | Chinese Scrub | Sifton Bush,Use Caution,True,uncertain,Shrub,10,Oct,,False
Cassinia sifton,Drooping Cassinia  | Chinese Scrub | Sifton Bush,Use Caution,True,uncertain,Shrub,11,Nov,,False
Cassinia sifton,Drooping Cassinia  | Chinese Scrub | Sifton Bush,Use Caution,True,uncertain,Shrub,12,Dec,,False
Cassytha glabella,Slender Dodder-laurel | Tangled Dodder-laurel,Not Assessed,False,native,Climber,1,Jan,True,False
Cassytha glabella,Slender Dodder-laurel | Tangled Dodder-laurel,Not Assessed,False,native,Climber,2,Feb,True,False
Cassytha glabella,Slender Dodder-laurel | Tangled Dodder-laurel,Not Assessed,False,native,Climber,3,Mar,True,False
Cassytha glabella,Slender Dodder-laurel | Tangled Dodder-laurel,Not Assessed,False,native,Climber,4,Apr,True,False
Cassytha glabella,Slender Dodder-laurel | Tangled Dodder-laurel,Not Assessed,False,native,Climber,5,May,True,False
Cassytha glabella,Slender Dodder-laurel | Tangled Dodder-laurel,Not Assessed,False,native,Climber,6,Jun,True,False
Cassytha glabella,Slender Dodder-laurel | Tangled Dodder-laurel,Not Assessed,False,native,Climber,7,Jul,True,False
Cassytha glabella,Slender Dodder-laurel | Tangled Dodder-laurel,Not Assessed,False,native,Climber,8,Aug,True,False
Cassytha glabella,Slender Dodder-laurel | Tangled Dodder-laurel,Not Assessed,False,native,Climber,9,Sep,True,False
Cassytha glabella,Slender Dodder-laurel | Tangled Dodder-laurel,Not Assessed,False,native,Climber,10,Oct,True,False
Cassytha glabella,Slender Dodder-laurel | Tangled Dodder-laurel,Not Assessed,False,native,Climber,11,Nov,True,False
Cassytha glabella,Slender Dodder-laurel | Tangled Dodder-laurel,Not Assessed,False,native,Climber,12,Dec,True,False
Cassytha glabella f. dispar,Slender Dodder-laurel,Not Assessed,False,native,Climber,1,Jan,True,False
Cassytha glabella f. dispar,Slender Dodder-laurel,Not Assessed,False,native,Climber,2,Feb,True,False
Cassytha glabella f. dispar,Slender Dodder-laurel,Not Assessed,False,native,Climber,3,Mar,True,False
Cassytha glabella f. dispar,Slender Dodder-laurel,Not Assessed,False,native,Climber,4,Apr,True,False
Cassytha glabella f. dispar,Slender Dodder-laurel,Not Assessed,False,native,Climber,5,May,True,False
Cassytha glabella f. dispar,Slender Dodder-laurel,Not Assessed,False,native,Climber,6,Jun,True,False
Cassytha glabella f. dispar,Slender Dodder-laurel,Not Assessed,False,native,Climber,7,Jul,True,False
Cassytha glabella f. dispar,Slender Dodder-laurel,Not Assessed,False,native,Climber,8,Aug,True,False
Cassytha glabella f. dispar,Slender Dodder-laurel,Not Assessed,False,native,Climber,9,Sep,True,False
Cassytha glabella f. dispar,Slender Dodder-laurel,Not Assessed,False,native,Climber,10,Oct,True,False
Cassytha glabella f. dispar,Slender Dodder-laurel,Not Assessed,False,native,Climber,11,Nov,True,False
Cassytha glabella f. dispar,Slender Dodder-laurel,Not Assessed,False,native,Climber,12,Dec,True,False
Cassytha melantha,Coarse Dodder-laurel,Not Assessed,False,native,Climber,1,Jan,True,False
Cassytha melantha,Coarse Dodder-laurel,Not Assessed,False,native,Climber,2,Feb,True,False
Cassytha melantha,Coarse Dodder-laurel,Not Assessed,False,native,Climber,3,Mar,True,False
Cassytha melantha,Coarse Dodder-laurel,Not Assessed,False,native,Climber,4,Apr,True,False
Cassytha melantha,Coarse Dodder-laurel,Not Assessed,False,native,Climber,5,May,True,False
Cassytha melantha,Coarse Dodder-laurel,Not Assessed,False,native,Climber,6,Jun,True,False
Cassytha melantha,Coarse Dodder-laurel,Not Assessed,False,native,Climber,7,Jul,True,False
Cassytha melantha,Coarse Dodder-laurel,Not Assessed,False,native,Climber,8,Aug,True,False
Cassytha melantha,Coarse Dodder-laurel,Not Assessed,False,native,Climber,9,Sep,True,False
Cassytha melantha,Coarse Dodder-laurel,Not Assessed,False,native,Climber,10,Oct,True,False
Cassytha melantha,Coarse Dodder-laurel,Not Assessed,False,native,Climber,11,Nov,True,False
Cassytha melantha,Coarse Dodder-laurel,Not Assessed,False,native,Climber,12,Dec,True,False
Cassytha pubescens,Downy Dodder-laurel,Not Assessed,False,native,Climber,1,Jan,True,False
Cassytha pubescens,Downy Dodder-laurel,Not Assessed,False,native,Climber,2,Feb,True,False
Cassytha pubescens,Downy Dodder-laurel,Not Assessed,False,native,Climber,3,Mar,True,False
Cassytha pubescens,Downy Dodder-laurel,Not Assessed,False,native,Climber,4,Apr,True,False
Cassytha pubescens,Downy Dodder-laurel,Not Assessed,False,native,Climber,5,May,True,False
Cassytha pubescens,Downy Dodder-laurel,Not Assessed,False,native,Climber,6,Jun,True,False
Cassytha pubescens,Downy Dodder-laurel,Not Assessed,False,native,Climber,7,Jul,True,False
Cassytha pubescens,Downy Dodder-laurel,Not Assessed,False,native,Climber,8,Aug,True,False
Cassytha pubescens,Downy Dodder-laurel,Not Assessed,False,native,Climber,9,Sep,False,False
Cassytha pubescens,Downy Dodder-laurel,Not Assessed,False,native,Climber,10,Oct,True,False
Cassytha pubescens,Downy Dodder-laurel,Not Assessed,False,native,Climber,11,Nov,True,False
Cassytha pubescens,Downy Dodder-laurel,Not Assessed,False,native,Climber,12,Dec,True,False
Cenchrus clandestinus,Kikuyu,Reconsider Planting,True,introduced,Herb,1,Jan,True,False
Cenchrus clandestinus,Kikuyu,Reconsider Planting,True,introduced,Herb,2,Feb,True,False
Cenchrus clandestinus,Kikuyu,Reconsider Planting,True,introduced,Herb,3,Mar,False,False
Cenchrus clandestinus,Kikuyu,Reconsider Planting,True,introduced,Herb,4,Apr,False,False
Cenchrus clandestinus,Kikuyu,Reconsider Planting,True,introduced,Herb,5,May,False,False
Cenchrus clandestinus,Kikuyu,Reconsider Planting,True,introduced,Herb,6,Jun,False,False
Cenchrus clandestinus,Kikuyu,Reconsider Planting,True,introduced,Herb,7,Jul,False,False
Cenchrus clandestinus,Kikuyu,Reconsider Planting,True,introduced,Herb,8,Aug,False,False
Cenchrus clandestinus,Kikuyu,Reconsider Planting,True,introduced,Herb,9,Sep,False,False
Cenchrus clandestinus,Kikuyu,Reconsider Planting,True,introduced,Herb,10,Oct,False,False
Cenchrus clandestinus,Kikuyu,Reconsider Planting,True,introduced,Herb,11,Nov,False,False
Cenchrus clandestinus,Kikuyu,Reconsider Planting,True,introduced,Herb,12,Dec,True,False
Cenchrus longispinus,Spiny Burr-grass,Reconsider Planting,True,introduced,Grass,1,Jan,True,False
Cenchrus longispinus,Spiny Burr-grass,Reconsider Planting,True,introduced,Grass,2,Feb,True,False
Cenchrus longispinus,Spiny Burr-grass,Reconsider Planting,True,introduced,Grass,3,Mar,False,False
Cenchrus longispinus,Spiny Burr-grass,Reconsider Planting,True,introduced,Grass,4,Apr,False,False
Cenchrus longispinus,Spiny Burr-grass,Reconsider Planting,True,introduced,Grass,5,May,False,False
Cenchrus longispinus,Spiny Burr-grass,Reconsider Planting,True,introduced,Grass,6,Jun,False,False
Cenchrus longispinus,Spiny Burr-grass,Reconsider Planting,True,introduced,Grass,7,Jul,False,False
Cenchrus longispinus,Spiny Burr-grass,Reconsider Planting,True,introduced,Grass,8,Aug,False,False
Cenchrus longispinus,Spiny Burr-grass,Reconsider Planting,True,introduced,Grass,9,Sep,False,False
Cenchrus longispinus,Spiny Burr-grass,Reconsider Planting,True,introduced,Grass,10,Oct,False,False
Cenchrus longispinus,Spiny Burr-grass,Reconsider Planting,True,introduced,Grass,11,Nov,False,False
Cenchrus longispinus,Spiny Burr-grass,Reconsider Planting,True,introduced,Grass,12,Dec,True,False
Centaurium erythraea,Common Centaury,Use Caution,True,introduced,Herb,1,Jan,True,False
Centaurium erythraea,Common Centaury,Use Caution,True,introduced,Herb,2,Feb,True,False
Centaurium erythraea,Common Centaury,Use Caution,True,introduced,Herb,3,Mar,True,False
Centaurium erythraea,Common Centaury,Use Caution,True,introduced,Herb,4,Apr,True,False
Centaurium erythraea,Common Centaury,Use Caution,True,introduced,Herb,5,May,True,False
Centaurium erythraea,Common Centaury,Use Caution,True,introduced,Herb,6,Jun,True,False
Centaurium erythraea,Common Centaury,Use Caution,True,introduced,Herb,7,Jul,True,False
Centaurium erythraea,Common Centaury,Use Caution,True,introduced,Herb,8,Aug,True,False
Centaurium erythraea,Common Centaury,Use Caution,True,introduced,Herb,9,Sep,True,False
Centaurium erythraea,Common Centaury,Use Caution,True,introduced,Herb,10,Oct,True,False
Centaurium erythraea,Common Centaury,Use Caution,True,introduced,Herb,11,Nov,True,False
Centaurium erythraea,Common Centaury,Use Caution,True,introduced,Herb,12,Dec,True,False
Centella cordifolia,Centella,Not Assessed,False,native,Herb,1,Jan,True,False
Centella cordifolia,Centella,Not Assessed,False,native,Herb,2,Feb,True,False
Centella cordifolia,Centella,Not Assessed,False,native,Herb,3,Mar,True,False
Centella cordifolia,Centella,Not Assessed,False,native,Herb,4,Apr,True,False
Centella cordifolia,Centella,Not Assessed,False,native,Herb,5,May,True,False
Centella cordifolia,Centella,Not Assessed,False,native,Herb,6,Jun,False,False
Centella cordifolia,Centella,Not Assessed,False,native,Herb,7,Jul,False,False
Centella cordifolia,Centella,Not Assessed,False,native,Herb,8,Aug,True,False
Centella cordifolia,Centella,Not Assessed,False,native,Herb,9,Sep,True,False
Centella cordifolia,Centella,Not Assessed,False,native,Herb,10,Oct,True,False
Centella cordifolia,Centella,Not Assessed,False,native,Herb,11,Nov,True,False
Centella cordifolia,Centella,Not Assessed,False,native,Herb,12,Dec,True,False
Centipeda cunninghamii,Common Sneezeweed,Not Assessed,False,native,Herb,1,Jan,True,False
Centipeda cunninghamii,Common Sneezeweed,Not Assessed,False,native,Herb,2,Feb,True,False
Centipeda cunninghamii,Common Sneezeweed,Not Assessed,False,native,Herb,3,Mar,True,False
Centipeda cunninghamii,Common Sneezeweed,Not Assessed,False,native,Herb,4,Apr,True,False
Centipeda cunninghamii,Common Sneezeweed,Not Assessed,False,native,Herb,5,May,True,False
Centipeda cunninghamii,Common Sneezeweed,Not Assessed,False,native,Herb,6,Jun,False,False
Centipeda cunninghamii,Common Sneezeweed,Not Assessed,False,native,Herb,7,Jul,False,False
Centipeda cunninghamii,Common Sneezeweed,Not Assessed,False,native,Herb,8,Aug,False,False
Centipeda cunninghamii,Common Sneezeweed,Not Assessed,False,native,Herb,9,Sep,True,False
Centipeda cunninghamii,Common Sneezeweed,Not Assessed,False,native,Herb,10,Oct,True,False
Centipeda cunninghamii,Common Sneezeweed,Not Assessed,False,native,Herb,11,Nov,True,False
Centipeda cunninghamii,Common Sneezeweed,Not Assessed,False,native,Herb,12,Dec,True,False
Centrolepis aristata,Pointed Centrolepis,Not Assessed,False,native,Grass,1,Jan,False,False
Centrolepis aristata,Pointed Centrolepis,Not Assessed,False,native,Grass,2,Feb,False,False
Centrolepis aristata,Pointed Centrolepis,Not Assessed,False,native,Grass,3,Mar,False,False
Centrolepis aristata,Pointed Centrolepis,Not Assessed,False,native,Grass,4,Apr,False,False
Centrolepis aristata,Pointed Centrolepis,Not Assessed,False,native,Grass,5,May,False,False
Centrolepis aristata,Pointed Centrolepis,Not Assessed,False,native,Grass,6,Jun,False,False
Centrolepis aristata,Pointed Centrolepis,Not Assessed,False,native,Grass,7,Jul,False,False
Centrolepis aristata,Pointed Centrolepis,Not Assessed,False,native,Grass,8,Aug,True,False
Centrolepis aristata,Pointed Centrolepis,Not Assessed,False,native,Grass,9,Sep,True,False
Centrolepis aristata,Pointed Centrolepis,Not Assessed,False,native,Grass,10,Oct,True,False
Centrolepis aristata,Pointed Centrolepis,Not Assessed,False,native,Grass,11,Nov,True,False
Centrolepis aristata,Pointed Centrolepis,Not Assessed,False,native,Grass,12,Dec,True,False
Centrolepis fascicularis,Tufted Centrolepis,Not Assessed,False,native,Grass,1,Jan,True,False
Centrolepis fascicularis,Tufted Centrolepis,Not Assessed,False,native,Grass,2,Feb,True,False
Centrolepis fascicularis,Tufted Centrolepis,Not Assessed,False,native,Grass,3,Mar,False,False
Centrolepis fascicularis,Tufted Centrolepis,Not Assessed,False,native,Grass,4,Apr,False,False
Centrolepis fascicularis,Tufted Centrolepis,Not Assessed,False,native,Grass,5,May,False,False
Centrolepis fascicularis,Tufted Centrolepis,Not Assessed,False,native,Grass,6,Jun,False,False
Centrolepis fascicularis,Tufted Centrolepis,Not Assessed,False,native,Grass,7,Jul,False,False
Centrolepis fascicularis,Tufted Centrolepis,Not Assessed,False,native,Grass,8,Aug,False,False
Centrolepis fascicularis,Tufted Centrolepis,Not Assessed,False,native,Grass,9,Sep,False,False
Centrolepis fascicularis,Tufted Centrolepis,Not Assessed,False,native,Grass,10,Oct,True,False
Centrolepis fascicularis,Tufted Centrolepis,Not Assessed,False,native,Grass,11,Nov,True,False
Centrolepis fascicularis,Tufted Centrolepis,Not Assessed,False,native,Grass,12,Dec,True,False
Centrolepis strigosa,Hairy Centrolepis,Not Assessed,False,native,Grass,1,Jan,False,False
Centrolepis strigosa,Hairy Centrolepis,Not Assessed,False,native,Grass,2,Feb,False,False
Centrolepis strigosa,Hairy Centrolepis,Not Assessed,False,native,Grass,3,Mar,False,False
Centrolepis strigosa,Hairy Centrolepis,Not Assessed,False,native,Grass,4,Apr,False,False
Centrolepis strigosa,Hairy Centrolepis,Not Assessed,False,native,Grass,5,May,False,False
Centrolepis strigosa,Hairy Centrolepis,Not Assessed,False,native,Grass,6,Jun,False,False
Centrolepis strigosa,Hairy Centrolepis,Not Assessed,False,native,Grass,7,Jul,False,False
Centrolepis strigosa,Hairy Centrolepis,Not Assessed,False,native,Grass,8,Aug,True,False
Centrolepis strigosa,Hairy Centrolepis,Not Assessed,False,native,Grass,9,Sep,True,False
Centrolepis strigosa,Hairy Centrolepis,Not Assessed,False,native,Grass,10,Oct,True,False
Centrolepis strigosa,Hairy Centrolepis,Not Assessed,False,native,Grass,11,Nov,True,False
Centrolepis strigosa,Hairy Centrolepis,Not Assessed,False,native,Grass,12,Dec,False,False
Centrolepis strigosa subsp. strigosa,Hairy Centrolepis,Not Assessed,False,native,Grass,1,Jan,False,False
Centrolepis strigosa subsp. strigosa,Hairy Centrolepis,Not Assessed,False,native,Grass,2,Feb,False,False
Centrolepis strigosa subsp. strigosa,Hairy Centrolepis,Not Assessed,False,native,Grass,3,Mar,False,False
Centrolepis strigosa subsp. strigosa,Hairy Centrolepis,Not Assessed,False,native,Grass,4,Apr,False,False
Centrolepis strigosa subsp. strigosa,Hairy Centrolepis,Not Assessed,False,native,Grass,5,May,False,False
Centrolepis strigosa subsp. strigosa,Hairy Centrolepis,Not Assessed,False,native,Grass,6,Jun,False,False
Centrolepis strigosa subsp. strigosa,Hairy Centrolepis,Not Assessed,False,native,Grass,7,Jul,False,False
Centrolepis strigosa subsp. strigosa,Hairy Centrolepis,Not Assessed,False,native,Grass,8,Aug,True,False
Centrolepis strigosa subsp. strigosa,Hairy Centrolepis,Not Assessed,False,native,Grass,9,Sep,True,False
Centrolepis strigosa subsp. strigosa,Hairy Centrolepis,Not Assessed,False,native,Grass,10,Oct,True,False
Centrolepis strigosa subsp. strigosa,Hairy Centrolepis,Not Assessed,False,native,Grass,11,Nov,True,False
Centrolepis strigosa subsp. strigosa,Hairy Centrolepis,Not Assessed,False,native,Grass,12,Dec,False,False
Cerastium glomeratum,Sticky Mouse-ear Chickweed,Use Caution,True,introduced,Herb,1,Jan,True,False
Cerastium glomeratum,Sticky Mouse-ear Chickweed,Use Caution,True,introduced,Herb,2,Feb,True,False
Cerastium glomeratum,Sticky Mouse-ear Chickweed,Use Caution,True,introduced,Herb,3,Mar,False,False
Cerastium glomeratum,Sticky Mouse-ear Chickweed,Use Caution,True,introduced,Herb,4,Apr,False,False
Cerastium glomeratum,Sticky Mouse-ear Chickweed,Use Caution,True,introduced,Herb,5,May,True,False
Cerastium glomeratum,Sticky Mouse-ear Chickweed,Use Caution,True,introduced,Herb,6,Jun,True,False
Cerastium glomeratum,Sticky Mouse-ear Chickweed,Use Caution,True,introduced,Herb,7,Jul,True,False
Cerastium glomeratum,Sticky Mouse-ear Chickweed,Use Caution,True,introduced,Herb,8,Aug,True,False
Cerastium glomeratum,Sticky Mouse-ear Chickweed,Use Caution,True,introduced,Herb,9,Sep,True,False
Cerastium glomeratum,Sticky Mouse-ear Chickweed,Use Caution,True,introduced,Herb,10,Oct,True,False
Cerastium glomeratum,Sticky Mouse-ear Chickweed,Use Caution,True,introduced,Herb,11,Nov,True,False
Cerastium glomeratum,Sticky Mouse-ear Chickweed,Use Caution,True,introduced,Herb,12,Dec,True,False
Ceratodon purpureus,Redshank Moss,Reconsider Planting,True,native,,1,Jan,,False
Ceratodon purpureus,Redshank Moss,Reconsider Planting,True,native,,2,Feb,,False
Ceratodon purpureus,Redshank Moss,Reconsider Planting,True,native,,3,Mar,,False
Ceratodon purpureus,Redshank Moss,Reconsider Planting,True,native,,4,Apr,,False
Ceratodon purpureus,Redshank Moss,Reconsider Planting,True,native,,5,May,,False
Ceratodon purpureus,Redshank Moss,Reconsider Planting,True,native,,6,Jun,,False
Ceratodon purpureus,Redshank Moss,Reconsider Planting,True,native,,7,Jul,,False
Ceratodon purpureus,Redshank Moss,Reconsider Planting,True,native,,8,Aug,,False
Ceratodon purpureus,Redshank Moss,Reconsider Planting,True,native,,9,Sep,,False
Ceratodon purpureus,Redshank Moss,Reconsider Planting,True,native,,10,Oct,,False
Ceratodon purpureus,Redshank Moss,Reconsider Planting,True,native,,11,Nov,,False
Ceratodon purpureus,Redshank Moss,Reconsider Planting,True,native,,12,Dec,,False
Chamaecytisus palmensis,Tree Lucerne,Reconsider Planting,True,introduced,Tree,1,Jan,False,False
Chamaecytisus palmensis,Tree Lucerne,Reconsider Planting,True,introduced,Tree,2,Feb,False,False
Chamaecytisus palmensis,Tree Lucerne,Reconsider Planting,True,introduced,Tree,3,Mar,False,False
Chamaecytisus palmensis,Tree Lucerne,Reconsider Planting,True,introduced,Tree,4,Apr,False,False
Chamaecytisus palmensis,Tree Lucerne,Reconsider Planting,True,introduced,Tree,5,May,False,False
Chamaecytisus palmensis,Tree Lucerne,Reconsider Planting,True,introduced,Tree,6,Jun,True,False
Chamaecytisus palmensis,Tree Lucerne,Reconsider Planting,True,introduced,Tree,7,Jul,True,False
Chamaecytisus palmensis,Tree Lucerne,Reconsider Planting,True,introduced,Tree,8,Aug,True,False
Chamaecytisus palmensis,Tree Lucerne,Reconsider Planting,True,introduced,Tree,9,Sep,True,False
Chamaecytisus palmensis,Tree Lucerne,Reconsider Planting,True,introduced,Tree,10,Oct,False,False
Chamaecytisus palmensis,Tree Lucerne,Reconsider Planting,True,introduced,Tree,11,Nov,False,False
Chamaecytisus palmensis,Tree Lucerne,Reconsider Planting,True,introduced,Tree,12,Dec,False,False
Chamaescilla corymbosa,Blue Stars,Not Assessed,False,native,Herb,1,Jan,True,False
Chamaescilla corymbosa,Blue Stars,Not Assessed,False,native,Herb,2,Feb,False,False
Chamaescilla corymbosa,Blue Stars,Not Assessed,False,native,Herb,3,Mar,False,False
Chamaescilla corymbosa,Blue Stars,Not Assessed,False,native,Herb,4,Apr,False,False
Chamaescilla corymbosa,Blue Stars,Not Assessed,False,native,Herb,5,May,True,False
Chamaescilla corymbosa,Blue Stars,Not Assessed,False,native,Herb,6,Jun,True,False
Chamaescilla corymbosa,Blue Stars,Not Assessed,False,native,Herb,7,Jul,True,False
Chamaescilla corymbosa,Blue Stars,Not Assessed,False,native,Herb,8,Aug,True,False
Chamaescilla corymbosa,Blue Stars,Not Assessed,False,native,Herb,9,Sep,True,False
Chamaescilla corymbosa,Blue Stars,Not Assessed,False,native,Herb,10,Oct,True,False
Chamaescilla corymbosa,Blue Stars,Not Assessed,False,native,Herb,11,Nov,True,False
Chamaescilla corymbosa,Blue Stars,Not Assessed,False,native,Herb,12,Dec,True,False
Chamaescilla corymbosa var. corymbosa,Blue Stars | Mudrurt,Not Assessed,False,native,Herb,1,Jan,True,False
Chamaescilla corymbosa var. corymbosa,Blue Stars | Mudrurt,Not Assessed,False,native,Herb,2,Feb,False,False
Chamaescilla corymbosa var. corymbosa,Blue Stars | Mudrurt,Not Assessed,False,native,Herb,3,Mar,False,False
Chamaescilla corymbosa var. corymbosa,Blue Stars | Mudrurt,Not Assessed,False,native,Herb,4,Apr,False,False
Chamaescilla corymbosa var. corymbosa,Blue Stars | Mudrurt,Not Assessed,False,native,Herb,5,May,True,False
Chamaescilla corymbosa var. corymbosa,Blue Stars | Mudrurt,Not Assessed,False,native,Herb,6,Jun,True,False
Chamaescilla corymbosa var. corymbosa,Blue Stars | Mudrurt,Not Assessed,False,native,Herb,7,Jul,True,False
Chamaescilla corymbosa var. corymbosa,Blue Stars | Mudrurt,Not Assessed,False,native,Herb,8,Aug,True,False
Chamaescilla corymbosa var. corymbosa,Blue Stars | Mudrurt,Not Assessed,False,native,Herb,9,Sep,True,False
Chamaescilla corymbosa var. corymbosa,Blue Stars | Mudrurt,Not Assessed,False,native,Herb,10,Oct,True,False
Chamaescilla corymbosa var. corymbosa,Blue Stars | Mudrurt,Not Assessed,False,native,Herb,11,Nov,True,False
Chamaescilla corymbosa var. corymbosa,Blue Stars | Mudrurt,Not Assessed,False,native,Herb,12,Dec,True,False
Chasmanthe floribunda,African Cornflag,Reconsider Planting,True,introduced,Herb,1,Jan,False,False
Chasmanthe floribunda,African Cornflag,Reconsider Planting,True,introduced,Herb,2,Feb,False,False
Chasmanthe floribunda,African Cornflag,Reconsider Planting,True,introduced,Herb,3,Mar,False,False
Chasmanthe floribunda,African Cornflag,Reconsider Planting,True,introduced,Herb,4,Apr,False,False
Chasmanthe floribunda,African Cornflag,Reconsider Planting,True,introduced,Herb,5,May,False,False
Chasmanthe floribunda,African Cornflag,Reconsider Planting,True,introduced,Herb,6,Jun,False,False
Chasmanthe floribunda,African Cornflag,Reconsider Planting,True,introduced,Herb,7,Jul,True,False
Chasmanthe floribunda,African Cornflag,Reconsider Planting,True,introduced,Herb,8,Aug,True,False
Chasmanthe floribunda,African Cornflag,Reconsider Planting,True,introduced,Herb,9,Sep,True,False
Chasmanthe floribunda,African Cornflag,Reconsider Planting,True,introduced,Herb,10,Oct,True,False
Chasmanthe floribunda,African Cornflag,Reconsider Planting,True,introduced,Herb,11,Nov,False,False
Chasmanthe floribunda,African Cornflag,Reconsider Planting,True,introduced,Herb,12,Dec,False,False
Chenopodium album,Fat Hen | White Goosefoot,Use Caution,True,introduced,Herb,1,Jan,,False
Chenopodium album,Fat Hen | White Goosefoot,Use Caution,True,introduced,Herb,2,Feb,,False
Chenopodium album,Fat Hen | White Goosefoot,Use Caution,True,introduced,Herb,3,Mar,,False
Chenopodium album,Fat Hen | White Goosefoot,Use Caution,True,introduced,Herb,4,Apr,,False
Chenopodium album,Fat Hen | White Goosefoot,Use Caution,True,introduced,Herb,5,May,,False
Chenopodium album,Fat Hen | White Goosefoot,Use Caution,True,introduced,Herb,6,Jun,,False
Chenopodium album,Fat Hen | White Goosefoot,Use Caution,True,introduced,Herb,7,Jul,,False
Chenopodium album,Fat Hen | White Goosefoot,Use Caution,True,introduced,Herb,8,Aug,,False
Chenopodium album,Fat Hen | White Goosefoot,Use Caution,True,introduced,Herb,9,Sep,,False
Chenopodium album,Fat Hen | White Goosefoot,Use Caution,True,introduced,Herb,10,Oct,,False
Chenopodium album,Fat Hen | White Goosefoot,Use Caution,True,introduced,Herb,11,Nov,,False
Chenopodium album,Fat Hen | White Goosefoot,Use Caution,True,introduced,Herb,12,Dec,,False
Chenopodium murale,Sowbane,Use Caution,True,introduced,Herb,1,Jan,False,False
Chenopodium murale,Sowbane,Use Caution,True,introduced,Herb,2,Feb,False,False
Chenopodium murale,Sowbane,Use Caution,True,introduced,Herb,3,Mar,False,False
Chenopodium murale,Sowbane,Use Caution,True,introduced,Herb,4,Apr,False,False
Chenopodium murale,Sowbane,Use Caution,True,introduced,Herb,5,May,True,False
Chenopodium murale,Sowbane,Use Caution,True,introduced,Herb,6,Jun,True,False
Chenopodium murale,Sowbane,Use Caution,True,introduced,Herb,7,Jul,True,False
Chenopodium murale,Sowbane,Use Caution,True,introduced,Herb,8,Aug,True,False
Chenopodium murale,Sowbane,Use Caution,True,introduced,Herb,9,Sep,True,False
Chenopodium murale,Sowbane,Use Caution,True,introduced,Herb,10,Oct,True,False
Chenopodium murale,Sowbane,Use Caution,True,introduced,Herb,11,Nov,False,False
Chenopodium murale,Sowbane,Use Caution,True,introduced,Herb,12,Dec,False,False
Chiloglottis curviclavia,Autumn Wasp-orchid,Not Assessed,False,native,Herb,1,Jan,,False
Chiloglottis curviclavia,Autumn Wasp-orchid,Not Assessed,False,native,Herb,2,Feb,,False
Chiloglottis curviclavia,Autumn Wasp-orchid,Not Assessed,False,native,Herb,3,Mar,,False
Chiloglottis curviclavia,Autumn Wasp-orchid,Not Assessed,False,native,Herb,4,Apr,,False
Chiloglottis curviclavia,Autumn Wasp-orchid,Not Assessed,False,native,Herb,5,May,,False
Chiloglottis curviclavia,Autumn Wasp-orchid,Not Assessed,False,native,Herb,6,Jun,,False
Chiloglottis curviclavia,Autumn Wasp-orchid,Not Assessed,False,native,Herb,7,Jul,,False
Chiloglottis curviclavia,Autumn Wasp-orchid,Not Assessed,False,native,Herb,8,Aug,,False
Chiloglottis curviclavia,Autumn Wasp-orchid,Not Assessed,False,native,Herb,9,Sep,,False
Chiloglottis curviclavia,Autumn Wasp-orchid,Not Assessed,False,native,Herb,10,Oct,,False
Chiloglottis curviclavia,Autumn Wasp-orchid,Not Assessed,False,native,Herb,11,Nov,,False
Chiloglottis curviclavia,Autumn Wasp-orchid,Not Assessed,False,native,Herb,12,Dec,,False
Chiloglottis reflexa,Tall Wasp-orchid,Not Assessed,False,native,Herb,1,Jan,True,False
Chiloglottis reflexa,Tall Wasp-orchid,Not Assessed,False,native,Herb,2,Feb,True,False
Chiloglottis reflexa,Tall Wasp-orchid,Not Assessed,False,native,Herb,3,Mar,True,False
Chiloglottis reflexa,Tall Wasp-orchid,Not Assessed,False,native,Herb,4,Apr,True,False
Chiloglottis reflexa,Tall Wasp-orchid,Not Assessed,False,native,Herb,5,May,True,False
Chiloglottis reflexa,Tall Wasp-orchid,Not Assessed,False,native,Herb,6,Jun,False,False
Chiloglottis reflexa,Tall Wasp-orchid,Not Assessed,False,native,Herb,7,Jul,False,False
Chiloglottis reflexa,Tall Wasp-orchid,Not Assessed,False,native,Herb,8,Aug,False,False
Chiloglottis reflexa,Tall Wasp-orchid,Not Assessed,False,native,Herb,9,Sep,False,False
Chiloglottis reflexa,Tall Wasp-orchid,Not Assessed,False,native,Herb,10,Oct,False,False
Chiloglottis reflexa,Tall Wasp-orchid,Not Assessed,False,native,Herb,11,Nov,False,False
Chiloglottis reflexa,Tall Wasp-orchid,Not Assessed,False,native,Herb,12,Dec,True,False
Chrysocephalum apiculatum,Common Everlasting,Not Assessed,False,native,Herb,1,Jan,True,False
Chrysocephalum apiculatum,Common Everlasting,Not Assessed,False,native,Herb,2,Feb,True,False
Chrysocephalum apiculatum,Common Everlasting,Not Assessed,False,native,Herb,3,Mar,True,False
Chrysocephalum apiculatum,Common Everlasting,Not Assessed,False,native,Herb,4,Apr,True,False
Chrysocephalum apiculatum,Common Everlasting,Not Assessed,False,native,Herb,5,May,True,False
Chrysocephalum apiculatum,Common Everlasting,Not Assessed,False,native,Herb,6,Jun,True,False
Chrysocephalum apiculatum,Common Everlasting,Not Assessed,False,native,Herb,7,Jul,True,False
Chrysocephalum apiculatum,Common Everlasting,Not Assessed,False,native,Herb,8,Aug,True,False
Chrysocephalum apiculatum,Common Everlasting,Not Assessed,False,native,Herb,9,Sep,True,False
Chrysocephalum apiculatum,Common Everlasting,Not Assessed,False,native,Herb,10,Oct,True,False
Chrysocephalum apiculatum,Common Everlasting,Not Assessed,False,native,Herb,11,Nov,True,False
Chrysocephalum apiculatum,Common Everlasting,Not Assessed,False,native,Herb,12,Dec,True,False
Chrysocephalum semipapposum,Clustered Everlasting,Not Assessed,False,native,Herb,1,Jan,True,False
Chrysocephalum semipapposum,Clustered Everlasting,Not Assessed,False,native,Herb,2,Feb,True,False
Chrysocephalum semipapposum,Clustered Everlasting,Not Assessed,False,native,Herb,3,Mar,True,False
Chrysocephalum semipapposum,Clustered Everlasting,Not Assessed,False,native,Herb,4,Apr,True,False
Chrysocephalum semipapposum,Clustered Everlasting,Not Assessed,False,native,Herb,5,May,True,False
Chrysocephalum semipapposum,Clustered Everlasting,Not Assessed,False,native,Herb,6,Jun,False,False
Chrysocephalum semipapposum,Clustered Everlasting,Not Assessed,False,native,Herb,7,Jul,False,False
Chrysocephalum semipapposum,Clustered Everlasting,Not Assessed,False,native,Herb,8,Aug,False,False
Chrysocephalum semipapposum,Clustered Everlasting,Not Assessed,False,native,Herb,9,Sep,True,False
Chrysocephalum semipapposum,Clustered Everlasting,Not Assessed,False,native,Herb,10,Oct,True,False
Chrysocephalum semipapposum,Clustered Everlasting,Not Assessed,False,native,Herb,11,Nov,True,False
Chrysocephalum semipapposum,Clustered Everlasting,Not Assessed,False,native,Herb,12,Dec,True,False
Cirsium vulgare,Spear Thistle,Use Caution,True,introduced,Herb,1,Jan,True,False
Cirsium vulgare,Spear Thistle,Use Caution,True,introduced,Herb,2,Feb,True,False
Cirsium vulgare,Spear Thistle,Use Caution,True,introduced,Herb,3,Mar,False,False
Cirsium vulgare,Spear Thistle,Use Caution,True,introduced,Herb,4,Apr,False,False
Cirsium vulgare,Spear Thistle,Use Caution,True,introduced,Herb,5,May,False,False
Cirsium vulgare,Spear Thistle,Use Caution,True,introduced,Herb,6,Jun,False,False
Cirsium vulgare,Spear Thistle,Use Caution,True,introduced,Herb,7,Jul,False,False
Cirsium vulgare,Spear Thistle,Use Caution,True,introduced,Herb,8,Aug,False,False
Cirsium vulgare,Spear Thistle,Use Caution,True,introduced,Herb,9,Sep,True,False
Cirsium vulgare,Spear Thistle,Use Caution,True,introduced,Herb,10,Oct,True,False
Cirsium vulgare,Spear Thistle,Use Caution,True,introduced,Herb,11,Nov,True,False
Cirsium vulgare,Spear Thistle,Use Caution,True,introduced,Herb,12,Dec,True,False
Clematis aristata,Mountain Clematis,Not Assessed,False,native,Climber,1,Jan,True,False
Clematis aristata,Mountain Clematis,Not Assessed,False,native,Climber,2,Feb,False,False
Clematis aristata,Mountain Clematis,Not Assessed,False,native,Climber,3,Mar,False,False
Clematis aristata,Mountain Clematis,Not Assessed,False,native,Climber,4,Apr,False,False
Clematis aristata,Mountain Clematis,Not Assessed,False,native,Climber,5,May,False,False
Clematis aristata,Mountain Clematis,Not Assessed,False,native,Climber,6,Jun,False,False
Clematis aristata,Mountain Clematis,Not Assessed,False,native,Climber,7,Jul,False,False
Clematis aristata,Mountain Clematis,Not Assessed,False,native,Climber,8,Aug,False,False
Clematis aristata,Mountain Clematis,Not Assessed,False,native,Climber,9,Sep,True,False
Clematis aristata,Mountain Clematis,Not Assessed,False,native,Climber,10,Oct,True,False
Clematis aristata,Mountain Clematis,Not Assessed,False,native,Climber,11,Nov,True,False
Clematis aristata,Mountain Clematis,Not Assessed,False,native,Climber,12,Dec,True,False
Clematis microphylla,Small-leaved Clematis | Kenam,Not Assessed,False,native,Climber,1,Jan,False,False
Clematis microphylla,Small-leaved Clematis | Kenam,Not Assessed,False,native,Climber,2,Feb,False,False
Clematis microphylla,Small-leaved Clematis | Kenam,Not Assessed,False,native,Climber,3,Mar,False,False
Clematis microphylla,Small-leaved Clematis | Kenam,Not Assessed,False,native,Climber,4,Apr,False,False
Clematis microphylla,Small-leaved Clematis | Kenam,Not Assessed,False,native,Climber,5,May,False,False
Clematis microphylla,Small-leaved Clematis | Kenam,Not Assessed,False,native,Climber,6,Jun,True,False
Clematis microphylla,Small-leaved Clematis | Kenam,Not Assessed,False,native,Climber,7,Jul,True,False
Clematis microphylla,Small-leaved Clematis | Kenam,Not Assessed,False,native,Climber,8,Aug,True,False
Clematis microphylla,Small-leaved Clematis | Kenam,Not Assessed,False,native,Climber,9,Sep,True,False
Clematis microphylla,Small-leaved Clematis | Kenam,Not Assessed,False,native,Climber,10,Oct,True,False
Clematis microphylla,Small-leaved Clematis | Kenam,Not Assessed,False,native,Climber,11,Nov,True,False
Clematis microphylla,Small-leaved Clematis | Kenam,Not Assessed,False,native,Climber,12,Dec,True,False
Comesperma calymega,Blue-spike Milkwort,Not Assessed,False,native,Herb,1,Jan,True,False
Comesperma calymega,Blue-spike Milkwort,Not Assessed,False,native,Herb,2,Feb,False,False
Comesperma calymega,Blue-spike Milkwort,Not Assessed,False,native,Herb,3,Mar,False,False
Comesperma calymega,Blue-spike Milkwort,Not Assessed,False,native,Herb,4,Apr,False,False
Comesperma calymega,Blue-spike Milkwort,Not Assessed,False,native,Herb,5,May,False,False
Comesperma calymega,Blue-spike Milkwort,Not Assessed,False,native,Herb,6,Jun,False,False
Comesperma calymega,Blue-spike Milkwort,Not Assessed,False,native,Herb,7,Jul,False,False
Comesperma calymega,Blue-spike Milkwort,Not Assessed,False,native,Herb,8,Aug,True,False
Comesperma calymega,Blue-spike Milkwort,Not Assessed,False,native,Herb,9,Sep,True,False
Comesperma calymega,Blue-spike Milkwort,Not Assessed,False,native,Herb,10,Oct,True,False
Comesperma calymega,Blue-spike Milkwort,Not Assessed,False,native,Herb,11,Nov,True,False
Comesperma calymega,Blue-spike Milkwort,Not Assessed,False,native,Herb,12,Dec,True,False
Comesperma defoliatum,Leafless Milkwort,Not Assessed,False,native,Shrub,1,Jan,True,False
Comesperma defoliatum,Leafless Milkwort,Not Assessed,False,native,Shrub,2,Feb,True,False
Comesperma defoliatum,Leafless Milkwort,Not Assessed,False,native,Shrub,3,Mar,True,False
Comesperma defoliatum,Leafless Milkwort,Not Assessed,False,native,Shrub,4,Apr,True,False
Comesperma defoliatum,Leafless Milkwort,Not Assessed,False,native,Shrub,5,May,True,False
Comesperma defoliatum,Leafless Milkwort,Not Assessed,False,native,Shrub,6,Jun,False,False
Comesperma defoliatum,Leafless Milkwort,Not Assessed,False,native,Shrub,7,Jul,False,False
Comesperma defoliatum,Leafless Milkwort,Not Assessed,False,native,Shrub,8,Aug,False,False
Comesperma defoliatum,Leafless Milkwort,Not Assessed,False,native,Shrub,9,Sep,False,False
Comesperma defoliatum,Leafless Milkwort,Not Assessed,False,native,Shrub,10,Oct,False,False
Comesperma defoliatum,Leafless Milkwort,Not Assessed,False,native,Shrub,11,Nov,True,False
Comesperma defoliatum,Leafless Milkwort,Not Assessed,False,native,Shrub,12,Dec,True,False
Comesperma ericinum,Heath Milkwort,Not Assessed,False,native,Shrub,1,Jan,True,False
Comesperma ericinum,Heath Milkwort,Not Assessed,False,native,Shrub,2,Feb,True,False
Comesperma ericinum,Heath Milkwort,Not Assessed,False,native,Shrub,3,Mar,False,False
Comesperma ericinum,Heath Milkwort,Not Assessed,False,native,Shrub,4,Apr,False,False
Comesperma ericinum,Heath Milkwort,Not Assessed,False,native,Shrub,5,May,False,False
Comesperma ericinum,Heath Milkwort,Not Assessed,False,native,Shrub,6,Jun,False,False
Comesperma ericinum,Heath Milkwort,Not Assessed,False,native,Shrub,7,Jul,False,False
Comesperma ericinum,Heath Milkwort,Not Assessed,False,native,Shrub,8,Aug,False,False
Comesperma ericinum,Heath Milkwort,Not Assessed,False,native,Shrub,9,Sep,True,False
Comesperma ericinum,Heath Milkwort,Not Assessed,False,native,Shrub,10,Oct,True,False
Comesperma ericinum,Heath Milkwort,Not Assessed,False,native,Shrub,11,Nov,True,False
Comesperma ericinum,Heath Milkwort,Not Assessed,False,native,Shrub,12,Dec,True,False
Comesperma volubile,Love Creeper,Not Assessed,False,native,Climber,1,Jan,True,False
Comesperma volubile,Love Creeper,Not Assessed,False,native,Climber,2,Feb,True,False
Comesperma volubile,Love Creeper,Not Assessed,False,native,Climber,3,Mar,False,False
Comesperma volubile,Love Creeper,Not Assessed,False,native,Climber,4,Apr,False,False
Comesperma volubile,Love Creeper,Not Assessed,False,native,Climber,5,May,True,False
Comesperma volubile,Love Creeper,Not Assessed,False,native,Climber,6,Jun,True,False
Comesperma volubile,Love Creeper,Not Assessed,False,native,Climber,7,Jul,True,False
Comesperma volubile,Love Creeper,Not Assessed,False,native,Climber,8,Aug,True,False
Comesperma volubile,Love Creeper,Not Assessed,False,native,Climber,9,Sep,True,False
Comesperma volubile,Love Creeper,Not Assessed,False,native,Climber,10,Oct,True,False
Comesperma volubile,Love Creeper,Not Assessed,False,native,Climber,11,Nov,True,False
Comesperma volubile,Love Creeper,Not Assessed,False,native,Climber,12,Dec,True,False
Coprosma quadrifida,Prickly Currant-bush,Not Assessed,False,native,Shrub,1,Jan,True,False
Coprosma quadrifida,Prickly Currant-bush,Not Assessed,False,native,Shrub,2,Feb,True,False
Coprosma quadrifida,Prickly Currant-bush,Not Assessed,False,native,Shrub,3,Mar,False,False
Coprosma quadrifida,Prickly Currant-bush,Not Assessed,False,native,Shrub,4,Apr,False,False
Coprosma quadrifida,Prickly Currant-bush,Not Assessed,False,native,Shrub,5,May,False,False
Coprosma quadrifida,Prickly Currant-bush,Not Assessed,False,native,Shrub,6,Jun,False,False
Coprosma quadrifida,Prickly Currant-bush,Not Assessed,False,native,Shrub,7,Jul,False,False
Coprosma quadrifida,Prickly Currant-bush,Not Assessed,False,native,Shrub,8,Aug,False,False
Coprosma quadrifida,Prickly Currant-bush,Not Assessed,False,native,Shrub,9,Sep,True,False
Coprosma quadrifida,Prickly Currant-bush,Not Assessed,False,native,Shrub,10,Oct,True,False
Coprosma quadrifida,Prickly Currant-bush,Not Assessed,False,native,Shrub,11,Nov,True,False
Coprosma quadrifida,Prickly Currant-bush,Not Assessed,False,native,Shrub,12,Dec,True,False
Coprosma repens,Mirror Bush | Taupata | Maori Name,Reconsider Planting,True,introduced,Tree,1,Jan,True,False
Coprosma repens,Mirror Bush | Taupata | Maori Name,Reconsider Planting,True,introduced,Tree,2,Feb,True,False
Coprosma repens,Mirror Bush | Taupata | Maori Name,Reconsider Planting,True,introduced,Tree,3,Mar,False,False
Coprosma repens,Mirror Bush | Taupata | Maori Name,Reconsider Planting,True,introduced,Tree,4,Apr,False,False
Coprosma repens,Mirror Bush | Taupata | Maori Name,Reconsider Planting,True,introduced,Tree,5,May,False,False
Coprosma repens,Mirror Bush | Taupata | Maori Name,Reconsider Planting,True,introduced,Tree,6,Jun,False,False
Coprosma repens,Mirror Bush | Taupata | Maori Name,Reconsider Planting,True,introduced,Tree,7,Jul,False,False
Coprosma repens,Mirror Bush | Taupata | Maori Name,Reconsider Planting,True,introduced,Tree,8,Aug,False,False
Coprosma repens,Mirror Bush | Taupata | Maori Name,Reconsider Planting,True,introduced,Tree,9,Sep,True,False
Coprosma repens,Mirror Bush | Taupata | Maori Name,Reconsider Planting,True,introduced,Tree,10,Oct,True,False
Coprosma repens,Mirror Bush | Taupata | Maori Name,Reconsider Planting,True,introduced,Tree,11,Nov,True,False
Coprosma repens,Mirror Bush | Taupata | Maori Name,Reconsider Planting,True,introduced,Tree,12,Dec,True,False
Cordyline australis,New Zealand Cabbage-tree,Reconsider Planting,True,introduced,Tree,1,Jan,,False
Cordyline australis,New Zealand Cabbage-tree,Reconsider Planting,True,introduced,Tree,2,Feb,,False
Cordyline australis,New Zealand Cabbage-tree,Reconsider Planting,True,introduced,Tree,3,Mar,,False
Cordyline australis,New Zealand Cabbage-tree,Reconsider Planting,True,introduced,Tree,4,Apr,,False
Cordyline australis,New Zealand Cabbage-tree,Reconsider Planting,True,introduced,Tree,5,May,,False
Cordyline australis,New Zealand Cabbage-tree,Reconsider Planting,True,introduced,Tree,6,Jun,,False
Cordyline australis,New Zealand Cabbage-tree,Reconsider Planting,True,introduced,Tree,7,Jul,,False
Cordyline australis,New Zealand Cabbage-tree,Reconsider Planting,True,introduced,Tree,8,Aug,,False
Cordyline australis,New Zealand Cabbage-tree,Reconsider Planting,True,introduced,Tree,9,Sep,,False
Cordyline australis,New Zealand Cabbage-tree,Reconsider Planting,True,introduced,Tree,10,Oct,,False
Cordyline australis,New Zealand Cabbage-tree,Reconsider Planting,True,introduced,Tree,11,Nov,,False
Cordyline australis,New Zealand Cabbage-tree,Reconsider Planting,True,introduced,Tree,12,Dec,,False
Coronidium elatum,,Not Assessed,False,native,Shrub,1,Jan,False,False
Coronidium elatum,,Not Assessed,False,native,Shrub,2,Feb,False,False
Coronidium elatum,,Not Assessed,False,native,Shrub,3,Mar,False,False
Coronidium elatum,,Not Assessed,False,native,Shrub,4,Apr,False,False
Coronidium elatum,,Not Assessed,False,native,Shrub,5,May,False,False
Coronidium elatum,,Not Assessed,False,native,Shrub,6,Jun,False,False
Coronidium elatum,,Not Assessed,False,native,Shrub,7,Jul,False,False
Coronidium elatum,,Not Assessed,False,native,Shrub,8,Aug,True,False
Coronidium elatum,,Not Assessed,False,native,Shrub,9,Sep,True,False
Coronidium elatum,,Not Assessed,False,native,Shrub,10,Oct,True,False
Coronidium elatum,,Not Assessed,False,native,Shrub,11,Nov,True,False
Coronidium elatum,,Not Assessed,False,native,Shrub,12,Dec,False,False
Coronidium gunnianum,Pale Swamp Everlasting,Not Assessed,False,native,Herb,1,Jan,,False
Coronidium gunnianum,Pale Swamp Everlasting,Not Assessed,False,native,Herb,2,Feb,,False
Coronidium gunnianum,Pale Swamp Everlasting,Not Assessed,False,native,Herb,3,Mar,,False
Coronidium gunnianum,Pale Swamp Everlasting,Not Assessed,False,native,Herb,4,Apr,,False
Coronidium gunnianum,Pale Swamp Everlasting,Not Assessed,False,native,Herb,5,May,,False
Coronidium gunnianum,Pale Swamp Everlasting,Not Assessed,False,native,Herb,6,Jun,,False
Coronidium gunnianum,Pale Swamp Everlasting,Not Assessed,False,native,Herb,7,Jul,,False
Coronidium gunnianum,Pale Swamp Everlasting,Not Assessed,False,native,Herb,8,Aug,,False
Coronidium gunnianum,Pale Swamp Everlasting,Not Assessed,False,native,Herb,9,Sep,,False
Coronidium gunnianum,Pale Swamp Everlasting,Not Assessed,False,native,Herb,10,Oct,,False
Coronidium gunnianum,Pale Swamp Everlasting,Not Assessed,False,native,Herb,11,Nov,,False
Coronidium gunnianum,Pale Swamp Everlasting,Not Assessed,False,native,Herb,12,Dec,,False
Coronidium scorpioides,Pale Everlasting,Not Assessed,False,native,Herb,1,Jan,True,False
Coronidium scorpioides,Pale Everlasting,Not Assessed,False,native,Herb,2,Feb,True,False
Coronidium scorpioides,Pale Everlasting,Not Assessed,False,native,Herb,3,Mar,True,False
Coronidium scorpioides,Pale Everlasting,Not Assessed,False,native,Herb,4,Apr,False,False
Coronidium scorpioides,Pale Everlasting,Not Assessed,False,native,Herb,5,May,False,False
Coronidium scorpioides,Pale Everlasting,Not Assessed,False,native,Herb,6,Jun,False,False
Coronidium scorpioides,Pale Everlasting,Not Assessed,False,native,Herb,7,Jul,False,False
Coronidium scorpioides,Pale Everlasting,Not Assessed,False,native,Herb,8,Aug,False,False
Coronidium scorpioides,Pale Everlasting,Not Assessed,False,native,Herb,9,Sep,True,False
Coronidium scorpioides,Pale Everlasting,Not Assessed,False,native,Herb,10,Oct,True,False
Coronidium scorpioides,Pale Everlasting,Not Assessed,False,native,Herb,11,Nov,True,False
Coronidium scorpioides,Pale Everlasting,Not Assessed,False,native,Herb,12,Dec,True,False
Correa reflexa,Common Correa | Native Fuchsia,Not Assessed,False,native,Shrub,1,Jan,True,False
Correa reflexa,Common Correa | Native Fuchsia,Not Assessed,False,native,Shrub,2,Feb,True,False
Correa reflexa,Common Correa | Native Fuchsia,Not Assessed,False,native,Shrub,3,Mar,True,False
Correa reflexa,Common Correa | Native Fuchsia,Not Assessed,False,native,Shrub,4,Apr,True,False
Correa reflexa,Common Correa | Native Fuchsia,Not Assessed,False,native,Shrub,5,May,True,False
Correa reflexa,Common Correa | Native Fuchsia,Not Assessed,False,native,Shrub,6,Jun,True,False
Correa reflexa,Common Correa | Native Fuchsia,Not Assessed,False,native,Shrub,7,Jul,True,False
Correa reflexa,Common Correa | Native Fuchsia,Not Assessed,False,native,Shrub,8,Aug,True,False
Correa reflexa,Common Correa | Native Fuchsia,Not Assessed,False,native,Shrub,9,Sep,True,False
Correa reflexa,Common Correa | Native Fuchsia,Not Assessed,False,native,Shrub,10,Oct,True,False
Correa reflexa,Common Correa | Native Fuchsia,Not Assessed,False,native,Shrub,11,Nov,True,False
Correa reflexa,Common Correa | Native Fuchsia,Not Assessed,False,native,Shrub,12,Dec,True,False
Correa reflexa var. lobata,Powelltown Correa,Not Assessed,False,native,Shrub,1,Jan,True,False
Correa reflexa var. lobata,Powelltown Correa,Not Assessed,False,native,Shrub,2,Feb,True,False
Correa reflexa var. lobata,Powelltown Correa,Not Assessed,False,native,Shrub,3,Mar,True,False
Correa reflexa var. lobata,Powelltown Correa,Not Assessed,False,native,Shrub,4,Apr,True,False
Correa reflexa var. lobata,Powelltown Correa,Not Assessed,False,native,Shrub,5,May,True,False
Correa reflexa var. lobata,Powelltown Correa,Not Assessed,False,native,Shrub,6,Jun,True,False
Correa reflexa var. lobata,Powelltown Correa,Not Assessed,False,native,Shrub,7,Jul,True,False
Correa reflexa var. lobata,Powelltown Correa,Not Assessed,False,native,Shrub,8,Aug,True,False
Correa reflexa var. lobata,Powelltown Correa,Not Assessed,False,native,Shrub,9,Sep,True,False
Correa reflexa var. lobata,Powelltown Correa,Not Assessed,False,native,Shrub,10,Oct,True,False
Correa reflexa var. lobata,Powelltown Correa,Not Assessed,False,native,Shrub,11,Nov,True,False
Correa reflexa var. lobata,Powelltown Correa,Not Assessed,False,native,Shrub,12,Dec,True,False
Correa reflexa var. reflexa,Common Correa,Not Assessed,False,native,Shrub,1,Jan,True,False
Correa reflexa var. reflexa,Common Correa,Not Assessed,False,native,Shrub,2,Feb,True,False
Correa reflexa var. reflexa,Common Correa,Not Assessed,False,native,Shrub,3,Mar,True,False
Correa reflexa var. reflexa,Common Correa,Not Assessed,False,native,Shrub,4,Apr,True,False
Correa reflexa var. reflexa,Common Correa,Not Assessed,False,native,Shrub,5,May,True,False
Correa reflexa var. reflexa,Common Correa,Not Assessed,False,native,Shrub,6,Jun,True,False
Correa reflexa var. reflexa,Common Correa,Not Assessed,False,native,Shrub,7,Jul,True,False
Correa reflexa var. reflexa,Common Correa,Not Assessed,False,native,Shrub,8,Aug,True,False
Correa reflexa var. reflexa,Common Correa,Not Assessed,False,native,Shrub,9,Sep,True,False
Correa reflexa var. reflexa,Common Correa,Not Assessed,False,native,Shrub,10,Oct,True,False
Correa reflexa var. reflexa,Common Correa,Not Assessed,False,native,Shrub,11,Nov,True,False
Correa reflexa var. reflexa,Common Correa,Not Assessed,False,native,Shrub,12,Dec,True,False
Cortaderia selloana,Pampas Grass,Reconsider Planting,True,introduced,Grass,1,Jan,True,False
Cortaderia selloana,Pampas Grass,Reconsider Planting,True,introduced,Grass,2,Feb,True,False
Cortaderia selloana,Pampas Grass,Reconsider Planting,True,introduced,Grass,3,Mar,True,False
Cortaderia selloana,Pampas Grass,Reconsider Planting,True,introduced,Grass,4,Apr,True,False
Cortaderia selloana,Pampas Grass,Reconsider Planting,True,introduced,Grass,5,May,True,False
Cortaderia selloana,Pampas Grass,Reconsider Planting,True,introduced,Grass,6,Jun,False,False
Cortaderia selloana,Pampas Grass,Reconsider Planting,True,introduced,Grass,7,Jul,False,False
Cortaderia selloana,Pampas Grass,Reconsider Planting,True,introduced,Grass,8,Aug,False,False
Cortaderia selloana,Pampas Grass,Reconsider Planting,True,introduced,Grass,9,Sep,False,False
Cortaderia selloana,Pampas Grass,Reconsider Planting,True,introduced,Grass,10,Oct,False,False
Cortaderia selloana,Pampas Grass,Reconsider Planting,True,introduced,Grass,11,Nov,False,False
Cortaderia selloana,Pampas Grass,Reconsider Planting,True,introduced,Grass,12,Dec,True,False
Cortaderia selloana subsp. selloana,Pampas Grass,Reconsider Planting,True,introduced,Grass,1,Jan,True,False
Cortaderia selloana subsp. selloana,Pampas Grass,Reconsider Planting,True,introduced,Grass,2,Feb,True,False
Cortaderia selloana subsp. selloana,Pampas Grass,Reconsider Planting,True,introduced,Grass,3,Mar,True,False
Cortaderia selloana subsp. selloana,Pampas Grass,Reconsider Planting,True,introduced,Grass,4,Apr,True,False
Cortaderia selloana subsp. selloana,Pampas Grass,Reconsider Planting,True,introduced,Grass,5,May,True,False
Cortaderia selloana subsp. selloana,Pampas Grass,Reconsider Planting,True,introduced,Grass,6,Jun,False,False
Cortaderia selloana subsp. selloana,Pampas Grass,Reconsider Planting,True,introduced,Grass,7,Jul,False,False
Cortaderia selloana subsp. selloana,Pampas Grass,Reconsider Planting,True,introduced,Grass,8,Aug,False,False
Cortaderia selloana subsp. selloana,Pampas Grass,Reconsider Planting,True,introduced,Grass,9,Sep,False,False
Cortaderia selloana subsp. selloana,Pampas Grass,Reconsider Planting,True,introduced,Grass,10,Oct,False,False
Cortaderia selloana subsp. selloana,Pampas Grass,Reconsider Planting,True,introduced,Grass,11,Nov,False,False
Cortaderia selloana subsp. selloana,Pampas Grass,Reconsider Planting,True,introduced,Grass,12,Dec,True,False
Corunastylis archeri,Elfin Midge-orchid,Not Assessed,False,native,Herb,1,Jan,True,False
Corunastylis archeri,Elfin Midge-orchid,Not Assessed,False,native,Herb,2,Feb,True,False
Corunastylis archeri,Elfin Midge-orchid,Not Assessed,False,native,Herb,3,Mar,True,False
Corunastylis archeri,Elfin Midge-orchid,Not Assessed,False,native,Herb,4,Apr,True,False
Corunastylis archeri,Elfin Midge-orchid,Not Assessed,False,native,Herb,5,May,False,False
Corunastylis archeri,Elfin Midge-orchid,Not Assessed,False,native,Herb,6,Jun,False,False
Corunastylis archeri,Elfin Midge-orchid,Not Assessed,False,native,Herb,7,Jul,False,False
Corunastylis archeri,Elfin Midge-orchid,Not Assessed,False,native,Herb,8,Aug,False,False
Corunastylis archeri,Elfin Midge-orchid,Not Assessed,False,native,Herb,9,Sep,False,False
Corunastylis archeri,Elfin Midge-orchid,Not Assessed,False,native,Herb,10,Oct,False,False
Corunastylis archeri,Elfin Midge-orchid,Not Assessed,False,native,Herb,11,Nov,True,False
Corunastylis archeri,Elfin Midge-orchid,Not Assessed,False,native,Herb,12,Dec,True,False
Corunastylis ciliata,Fringed Midge-orchid,Not Assessed,False,native,Herb,1,Jan,False,False
Corunastylis ciliata,Fringed Midge-orchid,Not Assessed,False,native,Herb,2,Feb,True,False
Corunastylis ciliata,Fringed Midge-orchid,Not Assessed,False,native,Herb,3,Mar,True,False
Corunastylis ciliata,Fringed Midge-orchid,Not Assessed,False,native,Herb,4,Apr,True,False
Corunastylis ciliata,Fringed Midge-orchid,Not Assessed,False,native,Herb,5,May,False,False
Corunastylis ciliata,Fringed Midge-orchid,Not Assessed,False,native,Herb,6,Jun,False,False
Corunastylis ciliata,Fringed Midge-orchid,Not Assessed,False,native,Herb,7,Jul,False,False
Corunastylis ciliata,Fringed Midge-orchid,Not Assessed,False,native,Herb,8,Aug,False,False
Corunastylis ciliata,Fringed Midge-orchid,Not Assessed,False,native,Herb,9,Sep,False,False
Corunastylis ciliata,Fringed Midge-orchid,Not Assessed,False,native,Herb,10,Oct,False,False
Corunastylis ciliata,Fringed Midge-orchid,Not Assessed,False,native,Herb,11,Nov,False,False
Corunastylis ciliata,Fringed Midge-orchid,Not Assessed,False,native,Herb,12,Dec,False,False
Corunastylis despectans,Sharp Midge-orchid,Not Assessed,False,native,Herb,1,Jan,True,False
Corunastylis despectans,Sharp Midge-orchid,Not Assessed,False,native,Herb,2,Feb,True,False
Corunastylis despectans,Sharp Midge-orchid,Not Assessed,False,native,Herb,3,Mar,True,False
Corunastylis despectans,Sharp Midge-orchid,Not Assessed,False,native,Herb,4,Apr,True,False
Corunastylis despectans,Sharp Midge-orchid,Not Assessed,False,native,Herb,5,May,False,False
Corunastylis despectans,Sharp Midge-orchid,Not Assessed,False,native,Herb,6,Jun,False,False
Corunastylis despectans,Sharp Midge-orchid,Not Assessed,False,native,Herb,7,Jul,False,False
Corunastylis despectans,Sharp Midge-orchid,Not Assessed,False,native,Herb,8,Aug,False,False
Corunastylis despectans,Sharp Midge-orchid,Not Assessed,False,native,Herb,9,Sep,False,False
Corunastylis despectans,Sharp Midge-orchid,Not Assessed,False,native,Herb,10,Oct,False,False
Corunastylis despectans,Sharp Midge-orchid,Not Assessed,False,native,Herb,11,Nov,False,False
Corunastylis despectans,Sharp Midge-orchid,Not Assessed,False,native,Herb,12,Dec,False,False
Corunastylis morrisii,Bearded Midge-orchid,Not Assessed,False,native,Herb,1,Jan,True,False
Corunastylis morrisii,Bearded Midge-orchid,Not Assessed,False,native,Herb,2,Feb,True,False
Corunastylis morrisii,Bearded Midge-orchid,Not Assessed,False,native,Herb,3,Mar,True,False
Corunastylis morrisii,Bearded Midge-orchid,Not Assessed,False,native,Herb,4,Apr,True,False
Corunastylis morrisii,Bearded Midge-orchid,Not Assessed,False,native,Herb,5,May,False,False
Corunastylis morrisii,Bearded Midge-orchid,Not Assessed,False,native,Herb,6,Jun,False,False
Corunastylis morrisii,Bearded Midge-orchid,Not Assessed,False,native,Herb,7,Jul,False,False
Corunastylis morrisii,Bearded Midge-orchid,Not Assessed,False,native,Herb,8,Aug,False,False
Corunastylis morrisii,Bearded Midge-orchid,Not Assessed,False,native,Herb,9,Sep,False,False
Corunastylis morrisii,Bearded Midge-orchid,Not Assessed,False,native,Herb,10,Oct,False,False
Corunastylis morrisii,Bearded Midge-orchid,Not Assessed,False,native,Herb,11,Nov,False,False
Corunastylis morrisii,Bearded Midge-orchid,Not Assessed,False,native,Herb,12,Dec,False,False
Corunastylis pumila,Green Midge-orchid,Not Assessed,False,native,Herb,1,Jan,True,False
Corunastylis pumila,Green Midge-orchid,Not Assessed,False,native,Herb,2,Feb,True,False
Corunastylis pumila,Green Midge-orchid,Not Assessed,False,native,Herb,3,Mar,True,False
Corunastylis pumila,Green Midge-orchid,Not Assessed,False,native,Herb,4,Apr,True,False
Corunastylis pumila,Green Midge-orchid,Not Assessed,False,native,Herb,5,May,True,False
Corunastylis pumila,Green Midge-orchid,Not Assessed,False,native,Herb,6,Jun,False,False
Corunastylis pumila,Green Midge-orchid,Not Assessed,False,native,Herb,7,Jul,False,False
Corunastylis pumila,Green Midge-orchid,Not Assessed,False,native,Herb,8,Aug,False,False
Corunastylis pumila,Green Midge-orchid,Not Assessed,False,native,Herb,9,Sep,False,False
Corunastylis pumila,Green Midge-orchid,Not Assessed,False,native,Herb,10,Oct,False,False
Corunastylis pumila,Green Midge-orchid,Not Assessed,False,native,Herb,11,Nov,False,False
Corunastylis pumila,Green Midge-orchid,Not Assessed,False,native,Herb,12,Dec,True,False
Corybas fimbriatus,Fringed Helmet-orchid,Not Assessed,False,native,Herb,1,Jan,False,False
Corybas fimbriatus,Fringed Helmet-orchid,Not Assessed,False,native,Herb,2,Feb,False,False
Corybas fimbriatus,Fringed Helmet-orchid,Not Assessed,False,native,Herb,3,Mar,False,False
Corybas fimbriatus,Fringed Helmet-orchid,Not Assessed,False,native,Herb,4,Apr,False,False
Corybas fimbriatus,Fringed Helmet-orchid,Not Assessed,False,native,Herb,5,May,True,False
Corybas fimbriatus,Fringed Helmet-orchid,Not Assessed,False,native,Herb,6,Jun,True,False
Corybas fimbriatus,Fringed Helmet-orchid,Not Assessed,False,native,Herb,7,Jul,True,False
Corybas fimbriatus,Fringed Helmet-orchid,Not Assessed,False,native,Herb,8,Aug,True,False
Corybas fimbriatus,Fringed Helmet-orchid,Not Assessed,False,native,Herb,9,Sep,True,False
Corybas fimbriatus,Fringed Helmet-orchid,Not Assessed,False,native,Herb,10,Oct,False,False
Corybas fimbriatus,Fringed Helmet-orchid,Not Assessed,False,native,Herb,11,Nov,False,False
Corybas fimbriatus,Fringed Helmet-orchid,Not Assessed,False,native,Herb,12,Dec,False,False
Corybas incurvus,Slaty Helmet-orchid,Not Assessed,False,native,Herb,1,Jan,False,False
Corybas incurvus,Slaty Helmet-orchid,Not Assessed,False,native,Herb,2,Feb,False,False
Corybas incurvus,Slaty Helmet-orchid,Not Assessed,False,native,Herb,3,Mar,False,False
Corybas incurvus,Slaty Helmet-orchid,Not Assessed,False,native,Herb,4,Apr,False,False
Corybas incurvus,Slaty Helmet-orchid,Not Assessed,False,native,Herb,5,May,False,False
Corybas incurvus,Slaty Helmet-orchid,Not Assessed,False,native,Herb,6,Jun,True,False
Corybas incurvus,Slaty Helmet-orchid,Not Assessed,False,native,Herb,7,Jul,True,False
Corybas incurvus,Slaty Helmet-orchid,Not Assessed,False,native,Herb,8,Aug,True,False
Corybas incurvus,Slaty Helmet-orchid,Not Assessed,False,native,Herb,9,Sep,True,False
Corybas incurvus,Slaty Helmet-orchid,Not Assessed,False,native,Herb,10,Oct,False,False
Corybas incurvus,Slaty Helmet-orchid,Not Assessed,False,native,Herb,11,Nov,False,False
Corybas incurvus,Slaty Helmet-orchid,Not Assessed,False,native,Herb,12,Dec,False,False
Corybas unguiculatus,Small Helmet-orchid,Not Assessed,False,native,Herb,1,Jan,False,False
Corybas unguiculatus,Small Helmet-orchid,Not Assessed,False,native,Herb,2,Feb,False,False
Corybas unguiculatus,Small Helmet-orchid,Not Assessed,False,native,Herb,3,Mar,False,False
Corybas unguiculatus,Small Helmet-orchid,Not Assessed,False,native,Herb,4,Apr,False,False
Corybas unguiculatus,Small Helmet-orchid,Not Assessed,False,native,Herb,5,May,True,False
Corybas unguiculatus,Small Helmet-orchid,Not Assessed,False,native,Herb,6,Jun,True,False
Corybas unguiculatus,Small Helmet-orchid,Not Assessed,False,native,Herb,7,Jul,True,False
Corybas unguiculatus,Small Helmet-orchid,Not Assessed,False,native,Herb,8,Aug,True,False
Corybas unguiculatus,Small Helmet-orchid,Not Assessed,False,native,Herb,9,Sep,False,False
Corybas unguiculatus,Small Helmet-orchid,Not Assessed,False,native,Herb,10,Oct,False,False
Corybas unguiculatus,Small Helmet-orchid,Not Assessed,False,native,Herb,11,Nov,False,False
Corybas unguiculatus,Small Helmet-orchid,Not Assessed,False,native,Herb,12,Dec,False,False
Corymbia citriodora,Lemon-scented Gum,Use Caution,True,introduced,Tree,1,Jan,True,False
Corymbia citriodora,Lemon-scented Gum,Use Caution,True,introduced,Tree,2,Feb,False,False
Corymbia citriodora,Lemon-scented Gum,Use Caution,True,introduced,Tree,3,Mar,False,False
Corymbia citriodora,Lemon-scented Gum,Use Caution,True,introduced,Tree,4,Apr,True,False
Corymbia citriodora,Lemon-scented Gum,Use Caution,True,introduced,Tree,5,May,True,False
Corymbia citriodora,Lemon-scented Gum,Use Caution,True,introduced,Tree,6,Jun,True,False
Corymbia citriodora,Lemon-scented Gum,Use Caution,True,introduced,Tree,7,Jul,True,False
Corymbia citriodora,Lemon-scented Gum,Use Caution,True,introduced,Tree,8,Aug,True,False
Corymbia citriodora,Lemon-scented Gum,Use Caution,True,introduced,Tree,9,Sep,True,False
Corymbia citriodora,Lemon-scented Gum,Use Caution,True,introduced,Tree,10,Oct,True,False
Corymbia citriodora,Lemon-scented Gum,Use Caution,True,introduced,Tree,11,Nov,False,False
Corymbia citriodora,Lemon-scented Gum,Use Caution,True,introduced,Tree,12,Dec,True,False
Corymbia citriodora subsp. citriodora,Lemon-scented Gum,Use Caution,True,introduced,Tree,1,Jan,True,False
Corymbia citriodora subsp. citriodora,Lemon-scented Gum,Use Caution,True,introduced,Tree,2,Feb,False,False
Corymbia citriodora subsp. citriodora,Lemon-scented Gum,Use Caution,True,introduced,Tree,3,Mar,False,False
Corymbia citriodora subsp. citriodora,Lemon-scented Gum,Use Caution,True,introduced,Tree,4,Apr,True,False
Corymbia citriodora subsp. citriodora,Lemon-scented Gum,Use Caution,True,introduced,Tree,5,May,True,False
Corymbia citriodora subsp. citriodora,Lemon-scented Gum,Use Caution,True,introduced,Tree,6,Jun,True,False
Corymbia citriodora subsp. citriodora,Lemon-scented Gum,Use Caution,True,introduced,Tree,7,Jul,True,False
Corymbia citriodora subsp. citriodora,Lemon-scented Gum,Use Caution,True,introduced,Tree,8,Aug,True,False
Corymbia citriodora subsp. citriodora,Lemon-scented Gum,Use Caution,True,introduced,Tree,9,Sep,True,False
Corymbia citriodora subsp. citriodora,Lemon-scented Gum,Use Caution,True,introduced,Tree,10,Oct,True,False
Corymbia citriodora subsp. citriodora,Lemon-scented Gum,Use Caution,True,introduced,Tree,11,Nov,False,False
Corymbia citriodora subsp. citriodora,Lemon-scented Gum,Use Caution,True,introduced,Tree,12,Dec,True,False
Corymbia maculata,Spotted Gum,Reconsider Planting,True,native,Tree,1,Jan,False,False
Corymbia maculata,Spotted Gum,Reconsider Planting,True,native,Tree,2,Feb,False,False
Corymbia maculata,Spotted Gum,Reconsider Planting,True,native,Tree,3,Mar,True,False
Corymbia maculata,Spotted Gum,Reconsider Planting,True,native,Tree,4,Apr,True,False
Corymbia maculata,Spotted Gum,Reconsider Planting,True,native,Tree,5,May,True,False
Corymbia maculata,Spotted Gum,Reconsider Planting,True,native,Tree,6,Jun,True,False
Corymbia maculata,Spotted Gum,Reconsider Planting,True,native,Tree,7,Jul,True,False
Corymbia maculata,Spotted Gum,Reconsider Planting,True,native,Tree,8,Aug,True,False
Corymbia maculata,Spotted Gum,Reconsider Planting,True,native,Tree,9,Sep,True,False
Corymbia maculata,Spotted Gum,Reconsider Planting,True,native,Tree,10,Oct,False,False
Corymbia maculata,Spotted Gum,Reconsider Planting,True,native,Tree,11,Nov,False,False
Corymbia maculata,Spotted Gum,Reconsider Planting,True,native,Tree,12,Dec,False,False
Cotoneaster glaucophyllus,Large-leaf Cotoneaster,Reconsider Planting,True,introduced,Shrub,1,Jan,False,False
Cotoneaster glaucophyllus,Large-leaf Cotoneaster,Reconsider Planting,True,introduced,Shrub,2,Feb,False,False
Cotoneaster glaucophyllus,Large-leaf Cotoneaster,Reconsider Planting,True,introduced,Shrub,3,Mar,False,False
Cotoneaster glaucophyllus,Large-leaf Cotoneaster,Reconsider Planting,True,introduced,Shrub,4,Apr,False,False
Cotoneaster glaucophyllus,Large-leaf Cotoneaster,Reconsider Planting,True,introduced,Shrub,5,May,False,False
Cotoneaster glaucophyllus,Large-leaf Cotoneaster,Reconsider Planting,True,introduced,Shrub,6,Jun,False,False
Cotoneaster glaucophyllus,Large-leaf Cotoneaster,Reconsider Planting,True,introduced,Shrub,7,Jul,False,False
Cotoneaster glaucophyllus,Large-leaf Cotoneaster,Reconsider Planting,True,introduced,Shrub,8,Aug,False,False
Cotoneaster glaucophyllus,Large-leaf Cotoneaster,Reconsider Planting,True,introduced,Shrub,9,Sep,False,False
Cotoneaster glaucophyllus,Large-leaf Cotoneaster,Reconsider Planting,True,introduced,Shrub,10,Oct,False,False
Cotoneaster glaucophyllus,Large-leaf Cotoneaster,Reconsider Planting,True,introduced,Shrub,11,Nov,True,False
Cotoneaster glaucophyllus,Large-leaf Cotoneaster,Reconsider Planting,True,introduced,Shrub,12,Dec,False,False
Cotoneaster pannosus,Velvet Cotoneaster,Reconsider Planting,True,introduced,Shrub,1,Jan,,False
Cotoneaster pannosus,Velvet Cotoneaster,Reconsider Planting,True,introduced,Shrub,2,Feb,,False
Cotoneaster pannosus,Velvet Cotoneaster,Reconsider Planting,True,introduced,Shrub,3,Mar,,False
Cotoneaster pannosus,Velvet Cotoneaster,Reconsider Planting,True,introduced,Shrub,4,Apr,,False
Cotoneaster pannosus,Velvet Cotoneaster,Reconsider Planting,True,introduced,Shrub,5,May,,False
Cotoneaster pannosus,Velvet Cotoneaster,Reconsider Planting,True,introduced,Shrub,6,Jun,,False
Cotoneaster pannosus,Velvet Cotoneaster,Reconsider Planting,True,introduced,Shrub,7,Jul,,False
Cotoneaster pannosus,Velvet Cotoneaster,Reconsider Planting,True,introduced,Shrub,8,Aug,,False
Cotoneaster pannosus,Velvet Cotoneaster,Reconsider Planting,True,introduced,Shrub,9,Sep,,False
Cotoneaster pannosus,Velvet Cotoneaster,Reconsider Planting,True,introduced,Shrub,10,Oct,,False
Cotoneaster pannosus,Velvet Cotoneaster,Reconsider Planting,True,introduced,Shrub,11,Nov,,False
Cotoneaster pannosus,Velvet Cotoneaster,Reconsider Planting,True,introduced,Shrub,12,Dec,,False
Cotoneaster simonsii,Himalayan Cotoneaster,Reconsider Planting,True,introduced,Shrub,1,Jan,,False
Cotoneaster simonsii,Himalayan Cotoneaster,Reconsider Planting,True,introduced,Shrub,2,Feb,,False
Cotoneaster simonsii,Himalayan Cotoneaster,Reconsider Planting,True,introduced,Shrub,3,Mar,,False
Cotoneaster simonsii,Himalayan Cotoneaster,Reconsider Planting,True,introduced,Shrub,4,Apr,,False
Cotoneaster simonsii,Himalayan Cotoneaster,Reconsider Planting,True,introduced,Shrub,5,May,,False
Cotoneaster simonsii,Himalayan Cotoneaster,Reconsider Planting,True,introduced,Shrub,6,Jun,,False
Cotoneaster simonsii,Himalayan Cotoneaster,Reconsider Planting,True,introduced,Shrub,7,Jul,,False
Cotoneaster simonsii,Himalayan Cotoneaster,Reconsider Planting,True,introduced,Shrub,8,Aug,,False
Cotoneaster simonsii,Himalayan Cotoneaster,Reconsider Planting,True,introduced,Shrub,9,Sep,,False
Cotoneaster simonsii,Himalayan Cotoneaster,Reconsider Planting,True,introduced,Shrub,10,Oct,,False
Cotoneaster simonsii,Himalayan Cotoneaster,Reconsider Planting,True,introduced,Shrub,11,Nov,,False
Cotoneaster simonsii,Himalayan Cotoneaster,Reconsider Planting,True,introduced,Shrub,12,Dec,,False
Cotula australis,Common Cotula,Not Assessed,False,uncertain,Herb,1,Jan,True,False
Cotula australis,Common Cotula,Not Assessed,False,uncertain,Herb,2,Feb,True,False
Cotula australis,Common Cotula,Not Assessed,False,uncertain,Herb,3,Mar,True,False
Cotula australis,Common Cotula,Not Assessed,False,uncertain,Herb,4,Apr,True,False
Cotula australis,Common Cotula,Not Assessed,False,uncertain,Herb,5,May,True,False
Cotula australis,Common Cotula,Not Assessed,False,uncertain,Herb,6,Jun,True,False
Cotula australis,Common Cotula,Not Assessed,False,uncertain,Herb,7,Jul,True,False
Cotula australis,Common Cotula,Not Assessed,False,uncertain,Herb,8,Aug,True,False
Cotula australis,Common Cotula,Not Assessed,False,uncertain,Herb,9,Sep,True,False
Cotula australis,Common Cotula,Not Assessed,False,uncertain,Herb,10,Oct,True,False
Cotula australis,Common Cotula,Not Assessed,False,uncertain,Herb,11,Nov,True,False
Cotula australis,Common Cotula,Not Assessed,False,uncertain,Herb,12,Dec,True,False
Cotula coronopifolia,Water-buttons,Use Caution,True,introduced,Herb,1,Jan,True,False
Cotula coronopifolia,Water-buttons,Use Caution,True,introduced,Herb,2,Feb,True,False
Cotula coronopifolia,Water-buttons,Use Caution,True,introduced,Herb,3,Mar,True,False
Cotula coronopifolia,Water-buttons,Use Caution,True,introduced,Herb,4,Apr,True,False
Cotula coronopifolia,Water-buttons,Use Caution,True,introduced,Herb,5,May,True,False
Cotula coronopifolia,Water-buttons,Use Caution,True,introduced,Herb,6,Jun,True,False
Cotula coronopifolia,Water-buttons,Use Caution,True,introduced,Herb,7,Jul,True,False
Cotula coronopifolia,Water-buttons,Use Caution,True,introduced,Herb,8,Aug,True,False
Cotula coronopifolia,Water-buttons,Use Caution,True,introduced,Herb,9,Sep,True,False
Cotula coronopifolia,Water-buttons,Use Caution,True,introduced,Herb,10,Oct,True,False
Cotula coronopifolia,Water-buttons,Use Caution,True,introduced,Herb,11,Nov,True,False
Cotula coronopifolia,Water-buttons,Use Caution,True,introduced,Herb,12,Dec,True,False
Crassula decumbens,Spreading Crassula,Not Assessed,False,native,Herb,1,Jan,False,False
Crassula decumbens,Spreading Crassula,Not Assessed,False,native,Herb,2,Feb,False,False
Crassula decumbens,Spreading Crassula,Not Assessed,False,native,Herb,3,Mar,False,False
Crassula decumbens,Spreading Crassula,Not Assessed,False,native,Herb,4,Apr,False,False
Crassula decumbens,Spreading Crassula,Not Assessed,False,native,Herb,5,May,True,False
Crassula decumbens,Spreading Crassula,Not Assessed,False,native,Herb,6,Jun,True,False
Crassula decumbens,Spreading Crassula,Not Assessed,False,native,Herb,7,Jul,True,False
Crassula decumbens,Spreading Crassula,Not Assessed,False,native,Herb,8,Aug,True,False
Crassula decumbens,Spreading Crassula,Not Assessed,False,native,Herb,9,Sep,True,False
Crassula decumbens,Spreading Crassula,Not Assessed,False,native,Herb,10,Oct,True,False
Crassula decumbens,Spreading Crassula,Not Assessed,False,native,Herb,11,Nov,False,False
Crassula decumbens,Spreading Crassula,Not Assessed,False,native,Herb,12,Dec,False,False
Crassula decumbens var. decumbens,Spreading Crassula,Not Assessed,False,native,Herb,1,Jan,False,False
Crassula decumbens var. decumbens,Spreading Crassula,Not Assessed,False,native,Herb,2,Feb,False,False
Crassula decumbens var. decumbens,Spreading Crassula,Not Assessed,False,native,Herb,3,Mar,False,False
Crassula decumbens var. decumbens,Spreading Crassula,Not Assessed,False,native,Herb,4,Apr,False,False
Crassula decumbens var. decumbens,Spreading Crassula,Not Assessed,False,native,Herb,5,May,True,False
Crassula decumbens var. decumbens,Spreading Crassula,Not Assessed,False,native,Herb,6,Jun,True,False
Crassula decumbens var. decumbens,Spreading Crassula,Not Assessed,False,native,Herb,7,Jul,True,False
Crassula decumbens var. decumbens,Spreading Crassula,Not Assessed,False,native,Herb,8,Aug,True,False
Crassula decumbens var. decumbens,Spreading Crassula,Not Assessed,False,native,Herb,9,Sep,True,False
Crassula decumbens var. decumbens,Spreading Crassula,Not Assessed,False,native,Herb,10,Oct,True,False
Crassula decumbens var. decumbens,Spreading Crassula,Not Assessed,False,native,Herb,11,Nov,False,False
Crassula decumbens var. decumbens,Spreading Crassula,Not Assessed,False,native,Herb,12,Dec,False,False
Crassula helmsii,Swamp Crassula,Not Assessed,False,native,Herb,1,Jan,False,False
Crassula helmsii,Swamp Crassula,Not Assessed,False,native,Herb,2,Feb,False,False
Crassula helmsii,Swamp Crassula,Not Assessed,False,native,Herb,3,Mar,False,False
Crassula helmsii,Swamp Crassula,Not Assessed,False,native,Herb,4,Apr,False,False
Crassula helmsii,Swamp Crassula,Not Assessed,False,native,Herb,5,May,False,False
Crassula helmsii,Swamp Crassula,Not Assessed,False,native,Herb,6,Jun,False,False
Crassula helmsii,Swamp Crassula,Not Assessed,False,native,Herb,7,Jul,False,False
Crassula helmsii,Swamp Crassula,Not Assessed,False,native,Herb,8,Aug,True,False
Crassula helmsii,Swamp Crassula,Not Assessed,False,native,Herb,9,Sep,True,False
Crassula helmsii,Swamp Crassula,Not Assessed,False,native,Herb,10,Oct,True,False
Crassula helmsii,Swamp Crassula,Not Assessed,False,native,Herb,11,Nov,True,False
Crassula helmsii,Swamp Crassula,Not Assessed,False,native,Herb,12,Dec,False,False
Crassula multicava,,Reconsider Planting,True,introduced,Herb,1,Jan,False,False
Crassula multicava,,Reconsider Planting,True,introduced,Herb,2,Feb,False,False
Crassula multicava,,Reconsider Planting,True,introduced,Herb,3,Mar,False,False
Crassula multicava,,Reconsider Planting,True,introduced,Herb,4,Apr,False,False
Crassula multicava,,Reconsider Planting,True,introduced,Herb,5,May,False,False
Crassula multicava,,Reconsider Planting,True,introduced,Herb,6,Jun,False,False
Crassula multicava,,Reconsider Planting,True,introduced,Herb,7,Jul,False,False
Crassula multicava,,Reconsider Planting,True,introduced,Herb,8,Aug,False,False
Crassula multicava,,Reconsider Planting,True,introduced,Herb,9,Sep,True,False
Crassula multicava,,Reconsider Planting,True,introduced,Herb,10,Oct,True,False
Crassula multicava,,Reconsider Planting,True,introduced,Herb,11,Nov,False,False
Crassula multicava,,Reconsider Planting,True,introduced,Herb,12,Dec,False,False
Crassula multicava subsp. multicava,Fairy Crassula,Reconsider Planting,True,introduced,Herb,1,Jan,False,False
Crassula multicava subsp. multicava,Fairy Crassula,Reconsider Planting,True,introduced,Herb,2,Feb,False,False
Crassula multicava subsp. multicava,Fairy Crassula,Reconsider Planting,True,introduced,Herb,3,Mar,False,False
Crassula multicava subsp. multicava,Fairy Crassula,Reconsider Planting,True,introduced,Herb,4,Apr,False,False
Crassula multicava subsp. multicava,Fairy Crassula,Reconsider Planting,True,introduced,Herb,5,May,False,False
Crassula multicava subsp. multicava,Fairy Crassula,Reconsider Planting,True,introduced,Herb,6,Jun,False,False
Crassula multicava subsp. multicava,Fairy Crassula,Reconsider Planting,True,introduced,Herb,7,Jul,False,False
Crassula multicava subsp. multicava,Fairy Crassula,Reconsider Planting,True,introduced,Herb,8,Aug,False,False
Crassula multicava subsp. multicava,Fairy Crassula,Reconsider Planting,True,introduced,Herb,9,Sep,True,False
Crassula multicava subsp. multicava,Fairy Crassula,Reconsider Planting,True,introduced,Herb,10,Oct,True,False
Crassula multicava subsp. multicava,Fairy Crassula,Reconsider Planting,True,introduced,Herb,11,Nov,False,False
Crassula multicava subsp. multicava,Fairy Crassula,Reconsider Planting,True,introduced,Herb,12,Dec,False,False
Crassula peduncularis,Purple Crassula,Not Assessed,False,native,Herb,1,Jan,False,False
Crassula peduncularis,Purple Crassula,Not Assessed,False,native,Herb,2,Feb,False,False
Crassula peduncularis,Purple Crassula,Not Assessed,False,native,Herb,3,Mar,False,False
Crassula peduncularis,Purple Crassula,Not Assessed,False,native,Herb,4,Apr,False,False
Crassula peduncularis,Purple Crassula,Not Assessed,False,native,Herb,5,May,False,False
Crassula peduncularis,Purple Crassula,Not Assessed,False,native,Herb,6,Jun,False,False
Crassula peduncularis,Purple Crassula,Not Assessed,False,native,Herb,7,Jul,False,False
Crassula peduncularis,Purple Crassula,Not Assessed,False,native,Herb,8,Aug,True,False
Crassula peduncularis,Purple Crassula,Not Assessed,False,native,Herb,9,Sep,True,False
Crassula peduncularis,Purple Crassula,Not Assessed,False,native,Herb,10,Oct,True,False
Crassula peduncularis,Purple Crassula,Not Assessed,False,native,Herb,11,Nov,True,False
Crassula peduncularis,Purple Crassula,Not Assessed,False,native,Herb,12,Dec,False,False
Crassula tetramera,,Not Assessed,False,native,Herb,1,Jan,False,False
Crassula tetramera,,Not Assessed,False,native,Herb,2,Feb,False,False
Crassula tetramera,,Not Assessed,False,native,Herb,3,Mar,False,False
Crassula tetramera,,Not Assessed,False,native,Herb,4,Apr,False,False
Crassula tetramera,,Not Assessed,False,native,Herb,5,May,False,False
Crassula tetramera,,Not Assessed,False,native,Herb,6,Jun,False,False
Crassula tetramera,,Not Assessed,False,native,Herb,7,Jul,False,False
Crassula tetramera,,Not Assessed,False,native,Herb,8,Aug,True,False
Crassula tetramera,,Not Assessed,False,native,Herb,9,Sep,True,False
Crassula tetramera,,Not Assessed,False,native,Herb,10,Oct,True,False
Crassula tetramera,,Not Assessed,False,native,Herb,11,Nov,True,False
Crassula tetramera,,Not Assessed,False,native,Herb,12,Dec,False,False
Crataegus monogyna,Hawthorn,Reconsider Planting,True,introduced,Tree,1,Jan,,False
Crataegus monogyna,Hawthorn,Reconsider Planting,True,introduced,Tree,2,Feb,,False
Crataegus monogyna,Hawthorn,Reconsider Planting,True,introduced,Tree,3,Mar,,False
Crataegus monogyna,Hawthorn,Reconsider Planting,True,introduced,Tree,4,Apr,,False
Crataegus monogyna,Hawthorn,Reconsider Planting,True,introduced,Tree,5,May,,False
Crataegus monogyna,Hawthorn,Reconsider Planting,True,introduced,Tree,6,Jun,,False
Crataegus monogyna,Hawthorn,Reconsider Planting,True,introduced,Tree,7,Jul,,False
Crataegus monogyna,Hawthorn,Reconsider Planting,True,introduced,Tree,8,Aug,,False
Crataegus monogyna,Hawthorn,Reconsider Planting,True,introduced,Tree,9,Sep,,False
Crataegus monogyna,Hawthorn,Reconsider Planting,True,introduced,Tree,10,Oct,,False
Crataegus monogyna,Hawthorn,Reconsider Planting,True,introduced,Tree,11,Nov,,False
Crataegus monogyna,Hawthorn,Reconsider Planting,True,introduced,Tree,12,Dec,,False
Crepis capillaris,Smooth Hawksbeard,Reconsider Planting,True,introduced,Herb,1,Jan,True,False
Crepis capillaris,Smooth Hawksbeard,Reconsider Planting,True,introduced,Herb,2,Feb,True,False
Crepis capillaris,Smooth Hawksbeard,Reconsider Planting,True,introduced,Herb,3,Mar,False,False
Crepis capillaris,Smooth Hawksbeard,Reconsider Planting,True,introduced,Herb,4,Apr,False,False
Crepis capillaris,Smooth Hawksbeard,Reconsider Planting,True,introduced,Herb,5,May,False,False
Crepis capillaris,Smooth Hawksbeard,Reconsider Planting,True,introduced,Herb,6,Jun,False,False
Crepis capillaris,Smooth Hawksbeard,Reconsider Planting,True,introduced,Herb,7,Jul,False,False
Crepis capillaris,Smooth Hawksbeard,Reconsider Planting,True,introduced,Herb,8,Aug,False,False
Crepis capillaris,Smooth Hawksbeard,Reconsider Planting,True,introduced,Herb,9,Sep,False,False
Crepis capillaris,Smooth Hawksbeard,Reconsider Planting,True,introduced,Herb,10,Oct,False,False
Crepis capillaris,Smooth Hawksbeard,Reconsider Planting,True,introduced,Herb,11,Nov,False,False
Crepis capillaris,Smooth Hawksbeard,Reconsider Planting,True,introduced,Herb,12,Dec,True,False
Crocosmia ×crocosmiiflora,Montbretia,Not Assessed,False,introduced,,1,Jan,,False
Crocosmia ×crocosmiiflora,Montbretia,Not Assessed,False,introduced,,2,Feb,,False
Crocosmia ×crocosmiiflora,Montbretia,Not Assessed,False,introduced,,3,Mar,,False
Crocosmia ×crocosmiiflora,Montbretia,Not Assessed,False,introduced,,4,Apr,,False
Crocosmia ×crocosmiiflora,Montbretia,Not Assessed,False,introduced,,5,May,,False
Crocosmia ×crocosmiiflora,Montbretia,Not Assessed,False,introduced,,6,Jun,,False
Crocosmia ×crocosmiiflora,Montbretia,Not Assessed,False,introduced,,7,Jul,,False
Crocosmia ×crocosmiiflora,Montbretia,Not Assessed,False,introduced,,8,Aug,,False
Crocosmia ×crocosmiiflora,Montbretia,Not Assessed,False,introduced,,9,Sep,,False
Crocosmia ×crocosmiiflora,Montbretia,Not Assessed,False,introduced,,10,Oct,,False
Crocosmia ×crocosmiiflora,Montbretia,Not Assessed,False,introduced,,11,Nov,,False
Crocosmia ×crocosmiiflora,Montbretia,Not Assessed,False,introduced,,12,Dec,,False
Cryptostylis subulata,Large Tongue-orchid,Not Assessed,False,native,Herb,1,Jan,True,False
Cryptostylis subulata,Large Tongue-orchid,Not Assessed,False,native,Herb,2,Feb,True,False
Cryptostylis subulata,Large Tongue-orchid,Not Assessed,False,native,Herb,3,Mar,True,False
Cryptostylis subulata,Large Tongue-orchid,Not Assessed,False,native,Herb,4,Apr,True,False
Cryptostylis subulata,Large Tongue-orchid,Not Assessed,False,native,Herb,5,May,False,False
Cryptostylis subulata,Large Tongue-orchid,Not Assessed,False,native,Herb,6,Jun,False,False
Cryptostylis subulata,Large Tongue-orchid,Not Assessed,False,native,Herb,7,Jul,False,False
Cryptostylis subulata,Large Tongue-orchid,Not Assessed,False,native,Herb,8,Aug,False,False
Cryptostylis subulata,Large Tongue-orchid,Not Assessed,False,native,Herb,9,Sep,False,False
Cryptostylis subulata,Large Tongue-orchid,Not Assessed,False,native,Herb,10,Oct,True,False
Cryptostylis subulata,Large Tongue-orchid,Not Assessed,False,native,Herb,11,Nov,True,False
Cryptostylis subulata,Large Tongue-orchid,Not Assessed,False,native,Herb,12,Dec,True,False
Cyanicula caerulea,Blue Fairy,Not Assessed,False,native,Herb,1,Jan,False,False
Cyanicula caerulea,Blue Fairy,Not Assessed,False,native,Herb,2,Feb,False,False
Cyanicula caerulea,Blue Fairy,Not Assessed,False,native,Herb,3,Mar,False,False
Cyanicula caerulea,Blue Fairy,Not Assessed,False,native,Herb,4,Apr,False,False
Cyanicula caerulea,Blue Fairy,Not Assessed,False,native,Herb,5,May,False,False
Cyanicula caerulea,Blue Fairy,Not Assessed,False,native,Herb,6,Jun,True,False
Cyanicula caerulea,Blue Fairy,Not Assessed,False,native,Herb,7,Jul,True,False
Cyanicula caerulea,Blue Fairy,Not Assessed,False,native,Herb,8,Aug,True,False
Cyanicula caerulea,Blue Fairy,Not Assessed,False,native,Herb,9,Sep,True,False
Cyanicula caerulea,Blue Fairy,Not Assessed,False,native,Herb,10,Oct,True,False
Cyanicula caerulea,Blue Fairy,Not Assessed,False,native,Herb,11,Nov,False,False
Cyanicula caerulea,Blue Fairy,Not Assessed,False,native,Herb,12,Dec,False,False
Cyclospermum leptophyllum,Slender Celery,Use Caution,True,introduced,Herb,1,Jan,True,False
Cyclospermum leptophyllum,Slender Celery,Use Caution,True,introduced,Herb,2,Feb,False,False
Cyclospermum leptophyllum,Slender Celery,Use Caution,True,introduced,Herb,3,Mar,False,False
Cyclospermum leptophyllum,Slender Celery,Use Caution,True,introduced,Herb,4,Apr,False,False
Cyclospermum leptophyllum,Slender Celery,Use Caution,True,introduced,Herb,5,May,False,False
Cyclospermum leptophyllum,Slender Celery,Use Caution,True,introduced,Herb,6,Jun,False,False
Cyclospermum leptophyllum,Slender Celery,Use Caution,True,introduced,Herb,7,Jul,False,False
Cyclospermum leptophyllum,Slender Celery,Use Caution,True,introduced,Herb,8,Aug,False,False
Cyclospermum leptophyllum,Slender Celery,Use Caution,True,introduced,Herb,9,Sep,True,False
Cyclospermum leptophyllum,Slender Celery,Use Caution,True,introduced,Herb,10,Oct,True,False
Cyclospermum leptophyllum,Slender Celery,Use Caution,True,introduced,Herb,11,Nov,True,False
Cyclospermum leptophyllum,Slender Celery,Use Caution,True,introduced,Herb,12,Dec,True,False
Cycnogeton procerum,Common Water-ribbons,Not Assessed,False,native,Herb,1,Jan,True,False
Cycnogeton procerum,Common Water-ribbons,Not Assessed,False,native,Herb,2,Feb,True,False
Cycnogeton procerum,Common Water-ribbons,Not Assessed,False,native,Herb,3,Mar,True,False
Cycnogeton procerum,Common Water-ribbons,Not Assessed,False,native,Herb,4,Apr,True,False
Cycnogeton procerum,Common Water-ribbons,Not Assessed,False,native,Herb,5,May,False,False
Cycnogeton procerum,Common Water-ribbons,Not Assessed,False,native,Herb,6,Jun,False,False
Cycnogeton procerum,Common Water-ribbons,Not Assessed,False,native,Herb,7,Jul,False,False
Cycnogeton procerum,Common Water-ribbons,Not Assessed,False,native,Herb,8,Aug,True,False
Cycnogeton procerum,Common Water-ribbons,Not Assessed,False,native,Herb,9,Sep,True,False
Cycnogeton procerum,Common Water-ribbons,Not Assessed,False,native,Herb,10,Oct,True,False
Cycnogeton procerum,Common Water-ribbons,Not Assessed,False,native,Herb,11,Nov,True,False
Cycnogeton procerum,Common Water-ribbons,Not Assessed,False,native,Herb,12,Dec,True,False
Cynodon dactylon,Couch,Use Caution,True,native,Grass,1,Jan,True,False
Cynodon dactylon,Couch,Use Caution,True,native,Grass,2,Feb,True,False
Cynodon dactylon,Couch,Use Caution,True,native,Grass,3,Mar,True,False
Cynodon dactylon,Couch,Use Caution,True,native,Grass,4,Apr,True,False
Cynodon dactylon,Couch,Use Caution,True,native,Grass,5,May,True,False
Cynodon dactylon,Couch,Use Caution,True,native,Grass,6,Jun,True,False
Cynodon dactylon,Couch,Use Caution,True,native,Grass,7,Jul,True,False
Cynodon dactylon,Couch,Use Caution,True,native,Grass,8,Aug,True,False
Cynodon dactylon,Couch,Use Caution,True,native,Grass,9,Sep,True,False
Cynodon dactylon,Couch,Use Caution,True,native,Grass,10,Oct,True,False
Cynodon dactylon,Couch,Use Caution,True,native,Grass,11,Nov,True,False
Cynodon dactylon,Couch,Use Caution,True,native,Grass,12,Dec,True,False
Cynodon dactylon var. dactylon,Couch,Use Caution,True,introduced,Grass,1,Jan,True,False
Cynodon dactylon var. dactylon,Couch,Use Caution,True,introduced,Grass,2,Feb,True,False
Cynodon dactylon var. dactylon,Couch,Use Caution,True,introduced,Grass,3,Mar,True,False
Cynodon dactylon var. dactylon,Couch,Use Caution,True,introduced,Grass,4,Apr,True,False
Cynodon dactylon var. dactylon,Couch,Use Caution,True,introduced,Grass,5,May,True,False
Cynodon dactylon var. dactylon,Couch,Use Caution,True,introduced,Grass,6,Jun,True,False
Cynodon dactylon var. dactylon,Couch,Use Caution,True,introduced,Grass,7,Jul,True,False
Cynodon dactylon var. dactylon,Couch,Use Caution,True,introduced,Grass,8,Aug,True,False
Cynodon dactylon var. dactylon,Couch,Use Caution,True,introduced,Grass,9,Sep,True,False
Cynodon dactylon var. dactylon,Couch,Use Caution,True,introduced,Grass,10,Oct,True,False
Cynodon dactylon var. dactylon,Couch,Use Caution,True,introduced,Grass,11,Nov,True,False
Cynodon dactylon var. dactylon,Couch,Use Caution,True,introduced,Grass,12,Dec,True,False
Cynosurus echinatus,Rough Dog's-tail,Reconsider Planting,True,introduced,Grass,1,Jan,False,False
Cynosurus echinatus,Rough Dog's-tail,Reconsider Planting,True,introduced,Grass,2,Feb,False,False
Cynosurus echinatus,Rough Dog's-tail,Reconsider Planting,True,introduced,Grass,3,Mar,False,False
Cynosurus echinatus,Rough Dog's-tail,Reconsider Planting,True,introduced,Grass,4,Apr,False,False
Cynosurus echinatus,Rough Dog's-tail,Reconsider Planting,True,introduced,Grass,5,May,False,False
Cynosurus echinatus,Rough Dog's-tail,Reconsider Planting,True,introduced,Grass,6,Jun,False,False
Cynosurus echinatus,Rough Dog's-tail,Reconsider Planting,True,introduced,Grass,7,Jul,False,False
Cynosurus echinatus,Rough Dog's-tail,Reconsider Planting,True,introduced,Grass,8,Aug,False,False
Cynosurus echinatus,Rough Dog's-tail,Reconsider Planting,True,introduced,Grass,9,Sep,True,False
Cynosurus echinatus,Rough Dog's-tail,Reconsider Planting,True,introduced,Grass,10,Oct,True,False
Cynosurus echinatus,Rough Dog's-tail,Reconsider Planting,True,introduced,Grass,11,Nov,True,False
Cynosurus echinatus,Rough Dog's-tail,Reconsider Planting,True,introduced,Grass,12,Dec,False,False
Cyperus eragrostis,Drain Flat-sedge,Use Caution,True,introduced,Grass,1,Jan,True,False
Cyperus eragrostis,Drain Flat-sedge,Use Caution,True,introduced,Grass,2,Feb,True,False
Cyperus eragrostis,Drain Flat-sedge,Use Caution,True,introduced,Grass,3,Mar,True,False
Cyperus eragrostis,Drain Flat-sedge,Use Caution,True,introduced,Grass,4,Apr,False,False
Cyperus eragrostis,Drain Flat-sedge,Use Caution,True,introduced,Grass,5,May,False,False
Cyperus eragrostis,Drain Flat-sedge,Use Caution,True,introduced,Grass,6,Jun,False,False
Cyperus eragrostis,Drain Flat-sedge,Use Caution,True,introduced,Grass,7,Jul,False,False
Cyperus eragrostis,Drain Flat-sedge,Use Caution,True,introduced,Grass,8,Aug,False,False
Cyperus eragrostis,Drain Flat-sedge,Use Caution,True,introduced,Grass,9,Sep,True,False
Cyperus eragrostis,Drain Flat-sedge,Use Caution,True,introduced,Grass,10,Oct,True,False
Cyperus eragrostis,Drain Flat-sedge,Use Caution,True,introduced,Grass,11,Nov,True,False
Cyperus eragrostis,Drain Flat-sedge,Use Caution,True,introduced,Grass,12,Dec,True,False
Cyrtostylis reniformis,Gnat Orchid,Not Assessed,False,native,Herb,1,Jan,False,False
Cyrtostylis reniformis,Gnat Orchid,Not Assessed,False,native,Herb,2,Feb,False,False
Cyrtostylis reniformis,Gnat Orchid,Not Assessed,False,native,Herb,3,Mar,False,False
Cyrtostylis reniformis,Gnat Orchid,Not Assessed,False,native,Herb,4,Apr,False,False
Cyrtostylis reniformis,Gnat Orchid,Not Assessed,False,native,Herb,5,May,True,False
Cyrtostylis reniformis,Gnat Orchid,Not Assessed,False,native,Herb,6,Jun,True,False
Cyrtostylis reniformis,Gnat Orchid,Not Assessed,False,native,Herb,7,Jul,True,False
Cyrtostylis reniformis,Gnat Orchid,Not Assessed,False,native,Herb,8,Aug,True,False
Cyrtostylis reniformis,Gnat Orchid,Not Assessed,False,native,Herb,9,Sep,True,False
Cyrtostylis reniformis,Gnat Orchid,Not Assessed,False,native,Herb,10,Oct,True,False
Cyrtostylis reniformis,Gnat Orchid,Not Assessed,False,native,Herb,11,Nov,False,False
Cyrtostylis reniformis,Gnat Orchid,Not Assessed,False,native,Herb,12,Dec,False,False
Dactylis glomerata,Cocksfoot,Reconsider Planting,True,introduced,Grass,1,Jan,False,False
Dactylis glomerata,Cocksfoot,Reconsider Planting,True,introduced,Grass,2,Feb,False,False
Dactylis glomerata,Cocksfoot,Reconsider Planting,True,introduced,Grass,3,Mar,False,False
Dactylis glomerata,Cocksfoot,Reconsider Planting,True,introduced,Grass,4,Apr,False,False
Dactylis glomerata,Cocksfoot,Reconsider Planting,True,introduced,Grass,5,May,False,False
Dactylis glomerata,Cocksfoot,Reconsider Planting,True,introduced,Grass,6,Jun,False,False
Dactylis glomerata,Cocksfoot,Reconsider Planting,True,introduced,Grass,7,Jul,False,False
Dactylis glomerata,Cocksfoot,Reconsider Planting,True,introduced,Grass,8,Aug,False,False
Dactylis glomerata,Cocksfoot,Reconsider Planting,True,introduced,Grass,9,Sep,True,False
Dactylis glomerata,Cocksfoot,Reconsider Planting,True,introduced,Grass,10,Oct,True,False
Dactylis glomerata,Cocksfoot,Reconsider Planting,True,introduced,Grass,11,Nov,True,False
Dactylis glomerata,Cocksfoot,Reconsider Planting,True,introduced,Grass,12,Dec,False,False
Datura stramonium,Common Thorn-apple,Use Caution,True,introduced,Herb,1,Jan,True,False
Datura stramonium,Common Thorn-apple,Use Caution,True,introduced,Herb,2,Feb,True,False
Datura stramonium,Common Thorn-apple,Use Caution,True,introduced,Herb,3,Mar,False,False
Datura stramonium,Common Thorn-apple,Use Caution,True,introduced,Herb,4,Apr,False,False
Datura stramonium,Common Thorn-apple,Use Caution,True,introduced,Herb,5,May,False,False
Datura stramonium,Common Thorn-apple,Use Caution,True,introduced,Herb,6,Jun,False,False
Datura stramonium,Common Thorn-apple,Use Caution,True,introduced,Herb,7,Jul,False,False
Datura stramonium,Common Thorn-apple,Use Caution,True,introduced,Herb,8,Aug,False,False
Datura stramonium,Common Thorn-apple,Use Caution,True,introduced,Herb,9,Sep,False,False
Datura stramonium,Common Thorn-apple,Use Caution,True,introduced,Herb,10,Oct,False,False
Datura stramonium,Common Thorn-apple,Use Caution,True,introduced,Herb,11,Nov,False,False
Datura stramonium,Common Thorn-apple,Use Caution,True,introduced,Herb,12,Dec,True,False
Daucus carota,Carrot,Reconsider Planting,True,introduced,Herb,1,Jan,True,False
Daucus carota,Carrot,Reconsider Planting,True,introduced,Herb,2,Feb,True,False
Daucus carota,Carrot,Reconsider Planting,True,introduced,Herb,3,Mar,True,False
Daucus carota,Carrot,Reconsider Planting,True,introduced,Herb,4,Apr,True,False
Daucus carota,Carrot,Reconsider Planting,True,introduced,Herb,5,May,True,False
Daucus carota,Carrot,Reconsider Planting,True,introduced,Herb,6,Jun,False,False
Daucus carota,Carrot,Reconsider Planting,True,introduced,Herb,7,Jul,False,False
Daucus carota,Carrot,Reconsider Planting,True,introduced,Herb,8,Aug,False,False
Daucus carota,Carrot,Reconsider Planting,True,introduced,Herb,9,Sep,True,False
Daucus carota,Carrot,Reconsider Planting,True,introduced,Herb,10,Oct,True,False
Daucus carota,Carrot,Reconsider Planting,True,introduced,Herb,11,Nov,True,False
Daucus carota,Carrot,Reconsider Planting,True,introduced,Herb,12,Dec,True,False
Daucus glochidiatus,Australian Carrot,Not Assessed,False,native,Herb,1,Jan,True,False
Daucus glochidiatus,Australian Carrot,Not Assessed,False,native,Herb,2,Feb,True,False
Daucus glochidiatus,Australian Carrot,Not Assessed,False,native,Herb,3,Mar,False,False
Daucus glochidiatus,Australian Carrot,Not Assessed,False,native,Herb,4,Apr,False,False
Daucus glochidiatus,Australian Carrot,Not Assessed,False,native,Herb,5,May,True,False
Daucus glochidiatus,Australian Carrot,Not Assessed,False,native,Herb,6,Jun,True,False
Daucus glochidiatus,Australian Carrot,Not Assessed,False,native,Herb,7,Jul,True,False
Daucus glochidiatus,Australian Carrot,Not Assessed,False,native,Herb,8,Aug,True,False
Daucus glochidiatus,Australian Carrot,Not Assessed,False,native,Herb,9,Sep,True,False
Daucus glochidiatus,Australian Carrot,Not Assessed,False,native,Herb,10,Oct,True,False
Daucus glochidiatus,Australian Carrot,Not Assessed,False,native,Herb,11,Nov,True,False
Daucus glochidiatus,Australian Carrot,Not Assessed,False,native,Herb,12,Dec,True,False
Daviesia latifolia,Hop Bitter-pea,Not Assessed,False,native,Shrub,1,Jan,False,False
Daviesia latifolia,Hop Bitter-pea,Not Assessed,False,native,Shrub,2,Feb,False,False
Daviesia latifolia,Hop Bitter-pea,Not Assessed,False,native,Shrub,3,Mar,False,False
Daviesia latifolia,Hop Bitter-pea,Not Assessed,False,native,Shrub,4,Apr,False,False
Daviesia latifolia,Hop Bitter-pea,Not Assessed,False,native,Shrub,5,May,False,False
Daviesia latifolia,Hop Bitter-pea,Not Assessed,False,native,Shrub,6,Jun,False,False
Daviesia latifolia,Hop Bitter-pea,Not Assessed,False,native,Shrub,7,Jul,False,False
Daviesia latifolia,Hop Bitter-pea,Not Assessed,False,native,Shrub,8,Aug,False,False
Daviesia latifolia,Hop Bitter-pea,Not Assessed,False,native,Shrub,9,Sep,True,False
Daviesia latifolia,Hop Bitter-pea,Not Assessed,False,native,Shrub,10,Oct,True,False
Daviesia latifolia,Hop Bitter-pea,Not Assessed,False,native,Shrub,11,Nov,True,False
Daviesia latifolia,Hop Bitter-pea,Not Assessed,False,native,Shrub,12,Dec,True,False
Daviesia leptophylla,Narrow-leaf Bitter-pea,Not Assessed,False,native,Shrub,1,Jan,False,False
Daviesia leptophylla,Narrow-leaf Bitter-pea,Not Assessed,False,native,Shrub,2,Feb,False,False
Daviesia leptophylla,Narrow-leaf Bitter-pea,Not Assessed,False,native,Shrub,3,Mar,False,False
Daviesia leptophylla,Narrow-leaf Bitter-pea,Not Assessed,False,native,Shrub,4,Apr,False,False
Daviesia leptophylla,Narrow-leaf Bitter-pea,Not Assessed,False,native,Shrub,5,May,False,False
Daviesia leptophylla,Narrow-leaf Bitter-pea,Not Assessed,False,native,Shrub,6,Jun,False,False
Daviesia leptophylla,Narrow-leaf Bitter-pea,Not Assessed,False,native,Shrub,7,Jul,False,False
Daviesia leptophylla,Narrow-leaf Bitter-pea,Not Assessed,False,native,Shrub,8,Aug,True,False
Daviesia leptophylla,Narrow-leaf Bitter-pea,Not Assessed,False,native,Shrub,9,Sep,True,False
Daviesia leptophylla,Narrow-leaf Bitter-pea,Not Assessed,False,native,Shrub,10,Oct,True,False
Daviesia leptophylla,Narrow-leaf Bitter-pea,Not Assessed,False,native,Shrub,11,Nov,True,False
Daviesia leptophylla,Narrow-leaf Bitter-pea,Not Assessed,False,native,Shrub,12,Dec,True,False
Daviesia ulicifolia,Gorse Bitter-pea,Not Assessed,False,native,Shrub,1,Jan,True,False
Daviesia ulicifolia,Gorse Bitter-pea,Not Assessed,False,native,Shrub,2,Feb,False,False
Daviesia ulicifolia,Gorse Bitter-pea,Not Assessed,False,native,Shrub,3,Mar,False,False
Daviesia ulicifolia,Gorse Bitter-pea,Not Assessed,False,native,Shrub,4,Apr,True,False
Daviesia ulicifolia,Gorse Bitter-pea,Not Assessed,False,native,Shrub,5,May,True,False
Daviesia ulicifolia,Gorse Bitter-pea,Not Assessed,False,native,Shrub,6,Jun,True,False
Daviesia ulicifolia,Gorse Bitter-pea,Not Assessed,False,native,Shrub,7,Jul,True,False
Daviesia ulicifolia,Gorse Bitter-pea,Not Assessed,False,native,Shrub,8,Aug,True,False
Daviesia ulicifolia,Gorse Bitter-pea,Not Assessed,False,native,Shrub,9,Sep,True,False
Daviesia ulicifolia,Gorse Bitter-pea,Not Assessed,False,native,Shrub,10,Oct,True,False
Daviesia ulicifolia,Gorse Bitter-pea,Not Assessed,False,native,Shrub,11,Nov,True,False
Daviesia ulicifolia,Gorse Bitter-pea,Not Assessed,False,native,Shrub,12,Dec,True,False
Daviesia ulicifolia subsp. ulicifolia,Gorse Bitter-pea,Not Assessed,False,native,Shrub,1,Jan,True,False
Daviesia ulicifolia subsp. ulicifolia,Gorse Bitter-pea,Not Assessed,False,native,Shrub,2,Feb,False,False
Daviesia ulicifolia subsp. ulicifolia,Gorse Bitter-pea,Not Assessed,False,native,Shrub,3,Mar,False,False
Daviesia ulicifolia subsp. ulicifolia,Gorse Bitter-pea,Not Assessed,False,native,Shrub,4,Apr,True,False
Daviesia ulicifolia subsp. ulicifolia,Gorse Bitter-pea,Not Assessed,False,native,Shrub,5,May,True,False
Daviesia ulicifolia subsp. ulicifolia,Gorse Bitter-pea,Not Assessed,False,native,Shrub,6,Jun,True,False
Daviesia ulicifolia subsp. ulicifolia,Gorse Bitter-pea,Not Assessed,False,native,Shrub,7,Jul,True,False
Daviesia ulicifolia subsp. ulicifolia,Gorse Bitter-pea,Not Assessed,False,native,Shrub,8,Aug,True,False
Daviesia ulicifolia subsp. ulicifolia,Gorse Bitter-pea,Not Assessed,False,native,Shrub,9,Sep,True,False
Daviesia ulicifolia subsp. ulicifolia,Gorse Bitter-pea,Not Assessed,False,native,Shrub,10,Oct,True,False
Daviesia ulicifolia subsp. ulicifolia,Gorse Bitter-pea,Not Assessed,False,native,Shrub,11,Nov,True,False
Daviesia ulicifolia subsp. ulicifolia,Gorse Bitter-pea,Not Assessed,False,native,Shrub,12,Dec,True,False
Delairea odorata,Ivy Groundsel | Cape Ivy,Reconsider Planting,True,introduced,Climber,1,Jan,False,False
Delairea odorata,Ivy Groundsel | Cape Ivy,Reconsider Planting,True,introduced,Climber,2,Feb,False,False
Delairea odorata,Ivy Groundsel | Cape Ivy,Reconsider Planting,True,introduced,Climber,3,Mar,False,False
Delairea odorata,Ivy Groundsel | Cape Ivy,Reconsider Planting,True,introduced,Climber,4,Apr,False,False
Delairea odorata,Ivy Groundsel | Cape Ivy,Reconsider Planting,True,introduced,Climber,5,May,False,False
Delairea odorata,Ivy Groundsel | Cape Ivy,Reconsider Planting,True,introduced,Climber,6,Jun,True,False
Delairea odorata,Ivy Groundsel | Cape Ivy,Reconsider Planting,True,introduced,Climber,7,Jul,True,False
Delairea odorata,Ivy Groundsel | Cape Ivy,Reconsider Planting,True,introduced,Climber,8,Aug,True,False
Delairea odorata,Ivy Groundsel | Cape Ivy,Reconsider Planting,True,introduced,Climber,9,Sep,False,False
Delairea odorata,Ivy Groundsel | Cape Ivy,Reconsider Planting,True,introduced,Climber,10,Oct,False,False
Delairea odorata,Ivy Groundsel | Cape Ivy,Reconsider Planting,True,introduced,Climber,11,Nov,False,False
Delairea odorata,Ivy Groundsel | Cape Ivy,Reconsider Planting,True,introduced,Climber,12,Dec,False,False
Deschampsia cespitosa,Tufted Hair-grass,Not Assessed,False,native,Grass,1,Jan,True,False
Deschampsia cespitosa,Tufted Hair-grass,Not Assessed,False,native,Grass,2,Feb,True,False
Deschampsia cespitosa,Tufted Hair-grass,Not Assessed,False,native,Grass,3,Mar,True,False
Deschampsia cespitosa,Tufted Hair-grass,Not Assessed,False,native,Grass,4,Apr,False,False
Deschampsia cespitosa,Tufted Hair-grass,Not Assessed,False,native,Grass,5,May,False,False
Deschampsia cespitosa,Tufted Hair-grass,Not Assessed,False,native,Grass,6,Jun,False,False
Deschampsia cespitosa,Tufted Hair-grass,Not Assessed,False,native,Grass,7,Jul,False,False
Deschampsia cespitosa,Tufted Hair-grass,Not Assessed,False,native,Grass,8,Aug,False,False
Deschampsia cespitosa,Tufted Hair-grass,Not Assessed,False,native,Grass,9,Sep,True,False
Deschampsia cespitosa,Tufted Hair-grass,Not Assessed,False,native,Grass,10,Oct,True,False
Deschampsia cespitosa,Tufted Hair-grass,Not Assessed,False,native,Grass,11,Nov,True,False
Deschampsia cespitosa,Tufted Hair-grass,Not Assessed,False,native,Grass,12,Dec,True,False
Deyeuxia densa,Heath Bent-grass,Not Assessed,False,native,Grass,1,Jan,True,False
Deyeuxia densa,Heath Bent-grass,Not Assessed,False,native,Grass,2,Feb,False,False
Deyeuxia densa,Heath Bent-grass,Not Assessed,False,native,Grass,3,Mar,False,False
Deyeuxia densa,Heath Bent-grass,Not Assessed,False,native,Grass,4,Apr,False,False
Deyeuxia densa,Heath Bent-grass,Not Assessed,False,native,Grass,5,May,False,False
Deyeuxia densa,Heath Bent-grass,Not Assessed,False,native,Grass,6,Jun,False,False
Deyeuxia densa,Heath Bent-grass,Not Assessed,False,native,Grass,7,Jul,False,False
Deyeuxia densa,Heath Bent-grass,Not Assessed,False,native,Grass,8,Aug,False,False
Deyeuxia densa,Heath Bent-grass,Not Assessed,False,native,Grass,9,Sep,False,False
Deyeuxia densa,Heath Bent-grass,Not Assessed,False,native,Grass,10,Oct,True,False
Deyeuxia densa,Heath Bent-grass,Not Assessed,False,native,Grass,11,Nov,True,False
Deyeuxia densa,Heath Bent-grass,Not Assessed,False,native,Grass,12,Dec,True,False
Deyeuxia quadriseta,Reed Bent-grass,Not Assessed,False,native,Grass,1,Jan,True,False
Deyeuxia quadriseta,Reed Bent-grass,Not Assessed,False,native,Grass,2,Feb,True,False
Deyeuxia quadriseta,Reed Bent-grass,Not Assessed,False,native,Grass,3,Mar,True,False
Deyeuxia quadriseta,Reed Bent-grass,Not Assessed,False,native,Grass,4,Apr,True,False
Deyeuxia quadriseta,Reed Bent-grass,Not Assessed,False,native,Grass,5,May,True,False
Deyeuxia quadriseta,Reed Bent-grass,Not Assessed,False,native,Grass,6,Jun,False,False
Deyeuxia quadriseta,Reed Bent-grass,Not Assessed,False,native,Grass,7,Jul,False,False
Deyeuxia quadriseta,Reed Bent-grass,Not Assessed,False,native,Grass,8,Aug,False,False
Deyeuxia quadriseta,Reed Bent-grass,Not Assessed,False,native,Grass,9,Sep,True,False
Deyeuxia quadriseta,Reed Bent-grass,Not Assessed,False,native,Grass,10,Oct,True,False
Deyeuxia quadriseta,Reed Bent-grass,Not Assessed,False,native,Grass,11,Nov,True,False
Deyeuxia quadriseta,Reed Bent-grass,Not Assessed,False,native,Grass,12,Dec,True,False
Dianella longifolia,Pale Flax-lily | Smooth Flax-lily,Not Assessed,False,native,Herb,1,Jan,True,False
Dianella longifolia,Pale Flax-lily | Smooth Flax-lily,Not Assessed,False,native,Herb,2,Feb,True,False
Dianella longifolia,Pale Flax-lily | Smooth Flax-lily,Not Assessed,False,native,Herb,3,Mar,True,False
Dianella longifolia,Pale Flax-lily | Smooth Flax-lily,Not Assessed,False,native,Herb,4,Apr,True,False
Dianella longifolia,Pale Flax-lily | Smooth Flax-lily,Not Assessed,False,native,Herb,5,May,True,False
Dianella longifolia,Pale Flax-lily | Smooth Flax-lily,Not Assessed,False,native,Herb,6,Jun,False,False
Dianella longifolia,Pale Flax-lily | Smooth Flax-lily,Not Assessed,False,native,Herb,7,Jul,False,False
Dianella longifolia,Pale Flax-lily | Smooth Flax-lily,Not Assessed,False,native,Herb,8,Aug,False,False
Dianella longifolia,Pale Flax-lily | Smooth Flax-lily,Not Assessed,False,native,Herb,9,Sep,True,False
Dianella longifolia,Pale Flax-lily | Smooth Flax-lily,Not Assessed,False,native,Herb,10,Oct,True,False
Dianella longifolia,Pale Flax-lily | Smooth Flax-lily,Not Assessed,False,native,Herb,11,Nov,True,False
Dianella longifolia,Pale Flax-lily | Smooth Flax-lily,Not Assessed,False,native,Herb,12,Dec,True,False
Dianella longifolia var. longifolia,Dianella,Not Assessed,False,native,Herb,1,Jan,True,False
Dianella longifolia var. longifolia,Dianella,Not Assessed,False,native,Herb,2,Feb,True,False
Dianella longifolia var. longifolia,Dianella,Not Assessed,False,native,Herb,3,Mar,True,False
Dianella longifolia var. longifolia,Dianella,Not Assessed,False,native,Herb,4,Apr,True,False
Dianella longifolia var. longifolia,Dianella,Not Assessed,False,native,Herb,5,May,True,False
Dianella longifolia var. longifolia,Dianella,Not Assessed,False,native,Herb,6,Jun,False,False
Dianella longifolia var. longifolia,Dianella,Not Assessed,False,native,Herb,7,Jul,False,False
Dianella longifolia var. longifolia,Dianella,Not Assessed,False,native,Herb,8,Aug,False,False
Dianella longifolia var. longifolia,Dianella,Not Assessed,False,native,Herb,9,Sep,True,False
Dianella longifolia var. longifolia,Dianella,Not Assessed,False,native,Herb,10,Oct,True,False
Dianella longifolia var. longifolia,Dianella,Not Assessed,False,native,Herb,11,Nov,True,False
Dianella longifolia var. longifolia,Dianella,Not Assessed,False,native,Herb,12,Dec,True,False
Dianella revoluta,Black-anther Flax-lily | Spreading Flax-lily,Not Assessed,False,native,Herb,1,Jan,True,False
Dianella revoluta,Black-anther Flax-lily | Spreading Flax-lily,Not Assessed,False,native,Herb,2,Feb,True,False
Dianella revoluta,Black-anther Flax-lily | Spreading Flax-lily,Not Assessed,False,native,Herb,3,Mar,True,False
Dianella revoluta,Black-anther Flax-lily | Spreading Flax-lily,Not Assessed,False,native,Herb,4,Apr,True,False
Dianella revoluta,Black-anther Flax-lily | Spreading Flax-lily,Not Assessed,False,native,Herb,5,May,False,False
Dianella revoluta,Black-anther Flax-lily | Spreading Flax-lily,Not Assessed,False,native,Herb,6,Jun,False,False
Dianella revoluta,Black-anther Flax-lily | Spreading Flax-lily,Not Assessed,False,native,Herb,7,Jul,False,False
Dianella revoluta,Black-anther Flax-lily | Spreading Flax-lily,Not Assessed,False,native,Herb,8,Aug,True,False
Dianella revoluta,Black-anther Flax-lily | Spreading Flax-lily,Not Assessed,False,native,Herb,9,Sep,True,False
Dianella revoluta,Black-anther Flax-lily | Spreading Flax-lily,Not Assessed,False,native,Herb,10,Oct,True,False
Dianella revoluta,Black-anther Flax-lily | Spreading Flax-lily,Not Assessed,False,native,Herb,11,Nov,True,False
Dianella revoluta,Black-anther Flax-lily | Spreading Flax-lily,Not Assessed,False,native,Herb,12,Dec,True,False
Dianella revoluta var. revoluta,Black-anther Flax-lily,Not Assessed,False,native,Herb,1,Jan,True,False
Dianella revoluta var. revoluta,Black-anther Flax-lily,Not Assessed,False,native,Herb,2,Feb,True,False
Dianella revoluta var. revoluta,Black-anther Flax-lily,Not Assessed,False,native,Herb,3,Mar,True,False
Dianella revoluta var. revoluta,Black-anther Flax-lily,Not Assessed,False,native,Herb,4,Apr,True,False
Dianella revoluta var. revoluta,Black-anther Flax-lily,Not Assessed,False,native,Herb,5,May,False,False
Dianella revoluta var. revoluta,Black-anther Flax-lily,Not Assessed,False,native,Herb,6,Jun,False,False
Dianella revoluta var. revoluta,Black-anther Flax-lily,Not Assessed,False,native,Herb,7,Jul,False,False
Dianella revoluta var. revoluta,Black-anther Flax-lily,Not Assessed,False,native,Herb,8,Aug,True,False
Dianella revoluta var. revoluta,Black-anther Flax-lily,Not Assessed,False,native,Herb,9,Sep,True,False
Dianella revoluta var. revoluta,Black-anther Flax-lily,Not Assessed,False,native,Herb,10,Oct,True,False
Dianella revoluta var. revoluta,Black-anther Flax-lily,Not Assessed,False,native,Herb,11,Nov,True,False
Dianella revoluta var. revoluta,Black-anther Flax-lily,Not Assessed,False,native,Herb,12,Dec,True,False
Dichelachne rara,Common Plume-grass,Not Assessed,False,native,Grass,1,Jan,True,False
Dichelachne rara,Common Plume-grass,Not Assessed,False,native,Grass,2,Feb,True,False
Dichelachne rara,Common Plume-grass,Not Assessed,False,native,Grass,3,Mar,True,False
Dichelachne rara,Common Plume-grass,Not Assessed,False,native,Grass,4,Apr,False,False
Dichelachne rara,Common Plume-grass,Not Assessed,False,native,Grass,5,May,False,False
Dichelachne rara,Common Plume-grass,Not Assessed,False,native,Grass,6,Jun,False,False
Dichelachne rara,Common Plume-grass,Not Assessed,False,native,Grass,7,Jul,False,False
Dichelachne rara,Common Plume-grass,Not Assessed,False,native,Grass,8,Aug,False,False
Dichelachne rara,Common Plume-grass,Not Assessed,False,native,Grass,9,Sep,False,False
Dichelachne rara,Common Plume-grass,Not Assessed,False,native,Grass,10,Oct,True,False
Dichelachne rara,Common Plume-grass,Not Assessed,False,native,Grass,11,Nov,True,False
Dichelachne rara,Common Plume-grass,Not Assessed,False,native,Grass,12,Dec,True,False
Dichondra repens,Kidney-weed,Not Assessed,False,native,Herb,1,Jan,True,False
Dichondra repens,Kidney-weed,Not Assessed,False,native,Herb,2,Feb,True,False
Dichondra repens,Kidney-weed,Not Assessed,False,native,Herb,3,Mar,True,False
Dichondra repens,Kidney-weed,Not Assessed,False,native,Herb,4,Apr,True,False
Dichondra repens,Kidney-weed,Not Assessed,False,native,Herb,5,May,False,False
Dichondra repens,Kidney-weed,Not Assessed,False,native,Herb,6,Jun,False,False
Dichondra repens,Kidney-weed,Not Assessed,False,native,Herb,7,Jul,False,False
Dichondra repens,Kidney-weed,Not Assessed,False,native,Herb,8,Aug,False,False
Dichondra repens,Kidney-weed,Not Assessed,False,native,Herb,9,Sep,True,False
Dichondra repens,Kidney-weed,Not Assessed,False,native,Herb,10,Oct,True,False
Dichondra repens,Kidney-weed,Not Assessed,False,native,Herb,11,Nov,True,False
Dichondra repens,Kidney-weed,Not Assessed,False,native,Herb,12,Dec,True,False
Dicksonia antarctica,Soft Tree-fern | Kombadik,Not Assessed,False,native,Fern,1,Jan,,False
Dicksonia antarctica,Soft Tree-fern | Kombadik,Not Assessed,False,native,Fern,2,Feb,,False
Dicksonia antarctica,Soft Tree-fern | Kombadik,Not Assessed,False,native,Fern,3,Mar,,False
Dicksonia antarctica,Soft Tree-fern | Kombadik,Not Assessed,False,native,Fern,4,Apr,,False
Dicksonia antarctica,Soft Tree-fern | Kombadik,Not Assessed,False,native,Fern,5,May,,False
Dicksonia antarctica,Soft Tree-fern | Kombadik,Not Assessed,False,native,Fern,6,Jun,,False
Dicksonia antarctica,Soft Tree-fern | Kombadik,Not Assessed,False,native,Fern,7,Jul,,False
Dicksonia antarctica,Soft Tree-fern | Kombadik,Not Assessed,False,native,Fern,8,Aug,,False
Dicksonia antarctica,Soft Tree-fern | Kombadik,Not Assessed,False,native,Fern,9,Sep,,False
Dicksonia antarctica,Soft Tree-fern | Kombadik,Not Assessed,False,native,Fern,10,Oct,,False
Dicksonia antarctica,Soft Tree-fern | Kombadik,Not Assessed,False,native,Fern,11,Nov,,False
Dicksonia antarctica,Soft Tree-fern | Kombadik,Not Assessed,False,native,Fern,12,Dec,,False
Dicranoloma billarderii,Common Fork-moss,Not Assessed,False,native,,1,Jan,,False
Dicranoloma billarderii,Common Fork-moss,Not Assessed,False,native,,2,Feb,,False
Dicranoloma billarderii,Common Fork-moss,Not Assessed,False,native,,3,Mar,,False
Dicranoloma billarderii,Common Fork-moss,Not Assessed,False,native,,4,Apr,,False
Dicranoloma billarderii,Common Fork-moss,Not Assessed,False,native,,5,May,,False
Dicranoloma billarderii,Common Fork-moss,Not Assessed,False,native,,6,Jun,,False
Dicranoloma billarderii,Common Fork-moss,Not Assessed,False,native,,7,Jul,,False
Dicranoloma billarderii,Common Fork-moss,Not Assessed,False,native,,8,Aug,,False
Dicranoloma billarderii,Common Fork-moss,Not Assessed,False,native,,9,Sep,,False
Dicranoloma billarderii,Common Fork-moss,Not Assessed,False,native,,10,Oct,,False
Dicranoloma billarderii,Common Fork-moss,Not Assessed,False,native,,11,Nov,,False
Dicranoloma billarderii,Common Fork-moss,Not Assessed,False,native,,12,Dec,,False
Digitaria sanguinalis,Summer Grass,Use Caution,True,introduced,Grass,1,Jan,True,False
Digitaria sanguinalis,Summer Grass,Use Caution,True,introduced,Grass,2,Feb,True,False
Digitaria sanguinalis,Summer Grass,Use Caution,True,introduced,Grass,3,Mar,False,False
Digitaria sanguinalis,Summer Grass,Use Caution,True,introduced,Grass,4,Apr,False,False
Digitaria sanguinalis,Summer Grass,Use Caution,True,introduced,Grass,5,May,False,False
Digitaria sanguinalis,Summer Grass,Use Caution,True,introduced,Grass,6,Jun,False,False
Digitaria sanguinalis,Summer Grass,Use Caution,True,introduced,Grass,7,Jul,False,False
Digitaria sanguinalis,Summer Grass,Use Caution,True,introduced,Grass,8,Aug,False,False
Digitaria sanguinalis,Summer Grass,Use Caution,True,introduced,Grass,9,Sep,False,False
Digitaria sanguinalis,Summer Grass,Use Caution,True,introduced,Grass,10,Oct,False,False
Digitaria sanguinalis,Summer Grass,Use Caution,True,introduced,Grass,11,Nov,False,False
Digitaria sanguinalis,Summer Grass,Use Caution,True,introduced,Grass,12,Dec,True,False
Dillwynia cinerascens,Grey Parrot-pea,Not Assessed,False,native,Shrub,1,Jan,False,False
Dillwynia cinerascens,Grey Parrot-pea,Not Assessed,False,native,Shrub,2,Feb,False,False
Dillwynia cinerascens,Grey Parrot-pea,Not Assessed,False,native,Shrub,3,Mar,False,False
Dillwynia cinerascens,Grey Parrot-pea,Not Assessed,False,native,Shrub,4,Apr,False,False
Dillwynia cinerascens,Grey Parrot-pea,Not Assessed,False,native,Shrub,5,May,False,False
Dillwynia cinerascens,Grey Parrot-pea,Not Assessed,False,native,Shrub,6,Jun,False,False
Dillwynia cinerascens,Grey Parrot-pea,Not Assessed,False,native,Shrub,7,Jul,False,False
Dillwynia cinerascens,Grey Parrot-pea,Not Assessed,False,native,Shrub,8,Aug,False,False
Dillwynia cinerascens,Grey Parrot-pea,Not Assessed,False,native,Shrub,9,Sep,True,False
Dillwynia cinerascens,Grey Parrot-pea,Not Assessed,False,native,Shrub,10,Oct,True,False
Dillwynia cinerascens,Grey Parrot-pea,Not Assessed,False,native,Shrub,11,Nov,True,False
Dillwynia cinerascens,Grey Parrot-pea,Not Assessed,False,native,Shrub,12,Dec,False,False
Dillwynia glaberrima,Smooth Parrot-pea,Not Assessed,False,native,Shrub,1,Jan,True,False
Dillwynia glaberrima,Smooth Parrot-pea,Not Assessed,False,native,Shrub,2,Feb,False,False
Dillwynia glaberrima,Smooth Parrot-pea,Not Assessed,False,native,Shrub,3,Mar,False,False
Dillwynia glaberrima,Smooth Parrot-pea,Not Assessed,False,native,Shrub,4,Apr,False,False
Dillwynia glaberrima,Smooth Parrot-pea,Not Assessed,False,native,Shrub,5,May,False,False
Dillwynia glaberrima,Smooth Parrot-pea,Not Assessed,False,native,Shrub,6,Jun,False,False
Dillwynia glaberrima,Smooth Parrot-pea,Not Assessed,False,native,Shrub,7,Jul,False,False
Dillwynia glaberrima,Smooth Parrot-pea,Not Assessed,False,native,Shrub,8,Aug,True,False
Dillwynia glaberrima,Smooth Parrot-pea,Not Assessed,False,native,Shrub,9,Sep,True,False
Dillwynia glaberrima,Smooth Parrot-pea,Not Assessed,False,native,Shrub,10,Oct,True,False
Dillwynia glaberrima,Smooth Parrot-pea,Not Assessed,False,native,Shrub,11,Nov,True,False
Dillwynia glaberrima,Smooth Parrot-pea,Not Assessed,False,native,Shrub,12,Dec,True,False
Dillwynia sericea,Showy Parrot-pea,Not Assessed,False,native,Shrub,1,Jan,False,False
Dillwynia sericea,Showy Parrot-pea,Not Assessed,False,native,Shrub,2,Feb,False,False
Dillwynia sericea,Showy Parrot-pea,Not Assessed,False,native,Shrub,3,Mar,False,False
Dillwynia sericea,Showy Parrot-pea,Not Assessed,False,native,Shrub,4,Apr,False,False
Dillwynia sericea,Showy Parrot-pea,Not Assessed,False,native,Shrub,5,May,False,False
Dillwynia sericea,Showy Parrot-pea,Not Assessed,False,native,Shrub,6,Jun,False,False
Dillwynia sericea,Showy Parrot-pea,Not Assessed,False,native,Shrub,7,Jul,False,False
Dillwynia sericea,Showy Parrot-pea,Not Assessed,False,native,Shrub,8,Aug,False,False
Dillwynia sericea,Showy Parrot-pea,Not Assessed,False,native,Shrub,9,Sep,True,False
Dillwynia sericea,Showy Parrot-pea,Not Assessed,False,native,Shrub,10,Oct,True,False
Dillwynia sericea,Showy Parrot-pea,Not Assessed,False,native,Shrub,11,Nov,True,False
Dillwynia sericea,Showy Parrot-pea,Not Assessed,False,native,Shrub,12,Dec,True,False
Dipodium roseum,Hyacinth Orchid,Not Assessed,False,native,Herb,1,Jan,True,False
Dipodium roseum,Hyacinth Orchid,Not Assessed,False,native,Herb,2,Feb,True,False
Dipodium roseum,Hyacinth Orchid,Not Assessed,False,native,Herb,3,Mar,True,False
Dipodium roseum,Hyacinth Orchid,Not Assessed,False,native,Herb,4,Apr,True,False
Dipodium roseum,Hyacinth Orchid,Not Assessed,False,native,Herb,5,May,False,False
Dipodium roseum,Hyacinth Orchid,Not Assessed,False,native,Herb,6,Jun,False,False
Dipodium roseum,Hyacinth Orchid,Not Assessed,False,native,Herb,7,Jul,False,False
Dipodium roseum,Hyacinth Orchid,Not Assessed,False,native,Herb,8,Aug,False,False
Dipodium roseum,Hyacinth Orchid,Not Assessed,False,native,Herb,9,Sep,False,False
Dipodium roseum,Hyacinth Orchid,Not Assessed,False,native,Herb,10,Oct,False,False
Dipodium roseum,Hyacinth Orchid,Not Assessed,False,native,Herb,11,Nov,True,False
Dipodium roseum,Hyacinth Orchid,Not Assessed,False,native,Herb,12,Dec,True,False
Dittrichia graveolens,Stinkwort,Use Caution,True,introduced,Herb,1,Jan,True,False
Dittrichia graveolens,Stinkwort,Use Caution,True,introduced,Herb,2,Feb,True,False
Dittrichia graveolens,Stinkwort,Use Caution,True,introduced,Herb,3,Mar,True,False
Dittrichia graveolens,Stinkwort,Use Caution,True,introduced,Herb,4,Apr,True,False
Dittrichia graveolens,Stinkwort,Use Caution,True,introduced,Herb,5,May,True,False
Dittrichia graveolens,Stinkwort,Use Caution,True,introduced,Herb,6,Jun,True,False
Dittrichia graveolens,Stinkwort,Use Caution,True,introduced,Herb,7,Jul,True,False
Dittrichia graveolens,Stinkwort,Use Caution,True,introduced,Herb,8,Aug,True,False
Dittrichia graveolens,Stinkwort,Use Caution,True,introduced,Herb,9,Sep,True,False
Dittrichia graveolens,Stinkwort,Use Caution,True,introduced,Herb,10,Oct,True,False
Dittrichia graveolens,Stinkwort,Use Caution,True,introduced,Herb,11,Nov,True,False
Dittrichia graveolens,Stinkwort,Use Caution,True,introduced,Herb,12,Dec,True,False
Diuris chryseopsis,Golden Moths,Not Assessed,False,native,Herb,1,Jan,False,False
Diuris chryseopsis,Golden Moths,Not Assessed,False,native,Herb,2,Feb,False,False
Diuris chryseopsis,Golden Moths,Not Assessed,False,native,Herb,3,Mar,False,False
Diuris chryseopsis,Golden Moths,Not Assessed,False,native,Herb,4,Apr,False,False
Diuris chryseopsis,Golden Moths,Not Assessed,False,native,Herb,5,May,False,False
Diuris chryseopsis,Golden Moths,Not Assessed,False,native,Herb,6,Jun,False,False
Diuris chryseopsis,Golden Moths,Not Assessed,False,native,Herb,7,Jul,False,False
Diuris chryseopsis,Golden Moths,Not Assessed,False,native,Herb,8,Aug,False,False
Diuris chryseopsis,Golden Moths,Not Assessed,False,native,Herb,9,Sep,True,False
Diuris chryseopsis,Golden Moths,Not Assessed,False,native,Herb,10,Oct,True,False
Diuris chryseopsis,Golden Moths,Not Assessed,False,native,Herb,11,Nov,False,False
Diuris chryseopsis,Golden Moths,Not Assessed,False,native,Herb,12,Dec,False,False
Diuris orientis,Wallflower Orchid,Not Assessed,False,native,Herb,1,Jan,False,False
Diuris orientis,Wallflower Orchid,Not Assessed,False,native,Herb,2,Feb,False,False
Diuris orientis,Wallflower Orchid,Not Assessed,False,native,Herb,3,Mar,False,False
Diuris orientis,Wallflower Orchid,Not Assessed,False,native,Herb,4,Apr,False,False
Diuris orientis,Wallflower Orchid,Not Assessed,False,native,Herb,5,May,False,False
Diuris orientis,Wallflower Orchid,Not Assessed,False,native,Herb,6,Jun,False,False
Diuris orientis,Wallflower Orchid,Not Assessed,False,native,Herb,7,Jul,False,False
Diuris orientis,Wallflower Orchid,Not Assessed,False,native,Herb,8,Aug,False,False
Diuris orientis,Wallflower Orchid,Not Assessed,False,native,Herb,9,Sep,True,False
Diuris orientis,Wallflower Orchid,Not Assessed,False,native,Herb,10,Oct,True,False
Diuris orientis,Wallflower Orchid,Not Assessed,False,native,Herb,11,Nov,False,False
Diuris orientis,Wallflower Orchid,Not Assessed,False,native,Herb,12,Dec,False,False
Diuris pardina,Leopard Orchid | Burny Burny,Not Assessed,False,native,Herb,1,Jan,False,False
Diuris pardina,Leopard Orchid | Burny Burny,Not Assessed,False,native,Herb,2,Feb,False,False
Diuris pardina,Leopard Orchid | Burny Burny,Not Assessed,False,native,Herb,3,Mar,False,False
Diuris pardina,Leopard Orchid | Burny Burny,Not Assessed,False,native,Herb,4,Apr,False,False
Diuris pardina,Leopard Orchid | Burny Burny,Not Assessed,False,native,Herb,5,May,False,False
Diuris pardina,Leopard Orchid | Burny Burny,Not Assessed,False,native,Herb,6,Jun,False,False
Diuris pardina,Leopard Orchid | Burny Burny,Not Assessed,False,native,Herb,7,Jul,False,False
Diuris pardina,Leopard Orchid | Burny Burny,Not Assessed,False,native,Herb,8,Aug,True,False
Diuris pardina,Leopard Orchid | Burny Burny,Not Assessed,False,native,Herb,9,Sep,True,False
Diuris pardina,Leopard Orchid | Burny Burny,Not Assessed,False,native,Herb,10,Oct,True,False
Diuris pardina,Leopard Orchid | Burny Burny,Not Assessed,False,native,Herb,11,Nov,True,False
Diuris pardina,Leopard Orchid | Burny Burny,Not Assessed,False,native,Herb,12,Dec,False,False
Diuris sulphurea,Tiger Orchid,Not Assessed,False,native,Herb,1,Jan,True,False
Diuris sulphurea,Tiger Orchid,Not Assessed,False,native,Herb,2,Feb,False,False
Diuris sulphurea,Tiger Orchid,Not Assessed,False,native,Herb,3,Mar,False,False
Diuris sulphurea,Tiger Orchid,Not Assessed,False,native,Herb,4,Apr,False,False
Diuris sulphurea,Tiger Orchid,Not Assessed,False,native,Herb,5,May,False,False
Diuris sulphurea,Tiger Orchid,Not Assessed,False,native,Herb,6,Jun,False,False
Diuris sulphurea,Tiger Orchid,Not Assessed,False,native,Herb,7,Jul,False,False
Diuris sulphurea,Tiger Orchid,Not Assessed,False,native,Herb,8,Aug,False,False
Diuris sulphurea,Tiger Orchid,Not Assessed,False,native,Herb,9,Sep,True,False
Diuris sulphurea,Tiger Orchid,Not Assessed,False,native,Herb,10,Oct,True,False
Diuris sulphurea,Tiger Orchid,Not Assessed,False,native,Herb,11,Nov,True,False
Diuris sulphurea,Tiger Orchid,Not Assessed,False,native,Herb,12,Dec,True,False
Dodonaea viscosa,Sticky Hop-bush,Lower Concern,False,native,Shrub,1,Jan,True,False
Dodonaea viscosa,Sticky Hop-bush,Lower Concern,False,native,Shrub,2,Feb,True,False
Dodonaea viscosa,Sticky Hop-bush,Lower Concern,False,native,Shrub,3,Mar,True,False
Dodonaea viscosa,Sticky Hop-bush,Lower Concern,False,native,Shrub,4,Apr,True,False
Dodonaea viscosa,Sticky Hop-bush,Lower Concern,False,native,Shrub,5,May,True,False
Dodonaea viscosa,Sticky Hop-bush,Lower Concern,False,native,Shrub,6,Jun,True,False
Dodonaea viscosa,Sticky Hop-bush,Lower Concern,False,native,Shrub,7,Jul,True,False
Dodonaea viscosa,Sticky Hop-bush,Lower Concern,False,native,Shrub,8,Aug,True,False
Dodonaea viscosa,Sticky Hop-bush,Lower Concern,False,native,Shrub,9,Sep,True,False
Dodonaea viscosa,Sticky Hop-bush,Lower Concern,False,native,Shrub,10,Oct,True,False
Dodonaea viscosa,Sticky Hop-bush,Lower Concern,False,native,Shrub,11,Nov,True,False
Dodonaea viscosa,Sticky Hop-bush,Lower Concern,False,native,Shrub,12,Dec,True,False
Drosera aberrans,Scented Sundew,Not Assessed,False,native,Herb,1,Jan,False,False
Drosera aberrans,Scented Sundew,Not Assessed,False,native,Herb,2,Feb,False,False
Drosera aberrans,Scented Sundew,Not Assessed,False,native,Herb,3,Mar,False,False
Drosera aberrans,Scented Sundew,Not Assessed,False,native,Herb,4,Apr,False,False
Drosera aberrans,Scented Sundew,Not Assessed,False,native,Herb,5,May,False,False
Drosera aberrans,Scented Sundew,Not Assessed,False,native,Herb,6,Jun,True,False
Drosera aberrans,Scented Sundew,Not Assessed,False,native,Herb,7,Jul,True,False
Drosera aberrans,Scented Sundew,Not Assessed,False,native,Herb,8,Aug,True,False
Drosera aberrans,Scented Sundew,Not Assessed,False,native,Herb,9,Sep,True,False
Drosera aberrans,Scented Sundew,Not Assessed,False,native,Herb,10,Oct,True,False
Drosera aberrans,Scented Sundew,Not Assessed,False,native,Herb,11,Nov,False,False
Drosera aberrans,Scented Sundew,Not Assessed,False,native,Herb,12,Dec,False,False
Drosera auriculata,Tall Sundew,Not Assessed,False,native,Herb,1,Jan,True,False
Drosera auriculata,Tall Sundew,Not Assessed,False,native,Herb,2,Feb,True,False
Drosera auriculata,Tall Sundew,Not Assessed,False,native,Herb,3,Mar,True,False
Drosera auriculata,Tall Sundew,Not Assessed,False,native,Herb,4,Apr,False,False
Drosera auriculata,Tall Sundew,Not Assessed,False,native,Herb,5,May,False,False
Drosera auriculata,Tall Sundew,Not Assessed,False,native,Herb,6,Jun,False,False
Drosera auriculata,Tall Sundew,Not Assessed,False,native,Herb,7,Jul,False,False
Drosera auriculata,Tall Sundew,Not Assessed,False,native,Herb,8,Aug,True,False
Drosera auriculata,Tall Sundew,Not Assessed,False,native,Herb,9,Sep,True,False
Drosera auriculata,Tall Sundew,Not Assessed,False,native,Herb,10,Oct,True,False
Drosera auriculata,Tall Sundew,Not Assessed,False,native,Herb,11,Nov,True,False
Drosera auriculata,Tall Sundew,Not Assessed,False,native,Herb,12,Dec,True,False
Drosera binata,Forked Sundew,Not Assessed,False,native,Herb,1,Jan,True,False
Drosera binata,Forked Sundew,Not Assessed,False,native,Herb,2,Feb,True,False
Drosera binata,Forked Sundew,Not Assessed,False,native,Herb,3,Mar,True,False
Drosera binata,Forked Sundew,Not Assessed,False,native,Herb,4,Apr,False,False
Drosera binata,Forked Sundew,Not Assessed,False,native,Herb,5,May,False,False
Drosera binata,Forked Sundew,Not Assessed,False,native,Herb,6,Jun,False,False
Drosera binata,Forked Sundew,Not Assessed,False,native,Herb,7,Jul,False,False
Drosera binata,Forked Sundew,Not Assessed,False,native,Herb,8,Aug,False,False
Drosera binata,Forked Sundew,Not Assessed,False,native,Herb,9,Sep,True,False
Drosera binata,Forked Sundew,Not Assessed,False,native,Herb,10,Oct,True,False
Drosera binata,Forked Sundew,Not Assessed,False,native,Herb,11,Nov,True,False
Drosera binata,Forked Sundew,Not Assessed,False,native,Herb,12,Dec,True,False
Drosera glanduligera,Scarlet Sundew,Not Assessed,False,native,Herb,1,Jan,True,False
Drosera glanduligera,Scarlet Sundew,Not Assessed,False,native,Herb,2,Feb,False,False
Drosera glanduligera,Scarlet Sundew,Not Assessed,False,native,Herb,3,Mar,False,False
Drosera glanduligera,Scarlet Sundew,Not Assessed,False,native,Herb,4,Apr,False,False
Drosera glanduligera,Scarlet Sundew,Not Assessed,False,native,Herb,5,May,False,False
Drosera glanduligera,Scarlet Sundew,Not Assessed,False,native,Herb,6,Jun,True,False
Drosera glanduligera,Scarlet Sundew,Not Assessed,False,native,Herb,7,Jul,True,False
Drosera glanduligera,Scarlet Sundew,Not Assessed,False,native,Herb,8,Aug,True,False
Drosera glanduligera,Scarlet Sundew,Not Assessed,False,native,Herb,9,Sep,True,False
Drosera glanduligera,Scarlet Sundew,Not Assessed,False,native,Herb,10,Oct,True,False
Drosera glanduligera,Scarlet Sundew,Not Assessed,False,native,Herb,11,Nov,True,False
Drosera glanduligera,Scarlet Sundew,Not Assessed,False,native,Herb,12,Dec,True,False
Drosera hookeri,Branched Sundew,Not Assessed,False,native,Herb,1,Jan,True,False
Drosera hookeri,Branched Sundew,Not Assessed,False,native,Herb,2,Feb,False,False
Drosera hookeri,Branched Sundew,Not Assessed,False,native,Herb,3,Mar,False,False
Drosera hookeri,Branched Sundew,Not Assessed,False,native,Herb,4,Apr,False,False
Drosera hookeri,Branched Sundew,Not Assessed,False,native,Herb,5,May,False,False
Drosera hookeri,Branched Sundew,Not Assessed,False,native,Herb,6,Jun,False,False
Drosera hookeri,Branched Sundew,Not Assessed,False,native,Herb,7,Jul,False,False
Drosera hookeri,Branched Sundew,Not Assessed,False,native,Herb,8,Aug,False,False
Drosera hookeri,Branched Sundew,Not Assessed,False,native,Herb,9,Sep,True,False
Drosera hookeri,Branched Sundew,Not Assessed,False,native,Herb,10,Oct,True,False
Drosera hookeri,Branched Sundew,Not Assessed,False,native,Herb,11,Nov,True,False
Drosera hookeri,Branched Sundew,Not Assessed,False,native,Herb,12,Dec,True,False
Drosera peltata,Pale Sundew,Not Assessed,False,native,Herb,1,Jan,True,False
Drosera peltata,Pale Sundew,Not Assessed,False,native,Herb,2,Feb,True,False
Drosera peltata,Pale Sundew,Not Assessed,False,native,Herb,3,Mar,False,False
Drosera peltata,Pale Sundew,Not Assessed,False,native,Herb,4,Apr,False,False
Drosera peltata,Pale Sundew,Not Assessed,False,native,Herb,5,May,False,False
Drosera peltata,Pale Sundew,Not Assessed,False,native,Herb,6,Jun,False,False
Drosera peltata,Pale Sundew,Not Assessed,False,native,Herb,7,Jul,False,False
Drosera peltata,Pale Sundew,Not Assessed,False,native,Herb,8,Aug,True,False
Drosera peltata,Pale Sundew,Not Assessed,False,native,Herb,9,Sep,True,False
Drosera peltata,Pale Sundew,Not Assessed,False,native,Herb,10,Oct,True,False
Drosera peltata,Pale Sundew,Not Assessed,False,native,Herb,11,Nov,True,False
Drosera peltata,Pale Sundew,Not Assessed,False,native,Herb,12,Dec,True,False
Drosera pygmaea,Tiny Sundew,Not Assessed,False,native,Herb,1,Jan,True,False
Drosera pygmaea,Tiny Sundew,Not Assessed,False,native,Herb,2,Feb,True,False
Drosera pygmaea,Tiny Sundew,Not Assessed,False,native,Herb,3,Mar,True,False
Drosera pygmaea,Tiny Sundew,Not Assessed,False,native,Herb,4,Apr,True,False
Drosera pygmaea,Tiny Sundew,Not Assessed,False,native,Herb,5,May,False,False
Drosera pygmaea,Tiny Sundew,Not Assessed,False,native,Herb,6,Jun,True,False
Drosera pygmaea,Tiny Sundew,Not Assessed,False,native,Herb,7,Jul,True,False
Drosera pygmaea,Tiny Sundew,Not Assessed,False,native,Herb,8,Aug,True,False
Drosera pygmaea,Tiny Sundew,Not Assessed,False,native,Herb,9,Sep,True,False
Drosera pygmaea,Tiny Sundew,Not Assessed,False,native,Herb,10,Oct,True,False
Drosera pygmaea,Tiny Sundew,Not Assessed,False,native,Herb,11,Nov,True,False
Drosera pygmaea,Tiny Sundew,Not Assessed,False,native,Herb,12,Dec,True,False
Drosera spatulata,Rosy Sundew,Not Assessed,False,native,Herb,1,Jan,True,False
Drosera spatulata,Rosy Sundew,Not Assessed,False,native,Herb,2,Feb,True,False
Drosera spatulata,Rosy Sundew,Not Assessed,False,native,Herb,3,Mar,True,False
Drosera spatulata,Rosy Sundew,Not Assessed,False,native,Herb,4,Apr,True,False
Drosera spatulata,Rosy Sundew,Not Assessed,False,native,Herb,5,May,True,False
Drosera spatulata,Rosy Sundew,Not Assessed,False,native,Herb,6,Jun,True,False
Drosera spatulata,Rosy Sundew,Not Assessed,False,native,Herb,7,Jul,False,False
Drosera spatulata,Rosy Sundew,Not Assessed,False,native,Herb,8,Aug,False,False
Drosera spatulata,Rosy Sundew,Not Assessed,False,native,Herb,9,Sep,True,False
Drosera spatulata,Rosy Sundew,Not Assessed,False,native,Herb,10,Oct,True,False
Drosera spatulata,Rosy Sundew,Not Assessed,False,native,Herb,11,Nov,True,False
Drosera spatulata,Rosy Sundew,Not Assessed,False,native,Herb,12,Dec,True,False
Duma florulenta,Tangled Lignum,Not Assessed,False,native,Shrub,1,Jan,True,False
Duma florulenta,Tangled Lignum,Not Assessed,False,native,Shrub,2,Feb,True,False
Duma florulenta,Tangled Lignum,Not Assessed,False,native,Shrub,3,Mar,True,False
Duma florulenta,Tangled Lignum,Not Assessed,False,native,Shrub,4,Apr,False,False
Duma florulenta,Tangled Lignum,Not Assessed,False,native,Shrub,5,May,False,False
Duma florulenta,Tangled Lignum,Not Assessed,False,native,Shrub,6,Jun,False,False
Duma florulenta,Tangled Lignum,Not Assessed,False,native,Shrub,7,Jul,False,False
Duma florulenta,Tangled Lignum,Not Assessed,False,native,Shrub,8,Aug,False,False
Duma florulenta,Tangled Lignum,Not Assessed,False,native,Shrub,9,Sep,False,False
Duma florulenta,Tangled Lignum,Not Assessed,False,native,Shrub,10,Oct,True,False
Duma florulenta,Tangled Lignum,Not Assessed,False,native,Shrub,11,Nov,True,False
Duma florulenta,Tangled Lignum,Not Assessed,False,native,Shrub,12,Dec,True,False
Dysphania pumilio,Clammy Goosefoot,Not Assessed,False,native,Herb,1,Jan,False,False
Dysphania pumilio,Clammy Goosefoot,Not Assessed,False,native,Herb,2,Feb,False,False
Dysphania pumilio,Clammy Goosefoot,Not Assessed,False,native,Herb,3,Mar,True,False
Dysphania pumilio,Clammy Goosefoot,Not Assessed,False,native,Herb,4,Apr,True,False
Dysphania pumilio,Clammy Goosefoot,Not Assessed,False,native,Herb,5,May,True,False
Dysphania pumilio,Clammy Goosefoot,Not Assessed,False,native,Herb,6,Jun,True,False
Dysphania pumilio,Clammy Goosefoot,Not Assessed,False,native,Herb,7,Jul,True,False
Dysphania pumilio,Clammy Goosefoot,Not Assessed,False,native,Herb,8,Aug,True,False
Dysphania pumilio,Clammy Goosefoot,Not Assessed,False,native,Herb,9,Sep,True,False
Dysphania pumilio,Clammy Goosefoot,Not Assessed,False,native,Herb,10,Oct,False,False
Dysphania pumilio,Clammy Goosefoot,Not Assessed,False,native,Herb,11,Nov,False,False
Dysphania pumilio,Clammy Goosefoot,Not Assessed,False,native,Herb,12,Dec,False,False
Echinochloa crus-galli,Barnyard Grass,Use Caution,True,introduced,Grass,1,Jan,True,False
Echinochloa crus-galli,Barnyard Grass,Use Caution,True,introduced,Grass,2,Feb,True,False
Echinochloa crus-galli,Barnyard Grass,Use Caution,True,introduced,Grass,3,Mar,True,False
Echinochloa crus-galli,Barnyard Grass,Use Caution,True,introduced,Grass,4,Apr,False,False
Echinochloa crus-galli,Barnyard Grass,Use Caution,True,introduced,Grass,5,May,False,False
Echinochloa crus-galli,Barnyard Grass,Use Caution,True,introduced,Grass,6,Jun,False,False
Echinochloa crus-galli,Barnyard Grass,Use Caution,True,introduced,Grass,7,Jul,False,False
Echinochloa crus-galli,Barnyard Grass,Use Caution,True,introduced,Grass,8,Aug,False,False
Echinochloa crus-galli,Barnyard Grass,Use Caution,True,introduced,Grass,9,Sep,False,False
Echinochloa crus-galli,Barnyard Grass,Use Caution,True,introduced,Grass,10,Oct,False,False
Echinochloa crus-galli,Barnyard Grass,Use Caution,True,introduced,Grass,11,Nov,False,False
Echinochloa crus-galli,Barnyard Grass,Use Caution,True,introduced,Grass,12,Dec,True,False
Echium plantagineum,Paterson's Curse | Salvation Jane,Reconsider Planting,True,introduced,Herb,1,Jan,True,False
Echium plantagineum,Paterson's Curse | Salvation Jane,Reconsider Planting,True,introduced,Herb,2,Feb,False,False
Echium plantagineum,Paterson's Curse | Salvation Jane,Reconsider Planting,True,introduced,Herb,3,Mar,False,False
Echium plantagineum,Paterson's Curse | Salvation Jane,Reconsider Planting,True,introduced,Herb,4,Apr,False,False
Echium plantagineum,Paterson's Curse | Salvation Jane,Reconsider Planting,True,introduced,Herb,5,May,False,False
Echium plantagineum,Paterson's Curse | Salvation Jane,Reconsider Planting,True,introduced,Herb,6,Jun,False,False
Echium plantagineum,Paterson's Curse | Salvation Jane,Reconsider Planting,True,introduced,Herb,7,Jul,False,False
Echium plantagineum,Paterson's Curse | Salvation Jane,Reconsider Planting,True,introduced,Herb,8,Aug,True,False
Echium plantagineum,Paterson's Curse | Salvation Jane,Reconsider Planting,True,introduced,Herb,9,Sep,True,False
Echium plantagineum,Paterson's Curse | Salvation Jane,Reconsider Planting,True,introduced,Herb,10,Oct,True,False
Echium plantagineum,Paterson's Curse | Salvation Jane,Reconsider Planting,True,introduced,Herb,11,Nov,True,False
Echium plantagineum,Paterson's Curse | Salvation Jane,Reconsider Planting,True,introduced,Herb,12,Dec,True,False
Ehrharta erecta,Panic Veldt-grass,Reconsider Planting,True,introduced,Grass,1,Jan,True,False
Ehrharta erecta,Panic Veldt-grass,Reconsider Planting,True,introduced,Grass,2,Feb,True,False
Ehrharta erecta,Panic Veldt-grass,Reconsider Planting,True,introduced,Grass,3,Mar,False,False
Ehrharta erecta,Panic Veldt-grass,Reconsider Planting,True,introduced,Grass,4,Apr,False,False
Ehrharta erecta,Panic Veldt-grass,Reconsider Planting,True,introduced,Grass,5,May,False,False
Ehrharta erecta,Panic Veldt-grass,Reconsider Planting,True,introduced,Grass,6,Jun,False,False
Ehrharta erecta,Panic Veldt-grass,Reconsider Planting,True,introduced,Grass,7,Jul,False,False
Ehrharta erecta,Panic Veldt-grass,Reconsider Planting,True,introduced,Grass,8,Aug,False,False
Ehrharta erecta,Panic Veldt-grass,Reconsider Planting,True,introduced,Grass,9,Sep,True,False
Ehrharta erecta,Panic Veldt-grass,Reconsider Planting,True,introduced,Grass,10,Oct,True,False
Ehrharta erecta,Panic Veldt-grass,Reconsider Planting,True,introduced,Grass,11,Nov,True,False
Ehrharta erecta,Panic Veldt-grass,Reconsider Planting,True,introduced,Grass,12,Dec,True,False
Ehrharta longiflora,Annual Veldt-grass,Reconsider Planting,True,introduced,Grass,1,Jan,True,False
Ehrharta longiflora,Annual Veldt-grass,Reconsider Planting,True,introduced,Grass,2,Feb,True,False
Ehrharta longiflora,Annual Veldt-grass,Reconsider Planting,True,introduced,Grass,3,Mar,False,False
Ehrharta longiflora,Annual Veldt-grass,Reconsider Planting,True,introduced,Grass,4,Apr,False,False
Ehrharta longiflora,Annual Veldt-grass,Reconsider Planting,True,introduced,Grass,5,May,True,False
Ehrharta longiflora,Annual Veldt-grass,Reconsider Planting,True,introduced,Grass,6,Jun,True,False
Ehrharta longiflora,Annual Veldt-grass,Reconsider Planting,True,introduced,Grass,7,Jul,True,False
Ehrharta longiflora,Annual Veldt-grass,Reconsider Planting,True,introduced,Grass,8,Aug,True,False
Ehrharta longiflora,Annual Veldt-grass,Reconsider Planting,True,introduced,Grass,9,Sep,True,False
Ehrharta longiflora,Annual Veldt-grass,Reconsider Planting,True,introduced,Grass,10,Oct,True,False
Ehrharta longiflora,Annual Veldt-grass,Reconsider Planting,True,introduced,Grass,11,Nov,True,False
Ehrharta longiflora,Annual Veldt-grass,Reconsider Planting,True,introduced,Grass,12,Dec,True,False
Eleocharis acuta,Common Spike-rush,Not Assessed,False,native,Grass,1,Jan,True,False
Eleocharis acuta,Common Spike-rush,Not Assessed,False,native,Grass,2,Feb,True,False
Eleocharis acuta,Common Spike-rush,Not Assessed,False,native,Grass,3,Mar,False,False
Eleocharis acuta,Common Spike-rush,Not Assessed,False,native,Grass,4,Apr,False,False
Eleocharis acuta,Common Spike-rush,Not Assessed,False,native,Grass,5,May,False,False
Eleocharis acuta,Common Spike-rush,Not Assessed,False,native,Grass,6,Jun,False,False
Eleocharis acuta,Common Spike-rush,Not Assessed,False,native,Grass,7,Jul,False,False
Eleocharis acuta,Common Spike-rush,Not Assessed,False,native,Grass,8,Aug,False,False
Eleocharis acuta,Common Spike-rush,Not Assessed,False,native,Grass,9,Sep,True,False
Eleocharis acuta,Common Spike-rush,Not Assessed,False,native,Grass,10,Oct,True,False
Eleocharis acuta,Common Spike-rush,Not Assessed,False,native,Grass,11,Nov,True,False
Eleocharis acuta,Common Spike-rush,Not Assessed,False,native,Grass,12,Dec,True,False
Eleocharis atricha,Tuber Spike-sedge,Not Assessed,False,native,Grass,1,Jan,True,False
Eleocharis atricha,Tuber Spike-sedge,Not Assessed,False,native,Grass,2,Feb,True,False
Eleocharis atricha,Tuber Spike-sedge,Not Assessed,False,native,Grass,3,Mar,False,False
Eleocharis atricha,Tuber Spike-sedge,Not Assessed,False,native,Grass,4,Apr,False,False
Eleocharis atricha,Tuber Spike-sedge,Not Assessed,False,native,Grass,5,May,False,False
Eleocharis atricha,Tuber Spike-sedge,Not Assessed,False,native,Grass,6,Jun,False,False
Eleocharis atricha,Tuber Spike-sedge,Not Assessed,False,native,Grass,7,Jul,False,False
Eleocharis atricha,Tuber Spike-sedge,Not Assessed,False,native,Grass,8,Aug,False,False
Eleocharis atricha,Tuber Spike-sedge,Not Assessed,False,native,Grass,9,Sep,True,False
Eleocharis atricha,Tuber Spike-sedge,Not Assessed,False,native,Grass,10,Oct,True,False
Eleocharis atricha,Tuber Spike-sedge,Not Assessed,False,native,Grass,11,Nov,True,False
Eleocharis atricha,Tuber Spike-sedge,Not Assessed,False,native,Grass,12,Dec,True,False
Eleocharis sphacelata,Tall Spike-rush,Not Assessed,False,native,Grass,1,Jan,True,False
Eleocharis sphacelata,Tall Spike-rush,Not Assessed,False,native,Grass,2,Feb,True,False
Eleocharis sphacelata,Tall Spike-rush,Not Assessed,False,native,Grass,3,Mar,True,False
Eleocharis sphacelata,Tall Spike-rush,Not Assessed,False,native,Grass,4,Apr,True,False
Eleocharis sphacelata,Tall Spike-rush,Not Assessed,False,native,Grass,5,May,True,False
Eleocharis sphacelata,Tall Spike-rush,Not Assessed,False,native,Grass,6,Jun,True,False
Eleocharis sphacelata,Tall Spike-rush,Not Assessed,False,native,Grass,7,Jul,True,False
Eleocharis sphacelata,Tall Spike-rush,Not Assessed,False,native,Grass,8,Aug,True,False
Eleocharis sphacelata,Tall Spike-rush,Not Assessed,False,native,Grass,9,Sep,True,False
Eleocharis sphacelata,Tall Spike-rush,Not Assessed,False,native,Grass,10,Oct,True,False
Eleocharis sphacelata,Tall Spike-rush,Not Assessed,False,native,Grass,11,Nov,True,False
Eleocharis sphacelata,Tall Spike-rush,Not Assessed,False,native,Grass,12,Dec,True,False
Eleusine indica,Goose-grass,Use Caution,True,introduced,Grass,1,Jan,True,False
Eleusine indica,Goose-grass,Use Caution,True,introduced,Grass,2,Feb,True,False
Eleusine indica,Goose-grass,Use Caution,True,introduced,Grass,3,Mar,False,False
Eleusine indica,Goose-grass,Use Caution,True,introduced,Grass,4,Apr,False,False
Eleusine indica,Goose-grass,Use Caution,True,introduced,Grass,5,May,False,False
Eleusine indica,Goose-grass,Use Caution,True,introduced,Grass,6,Jun,False,False
Eleusine indica,Goose-grass,Use Caution,True,introduced,Grass,7,Jul,False,False
Eleusine indica,Goose-grass,Use Caution,True,introduced,Grass,8,Aug,False,False
Eleusine indica,Goose-grass,Use Caution,True,introduced,Grass,9,Sep,False,False
Eleusine indica,Goose-grass,Use Caution,True,introduced,Grass,10,Oct,False,False
Eleusine indica,Goose-grass,Use Caution,True,introduced,Grass,11,Nov,False,False
Eleusine indica,Goose-grass,Use Caution,True,introduced,Grass,12,Dec,True,False
Eleusine tristachya,American Crows-foot Grass,Use Caution,True,introduced,Grass,1,Jan,True,False
Eleusine tristachya,American Crows-foot Grass,Use Caution,True,introduced,Grass,2,Feb,True,False
Eleusine tristachya,American Crows-foot Grass,Use Caution,True,introduced,Grass,3,Mar,False,False
Eleusine tristachya,American Crows-foot Grass,Use Caution,True,introduced,Grass,4,Apr,False,False
Eleusine tristachya,American Crows-foot Grass,Use Caution,True,introduced,Grass,5,May,False,False
Eleusine tristachya,American Crows-foot Grass,Use Caution,True,introduced,Grass,6,Jun,False,False
Eleusine tristachya,American Crows-foot Grass,Use Caution,True,introduced,Grass,7,Jul,False,False
Eleusine tristachya,American Crows-foot Grass,Use Caution,True,introduced,Grass,8,Aug,False,False
Eleusine tristachya,American Crows-foot Grass,Use Caution,True,introduced,Grass,9,Sep,False,False
Eleusine tristachya,American Crows-foot Grass,Use Caution,True,introduced,Grass,10,Oct,False,False
Eleusine tristachya,American Crows-foot Grass,Use Caution,True,introduced,Grass,11,Nov,False,False
Eleusine tristachya,American Crows-foot Grass,Use Caution,True,introduced,Grass,12,Dec,True,False
Empodisma minus,Spreading Rope-rush,Not Assessed,False,native,Grass,1,Jan,True,False
Empodisma minus,Spreading Rope-rush,Not Assessed,False,native,Grass,2,Feb,True,False
Empodisma minus,Spreading Rope-rush,Not Assessed,False,native,Grass,3,Mar,True,False
Empodisma minus,Spreading Rope-rush,Not Assessed,False,native,Grass,4,Apr,False,False
Empodisma minus,Spreading Rope-rush,Not Assessed,False,native,Grass,5,May,False,False
Empodisma minus,Spreading Rope-rush,Not Assessed,False,native,Grass,6,Jun,False,False
Empodisma minus,Spreading Rope-rush,Not Assessed,False,native,Grass,7,Jul,False,False
Empodisma minus,Spreading Rope-rush,Not Assessed,False,native,Grass,8,Aug,True,False
Empodisma minus,Spreading Rope-rush,Not Assessed,False,native,Grass,9,Sep,True,False
Empodisma minus,Spreading Rope-rush,Not Assessed,False,native,Grass,10,Oct,True,False
Empodisma minus,Spreading Rope-rush,Not Assessed,False,native,Grass,11,Nov,True,False
Empodisma minus,Spreading Rope-rush,Not Assessed,False,native,Grass,12,Dec,True,False
Epacris impressa,Common Heath,Not Assessed,False,native,Shrub,1,Jan,True,False
Epacris impressa,Common Heath,Not Assessed,False,native,Shrub,2,Feb,True,False
Epacris impressa,Common Heath,Not Assessed,False,native,Shrub,3,Mar,True,False
Epacris impressa,Common Heath,Not Assessed,False,native,Shrub,4,Apr,True,False
Epacris impressa,Common Heath,Not Assessed,False,native,Shrub,5,May,True,False
Epacris impressa,Common Heath,Not Assessed,False,native,Shrub,6,Jun,True,False
Epacris impressa,Common Heath,Not Assessed,False,native,Shrub,7,Jul,True,False
Epacris impressa,Common Heath,Not Assessed,False,native,Shrub,8,Aug,True,False
Epacris impressa,Common Heath,Not Assessed,False,native,Shrub,9,Sep,True,False
Epacris impressa,Common Heath,Not Assessed,False,native,Shrub,10,Oct,True,False
Epacris impressa,Common Heath,Not Assessed,False,native,Shrub,11,Nov,True,False
Epacris impressa,Common Heath,Not Assessed,False,native,Shrub,12,Dec,True,False
Epacris obtusifolia,Blunt-leaf Heath,Not Assessed,False,native,Shrub,1,Jan,True,False
Epacris obtusifolia,Blunt-leaf Heath,Not Assessed,False,native,Shrub,2,Feb,False,False
Epacris obtusifolia,Blunt-leaf Heath,Not Assessed,False,native,Shrub,3,Mar,False,False
Epacris obtusifolia,Blunt-leaf Heath,Not Assessed,False,native,Shrub,4,Apr,False,False
Epacris obtusifolia,Blunt-leaf Heath,Not Assessed,False,native,Shrub,5,May,False,False
Epacris obtusifolia,Blunt-leaf Heath,Not Assessed,False,native,Shrub,6,Jun,True,False
Epacris obtusifolia,Blunt-leaf Heath,Not Assessed,False,native,Shrub,7,Jul,True,False
Epacris obtusifolia,Blunt-leaf Heath,Not Assessed,False,native,Shrub,8,Aug,True,False
Epacris obtusifolia,Blunt-leaf Heath,Not Assessed,False,native,Shrub,9,Sep,True,False
Epacris obtusifolia,Blunt-leaf Heath,Not Assessed,False,native,Shrub,10,Oct,True,False
Epacris obtusifolia,Blunt-leaf Heath,Not Assessed,False,native,Shrub,11,Nov,True,False
Epacris obtusifolia,Blunt-leaf Heath,Not Assessed,False,native,Shrub,12,Dec,True,False
Epilobium billardiereanum,Variable Willow-herb,Not Assessed,False,native,Herb,1,Jan,True,False
Epilobium billardiereanum,Variable Willow-herb,Not Assessed,False,native,Herb,2,Feb,True,False
Epilobium billardiereanum,Variable Willow-herb,Not Assessed,False,native,Herb,3,Mar,True,False
Epilobium billardiereanum,Variable Willow-herb,Not Assessed,False,native,Herb,4,Apr,True,False
Epilobium billardiereanum,Variable Willow-herb,Not Assessed,False,native,Herb,5,May,False,False
Epilobium billardiereanum,Variable Willow-herb,Not Assessed,False,native,Herb,6,Jun,False,False
Epilobium billardiereanum,Variable Willow-herb,Not Assessed,False,native,Herb,7,Jul,False,False
Epilobium billardiereanum,Variable Willow-herb,Not Assessed,False,native,Herb,8,Aug,False,False
Epilobium billardiereanum,Variable Willow-herb,Not Assessed,False,native,Herb,9,Sep,True,False
Epilobium billardiereanum,Variable Willow-herb,Not Assessed,False,native,Herb,10,Oct,True,False
Epilobium billardiereanum,Variable Willow-herb,Not Assessed,False,native,Herb,11,Nov,True,False
Epilobium billardiereanum,Variable Willow-herb,Not Assessed,False,native,Herb,12,Dec,True,False
Epilobium billardiereanum subsp. billardiereanum,Smooth Willow-herb,Not Assessed,False,native,Herb,1,Jan,True,False
Epilobium billardiereanum subsp. billardiereanum,Smooth Willow-herb,Not Assessed,False,native,Herb,2,Feb,True,False
Epilobium billardiereanum subsp. billardiereanum,Smooth Willow-herb,Not Assessed,False,native,Herb,3,Mar,True,False
Epilobium billardiereanum subsp. billardiereanum,Smooth Willow-herb,Not Assessed,False,native,Herb,4,Apr,True,False
Epilobium billardiereanum subsp. billardiereanum,Smooth Willow-herb,Not Assessed,False,native,Herb,5,May,False,False
Epilobium billardiereanum subsp. billardiereanum,Smooth Willow-herb,Not Assessed,False,native,Herb,6,Jun,False,False
Epilobium billardiereanum subsp. billardiereanum,Smooth Willow-herb,Not Assessed,False,native,Herb,7,Jul,False,False
Epilobium billardiereanum subsp. billardiereanum,Smooth Willow-herb,Not Assessed,False,native,Herb,8,Aug,False,False
Epilobium billardiereanum subsp. billardiereanum,Smooth Willow-herb,Not Assessed,False,native,Herb,9,Sep,True,False
Epilobium billardiereanum subsp. billardiereanum,Smooth Willow-herb,Not Assessed,False,native,Herb,10,Oct,True,False
Epilobium billardiereanum subsp. billardiereanum,Smooth Willow-herb,Not Assessed,False,native,Herb,11,Nov,True,False
Epilobium billardiereanum subsp. billardiereanum,Smooth Willow-herb,Not Assessed,False,native,Herb,12,Dec,True,False
Epilobium billardiereanum subsp. cinereum,Grey Willow-herb,Not Assessed,False,native,Herb,1,Jan,True,False
Epilobium billardiereanum subsp. cinereum,Grey Willow-herb,Not Assessed,False,native,Herb,2,Feb,True,False
Epilobium billardiereanum subsp. cinereum,Grey Willow-herb,Not Assessed,False,native,Herb,3,Mar,True,False
Epilobium billardiereanum subsp. cinereum,Grey Willow-herb,Not Assessed,False,native,Herb,4,Apr,True,False
Epilobium billardiereanum subsp. cinereum,Grey Willow-herb,Not Assessed,False,native,Herb,5,May,False,False
Epilobium billardiereanum subsp. cinereum,Grey Willow-herb,Not Assessed,False,native,Herb,6,Jun,False,False
Epilobium billardiereanum subsp. cinereum,Grey Willow-herb,Not Assessed,False,native,Herb,7,Jul,False,False
Epilobium billardiereanum subsp. cinereum,Grey Willow-herb,Not Assessed,False,native,Herb,8,Aug,False,False
Epilobium billardiereanum subsp. cinereum,Grey Willow-herb,Not Assessed,False,native,Herb,9,Sep,True,False
Epilobium billardiereanum subsp. cinereum,Grey Willow-herb,Not Assessed,False,native,Herb,10,Oct,True,False
Epilobium billardiereanum subsp. cinereum,Grey Willow-herb,Not Assessed,False,native,Herb,11,Nov,True,False
Epilobium billardiereanum subsp. cinereum,Grey Willow-herb,Not Assessed,False,native,Herb,12,Dec,True,False
Epilobium ciliatum,Glandular Willow-herb,Use Caution,True,introduced,Herb,1,Jan,True,False
Epilobium ciliatum,Glandular Willow-herb,Use Caution,True,introduced,Herb,2,Feb,True,False
Epilobium ciliatum,Glandular Willow-herb,Use Caution,True,introduced,Herb,3,Mar,True,False
Epilobium ciliatum,Glandular Willow-herb,Use Caution,True,introduced,Herb,4,Apr,True,False
Epilobium ciliatum,Glandular Willow-herb,Use Caution,True,introduced,Herb,5,May,True,False
Epilobium ciliatum,Glandular Willow-herb,Use Caution,True,introduced,Herb,6,Jun,False,False
Epilobium ciliatum,Glandular Willow-herb,Use Caution,True,introduced,Herb,7,Jul,False,False
Epilobium ciliatum,Glandular Willow-herb,Use Caution,True,introduced,Herb,8,Aug,False,False
Epilobium ciliatum,Glandular Willow-herb,Use Caution,True,introduced,Herb,9,Sep,True,False
Epilobium ciliatum,Glandular Willow-herb,Use Caution,True,introduced,Herb,10,Oct,True,False
Epilobium ciliatum,Glandular Willow-herb,Use Caution,True,introduced,Herb,11,Nov,True,False
Epilobium ciliatum,Glandular Willow-herb,Use Caution,True,introduced,Herb,12,Dec,True,False
Epilobium hirtigerum,Hairy Willow-herb,Not Assessed,False,native,Herb,1,Jan,True,False
Epilobium hirtigerum,Hairy Willow-herb,Not Assessed,False,native,Herb,2,Feb,True,False
Epilobium hirtigerum,Hairy Willow-herb,Not Assessed,False,native,Herb,3,Mar,True,False
Epilobium hirtigerum,Hairy Willow-herb,Not Assessed,False,native,Herb,4,Apr,True,False
Epilobium hirtigerum,Hairy Willow-herb,Not Assessed,False,native,Herb,5,May,False,False
Epilobium hirtigerum,Hairy Willow-herb,Not Assessed,False,native,Herb,6,Jun,False,False
Epilobium hirtigerum,Hairy Willow-herb,Not Assessed,False,native,Herb,7,Jul,False,False
Epilobium hirtigerum,Hairy Willow-herb,Not Assessed,False,native,Herb,8,Aug,False,False
Epilobium hirtigerum,Hairy Willow-herb,Not Assessed,False,native,Herb,9,Sep,True,False
Epilobium hirtigerum,Hairy Willow-herb,Not Assessed,False,native,Herb,10,Oct,True,False
Epilobium hirtigerum,Hairy Willow-herb,Not Assessed,False,native,Herb,11,Nov,True,False
Epilobium hirtigerum,Hairy Willow-herb,Not Assessed,False,native,Herb,12,Dec,True,False
Eragrostis brownii,Common Love-grass,Not Assessed,False,native,Grass,1,Jan,True,False
Eragrostis brownii,Common Love-grass,Not Assessed,False,native,Grass,2,Feb,True,False
Eragrostis brownii,Common Love-grass,Not Assessed,False,native,Grass,3,Mar,True,False
Eragrostis brownii,Common Love-grass,Not Assessed,False,native,Grass,4,Apr,True,False
Eragrostis brownii,Common Love-grass,Not Assessed,False,native,Grass,5,May,True,False
Eragrostis brownii,Common Love-grass,Not Assessed,False,native,Grass,6,Jun,True,False
Eragrostis brownii,Common Love-grass,Not Assessed,False,native,Grass,7,Jul,True,False
Eragrostis brownii,Common Love-grass,Not Assessed,False,native,Grass,8,Aug,True,False
Eragrostis brownii,Common Love-grass,Not Assessed,False,native,Grass,9,Sep,True,False
Eragrostis brownii,Common Love-grass,Not Assessed,False,native,Grass,10,Oct,True,False
Eragrostis brownii,Common Love-grass,Not Assessed,False,native,Grass,11,Nov,True,False
Eragrostis brownii,Common Love-grass,Not Assessed,False,native,Grass,12,Dec,True,False
Eragrostis cilianensis,Stink-grass,Use Caution,True,introduced,Grass,1,Jan,True,False
Eragrostis cilianensis,Stink-grass,Use Caution,True,introduced,Grass,2,Feb,True,False
Eragrostis cilianensis,Stink-grass,Use Caution,True,introduced,Grass,3,Mar,False,False
Eragrostis cilianensis,Stink-grass,Use Caution,True,introduced,Grass,4,Apr,False,False
Eragrostis cilianensis,Stink-grass,Use Caution,True,introduced,Grass,5,May,False,False
Eragrostis cilianensis,Stink-grass,Use Caution,True,introduced,Grass,6,Jun,False,False
Eragrostis cilianensis,Stink-grass,Use Caution,True,introduced,Grass,7,Jul,False,False
Eragrostis cilianensis,Stink-grass,Use Caution,True,introduced,Grass,8,Aug,False,False
Eragrostis cilianensis,Stink-grass,Use Caution,True,introduced,Grass,9,Sep,False,False
Eragrostis cilianensis,Stink-grass,Use Caution,True,introduced,Grass,10,Oct,False,False
Eragrostis cilianensis,Stink-grass,Use Caution,True,introduced,Grass,11,Nov,False,False
Eragrostis cilianensis,Stink-grass,Use Caution,True,introduced,Grass,12,Dec,True,False
Eragrostis mexicana,Mexican Love-grass,Reconsider Planting,True,introduced,Grass,1,Jan,True,False
Eragrostis mexicana,Mexican Love-grass,Reconsider Planting,True,introduced,Grass,2,Feb,True,False
Eragrostis mexicana,Mexican Love-grass,Reconsider Planting,True,introduced,Grass,3,Mar,False,False
Eragrostis mexicana,Mexican Love-grass,Reconsider Planting,True,introduced,Grass,4,Apr,False,False
Eragrostis mexicana,Mexican Love-grass,Reconsider Planting,True,introduced,Grass,5,May,False,False
Eragrostis mexicana,Mexican Love-grass,Reconsider Planting,True,introduced,Grass,6,Jun,False,False
Eragrostis mexicana,Mexican Love-grass,Reconsider Planting,True,introduced,Grass,7,Jul,False,False
Eragrostis mexicana,Mexican Love-grass,Reconsider Planting,True,introduced,Grass,8,Aug,False,False
Eragrostis mexicana,Mexican Love-grass,Reconsider Planting,True,introduced,Grass,9,Sep,False,False
Eragrostis mexicana,Mexican Love-grass,Reconsider Planting,True,introduced,Grass,10,Oct,False,False
Eragrostis mexicana,Mexican Love-grass,Reconsider Planting,True,introduced,Grass,11,Nov,False,False
Eragrostis mexicana,Mexican Love-grass,Reconsider Planting,True,introduced,Grass,12,Dec,True,False
Erica lusitanica,Spanish Heath,Reconsider Planting,True,introduced,Shrub,1,Jan,False,False
Erica lusitanica,Spanish Heath,Reconsider Planting,True,introduced,Shrub,2,Feb,False,False
Erica lusitanica,Spanish Heath,Reconsider Planting,True,introduced,Shrub,3,Mar,True,False
Erica lusitanica,Spanish Heath,Reconsider Planting,True,introduced,Shrub,4,Apr,True,False
Erica lusitanica,Spanish Heath,Reconsider Planting,True,introduced,Shrub,5,May,True,False
Erica lusitanica,Spanish Heath,Reconsider Planting,True,introduced,Shrub,6,Jun,True,False
Erica lusitanica,Spanish Heath,Reconsider Planting,True,introduced,Shrub,7,Jul,True,False
Erica lusitanica,Spanish Heath,Reconsider Planting,True,introduced,Shrub,8,Aug,True,False
Erica lusitanica,Spanish Heath,Reconsider Planting,True,introduced,Shrub,9,Sep,True,False
Erica lusitanica,Spanish Heath,Reconsider Planting,True,introduced,Shrub,10,Oct,True,False
Erica lusitanica,Spanish Heath,Reconsider Planting,True,introduced,Shrub,11,Nov,True,False
Erica lusitanica,Spanish Heath,Reconsider Planting,True,introduced,Shrub,12,Dec,False,False
Erigeron bonariensis,Flaxleaf Fleabane,Use Caution,True,introduced,Herb,1,Jan,True,False
Erigeron bonariensis,Flaxleaf Fleabane,Use Caution,True,introduced,Herb,2,Feb,True,False
Erigeron bonariensis,Flaxleaf Fleabane,Use Caution,True,introduced,Herb,3,Mar,True,False
Erigeron bonariensis,Flaxleaf Fleabane,Use Caution,True,introduced,Herb,4,Apr,True,False
Erigeron bonariensis,Flaxleaf Fleabane,Use Caution,True,introduced,Herb,5,May,True,False
Erigeron bonariensis,Flaxleaf Fleabane,Use Caution,True,introduced,Herb,6,Jun,True,False
Erigeron bonariensis,Flaxleaf Fleabane,Use Caution,True,introduced,Herb,7,Jul,True,False
Erigeron bonariensis,Flaxleaf Fleabane,Use Caution,True,introduced,Herb,8,Aug,True,False
Erigeron bonariensis,Flaxleaf Fleabane,Use Caution,True,introduced,Herb,9,Sep,True,False
Erigeron bonariensis,Flaxleaf Fleabane,Use Caution,True,introduced,Herb,10,Oct,True,False
Erigeron bonariensis,Flaxleaf Fleabane,Use Caution,True,introduced,Herb,11,Nov,True,False
Erigeron bonariensis,Flaxleaf Fleabane,Use Caution,True,introduced,Herb,12,Dec,True,False
Erigeron karvinskianus,Seaside Daisy,Reconsider Planting,True,introduced,Herb,1,Jan,True,False
Erigeron karvinskianus,Seaside Daisy,Reconsider Planting,True,introduced,Herb,2,Feb,True,False
Erigeron karvinskianus,Seaside Daisy,Reconsider Planting,True,introduced,Herb,3,Mar,False,False
Erigeron karvinskianus,Seaside Daisy,Reconsider Planting,True,introduced,Herb,4,Apr,False,False
Erigeron karvinskianus,Seaside Daisy,Reconsider Planting,True,introduced,Herb,5,May,False,False
Erigeron karvinskianus,Seaside Daisy,Reconsider Planting,True,introduced,Herb,6,Jun,False,False
Erigeron karvinskianus,Seaside Daisy,Reconsider Planting,True,introduced,Herb,7,Jul,False,False
Erigeron karvinskianus,Seaside Daisy,Reconsider Planting,True,introduced,Herb,8,Aug,False,False
Erigeron karvinskianus,Seaside Daisy,Reconsider Planting,True,introduced,Herb,9,Sep,False,False
Erigeron karvinskianus,Seaside Daisy,Reconsider Planting,True,introduced,Herb,10,Oct,True,False
Erigeron karvinskianus,Seaside Daisy,Reconsider Planting,True,introduced,Herb,11,Nov,True,False
Erigeron karvinskianus,Seaside Daisy,Reconsider Planting,True,introduced,Herb,12,Dec,True,False
Erigeron sumatrensis,Tall Fleabane,Use Caution,True,introduced,Herb,1,Jan,True,False
Erigeron sumatrensis,Tall Fleabane,Use Caution,True,introduced,Herb,2,Feb,True,False
Erigeron sumatrensis,Tall Fleabane,Use Caution,True,introduced,Herb,3,Mar,True,False
Erigeron sumatrensis,Tall Fleabane,Use Caution,True,introduced,Herb,4,Apr,True,False
Erigeron sumatrensis,Tall Fleabane,Use Caution,True,introduced,Herb,5,May,True,False
Erigeron sumatrensis,Tall Fleabane,Use Caution,True,introduced,Herb,6,Jun,True,False
Erigeron sumatrensis,Tall Fleabane,Use Caution,True,introduced,Herb,7,Jul,True,False
Erigeron sumatrensis,Tall Fleabane,Use Caution,True,introduced,Herb,8,Aug,True,False
Erigeron sumatrensis,Tall Fleabane,Use Caution,True,introduced,Herb,9,Sep,True,False
Erigeron sumatrensis,Tall Fleabane,Use Caution,True,introduced,Herb,10,Oct,True,False
Erigeron sumatrensis,Tall Fleabane,Use Caution,True,introduced,Herb,11,Nov,True,False
Erigeron sumatrensis,Tall Fleabane,Use Caution,True,introduced,Herb,12,Dec,True,False
Eriobotrya japonica,Loquat,Use Caution,True,introduced,Tree,1,Jan,False,False
Eriobotrya japonica,Loquat,Use Caution,True,introduced,Tree,2,Feb,False,False
Eriobotrya japonica,Loquat,Use Caution,True,introduced,Tree,3,Mar,True,False
Eriobotrya japonica,Loquat,Use Caution,True,introduced,Tree,4,Apr,True,False
Eriobotrya japonica,Loquat,Use Caution,True,introduced,Tree,5,May,True,False
Eriobotrya japonica,Loquat,Use Caution,True,introduced,Tree,6,Jun,False,False
Eriobotrya japonica,Loquat,Use Caution,True,introduced,Tree,7,Jul,False,False
Eriobotrya japonica,Loquat,Use Caution,True,introduced,Tree,8,Aug,False,False
Eriobotrya japonica,Loquat,Use Caution,True,introduced,Tree,9,Sep,False,False
Eriobotrya japonica,Loquat,Use Caution,True,introduced,Tree,10,Oct,False,False
Eriobotrya japonica,Loquat,Use Caution,True,introduced,Tree,11,Nov,False,False
Eriobotrya japonica,Loquat,Use Caution,True,introduced,Tree,12,Dec,False,False
Eryngium vesiculosum,Prickfoot,Not Assessed,False,native,Herb,1,Jan,True,False
Eryngium vesiculosum,Prickfoot,Not Assessed,False,native,Herb,2,Feb,True,False
Eryngium vesiculosum,Prickfoot,Not Assessed,False,native,Herb,3,Mar,True,False
Eryngium vesiculosum,Prickfoot,Not Assessed,False,native,Herb,4,Apr,False,False
Eryngium vesiculosum,Prickfoot,Not Assessed,False,native,Herb,5,May,False,False
Eryngium vesiculosum,Prickfoot,Not Assessed,False,native,Herb,6,Jun,False,False
Eryngium vesiculosum,Prickfoot,Not Assessed,False,native,Herb,7,Jul,False,False
Eryngium vesiculosum,Prickfoot,Not Assessed,False,native,Herb,8,Aug,False,False
Eryngium vesiculosum,Prickfoot,Not Assessed,False,native,Herb,9,Sep,False,False
Eryngium vesiculosum,Prickfoot,Not Assessed,False,native,Herb,10,Oct,True,False
Eryngium vesiculosum,Prickfoot,Not Assessed,False,native,Herb,11,Nov,True,False
Eryngium vesiculosum,Prickfoot,Not Assessed,False,native,Herb,12,Dec,True,False
Eschscholzia californica,Californian Poppy,Use Caution,True,introduced,Herb,1,Jan,,False
Eschscholzia californica,Californian Poppy,Use Caution,True,introduced,Herb,2,Feb,,False
Eschscholzia californica,Californian Poppy,Use Caution,True,introduced,Herb,3,Mar,,False
Eschscholzia californica,Californian Poppy,Use Caution,True,introduced,Herb,4,Apr,,False
Eschscholzia californica,Californian Poppy,Use Caution,True,introduced,Herb,5,May,,False
Eschscholzia californica,Californian Poppy,Use Caution,True,introduced,Herb,6,Jun,,False
Eschscholzia californica,Californian Poppy,Use Caution,True,introduced,Herb,7,Jul,,False
Eschscholzia californica,Californian Poppy,Use Caution,True,introduced,Herb,8,Aug,,False
Eschscholzia californica,Californian Poppy,Use Caution,True,introduced,Herb,9,Sep,,False
Eschscholzia californica,Californian Poppy,Use Caution,True,introduced,Herb,10,Oct,,False
Eschscholzia californica,Californian Poppy,Use Caution,True,introduced,Herb,11,Nov,,False
Eschscholzia californica,Californian Poppy,Use Caution,True,introduced,Herb,12,Dec,,False
Eucalyptus aromaphloia,Scent-bark,Not Assessed,False,native,Tree,1,Jan,True,False
Eucalyptus aromaphloia,Scent-bark,Not Assessed,False,native,Tree,2,Feb,True,False
Eucalyptus aromaphloia,Scent-bark,Not Assessed,False,native,Tree,3,Mar,True,False
Eucalyptus aromaphloia,Scent-bark,Not Assessed,False,native,Tree,4,Apr,False,False
Eucalyptus aromaphloia,Scent-bark,Not Assessed,False,native,Tree,5,May,False,False
Eucalyptus aromaphloia,Scent-bark,Not Assessed,False,native,Tree,6,Jun,False,False
Eucalyptus aromaphloia,Scent-bark,Not Assessed,False,native,Tree,7,Jul,False,False
Eucalyptus aromaphloia,Scent-bark,Not Assessed,False,native,Tree,8,Aug,False,False
Eucalyptus aromaphloia,Scent-bark,Not Assessed,False,native,Tree,9,Sep,False,False
Eucalyptus aromaphloia,Scent-bark,Not Assessed,False,native,Tree,10,Oct,False,False
Eucalyptus aromaphloia,Scent-bark,Not Assessed,False,native,Tree,11,Nov,False,False
Eucalyptus aromaphloia,Scent-bark,Not Assessed,False,native,Tree,12,Dec,False,False
Eucalyptus behriana,Bull Mallee,Not Assessed,False,native,Tree,1,Jan,True,True
Eucalyptus behriana,Bull Mallee,Not Assessed,False,native,Tree,2,Feb,True,True
Eucalyptus behriana,Bull Mallee,Not Assessed,False,native,Tree,3,Mar,False,True
Eucalyptus behriana,Bull Mallee,Not Assessed,False,native,Tree,4,Apr,True,True
Eucalyptus behriana,Bull Mallee,Not Assessed,False,native,Tree,5,May,True,True
Eucalyptus behriana,Bull Mallee,Not Assessed,False,native,Tree,6,Jun,False,True
Eucalyptus behriana,Bull Mallee,Not Assessed,False,native,Tree,7,Jul,True,True
Eucalyptus behriana,Bull Mallee,Not Assessed,False,native,Tree,8,Aug,False,True
Eucalyptus behriana,Bull Mallee,Not Assessed,False,native,Tree,9,Sep,True,True
Eucalyptus behriana,Bull Mallee,Not Assessed,False,native,Tree,10,Oct,True,True
Eucalyptus behriana,Bull Mallee,Not Assessed,False,native,Tree,11,Nov,True,True
Eucalyptus behriana,Bull Mallee,Not Assessed,False,native,Tree,12,Dec,True,True
Eucalyptus bosistoana,Coast Grey-box | Gippsland Grey-box,Not Assessed,False,native,Tree,1,Jan,True,False
Eucalyptus bosistoana,Coast Grey-box | Gippsland Grey-box,Not Assessed,False,native,Tree,2,Feb,True,False
Eucalyptus bosistoana,Coast Grey-box | Gippsland Grey-box,Not Assessed,False,native,Tree,3,Mar,True,False
Eucalyptus bosistoana,Coast Grey-box | Gippsland Grey-box,Not Assessed,False,native,Tree,4,Apr,True,False
Eucalyptus bosistoana,Coast Grey-box | Gippsland Grey-box,Not Assessed,False,native,Tree,5,May,False,False
Eucalyptus bosistoana,Coast Grey-box | Gippsland Grey-box,Not Assessed,False,native,Tree,6,Jun,False,False
Eucalyptus bosistoana,Coast Grey-box | Gippsland Grey-box,Not Assessed,False,native,Tree,7,Jul,True,False
Eucalyptus bosistoana,Coast Grey-box | Gippsland Grey-box,Not Assessed,False,native,Tree,8,Aug,False,False
Eucalyptus bosistoana,Coast Grey-box | Gippsland Grey-box,Not Assessed,False,native,Tree,9,Sep,False,False
Eucalyptus bosistoana,Coast Grey-box | Gippsland Grey-box,Not Assessed,False,native,Tree,10,Oct,False,False
Eucalyptus bosistoana,Coast Grey-box | Gippsland Grey-box,Not Assessed,False,native,Tree,11,Nov,True,False
Eucalyptus bosistoana,Coast Grey-box | Gippsland Grey-box,Not Assessed,False,native,Tree,12,Dec,True,False
Eucalyptus botryoides,Southern Mahogany,Use Caution,True,native,Tree,1,Jan,True,False
Eucalyptus botryoides,Southern Mahogany,Use Caution,True,native,Tree,2,Feb,True,False
Eucalyptus botryoides,Southern Mahogany,Use Caution,True,native,Tree,3,Mar,True,False
Eucalyptus botryoides,Southern Mahogany,Use Caution,True,native,Tree,4,Apr,False,False
Eucalyptus botryoides,Southern Mahogany,Use Caution,True,native,Tree,5,May,False,False
Eucalyptus botryoides,Southern Mahogany,Use Caution,True,native,Tree,6,Jun,False,False
Eucalyptus botryoides,Southern Mahogany,Use Caution,True,native,Tree,7,Jul,False,False
Eucalyptus botryoides,Southern Mahogany,Use Caution,True,native,Tree,8,Aug,False,False
Eucalyptus botryoides,Southern Mahogany,Use Caution,True,native,Tree,9,Sep,False,False
Eucalyptus botryoides,Southern Mahogany,Use Caution,True,native,Tree,10,Oct,False,False
Eucalyptus botryoides,Southern Mahogany,Use Caution,True,native,Tree,11,Nov,False,False
Eucalyptus botryoides,Southern Mahogany,Use Caution,True,native,Tree,12,Dec,True,False
Eucalyptus bridgesiana,But But | Apple Box,Not Assessed,False,native,Tree,1,Jan,True,False
Eucalyptus bridgesiana,But But | Apple Box,Not Assessed,False,native,Tree,2,Feb,True,False
Eucalyptus bridgesiana,But But | Apple Box,Not Assessed,False,native,Tree,3,Mar,True,False
Eucalyptus bridgesiana,But But | Apple Box,Not Assessed,False,native,Tree,4,Apr,False,False
Eucalyptus bridgesiana,But But | Apple Box,Not Assessed,False,native,Tree,5,May,True,False
Eucalyptus bridgesiana,But But | Apple Box,Not Assessed,False,native,Tree,6,Jun,False,False
Eucalyptus bridgesiana,But But | Apple Box,Not Assessed,False,native,Tree,7,Jul,False,False
Eucalyptus bridgesiana,But But | Apple Box,Not Assessed,False,native,Tree,8,Aug,False,False
Eucalyptus bridgesiana,But But | Apple Box,Not Assessed,False,native,Tree,9,Sep,False,False
Eucalyptus bridgesiana,But But | Apple Box,Not Assessed,False,native,Tree,10,Oct,False,False
Eucalyptus bridgesiana,But But | Apple Box,Not Assessed,False,native,Tree,11,Nov,False,False
Eucalyptus bridgesiana,But But | Apple Box,Not Assessed,False,native,Tree,12,Dec,False,False
Eucalyptus camaldulensis,River Red-gum,Not Assessed,False,native,Tree,1,Jan,True,False
Eucalyptus camaldulensis,River Red-gum,Not Assessed,False,native,Tree,2,Feb,True,False
Eucalyptus camaldulensis,River Red-gum,Not Assessed,False,native,Tree,3,Mar,True,False
Eucalyptus camaldulensis,River Red-gum,Not Assessed,False,native,Tree,4,Apr,True,False
Eucalyptus camaldulensis,River Red-gum,Not Assessed,False,native,Tree,5,May,True,False
Eucalyptus camaldulensis,River Red-gum,Not Assessed,False,native,Tree,6,Jun,True,False
Eucalyptus camaldulensis,River Red-gum,Not Assessed,False,native,Tree,7,Jul,True,False
Eucalyptus camaldulensis,River Red-gum,Not Assessed,False,native,Tree,8,Aug,True,False
Eucalyptus camaldulensis,River Red-gum,Not Assessed,False,native,Tree,9,Sep,True,False
Eucalyptus camaldulensis,River Red-gum,Not Assessed,False,native,Tree,10,Oct,True,False
Eucalyptus camaldulensis,River Red-gum,Not Assessed,False,native,Tree,11,Nov,True,False
Eucalyptus camaldulensis,River Red-gum,Not Assessed,False,native,Tree,12,Dec,True,False
Eucalyptus camaldulensis subsp. camaldulensis,River Red-gum,Not Assessed,False,native,Tree,1,Jan,True,False
Eucalyptus camaldulensis subsp. camaldulensis,River Red-gum,Not Assessed,False,native,Tree,2,Feb,True,False
Eucalyptus camaldulensis subsp. camaldulensis,River Red-gum,Not Assessed,False,native,Tree,3,Mar,True,False
Eucalyptus camaldulensis subsp. camaldulensis,River Red-gum,Not Assessed,False,native,Tree,4,Apr,True,False
Eucalyptus camaldulensis subsp. camaldulensis,River Red-gum,Not Assessed,False,native,Tree,5,May,True,False
Eucalyptus camaldulensis subsp. camaldulensis,River Red-gum,Not Assessed,False,native,Tree,6,Jun,True,False
Eucalyptus camaldulensis subsp. camaldulensis,River Red-gum,Not Assessed,False,native,Tree,7,Jul,True,False
Eucalyptus camaldulensis subsp. camaldulensis,River Red-gum,Not Assessed,False,native,Tree,8,Aug,True,False
Eucalyptus camaldulensis subsp. camaldulensis,River Red-gum,Not Assessed,False,native,Tree,9,Sep,True,False
Eucalyptus camaldulensis subsp. camaldulensis,River Red-gum,Not Assessed,False,native,Tree,10,Oct,True,False
Eucalyptus camaldulensis subsp. camaldulensis,River Red-gum,Not Assessed,False,native,Tree,11,Nov,True,False
Eucalyptus camaldulensis subsp. camaldulensis,River Red-gum,Not Assessed,False,native,Tree,12,Dec,True,False
Eucalyptus cephalocarpa,Mealy Stringybark,Not Assessed,False,native,Tree,1,Jan,False,False
Eucalyptus cephalocarpa,Mealy Stringybark,Not Assessed,False,native,Tree,2,Feb,True,False
Eucalyptus cephalocarpa,Mealy Stringybark,Not Assessed,False,native,Tree,3,Mar,True,False
Eucalyptus cephalocarpa,Mealy Stringybark,Not Assessed,False,native,Tree,4,Apr,True,False
Eucalyptus cephalocarpa,Mealy Stringybark,Not Assessed,False,native,Tree,5,May,True,False
Eucalyptus cephalocarpa,Mealy Stringybark,Not Assessed,False,native,Tree,6,Jun,True,False
Eucalyptus cephalocarpa,Mealy Stringybark,Not Assessed,False,native,Tree,7,Jul,False,False
Eucalyptus cephalocarpa,Mealy Stringybark,Not Assessed,False,native,Tree,8,Aug,False,False
Eucalyptus cephalocarpa,Mealy Stringybark,Not Assessed,False,native,Tree,9,Sep,False,False
Eucalyptus cephalocarpa,Mealy Stringybark,Not Assessed,False,native,Tree,10,Oct,False,False
Eucalyptus cephalocarpa,Mealy Stringybark,Not Assessed,False,native,Tree,11,Nov,False,False
Eucalyptus cephalocarpa,Mealy Stringybark,Not Assessed,False,native,Tree,12,Dec,False,False
Eucalyptus cladocalyx,Sugar Gum,Reconsider Planting,True,introduced,Tree,1,Jan,True,False
Eucalyptus cladocalyx,Sugar Gum,Reconsider Planting,True,introduced,Tree,2,Feb,True,False
Eucalyptus cladocalyx,Sugar Gum,Reconsider Planting,True,introduced,Tree,3,Mar,True,False
Eucalyptus cladocalyx,Sugar Gum,Reconsider Planting,True,introduced,Tree,4,Apr,True,False
Eucalyptus cladocalyx,Sugar Gum,Reconsider Planting,True,introduced,Tree,5,May,False,False
Eucalyptus cladocalyx,Sugar Gum,Reconsider Planting,True,introduced,Tree,6,Jun,False,False
Eucalyptus cladocalyx,Sugar Gum,Reconsider Planting,True,introduced,Tree,7,Jul,False,False
Eucalyptus cladocalyx,Sugar Gum,Reconsider Planting,True,introduced,Tree,8,Aug,False,False
Eucalyptus cladocalyx,Sugar Gum,Reconsider Planting,True,introduced,Tree,9,Sep,False,False
Eucalyptus cladocalyx,Sugar Gum,Reconsider Planting,True,introduced,Tree,10,Oct,False,False
Eucalyptus cladocalyx,Sugar Gum,Reconsider Planting,True,introduced,Tree,11,Nov,False,False
Eucalyptus cladocalyx,Sugar Gum,Reconsider Planting,True,introduced,Tree,12,Dec,True,False
Eucalyptus dives,Broad-leaved Peppermint,Not Assessed,False,native,Tree,1,Jan,True,False
Eucalyptus dives,Broad-leaved Peppermint,Not Assessed,False,native,Tree,2,Feb,False,False
Eucalyptus dives,Broad-leaved Peppermint,Not Assessed,False,native,Tree,3,Mar,False,False
Eucalyptus dives,Broad-leaved Peppermint,Not Assessed,False,native,Tree,4,Apr,False,False
Eucalyptus dives,Broad-leaved Peppermint,Not Assessed,False,native,Tree,5,May,True,False
Eucalyptus dives,Broad-leaved Peppermint,Not Assessed,False,native,Tree,6,Jun,True,False
Eucalyptus dives,Broad-leaved Peppermint,Not Assessed,False,native,Tree,7,Jul,True,False
Eucalyptus dives,Broad-leaved Peppermint,Not Assessed,False,native,Tree,8,Aug,False,False
Eucalyptus dives,Broad-leaved Peppermint,Not Assessed,False,native,Tree,9,Sep,True,False
Eucalyptus dives,Broad-leaved Peppermint,Not Assessed,False,native,Tree,10,Oct,True,False
Eucalyptus dives,Broad-leaved Peppermint,Not Assessed,False,native,Tree,11,Nov,True,False
Eucalyptus dives,Broad-leaved Peppermint,Not Assessed,False,native,Tree,12,Dec,True,False
Eucalyptus elata,River Peppermint | Wang-ngara,Not Assessed,False,native,Tree,1,Jan,True,False
Eucalyptus elata,River Peppermint | Wang-ngara,Not Assessed,False,native,Tree,2,Feb,False,False
Eucalyptus elata,River Peppermint | Wang-ngara,Not Assessed,False,native,Tree,3,Mar,False,False
Eucalyptus elata,River Peppermint | Wang-ngara,Not Assessed,False,native,Tree,4,Apr,False,False
Eucalyptus elata,River Peppermint | Wang-ngara,Not Assessed,False,native,Tree,5,May,False,False
Eucalyptus elata,River Peppermint | Wang-ngara,Not Assessed,False,native,Tree,6,Jun,False,False
Eucalyptus elata,River Peppermint | Wang-ngara,Not Assessed,False,native,Tree,7,Jul,False,False
Eucalyptus elata,River Peppermint | Wang-ngara,Not Assessed,False,native,Tree,8,Aug,True,False
Eucalyptus elata,River Peppermint | Wang-ngara,Not Assessed,False,native,Tree,9,Sep,True,False
Eucalyptus elata,River Peppermint | Wang-ngara,Not Assessed,False,native,Tree,10,Oct,True,False
Eucalyptus elata,River Peppermint | Wang-ngara,Not Assessed,False,native,Tree,11,Nov,True,False
Eucalyptus elata,River Peppermint | Wang-ngara,Not Assessed,False,native,Tree,12,Dec,True,False
Eucalyptus globoidea,White Stringybark,Not Assessed,False,native,Tree,1,Jan,True,False
Eucalyptus globoidea,White Stringybark,Not Assessed,False,native,Tree,2,Feb,True,False
Eucalyptus globoidea,White Stringybark,Not Assessed,False,native,Tree,3,Mar,True,False
Eucalyptus globoidea,White Stringybark,Not Assessed,False,native,Tree,4,Apr,True,False
Eucalyptus globoidea,White Stringybark,Not Assessed,False,native,Tree,5,May,True,False
Eucalyptus globoidea,White Stringybark,Not Assessed,False,native,Tree,6,Jun,True,False
Eucalyptus globoidea,White Stringybark,Not Assessed,False,native,Tree,7,Jul,True,False
Eucalyptus globoidea,White Stringybark,Not Assessed,False,native,Tree,8,Aug,True,False
Eucalyptus globoidea,White Stringybark,Not Assessed,False,native,Tree,9,Sep,True,False
Eucalyptus globoidea,White Stringybark,Not Assessed,False,native,Tree,10,Oct,True,False
Eucalyptus globoidea,White Stringybark,Not Assessed,False,native,Tree,11,Nov,True,False
Eucalyptus globoidea,White Stringybark,Not Assessed,False,native,Tree,12,Dec,True,False
Eucalyptus globulus,Southern Blue-gum,Use Caution,True,native,Tree,1,Jan,True,False
Eucalyptus globulus,Southern Blue-gum,Use Caution,True,native,Tree,2,Feb,True,False
Eucalyptus globulus,Southern Blue-gum,Use Caution,True,native,Tree,3,Mar,True,False
Eucalyptus globulus,Southern Blue-gum,Use Caution,True,native,Tree,4,Apr,True,False
Eucalyptus globulus,Southern Blue-gum,Use Caution,True,native,Tree,5,May,True,False
Eucalyptus globulus,Southern Blue-gum,Use Caution,True,native,Tree,6,Jun,True,False
Eucalyptus globulus,Southern Blue-gum,Use Caution,True,native,Tree,7,Jul,True,False
Eucalyptus globulus,Southern Blue-gum,Use Caution,True,native,Tree,8,Aug,True,False
Eucalyptus globulus,Southern Blue-gum,Use Caution,True,native,Tree,9,Sep,True,False
Eucalyptus globulus,Southern Blue-gum,Use Caution,True,native,Tree,10,Oct,False,False
Eucalyptus globulus,Southern Blue-gum,Use Caution,True,native,Tree,11,Nov,True,False
Eucalyptus globulus,Southern Blue-gum,Use Caution,True,native,Tree,12,Dec,True,False
Eucalyptus globulus subsp. globulus,Blue Gum,Use Caution,True,native,Tree,1,Jan,True,False
Eucalyptus globulus subsp. globulus,Blue Gum,Use Caution,True,native,Tree,2,Feb,True,False
Eucalyptus globulus subsp. globulus,Blue Gum,Use Caution,True,native,Tree,3,Mar,True,False
Eucalyptus globulus subsp. globulus,Blue Gum,Use Caution,True,native,Tree,4,Apr,True,False
Eucalyptus globulus subsp. globulus,Blue Gum,Use Caution,True,native,Tree,5,May,True,False
Eucalyptus globulus subsp. globulus,Blue Gum,Use Caution,True,native,Tree,6,Jun,True,False
Eucalyptus globulus subsp. globulus,Blue Gum,Use Caution,True,native,Tree,7,Jul,True,False
Eucalyptus globulus subsp. globulus,Blue Gum,Use Caution,True,native,Tree,8,Aug,True,False
Eucalyptus globulus subsp. globulus,Blue Gum,Use Caution,True,native,Tree,9,Sep,True,False
Eucalyptus globulus subsp. globulus,Blue Gum,Use Caution,True,native,Tree,10,Oct,False,False
Eucalyptus globulus subsp. globulus,Blue Gum,Use Caution,True,native,Tree,11,Nov,True,False
Eucalyptus globulus subsp. globulus,Blue Gum,Use Caution,True,native,Tree,12,Dec,True,False
Eucalyptus goniocalyx,Bundy | Long-leaf Box,Not Assessed,False,native,Tree,1,Jan,False,False
Eucalyptus goniocalyx,Bundy | Long-leaf Box,Not Assessed,False,native,Tree,2,Feb,False,False
Eucalyptus goniocalyx,Bundy | Long-leaf Box,Not Assessed,False,native,Tree,3,Mar,True,False
Eucalyptus goniocalyx,Bundy | Long-leaf Box,Not Assessed,False,native,Tree,4,Apr,True,False
Eucalyptus goniocalyx,Bundy | Long-leaf Box,Not Assessed,False,native,Tree,5,May,True,False
Eucalyptus goniocalyx,Bundy | Long-leaf Box,Not Assessed,False,native,Tree,6,Jun,True,False
Eucalyptus goniocalyx,Bundy | Long-leaf Box,Not Assessed,False,native,Tree,7,Jul,True,False
Eucalyptus goniocalyx,Bundy | Long-leaf Box,Not Assessed,False,native,Tree,8,Aug,True,False
Eucalyptus goniocalyx,Bundy | Long-leaf Box,Not Assessed,False,native,Tree,9,Sep,False,False
Eucalyptus goniocalyx,Bundy | Long-leaf Box,Not Assessed,False,native,Tree,10,Oct,False,False
Eucalyptus goniocalyx,Bundy | Long-leaf Box,Not Assessed,False,native,Tree,11,Nov,False,False
Eucalyptus goniocalyx,Bundy | Long-leaf Box,Not Assessed,False,native,Tree,12,Dec,False,False
Eucalyptus leucoxylon,Yellow Gum,Reconsider Planting,True,native,Tree,1,Jan,True,False
Eucalyptus leucoxylon,Yellow Gum,Reconsider Planting,True,native,Tree,2,Feb,True,False
Eucalyptus leucoxylon,Yellow Gum,Reconsider Planting,True,native,Tree,3,Mar,True,False
Eucalyptus leucoxylon,Yellow Gum,Reconsider Planting,True,native,Tree,4,Apr,True,False
Eucalyptus leucoxylon,Yellow Gum,Reconsider Planting,True,native,Tree,5,May,True,False
Eucalyptus leucoxylon,Yellow Gum,Reconsider Planting,True,native,Tree,6,Jun,True,False
Eucalyptus leucoxylon,Yellow Gum,Reconsider Planting,True,native,Tree,7,Jul,True,False
Eucalyptus leucoxylon,Yellow Gum,Reconsider Planting,True,native,Tree,8,Aug,True,False
Eucalyptus leucoxylon,Yellow Gum,Reconsider Planting,True,native,Tree,9,Sep,True,False
Eucalyptus leucoxylon,Yellow Gum,Reconsider Planting,True,native,Tree,10,Oct,True,False
Eucalyptus leucoxylon,Yellow Gum,Reconsider Planting,True,native,Tree,11,Nov,True,False
Eucalyptus leucoxylon,Yellow Gum,Reconsider Planting,True,native,Tree,12,Dec,True,False
Eucalyptus leucoxylon subsp. megalocarpa,Large-fruit Yellow-gum,Reconsider Planting,True,native,Tree,1,Jan,True,False
Eucalyptus leucoxylon subsp. megalocarpa,Large-fruit Yellow-gum,Reconsider Planting,True,native,Tree,2,Feb,True,False
Eucalyptus leucoxylon subsp. megalocarpa,Large-fruit Yellow-gum,Reconsider Planting,True,native,Tree,3,Mar,True,False
Eucalyptus leucoxylon subsp. megalocarpa,Large-fruit Yellow-gum,Reconsider Planting,True,native,Tree,4,Apr,True,False
Eucalyptus leucoxylon subsp. megalocarpa,Large-fruit Yellow-gum,Reconsider Planting,True,native,Tree,5,May,True,False
Eucalyptus leucoxylon subsp. megalocarpa,Large-fruit Yellow-gum,Reconsider Planting,True,native,Tree,6,Jun,True,False
Eucalyptus leucoxylon subsp. megalocarpa,Large-fruit Yellow-gum,Reconsider Planting,True,native,Tree,7,Jul,True,False
Eucalyptus leucoxylon subsp. megalocarpa,Large-fruit Yellow-gum,Reconsider Planting,True,native,Tree,8,Aug,True,False
Eucalyptus leucoxylon subsp. megalocarpa,Large-fruit Yellow-gum,Reconsider Planting,True,native,Tree,9,Sep,True,False
Eucalyptus leucoxylon subsp. megalocarpa,Large-fruit Yellow-gum,Reconsider Planting,True,native,Tree,10,Oct,True,False
Eucalyptus leucoxylon subsp. megalocarpa,Large-fruit Yellow-gum,Reconsider Planting,True,native,Tree,11,Nov,True,False
Eucalyptus leucoxylon subsp. megalocarpa,Large-fruit Yellow-gum,Reconsider Planting,True,native,Tree,12,Dec,True,False
Eucalyptus longifolia,Woollybutt,Use Caution,True,introduced,Tree,1,Jan,False,False
Eucalyptus longifolia,Woollybutt,Use Caution,True,introduced,Tree,2,Feb,False,False
Eucalyptus longifolia,Woollybutt,Use Caution,True,introduced,Tree,3,Mar,True,False
Eucalyptus longifolia,Woollybutt,Use Caution,True,introduced,Tree,4,Apr,True,False
Eucalyptus longifolia,Woollybutt,Use Caution,True,introduced,Tree,5,May,True,False
Eucalyptus longifolia,Woollybutt,Use Caution,True,introduced,Tree,6,Jun,True,False
Eucalyptus longifolia,Woollybutt,Use Caution,True,introduced,Tree,7,Jul,False,False
Eucalyptus longifolia,Woollybutt,Use Caution,True,introduced,Tree,8,Aug,False,False
Eucalyptus longifolia,Woollybutt,Use Caution,True,introduced,Tree,9,Sep,False,False
Eucalyptus longifolia,Woollybutt,Use Caution,True,introduced,Tree,10,Oct,True,False
Eucalyptus longifolia,Woollybutt,Use Caution,True,introduced,Tree,11,Nov,True,False
Eucalyptus longifolia,Woollybutt,Use Caution,True,introduced,Tree,12,Dec,False,False
Eucalyptus macrorhyncha,Red Stringybark,Not Assessed,False,native,Tree,1,Jan,True,False
Eucalyptus macrorhyncha,Red Stringybark,Not Assessed,False,native,Tree,2,Feb,True,False
Eucalyptus macrorhyncha,Red Stringybark,Not Assessed,False,native,Tree,3,Mar,True,False
Eucalyptus macrorhyncha,Red Stringybark,Not Assessed,False,native,Tree,4,Apr,True,False
Eucalyptus macrorhyncha,Red Stringybark,Not Assessed,False,native,Tree,5,May,True,False
Eucalyptus macrorhyncha,Red Stringybark,Not Assessed,False,native,Tree,6,Jun,True,False
Eucalyptus macrorhyncha,Red Stringybark,Not Assessed,False,native,Tree,7,Jul,True,False
Eucalyptus macrorhyncha,Red Stringybark,Not Assessed,False,native,Tree,8,Aug,False,False
Eucalyptus macrorhyncha,Red Stringybark,Not Assessed,False,native,Tree,9,Sep,False,False
Eucalyptus macrorhyncha,Red Stringybark,Not Assessed,False,native,Tree,10,Oct,False,False
Eucalyptus macrorhyncha,Red Stringybark,Not Assessed,False,native,Tree,11,Nov,False,False
Eucalyptus macrorhyncha,Red Stringybark,Not Assessed,False,native,Tree,12,Dec,False,False
Eucalyptus melliodora,Yellow Box,Not Assessed,False,native,Tree,1,Jan,True,False
Eucalyptus melliodora,Yellow Box,Not Assessed,False,native,Tree,2,Feb,True,False
Eucalyptus melliodora,Yellow Box,Not Assessed,False,native,Tree,3,Mar,False,False
Eucalyptus melliodora,Yellow Box,Not Assessed,False,native,Tree,4,Apr,False,False
Eucalyptus melliodora,Yellow Box,Not Assessed,False,native,Tree,5,May,True,False
Eucalyptus melliodora,Yellow Box,Not Assessed,False,native,Tree,6,Jun,True,False
Eucalyptus melliodora,Yellow Box,Not Assessed,False,native,Tree,7,Jul,True,False
Eucalyptus melliodora,Yellow Box,Not Assessed,False,native,Tree,8,Aug,True,False
Eucalyptus melliodora,Yellow Box,Not Assessed,False,native,Tree,9,Sep,True,False
Eucalyptus melliodora,Yellow Box,Not Assessed,False,native,Tree,10,Oct,True,False
Eucalyptus melliodora,Yellow Box,Not Assessed,False,native,Tree,11,Nov,True,False
Eucalyptus melliodora,Yellow Box,Not Assessed,False,native,Tree,12,Dec,True,False
Eucalyptus molyneuxii,,Not Assessed,False,native,Tree,1,Jan,False,False
Eucalyptus molyneuxii,,Not Assessed,False,native,Tree,2,Feb,False,False
Eucalyptus molyneuxii,,Not Assessed,False,native,Tree,3,Mar,False,False
Eucalyptus molyneuxii,,Not Assessed,False,native,Tree,4,Apr,False,False
Eucalyptus molyneuxii,,Not Assessed,False,native,Tree,5,May,False,False
Eucalyptus molyneuxii,,Not Assessed,False,native,Tree,6,Jun,False,False
Eucalyptus molyneuxii,,Not Assessed,False,native,Tree,7,Jul,False,False
Eucalyptus molyneuxii,,Not Assessed,False,native,Tree,8,Aug,False,False
Eucalyptus molyneuxii,,Not Assessed,False,native,Tree,9,Sep,True,False
Eucalyptus molyneuxii,,Not Assessed,False,native,Tree,10,Oct,True,False
Eucalyptus molyneuxii,,Not Assessed,False,native,Tree,11,Nov,True,False
Eucalyptus molyneuxii,,Not Assessed,False,native,Tree,12,Dec,False,False
Eucalyptus obliqua,Messmate Stringybark,Not Assessed,False,native,Tree,1,Jan,True,True
Eucalyptus obliqua,Messmate Stringybark,Not Assessed,False,native,Tree,2,Feb,True,True
Eucalyptus obliqua,Messmate Stringybark,Not Assessed,False,native,Tree,3,Mar,True,True
Eucalyptus obliqua,Messmate Stringybark,Not Assessed,False,native,Tree,4,Apr,False,True
Eucalyptus obliqua,Messmate Stringybark,Not Assessed,False,native,Tree,5,May,True,True
Eucalyptus obliqua,Messmate Stringybark,Not Assessed,False,native,Tree,6,Jun,True,True
Eucalyptus obliqua,Messmate Stringybark,Not Assessed,False,native,Tree,7,Jul,False,True
Eucalyptus obliqua,Messmate Stringybark,Not Assessed,False,native,Tree,8,Aug,False,True
Eucalyptus obliqua,Messmate Stringybark,Not Assessed,False,native,Tree,9,Sep,True,True
Eucalyptus obliqua,Messmate Stringybark,Not Assessed,False,native,Tree,10,Oct,True,True
Eucalyptus obliqua,Messmate Stringybark,Not Assessed,False,native,Tree,11,Nov,False,True
Eucalyptus obliqua,Messmate Stringybark,Not Assessed,False,native,Tree,12,Dec,True,True
Eucalyptus ovata,Swamp Gum,Not Assessed,False,native,Tree,1,Jan,False,False
Eucalyptus ovata,Swamp Gum,Not Assessed,False,native,Tree,2,Feb,False,False
Eucalyptus ovata,Swamp Gum,Not Assessed,False,native,Tree,3,Mar,True,False
Eucalyptus ovata,Swamp Gum,Not Assessed,False,native,Tree,4,Apr,True,False
Eucalyptus ovata,Swamp Gum,Not Assessed,False,native,Tree,5,May,False,False
Eucalyptus ovata,Swamp Gum,Not Assessed,False,native,Tree,6,Jun,True,False
Eucalyptus ovata,Swamp Gum,Not Assessed,False,native,Tree,7,Jul,True,False
Eucalyptus ovata,Swamp Gum,Not Assessed,False,native,Tree,8,Aug,True,False
Eucalyptus ovata,Swamp Gum,Not Assessed,False,native,Tree,9,Sep,True,False
Eucalyptus ovata,Swamp Gum,Not Assessed,False,native,Tree,10,Oct,True,False
Eucalyptus ovata,Swamp Gum,Not Assessed,False,native,Tree,11,Nov,True,False
Eucalyptus ovata,Swamp Gum,Not Assessed,False,native,Tree,12,Dec,False,False
Eucalyptus ovata subsp. ovata,Swamp Gum,Not Assessed,False,native,Tree,1,Jan,False,False
Eucalyptus ovata subsp. ovata,Swamp Gum,Not Assessed,False,native,Tree,2,Feb,False,False
Eucalyptus ovata subsp. ovata,Swamp Gum,Not Assessed,False,native,Tree,3,Mar,True,False
Eucalyptus ovata subsp. ovata,Swamp Gum,Not Assessed,False,native,Tree,4,Apr,True,False
Eucalyptus ovata subsp. ovata,Swamp Gum,Not Assessed,False,native,Tree,5,May,False,False
Eucalyptus ovata subsp. ovata,Swamp Gum,Not Assessed,False,native,Tree,6,Jun,True,False
Eucalyptus ovata subsp. ovata,Swamp Gum,Not Assessed,False,native,Tree,7,Jul,True,False
Eucalyptus ovata subsp. ovata,Swamp Gum,Not Assessed,False,native,Tree,8,Aug,True,False
Eucalyptus ovata subsp. ovata,Swamp Gum,Not Assessed,False,native,Tree,9,Sep,True,False
Eucalyptus ovata subsp. ovata,Swamp Gum,Not Assessed,False,native,Tree,10,Oct,True,False
Eucalyptus ovata subsp. ovata,Swamp Gum,Not Assessed,False,native,Tree,11,Nov,True,False
Eucalyptus ovata subsp. ovata,Swamp Gum,Not Assessed,False,native,Tree,12,Dec,False,False
Eucalyptus pauciflora,Snow Gum,Not Assessed,False,native,Tree,1,Jan,True,True
Eucalyptus pauciflora,Snow Gum,Not Assessed,False,native,Tree,2,Feb,True,True
Eucalyptus pauciflora,Snow Gum,Not Assessed,False,native,Tree,3,Mar,False,True
Eucalyptus pauciflora,Snow Gum,Not Assessed,False,native,Tree,4,Apr,True,True
Eucalyptus pauciflora,Snow Gum,Not Assessed,False,native,Tree,5,May,False,True
Eucalyptus pauciflora,Snow Gum,Not Assessed,False,native,Tree,6,Jun,False,True
Eucalyptus pauciflora,Snow Gum,Not Assessed,False,native,Tree,7,Jul,False,True
Eucalyptus pauciflora,Snow Gum,Not Assessed,False,native,Tree,8,Aug,True,True
Eucalyptus pauciflora,Snow Gum,Not Assessed,False,native,Tree,9,Sep,False,True
Eucalyptus pauciflora,Snow Gum,Not Assessed,False,native,Tree,10,Oct,True,True
Eucalyptus pauciflora,Snow Gum,Not Assessed,False,native,Tree,11,Nov,True,True
Eucalyptus pauciflora,Snow Gum,Not Assessed,False,native,Tree,12,Dec,True,True
Eucalyptus perriniana,Spinning Gum,Not Assessed,False,native,Tree,1,Jan,True,False
Eucalyptus perriniana,Spinning Gum,Not Assessed,False,native,Tree,2,Feb,True,False
Eucalyptus perriniana,Spinning Gum,Not Assessed,False,native,Tree,3,Mar,True,False
Eucalyptus perriniana,Spinning Gum,Not Assessed,False,native,Tree,4,Apr,False,False
Eucalyptus perriniana,Spinning Gum,Not Assessed,False,native,Tree,5,May,False,False
Eucalyptus perriniana,Spinning Gum,Not Assessed,False,native,Tree,6,Jun,False,False
Eucalyptus perriniana,Spinning Gum,Not Assessed,False,native,Tree,7,Jul,False,False
Eucalyptus perriniana,Spinning Gum,Not Assessed,False,native,Tree,8,Aug,False,False
Eucalyptus perriniana,Spinning Gum,Not Assessed,False,native,Tree,9,Sep,False,False
Eucalyptus perriniana,Spinning Gum,Not Assessed,False,native,Tree,10,Oct,False,False
Eucalyptus perriniana,Spinning Gum,Not Assessed,False,native,Tree,11,Nov,False,False
Eucalyptus perriniana,Spinning Gum,Not Assessed,False,native,Tree,12,Dec,False,False
Eucalyptus phenax,,Not Assessed,False,native,Herb,1,Jan,True,False
Eucalyptus phenax,,Not Assessed,False,native,Herb,2,Feb,True,False
Eucalyptus phenax,,Not Assessed,False,native,Herb,3,Mar,True,False
Eucalyptus phenax,,Not Assessed,False,native,Herb,4,Apr,True,False
Eucalyptus phenax,,Not Assessed,False,native,Herb,5,May,True,False
Eucalyptus phenax,,Not Assessed,False,native,Herb,6,Jun,False,False
Eucalyptus phenax,,Not Assessed,False,native,Herb,7,Jul,False,False
Eucalyptus phenax,,Not Assessed,False,native,Herb,8,Aug,False,False
Eucalyptus phenax,,Not Assessed,False,native,Herb,9,Sep,False,False
Eucalyptus phenax,,Not Assessed,False,native,Herb,10,Oct,True,False
Eucalyptus phenax,,Not Assessed,False,native,Herb,11,Nov,True,False
Eucalyptus phenax,,Not Assessed,False,native,Herb,12,Dec,True,False
Eucalyptus phenax subsp. phenax,Green-leaf Mallee,Not Assessed,False,native,Herb,1,Jan,True,False
Eucalyptus phenax subsp. phenax,Green-leaf Mallee,Not Assessed,False,native,Herb,2,Feb,True,False
Eucalyptus phenax subsp. phenax,Green-leaf Mallee,Not Assessed,False,native,Herb,3,Mar,True,False
Eucalyptus phenax subsp. phenax,Green-leaf Mallee,Not Assessed,False,native,Herb,4,Apr,True,False
Eucalyptus phenax subsp. phenax,Green-leaf Mallee,Not Assessed,False,native,Herb,5,May,True,False
Eucalyptus phenax subsp. phenax,Green-leaf Mallee,Not Assessed,False,native,Herb,6,Jun,False,False
Eucalyptus phenax subsp. phenax,Green-leaf Mallee,Not Assessed,False,native,Herb,7,Jul,False,False
Eucalyptus phenax subsp. phenax,Green-leaf Mallee,Not Assessed,False,native,Herb,8,Aug,False,False
Eucalyptus phenax subsp. phenax,Green-leaf Mallee,Not Assessed,False,native,Herb,9,Sep,False,False
Eucalyptus phenax subsp. phenax,Green-leaf Mallee,Not Assessed,False,native,Herb,10,Oct,True,False
Eucalyptus phenax subsp. phenax,Green-leaf Mallee,Not Assessed,False,native,Herb,11,Nov,True,False
Eucalyptus phenax subsp. phenax,Green-leaf Mallee,Not Assessed,False,native,Herb,12,Dec,True,False
Eucalyptus polyanthemos,Red Box,Not Assessed,False,native,Tree,1,Jan,True,False
Eucalyptus polyanthemos,Red Box,Not Assessed,False,native,Tree,2,Feb,False,False
Eucalyptus polyanthemos,Red Box,Not Assessed,False,native,Tree,3,Mar,False,False
Eucalyptus polyanthemos,Red Box,Not Assessed,False,native,Tree,4,Apr,False,False
Eucalyptus polyanthemos,Red Box,Not Assessed,False,native,Tree,5,May,False,False
Eucalyptus polyanthemos,Red Box,Not Assessed,False,native,Tree,6,Jun,True,False
Eucalyptus polyanthemos,Red Box,Not Assessed,False,native,Tree,7,Jul,True,False
Eucalyptus polyanthemos,Red Box,Not Assessed,False,native,Tree,8,Aug,True,False
Eucalyptus polyanthemos,Red Box,Not Assessed,False,native,Tree,9,Sep,True,False
Eucalyptus polyanthemos,Red Box,Not Assessed,False,native,Tree,10,Oct,True,False
Eucalyptus polyanthemos,Red Box,Not Assessed,False,native,Tree,11,Nov,True,False
Eucalyptus polyanthemos,Red Box,Not Assessed,False,native,Tree,12,Dec,True,False
Eucalyptus radiata,Narrow-leaf Peppermint,Not Assessed,False,native,Tree,1,Jan,True,False
Eucalyptus radiata,Narrow-leaf Peppermint,Not Assessed,False,native,Tree,2,Feb,True,False
Eucalyptus radiata,Narrow-leaf Peppermint,Not Assessed,False,native,Tree,3,Mar,False,False
Eucalyptus radiata,Narrow-leaf Peppermint,Not Assessed,False,native,Tree,4,Apr,False,False
Eucalyptus radiata,Narrow-leaf Peppermint,Not Assessed,False,native,Tree,5,May,False,False
Eucalyptus radiata,Narrow-leaf Peppermint,Not Assessed,False,native,Tree,6,Jun,False,False
Eucalyptus radiata,Narrow-leaf Peppermint,Not Assessed,False,native,Tree,7,Jul,False,False
Eucalyptus radiata,Narrow-leaf Peppermint,Not Assessed,False,native,Tree,8,Aug,False,False
Eucalyptus radiata,Narrow-leaf Peppermint,Not Assessed,False,native,Tree,9,Sep,False,False
Eucalyptus radiata,Narrow-leaf Peppermint,Not Assessed,False,native,Tree,10,Oct,True,False
Eucalyptus radiata,Narrow-leaf Peppermint,Not Assessed,False,native,Tree,11,Nov,True,False
Eucalyptus radiata,Narrow-leaf Peppermint,Not Assessed,False,native,Tree,12,Dec,True,False
Eucalyptus radiata subsp. radiata,Narrow-leaved Peppermint,Not Assessed,False,native,Tree,1,Jan,True,False
Eucalyptus radiata subsp. radiata,Narrow-leaved Peppermint,Not Assessed,False,native,Tree,2,Feb,True,False
Eucalyptus radiata subsp. radiata,Narrow-leaved Peppermint,Not Assessed,False,native,Tree,3,Mar,False,False
Eucalyptus radiata subsp. radiata,Narrow-leaved Peppermint,Not Assessed,False,native,Tree,4,Apr,False,False
Eucalyptus radiata subsp. radiata,Narrow-leaved Peppermint,Not Assessed,False,native,Tree,5,May,False,False
Eucalyptus radiata subsp. radiata,Narrow-leaved Peppermint,Not Assessed,False,native,Tree,6,Jun,False,False
Eucalyptus radiata subsp. radiata,Narrow-leaved Peppermint,Not Assessed,False,native,Tree,7,Jul,False,False
Eucalyptus radiata subsp. radiata,Narrow-leaved Peppermint,Not Assessed,False,native,Tree,8,Aug,False,False
Eucalyptus radiata subsp. radiata,Narrow-leaved Peppermint,Not Assessed,False,native,Tree,9,Sep,False,False
Eucalyptus radiata subsp. radiata,Narrow-leaved Peppermint,Not Assessed,False,native,Tree,10,Oct,True,False
Eucalyptus radiata subsp. radiata,Narrow-leaved Peppermint,Not Assessed,False,native,Tree,11,Nov,True,False
Eucalyptus radiata subsp. radiata,Narrow-leaved Peppermint,Not Assessed,False,native,Tree,12,Dec,True,False
Eucalyptus tricarpa,Ironbark,Not Assessed,False,native,Tree,1,Jan,True,False
Eucalyptus tricarpa,Ironbark,Not Assessed,False,native,Tree,2,Feb,True,False
Eucalyptus tricarpa,Ironbark,Not Assessed,False,native,Tree,3,Mar,True,False
Eucalyptus tricarpa,Ironbark,Not Assessed,False,native,Tree,4,Apr,True,False
Eucalyptus tricarpa,Ironbark,Not Assessed,False,native,Tree,5,May,False,False
Eucalyptus tricarpa,Ironbark,Not Assessed,False,native,Tree,6,Jun,True,False
Eucalyptus tricarpa,Ironbark,Not Assessed,False,native,Tree,7,Jul,True,False
Eucalyptus tricarpa,Ironbark,Not Assessed,False,native,Tree,8,Aug,True,False
Eucalyptus tricarpa,Ironbark,Not Assessed,False,native,Tree,9,Sep,True,False
Eucalyptus tricarpa,Ironbark,Not Assessed,False,native,Tree,10,Oct,True,False
Eucalyptus tricarpa,Ironbark,Not Assessed,False,native,Tree,11,Nov,True,False
Eucalyptus tricarpa,Ironbark,Not Assessed,False,native,Tree,12,Dec,True,False
Eucalyptus tricarpa subsp. tricarpa,Red Ironbark,Not Assessed,False,native,Tree,1,Jan,True,False
Eucalyptus tricarpa subsp. tricarpa,Red Ironbark,Not Assessed,False,native,Tree,2,Feb,True,False
Eucalyptus tricarpa subsp. tricarpa,Red Ironbark,Not Assessed,False,native,Tree,3,Mar,True,False
Eucalyptus tricarpa subsp. tricarpa,Red Ironbark,Not Assessed,False,native,Tree,4,Apr,True,False
Eucalyptus tricarpa subsp. tricarpa,Red Ironbark,Not Assessed,False,native,Tree,5,May,False,False
Eucalyptus tricarpa subsp. tricarpa,Red Ironbark,Not Assessed,False,native,Tree,6,Jun,True,False
Eucalyptus tricarpa subsp. tricarpa,Red Ironbark,Not Assessed,False,native,Tree,7,Jul,True,False
Eucalyptus tricarpa subsp. tricarpa,Red Ironbark,Not Assessed,False,native,Tree,8,Aug,True,False
Eucalyptus tricarpa subsp. tricarpa,Red Ironbark,Not Assessed,False,native,Tree,9,Sep,True,False
Eucalyptus tricarpa subsp. tricarpa,Red Ironbark,Not Assessed,False,native,Tree,10,Oct,True,False
Eucalyptus tricarpa subsp. tricarpa,Red Ironbark,Not Assessed,False,native,Tree,11,Nov,True,False
Eucalyptus tricarpa subsp. tricarpa,Red Ironbark,Not Assessed,False,native,Tree,12,Dec,True,False
Eucalyptus viminalis,Manna Gum | Ribbon Gum,Not Assessed,False,native,Tree,1,Jan,True,False
Eucalyptus viminalis,Manna Gum | Ribbon Gum,Not Assessed,False,native,Tree,2,Feb,True,False
Eucalyptus viminalis,Manna Gum | Ribbon Gum,Not Assessed,False,native,Tree,3,Mar,True,False
Eucalyptus viminalis,Manna Gum | Ribbon Gum,Not Assessed,False,native,Tree,4,Apr,True,False
Eucalyptus viminalis,Manna Gum | Ribbon Gum,Not Assessed,False,native,Tree,5,May,True,False
Eucalyptus viminalis,Manna Gum | Ribbon Gum,Not Assessed,False,native,Tree,6,Jun,False,False
Eucalyptus viminalis,Manna Gum | Ribbon Gum,Not Assessed,False,native,Tree,7,Jul,False,False
Eucalyptus viminalis,Manna Gum | Ribbon Gum,Not Assessed,False,native,Tree,8,Aug,False,False
Eucalyptus viminalis,Manna Gum | Ribbon Gum,Not Assessed,False,native,Tree,9,Sep,False,False
Eucalyptus viminalis,Manna Gum | Ribbon Gum,Not Assessed,False,native,Tree,10,Oct,False,False
Eucalyptus viminalis,Manna Gum | Ribbon Gum,Not Assessed,False,native,Tree,11,Nov,True,False
Eucalyptus viminalis,Manna Gum | Ribbon Gum,Not Assessed,False,native,Tree,12,Dec,True,False
Eucalyptus viminalis subsp. pryoriana,Coast Manna-gum,Not Assessed,False,native,Tree,1,Jan,True,False
Eucalyptus viminalis subsp. pryoriana,Coast Manna-gum,Not Assessed,False,native,Tree,2,Feb,True,False
Eucalyptus viminalis subsp. pryoriana,Coast Manna-gum,Not Assessed,False,native,Tree,3,Mar,True,False
Eucalyptus viminalis subsp. pryoriana,Coast Manna-gum,Not Assessed,False,native,Tree,4,Apr,True,False
Eucalyptus viminalis subsp. pryoriana,Coast Manna-gum,Not Assessed,False,native,Tree,5,May,True,False
Eucalyptus viminalis subsp. pryoriana,Coast Manna-gum,Not Assessed,False,native,Tree,6,Jun,False,False
Eucalyptus viminalis subsp. pryoriana,Coast Manna-gum,Not Assessed,False,native,Tree,7,Jul,False,False
Eucalyptus viminalis subsp. pryoriana,Coast Manna-gum,Not Assessed,False,native,Tree,8,Aug,False,False
Eucalyptus viminalis subsp. pryoriana,Coast Manna-gum,Not Assessed,False,native,Tree,9,Sep,False,False
Eucalyptus viminalis subsp. pryoriana,Coast Manna-gum,Not Assessed,False,native,Tree,10,Oct,False,False
Eucalyptus viminalis subsp. pryoriana,Coast Manna-gum,Not Assessed,False,native,Tree,11,Nov,True,False
Eucalyptus viminalis subsp. pryoriana,Coast Manna-gum,Not Assessed,False,native,Tree,12,Dec,True,False
Eucalyptus viminalis subsp. viminalis,Manna Gum,Not Assessed,False,native,Tree,1,Jan,True,False
Eucalyptus viminalis subsp. viminalis,Manna Gum,Not Assessed,False,native,Tree,2,Feb,True,False
Eucalyptus viminalis subsp. viminalis,Manna Gum,Not Assessed,False,native,Tree,3,Mar,True,False
Eucalyptus viminalis subsp. viminalis,Manna Gum,Not Assessed,False,native,Tree,4,Apr,True,False
Eucalyptus viminalis subsp. viminalis,Manna Gum,Not Assessed,False,native,Tree,5,May,True,False
Eucalyptus viminalis subsp. viminalis,Manna Gum,Not Assessed,False,native,Tree,6,Jun,False,False
Eucalyptus viminalis subsp. viminalis,Manna Gum,Not Assessed,False,native,Tree,7,Jul,False,False
Eucalyptus viminalis subsp. viminalis,Manna Gum,Not Assessed,False,native,Tree,8,Aug,False,False
Eucalyptus viminalis subsp. viminalis,Manna Gum,Not Assessed,False,native,Tree,9,Sep,False,False
Eucalyptus viminalis subsp. viminalis,Manna Gum,Not Assessed,False,native,Tree,10,Oct,False,False
Eucalyptus viminalis subsp. viminalis,Manna Gum,Not Assessed,False,native,Tree,11,Nov,True,False
Eucalyptus viminalis subsp. viminalis,Manna Gum,Not Assessed,False,native,Tree,12,Dec,True,False
Eucalyptus yarraensis,Yarra Gum,Not Assessed,False,native,Tree,1,Jan,False,False
Eucalyptus yarraensis,Yarra Gum,Not Assessed,False,native,Tree,2,Feb,False,False
Eucalyptus yarraensis,Yarra Gum,Not Assessed,False,native,Tree,3,Mar,False,False
Eucalyptus yarraensis,Yarra Gum,Not Assessed,False,native,Tree,4,Apr,False,False
Eucalyptus yarraensis,Yarra Gum,Not Assessed,False,native,Tree,5,May,False,False
Eucalyptus yarraensis,Yarra Gum,Not Assessed,False,native,Tree,6,Jun,False,False
Eucalyptus yarraensis,Yarra Gum,Not Assessed,False,native,Tree,7,Jul,False,False
Eucalyptus yarraensis,Yarra Gum,Not Assessed,False,native,Tree,8,Aug,False,False
Eucalyptus yarraensis,Yarra Gum,Not Assessed,False,native,Tree,9,Sep,True,False
Eucalyptus yarraensis,Yarra Gum,Not Assessed,False,native,Tree,10,Oct,True,False
Eucalyptus yarraensis,Yarra Gum,Not Assessed,False,native,Tree,11,Nov,True,False
Eucalyptus yarraensis,Yarra Gum,Not Assessed,False,native,Tree,12,Dec,True,False
Eucalyptus ×studleyensis,,Not Assessed,False,native,,1,Jan,,False
Eucalyptus ×studleyensis,,Not Assessed,False,native,,2,Feb,,False
Eucalyptus ×studleyensis,,Not Assessed,False,native,,3,Mar,,False
Eucalyptus ×studleyensis,,Not Assessed,False,native,,4,Apr,,False
Eucalyptus ×studleyensis,,Not Assessed,False,native,,5,May,,False
Eucalyptus ×studleyensis,,Not Assessed,False,native,,6,Jun,,False
Eucalyptus ×studleyensis,,Not Assessed,False,native,,7,Jul,,False
Eucalyptus ×studleyensis,,Not Assessed,False,native,,8,Aug,,False
Eucalyptus ×studleyensis,,Not Assessed,False,native,,9,Sep,,False
Eucalyptus ×studleyensis,,Not Assessed,False,native,,10,Oct,,False
Eucalyptus ×studleyensis,,Not Assessed,False,native,,11,Nov,,False
Eucalyptus ×studleyensis,,Not Assessed,False,native,,12,Dec,,False
Euchiton involucratus,Common Cudweed,Not Assessed,False,native,Herb,1,Jan,True,False
Euchiton involucratus,Common Cudweed,Not Assessed,False,native,Herb,2,Feb,True,False
Euchiton involucratus,Common Cudweed,Not Assessed,False,native,Herb,3,Mar,True,False
Euchiton involucratus,Common Cudweed,Not Assessed,False,native,Herb,4,Apr,True,False
Euchiton involucratus,Common Cudweed,Not Assessed,False,native,Herb,5,May,True,False
Euchiton involucratus,Common Cudweed,Not Assessed,False,native,Herb,6,Jun,True,False
Euchiton involucratus,Common Cudweed,Not Assessed,False,native,Herb,7,Jul,True,False
Euchiton involucratus,Common Cudweed,Not Assessed,False,native,Herb,8,Aug,True,False
Euchiton involucratus,Common Cudweed,Not Assessed,False,native,Herb,9,Sep,True,False
Euchiton involucratus,Common Cudweed,Not Assessed,False,native,Herb,10,Oct,True,False
Euchiton involucratus,Common Cudweed,Not Assessed,False,native,Herb,11,Nov,True,False
Euchiton involucratus,Common Cudweed,Not Assessed,False,native,Herb,12,Dec,True,False
Euchiton japonicus,Clustered/creeping Cudweed,Not Assessed,False,native,Herb,1,Jan,True,False
Euchiton japonicus,Clustered/creeping Cudweed,Not Assessed,False,native,Herb,2,Feb,True,False
Euchiton japonicus,Clustered/creeping Cudweed,Not Assessed,False,native,Herb,3,Mar,True,False
Euchiton japonicus,Clustered/creeping Cudweed,Not Assessed,False,native,Herb,4,Apr,True,False
Euchiton japonicus,Clustered/creeping Cudweed,Not Assessed,False,native,Herb,5,May,True,False
Euchiton japonicus,Clustered/creeping Cudweed,Not Assessed,False,native,Herb,6,Jun,True,False
Euchiton japonicus,Clustered/creeping Cudweed,Not Assessed,False,native,Herb,7,Jul,True,False
Euchiton japonicus,Clustered/creeping Cudweed,Not Assessed,False,native,Herb,8,Aug,True,False
Euchiton japonicus,Clustered/creeping Cudweed,Not Assessed,False,native,Herb,9,Sep,True,False
Euchiton japonicus,Clustered/creeping Cudweed,Not Assessed,False,native,Herb,10,Oct,True,False
Euchiton japonicus,Clustered/creeping Cudweed,Not Assessed,False,native,Herb,11,Nov,True,False
Euchiton japonicus,Clustered/creeping Cudweed,Not Assessed,False,native,Herb,12,Dec,True,False
Euchiton sphaericus,Star Cudweed,Not Assessed,False,native,Herb,1,Jan,True,False
Euchiton sphaericus,Star Cudweed,Not Assessed,False,native,Herb,2,Feb,True,False
Euchiton sphaericus,Star Cudweed,Not Assessed,False,native,Herb,3,Mar,True,False
Euchiton sphaericus,Star Cudweed,Not Assessed,False,native,Herb,4,Apr,True,False
Euchiton sphaericus,Star Cudweed,Not Assessed,False,native,Herb,5,May,True,False
Euchiton sphaericus,Star Cudweed,Not Assessed,False,native,Herb,6,Jun,True,False
Euchiton sphaericus,Star Cudweed,Not Assessed,False,native,Herb,7,Jul,True,False
Euchiton sphaericus,Star Cudweed,Not Assessed,False,native,Herb,8,Aug,True,False
Euchiton sphaericus,Star Cudweed,Not Assessed,False,native,Herb,9,Sep,True,False
Euchiton sphaericus,Star Cudweed,Not Assessed,False,native,Herb,10,Oct,True,False
Euchiton sphaericus,Star Cudweed,Not Assessed,False,native,Herb,11,Nov,True,False
Euchiton sphaericus,Star Cudweed,Not Assessed,False,native,Herb,12,Dec,True,False
Euphorbia peplus,Petty Spurge,Use Caution,True,introduced,Herb,1,Jan,False,False
Euphorbia peplus,Petty Spurge,Use Caution,True,introduced,Herb,2,Feb,False,False
Euphorbia peplus,Petty Spurge,Use Caution,True,introduced,Herb,3,Mar,False,False
Euphorbia peplus,Petty Spurge,Use Caution,True,introduced,Herb,4,Apr,False,False
Euphorbia peplus,Petty Spurge,Use Caution,True,introduced,Herb,5,May,False,False
Euphorbia peplus,Petty Spurge,Use Caution,True,introduced,Herb,6,Jun,False,False
Euphorbia peplus,Petty Spurge,Use Caution,True,introduced,Herb,7,Jul,False,False
Euphorbia peplus,Petty Spurge,Use Caution,True,introduced,Herb,8,Aug,False,False
Euphorbia peplus,Petty Spurge,Use Caution,True,introduced,Herb,9,Sep,False,False
Euphorbia peplus,Petty Spurge,Use Caution,True,introduced,Herb,10,Oct,False,False
Euphorbia peplus,Petty Spurge,Use Caution,True,introduced,Herb,11,Nov,False,False
Euphorbia peplus,Petty Spurge,Use Caution,True,introduced,Herb,12,Dec,False,False
Exocarpos cupressiformis,Cherry Ballart; Ballee | Ballot,Not Assessed,False,native,Tree,1,Jan,True,False
Exocarpos cupressiformis,Cherry Ballart; Ballee | Ballot,Not Assessed,False,native,Tree,2,Feb,True,False
Exocarpos cupressiformis,Cherry Ballart; Ballee | Ballot,Not Assessed,False,native,Tree,3,Mar,True,False
Exocarpos cupressiformis,Cherry Ballart; Ballee | Ballot,Not Assessed,False,native,Tree,4,Apr,True,False
Exocarpos cupressiformis,Cherry Ballart; Ballee | Ballot,Not Assessed,False,native,Tree,5,May,True,False
Exocarpos cupressiformis,Cherry Ballart; Ballee | Ballot,Not Assessed,False,native,Tree,6,Jun,False,False
Exocarpos cupressiformis,Cherry Ballart; Ballee | Ballot,Not Assessed,False,native,Tree,7,Jul,False,False
Exocarpos cupressiformis,Cherry Ballart; Ballee | Ballot,Not Assessed,False,native,Tree,8,Aug,False,False
Exocarpos cupressiformis,Cherry Ballart; Ballee | Ballot,Not Assessed,False,native,Tree,9,Sep,False,False
Exocarpos cupressiformis,Cherry Ballart; Ballee | Ballot,Not Assessed,False,native,Tree,10,Oct,True,False
Exocarpos cupressiformis,Cherry Ballart; Ballee | Ballot,Not Assessed,False,native,Tree,11,Nov,True,False
Exocarpos cupressiformis,Cherry Ballart; Ballee | Ballot,Not Assessed,False,native,Tree,12,Dec,True,False
Festuca arundinacea,Tall Fescue,Reconsider Planting,True,introduced,,1,Jan,,False
Festuca arundinacea,Tall Fescue,Reconsider Planting,True,introduced,,2,Feb,,False
Festuca arundinacea,Tall Fescue,Reconsider Planting,True,introduced,,3,Mar,,False
Festuca arundinacea,Tall Fescue,Reconsider Planting,True,introduced,,4,Apr,,False
Festuca arundinacea,Tall Fescue,Reconsider Planting,True,introduced,,5,May,,False
Festuca arundinacea,Tall Fescue,Reconsider Planting,True,introduced,,6,Jun,,False
Festuca arundinacea,Tall Fescue,Reconsider Planting,True,introduced,,7,Jul,,False
Festuca arundinacea,Tall Fescue,Reconsider Planting,True,introduced,,8,Aug,,False
Festuca arundinacea,Tall Fescue,Reconsider Planting,True,introduced,,9,Sep,,False
Festuca arundinacea,Tall Fescue,Reconsider Planting,True,introduced,,10,Oct,,False
Festuca arundinacea,Tall Fescue,Reconsider Planting,True,introduced,,11,Nov,,False
Festuca arundinacea,Tall Fescue,Reconsider Planting,True,introduced,,12,Dec,,False
Festuca rubra,Red Fescue | Creeping Fescue,Use Caution,True,introduced,Grass,1,Jan,False,False
Festuca rubra,Red Fescue | Creeping Fescue,Use Caution,True,introduced,Grass,2,Feb,False,False
Festuca rubra,Red Fescue | Creeping Fescue,Use Caution,True,introduced,Grass,3,Mar,False,False
Festuca rubra,Red Fescue | Creeping Fescue,Use Caution,True,introduced,Grass,4,Apr,False,False
Festuca rubra,Red Fescue | Creeping Fescue,Use Caution,True,introduced,Grass,5,May,False,False
Festuca rubra,Red Fescue | Creeping Fescue,Use Caution,True,introduced,Grass,6,Jun,False,False
Festuca rubra,Red Fescue | Creeping Fescue,Use Caution,True,introduced,Grass,7,Jul,False,False
Festuca rubra,Red Fescue | Creeping Fescue,Use Caution,True,introduced,Grass,8,Aug,False,False
Festuca rubra,Red Fescue | Creeping Fescue,Use Caution,True,introduced,Grass,9,Sep,True,False
Festuca rubra,Red Fescue | Creeping Fescue,Use Caution,True,introduced,Grass,10,Oct,True,False
Festuca rubra,Red Fescue | Creeping Fescue,Use Caution,True,introduced,Grass,11,Nov,True,False
Festuca rubra,Red Fescue | Creeping Fescue,Use Caution,True,introduced,Grass,12,Dec,False,False
Ficinia marginata,Little Club-sedge,Not Assessed,False,native,,1,Jan,,False
Ficinia marginata,Little Club-sedge,Not Assessed,False,native,,2,Feb,,False
Ficinia marginata,Little Club-sedge,Not Assessed,False,native,,3,Mar,,False
Ficinia marginata,Little Club-sedge,Not Assessed,False,native,,4,Apr,,False
Ficinia marginata,Little Club-sedge,Not Assessed,False,native,,5,May,,False
Ficinia marginata,Little Club-sedge,Not Assessed,False,native,,6,Jun,,False
Ficinia marginata,Little Club-sedge,Not Assessed,False,native,,7,Jul,,False
Ficinia marginata,Little Club-sedge,Not Assessed,False,native,,8,Aug,,False
Ficinia marginata,Little Club-sedge,Not Assessed,False,native,,9,Sep,,False
Ficinia marginata,Little Club-sedge,Not Assessed,False,native,,10,Oct,,False
Ficinia marginata,Little Club-sedge,Not Assessed,False,native,,11,Nov,,False
Ficinia marginata,Little Club-sedge,Not Assessed,False,native,,12,Dec,,False
Fissidens leptocladus,Limestone Pocket-moss,Not Assessed,False,native,,1,Jan,,False
Fissidens leptocladus,Limestone Pocket-moss,Not Assessed,False,native,,2,Feb,,False
Fissidens leptocladus,Limestone Pocket-moss,Not Assessed,False,native,,3,Mar,,False
Fissidens leptocladus,Limestone Pocket-moss,Not Assessed,False,native,,4,Apr,,False
Fissidens leptocladus,Limestone Pocket-moss,Not Assessed,False,native,,5,May,,False
Fissidens leptocladus,Limestone Pocket-moss,Not Assessed,False,native,,6,Jun,,False
Fissidens leptocladus,Limestone Pocket-moss,Not Assessed,False,native,,7,Jul,,False
Fissidens leptocladus,Limestone Pocket-moss,Not Assessed,False,native,,8,Aug,,False
Fissidens leptocladus,Limestone Pocket-moss,Not Assessed,False,native,,9,Sep,,False
Fissidens leptocladus,Limestone Pocket-moss,Not Assessed,False,native,,10,Oct,,False
Fissidens leptocladus,Limestone Pocket-moss,Not Assessed,False,native,,11,Nov,,False
Fissidens leptocladus,Limestone Pocket-moss,Not Assessed,False,native,,12,Dec,,False
Fissidens taylorii,Pygmy Pocket-moss,Not Assessed,False,native,,1,Jan,,False
Fissidens taylorii,Pygmy Pocket-moss,Not Assessed,False,native,,2,Feb,,False
Fissidens taylorii,Pygmy Pocket-moss,Not Assessed,False,native,,3,Mar,,False
Fissidens taylorii,Pygmy Pocket-moss,Not Assessed,False,native,,4,Apr,,False
Fissidens taylorii,Pygmy Pocket-moss,Not Assessed,False,native,,5,May,,False
Fissidens taylorii,Pygmy Pocket-moss,Not Assessed,False,native,,6,Jun,,False
Fissidens taylorii,Pygmy Pocket-moss,Not Assessed,False,native,,7,Jul,,False
Fissidens taylorii,Pygmy Pocket-moss,Not Assessed,False,native,,8,Aug,,False
Fissidens taylorii,Pygmy Pocket-moss,Not Assessed,False,native,,9,Sep,,False
Fissidens taylorii,Pygmy Pocket-moss,Not Assessed,False,native,,10,Oct,,False
Fissidens taylorii,Pygmy Pocket-moss,Not Assessed,False,native,,11,Nov,,False
Fissidens taylorii,Pygmy Pocket-moss,Not Assessed,False,native,,12,Dec,,False
Foeniculum vulgare,Fennel,Reconsider Planting,True,introduced,Herb,1,Jan,True,False
Foeniculum vulgare,Fennel,Reconsider Planting,True,introduced,Herb,2,Feb,False,False
Foeniculum vulgare,Fennel,Reconsider Planting,True,introduced,Herb,3,Mar,False,False
Foeniculum vulgare,Fennel,Reconsider Planting,True,introduced,Herb,4,Apr,False,False
Foeniculum vulgare,Fennel,Reconsider Planting,True,introduced,Herb,5,May,False,False
Foeniculum vulgare,Fennel,Reconsider Planting,True,introduced,Herb,6,Jun,False,False
Foeniculum vulgare,Fennel,Reconsider Planting,True,introduced,Herb,7,Jul,False,False
Foeniculum vulgare,Fennel,Reconsider Planting,True,introduced,Herb,8,Aug,False,False
Foeniculum vulgare,Fennel,Reconsider Planting,True,introduced,Herb,9,Sep,True,False
Foeniculum vulgare,Fennel,Reconsider Planting,True,introduced,Herb,10,Oct,True,False
Foeniculum vulgare,Fennel,Reconsider Planting,True,introduced,Herb,11,Nov,True,False
Foeniculum vulgare,Fennel,Reconsider Planting,True,introduced,Herb,12,Dec,True,False
Fraxinus angustifolia,Desert Ash,Reconsider Planting,True,introduced,Tree,1,Jan,,False
Fraxinus angustifolia,Desert Ash,Reconsider Planting,True,introduced,Tree,2,Feb,,False
Fraxinus angustifolia,Desert Ash,Reconsider Planting,True,introduced,Tree,3,Mar,,False
Fraxinus angustifolia,Desert Ash,Reconsider Planting,True,introduced,Tree,4,Apr,,False
Fraxinus angustifolia,Desert Ash,Reconsider Planting,True,introduced,Tree,5,May,,False
Fraxinus angustifolia,Desert Ash,Reconsider Planting,True,introduced,Tree,6,Jun,,False
Fraxinus angustifolia,Desert Ash,Reconsider Planting,True,introduced,Tree,7,Jul,,False
Fraxinus angustifolia,Desert Ash,Reconsider Planting,True,introduced,Tree,8,Aug,,False
Fraxinus angustifolia,Desert Ash,Reconsider Planting,True,introduced,Tree,9,Sep,,False
Fraxinus angustifolia,Desert Ash,Reconsider Planting,True,introduced,Tree,10,Oct,,False
Fraxinus angustifolia,Desert Ash,Reconsider Planting,True,introduced,Tree,11,Nov,,False
Fraxinus angustifolia,Desert Ash,Reconsider Planting,True,introduced,Tree,12,Dec,,False
Fumaria bastardii,Bastard's Fumitory,Use Caution,True,introduced,Herb,1,Jan,False,False
Fumaria bastardii,Bastard's Fumitory,Use Caution,True,introduced,Herb,2,Feb,False,False
Fumaria bastardii,Bastard's Fumitory,Use Caution,True,introduced,Herb,3,Mar,False,False
Fumaria bastardii,Bastard's Fumitory,Use Caution,True,introduced,Herb,4,Apr,False,False
Fumaria bastardii,Bastard's Fumitory,Use Caution,True,introduced,Herb,5,May,False,False
Fumaria bastardii,Bastard's Fumitory,Use Caution,True,introduced,Herb,6,Jun,False,False
Fumaria bastardii,Bastard's Fumitory,Use Caution,True,introduced,Herb,7,Jul,False,False
Fumaria bastardii,Bastard's Fumitory,Use Caution,True,introduced,Herb,8,Aug,False,False
Fumaria bastardii,Bastard's Fumitory,Use Caution,True,introduced,Herb,9,Sep,True,False
Fumaria bastardii,Bastard's Fumitory,Use Caution,True,introduced,Herb,10,Oct,False,False
Fumaria bastardii,Bastard's Fumitory,Use Caution,True,introduced,Herb,11,Nov,False,False
Fumaria bastardii,Bastard's Fumitory,Use Caution,True,introduced,Herb,12,Dec,False,False
Fumaria capreolata,White Fumitory,Reconsider Planting,True,introduced,Herb,1,Jan,True,False
Fumaria capreolata,White Fumitory,Reconsider Planting,True,introduced,Herb,2,Feb,True,False
Fumaria capreolata,White Fumitory,Reconsider Planting,True,introduced,Herb,3,Mar,False,False
Fumaria capreolata,White Fumitory,Reconsider Planting,True,introduced,Herb,4,Apr,False,False
Fumaria capreolata,White Fumitory,Reconsider Planting,True,introduced,Herb,5,May,False,False
Fumaria capreolata,White Fumitory,Reconsider Planting,True,introduced,Herb,6,Jun,False,False
Fumaria capreolata,White Fumitory,Reconsider Planting,True,introduced,Herb,7,Jul,False,False
Fumaria capreolata,White Fumitory,Reconsider Planting,True,introduced,Herb,8,Aug,False,False
Fumaria capreolata,White Fumitory,Reconsider Planting,True,introduced,Herb,9,Sep,True,False
Fumaria capreolata,White Fumitory,Reconsider Planting,True,introduced,Herb,10,Oct,True,False
Fumaria capreolata,White Fumitory,Reconsider Planting,True,introduced,Herb,11,Nov,True,False
Fumaria capreolata,White Fumitory,Reconsider Planting,True,introduced,Herb,12,Dec,True,False
Funaria hygrometrica,Common Cord-moss,Not Assessed,False,native,,1,Jan,,False
Funaria hygrometrica,Common Cord-moss,Not Assessed,False,native,,2,Feb,,False
Funaria hygrometrica,Common Cord-moss,Not Assessed,False,native,,3,Mar,,False
Funaria hygrometrica,Common Cord-moss,Not Assessed,False,native,,4,Apr,,False
Funaria hygrometrica,Common Cord-moss,Not Assessed,False,native,,5,May,,False
Funaria hygrometrica,Common Cord-moss,Not Assessed,False,native,,6,Jun,,False
Funaria hygrometrica,Common Cord-moss,Not Assessed,False,native,,7,Jul,,False
Funaria hygrometrica,Common Cord-moss,Not Assessed,False,native,,8,Aug,,False
Funaria hygrometrica,Common Cord-moss,Not Assessed,False,native,,9,Sep,,False
Funaria hygrometrica,Common Cord-moss,Not Assessed,False,native,,10,Oct,,False
Funaria hygrometrica,Common Cord-moss,Not Assessed,False,native,,11,Nov,,False
Funaria hygrometrica,Common Cord-moss,Not Assessed,False,native,,12,Dec,,False
Gahnia radula,Thatch Saw-sedge,Not Assessed,False,native,Herb,1,Jan,True,False
Gahnia radula,Thatch Saw-sedge,Not Assessed,False,native,Herb,2,Feb,True,False
Gahnia radula,Thatch Saw-sedge,Not Assessed,False,native,Herb,3,Mar,False,False
Gahnia radula,Thatch Saw-sedge,Not Assessed,False,native,Herb,4,Apr,False,False
Gahnia radula,Thatch Saw-sedge,Not Assessed,False,native,Herb,5,May,False,False
Gahnia radula,Thatch Saw-sedge,Not Assessed,False,native,Herb,6,Jun,False,False
Gahnia radula,Thatch Saw-sedge,Not Assessed,False,native,Herb,7,Jul,False,False
Gahnia radula,Thatch Saw-sedge,Not Assessed,False,native,Herb,8,Aug,False,False
Gahnia radula,Thatch Saw-sedge,Not Assessed,False,native,Herb,9,Sep,True,False
Gahnia radula,Thatch Saw-sedge,Not Assessed,False,native,Herb,10,Oct,True,False
Gahnia radula,Thatch Saw-sedge,Not Assessed,False,native,Herb,11,Nov,True,False
Gahnia radula,Thatch Saw-sedge,Not Assessed,False,native,Herb,12,Dec,True,False
Gahnia sieberiana,Red-fruit Saw-sedge,Not Assessed,False,native,Grass,1,Jan,True,False
Gahnia sieberiana,Red-fruit Saw-sedge,Not Assessed,False,native,Grass,2,Feb,True,False
Gahnia sieberiana,Red-fruit Saw-sedge,Not Assessed,False,native,Grass,3,Mar,False,False
Gahnia sieberiana,Red-fruit Saw-sedge,Not Assessed,False,native,Grass,4,Apr,False,False
Gahnia sieberiana,Red-fruit Saw-sedge,Not Assessed,False,native,Grass,5,May,False,False
Gahnia sieberiana,Red-fruit Saw-sedge,Not Assessed,False,native,Grass,6,Jun,False,False
Gahnia sieberiana,Red-fruit Saw-sedge,Not Assessed,False,native,Grass,7,Jul,False,False
Gahnia sieberiana,Red-fruit Saw-sedge,Not Assessed,False,native,Grass,8,Aug,False,False
Gahnia sieberiana,Red-fruit Saw-sedge,Not Assessed,False,native,Grass,9,Sep,True,False
Gahnia sieberiana,Red-fruit Saw-sedge,Not Assessed,False,native,Grass,10,Oct,True,False
Gahnia sieberiana,Red-fruit Saw-sedge,Not Assessed,False,native,Grass,11,Nov,True,False
Gahnia sieberiana,Red-fruit Saw-sedge,Not Assessed,False,native,Grass,12,Dec,True,False
Galinsoga parviflora,Gallant Soldier | Potato Weed,Use Caution,True,introduced,Herb,1,Jan,True,False
Galinsoga parviflora,Gallant Soldier | Potato Weed,Use Caution,True,introduced,Herb,2,Feb,True,False
Galinsoga parviflora,Gallant Soldier | Potato Weed,Use Caution,True,introduced,Herb,3,Mar,False,False
Galinsoga parviflora,Gallant Soldier | Potato Weed,Use Caution,True,introduced,Herb,4,Apr,False,False
Galinsoga parviflora,Gallant Soldier | Potato Weed,Use Caution,True,introduced,Herb,5,May,True,False
Galinsoga parviflora,Gallant Soldier | Potato Weed,Use Caution,True,introduced,Herb,6,Jun,True,False
Galinsoga parviflora,Gallant Soldier | Potato Weed,Use Caution,True,introduced,Herb,7,Jul,True,False
Galinsoga parviflora,Gallant Soldier | Potato Weed,Use Caution,True,introduced,Herb,8,Aug,False,False
Galinsoga parviflora,Gallant Soldier | Potato Weed,Use Caution,True,introduced,Herb,9,Sep,True,False
Galinsoga parviflora,Gallant Soldier | Potato Weed,Use Caution,True,introduced,Herb,10,Oct,True,False
Galinsoga parviflora,Gallant Soldier | Potato Weed,Use Caution,True,introduced,Herb,11,Nov,True,False
Galinsoga parviflora,Gallant Soldier | Potato Weed,Use Caution,True,introduced,Herb,12,Dec,True,False
Galium aparine,Cleavers,Reconsider Planting,True,introduced,Herb,1,Jan,True,False
Galium aparine,Cleavers,Reconsider Planting,True,introduced,Herb,2,Feb,False,False
Galium aparine,Cleavers,Reconsider Planting,True,introduced,Herb,3,Mar,False,False
Galium aparine,Cleavers,Reconsider Planting,True,introduced,Herb,4,Apr,False,False
Galium aparine,Cleavers,Reconsider Planting,True,introduced,Herb,5,May,False,False
Galium aparine,Cleavers,Reconsider Planting,True,introduced,Herb,6,Jun,False,False
Galium aparine,Cleavers,Reconsider Planting,True,introduced,Herb,7,Jul,False,False
Galium aparine,Cleavers,Reconsider Planting,True,introduced,Herb,8,Aug,True,False
Galium aparine,Cleavers,Reconsider Planting,True,introduced,Herb,9,Sep,True,False
Galium aparine,Cleavers,Reconsider Planting,True,introduced,Herb,10,Oct,True,False
Galium aparine,Cleavers,Reconsider Planting,True,introduced,Herb,11,Nov,True,False
Galium aparine,Cleavers,Reconsider Planting,True,introduced,Herb,12,Dec,True,False
Galium gaudichaudii,Rough Bedstraw,Not Assessed,False,native,Herb,1,Jan,False,False
Galium gaudichaudii,Rough Bedstraw,Not Assessed,False,native,Herb,2,Feb,False,False
Galium gaudichaudii,Rough Bedstraw,Not Assessed,False,native,Herb,3,Mar,False,False
Galium gaudichaudii,Rough Bedstraw,Not Assessed,False,native,Herb,4,Apr,False,False
Galium gaudichaudii,Rough Bedstraw,Not Assessed,False,native,Herb,5,May,False,False
Galium gaudichaudii,Rough Bedstraw,Not Assessed,False,native,Herb,6,Jun,False,False
Galium gaudichaudii,Rough Bedstraw,Not Assessed,False,native,Herb,7,Jul,False,False
Galium gaudichaudii,Rough Bedstraw,Not Assessed,False,native,Herb,8,Aug,True,False
Galium gaudichaudii,Rough Bedstraw,Not Assessed,False,native,Herb,9,Sep,True,False
Galium gaudichaudii,Rough Bedstraw,Not Assessed,False,native,Herb,10,Oct,True,False
Galium gaudichaudii,Rough Bedstraw,Not Assessed,False,native,Herb,11,Nov,True,False
Galium gaudichaudii,Rough Bedstraw,Not Assessed,False,native,Herb,12,Dec,True,False
Galium gaudichaudii subsp. gaudichaudii,,Not Assessed,False,native,Herb,1,Jan,False,False
Galium gaudichaudii subsp. gaudichaudii,,Not Assessed,False,native,Herb,2,Feb,False,False
Galium gaudichaudii subsp. gaudichaudii,,Not Assessed,False,native,Herb,3,Mar,False,False
Galium gaudichaudii subsp. gaudichaudii,,Not Assessed,False,native,Herb,4,Apr,False,False
Galium gaudichaudii subsp. gaudichaudii,,Not Assessed,False,native,Herb,5,May,False,False
Galium gaudichaudii subsp. gaudichaudii,,Not Assessed,False,native,Herb,6,Jun,False,False
Galium gaudichaudii subsp. gaudichaudii,,Not Assessed,False,native,Herb,7,Jul,False,False
Galium gaudichaudii subsp. gaudichaudii,,Not Assessed,False,native,Herb,8,Aug,True,False
Galium gaudichaudii subsp. gaudichaudii,,Not Assessed,False,native,Herb,9,Sep,True,False
Galium gaudichaudii subsp. gaudichaudii,,Not Assessed,False,native,Herb,10,Oct,True,False
Galium gaudichaudii subsp. gaudichaudii,,Not Assessed,False,native,Herb,11,Nov,True,False
Galium gaudichaudii subsp. gaudichaudii,,Not Assessed,False,native,Herb,12,Dec,True,False
Gamochaeta americana,Cudweed,Use Caution,True,introduced,Herb,1,Jan,True,False
Gamochaeta americana,Cudweed,Use Caution,True,introduced,Herb,2,Feb,False,False
Gamochaeta americana,Cudweed,Use Caution,True,introduced,Herb,3,Mar,False,False
Gamochaeta americana,Cudweed,Use Caution,True,introduced,Herb,4,Apr,False,False
Gamochaeta americana,Cudweed,Use Caution,True,introduced,Herb,5,May,False,False
Gamochaeta americana,Cudweed,Use Caution,True,introduced,Herb,6,Jun,False,False
Gamochaeta americana,Cudweed,Use Caution,True,introduced,Herb,7,Jul,False,False
Gamochaeta americana,Cudweed,Use Caution,True,introduced,Herb,8,Aug,False,False
Gamochaeta americana,Cudweed,Use Caution,True,introduced,Herb,9,Sep,False,False
Gamochaeta americana,Cudweed,Use Caution,True,introduced,Herb,10,Oct,True,False
Gamochaeta americana,Cudweed,Use Caution,True,introduced,Herb,11,Nov,True,False
Gamochaeta americana,Cudweed,Use Caution,True,introduced,Herb,12,Dec,True,False
Gamochaeta purpurea,Spike Cudweed,Use Caution,True,introduced,Herb,1,Jan,,False
Gamochaeta purpurea,Spike Cudweed,Use Caution,True,introduced,Herb,2,Feb,,False
Gamochaeta purpurea,Spike Cudweed,Use Caution,True,introduced,Herb,3,Mar,,False
Gamochaeta purpurea,Spike Cudweed,Use Caution,True,introduced,Herb,4,Apr,,False
Gamochaeta purpurea,Spike Cudweed,Use Caution,True,introduced,Herb,5,May,,False
Gamochaeta purpurea,Spike Cudweed,Use Caution,True,introduced,Herb,6,Jun,,False
Gamochaeta purpurea,Spike Cudweed,Use Caution,True,introduced,Herb,7,Jul,,False
Gamochaeta purpurea,Spike Cudweed,Use Caution,True,introduced,Herb,8,Aug,,False
Gamochaeta purpurea,Spike Cudweed,Use Caution,True,introduced,Herb,9,Sep,,False
Gamochaeta purpurea,Spike Cudweed,Use Caution,True,introduced,Herb,10,Oct,,False
Gamochaeta purpurea,Spike Cudweed,Use Caution,True,introduced,Herb,11,Nov,,False
Gamochaeta purpurea,Spike Cudweed,Use Caution,True,introduced,Herb,12,Dec,,False
Gaudium laevigatum,Coast Tea-tree,Not Assessed,False,native,,1,Jan,,False
Gaudium laevigatum,Coast Tea-tree,Not Assessed,False,native,,2,Feb,,False
Gaudium laevigatum,Coast Tea-tree,Not Assessed,False,native,,3,Mar,,False
Gaudium laevigatum,Coast Tea-tree,Not Assessed,False,native,,4,Apr,,False
Gaudium laevigatum,Coast Tea-tree,Not Assessed,False,native,,5,May,,False
Gaudium laevigatum,Coast Tea-tree,Not Assessed,False,native,,6,Jun,,False
Gaudium laevigatum,Coast Tea-tree,Not Assessed,False,native,,7,Jul,,False
Gaudium laevigatum,Coast Tea-tree,Not Assessed,False,native,,8,Aug,,False
Gaudium laevigatum,Coast Tea-tree,Not Assessed,False,native,,9,Sep,,False
Gaudium laevigatum,Coast Tea-tree,Not Assessed,False,native,,10,Oct,,False
Gaudium laevigatum,Coast Tea-tree,Not Assessed,False,native,,11,Nov,,False
Gaudium laevigatum,Coast Tea-tree,Not Assessed,False,native,,12,Dec,,False
Gaudium myrsinoides,Heath Tea-tree,Not Assessed,False,native,,1,Jan,,False
Gaudium myrsinoides,Heath Tea-tree,Not Assessed,False,native,,2,Feb,,False
Gaudium myrsinoides,Heath Tea-tree,Not Assessed,False,native,,3,Mar,,False
Gaudium myrsinoides,Heath Tea-tree,Not Assessed,False,native,,4,Apr,,False
Gaudium myrsinoides,Heath Tea-tree,Not Assessed,False,native,,5,May,,False
Gaudium myrsinoides,Heath Tea-tree,Not Assessed,False,native,,6,Jun,,False
Gaudium myrsinoides,Heath Tea-tree,Not Assessed,False,native,,7,Jul,,False
Gaudium myrsinoides,Heath Tea-tree,Not Assessed,False,native,,8,Aug,,False
Gaudium myrsinoides,Heath Tea-tree,Not Assessed,False,native,,9,Sep,,False
Gaudium myrsinoides,Heath Tea-tree,Not Assessed,False,native,,10,Oct,,False
Gaudium myrsinoides,Heath Tea-tree,Not Assessed,False,native,,11,Nov,,False
Gaudium myrsinoides,Heath Tea-tree,Not Assessed,False,native,,12,Dec,,False
Genista linifolia,Flax-leaf Broom,Reconsider Planting,True,introduced,Shrub,1,Jan,False,False
Genista linifolia,Flax-leaf Broom,Reconsider Planting,True,introduced,Shrub,2,Feb,False,False
Genista linifolia,Flax-leaf Broom,Reconsider Planting,True,introduced,Shrub,3,Mar,False,False
Genista linifolia,Flax-leaf Broom,Reconsider Planting,True,introduced,Shrub,4,Apr,False,False
Genista linifolia,Flax-leaf Broom,Reconsider Planting,True,introduced,Shrub,5,May,False,False
Genista linifolia,Flax-leaf Broom,Reconsider Planting,True,introduced,Shrub,6,Jun,False,False
Genista linifolia,Flax-leaf Broom,Reconsider Planting,True,introduced,Shrub,7,Jul,False,False
Genista linifolia,Flax-leaf Broom,Reconsider Planting,True,introduced,Shrub,8,Aug,False,False
Genista linifolia,Flax-leaf Broom,Reconsider Planting,True,introduced,Shrub,9,Sep,True,False
Genista linifolia,Flax-leaf Broom,Reconsider Planting,True,introduced,Shrub,10,Oct,True,False
Genista linifolia,Flax-leaf Broom,Reconsider Planting,True,introduced,Shrub,11,Nov,True,False
Genista linifolia,Flax-leaf Broom,Reconsider Planting,True,introduced,Shrub,12,Dec,False,False
Genista monspessulana,Montpellier Broom,Reconsider Planting,True,introduced,Shrub,1,Jan,True,False
Genista monspessulana,Montpellier Broom,Reconsider Planting,True,introduced,Shrub,2,Feb,True,False
Genista monspessulana,Montpellier Broom,Reconsider Planting,True,introduced,Shrub,3,Mar,False,False
Genista monspessulana,Montpellier Broom,Reconsider Planting,True,introduced,Shrub,4,Apr,False,False
Genista monspessulana,Montpellier Broom,Reconsider Planting,True,introduced,Shrub,5,May,False,False
Genista monspessulana,Montpellier Broom,Reconsider Planting,True,introduced,Shrub,6,Jun,False,False
Genista monspessulana,Montpellier Broom,Reconsider Planting,True,introduced,Shrub,7,Jul,True,False
Genista monspessulana,Montpellier Broom,Reconsider Planting,True,introduced,Shrub,8,Aug,True,False
Genista monspessulana,Montpellier Broom,Reconsider Planting,True,introduced,Shrub,9,Sep,True,False
Genista monspessulana,Montpellier Broom,Reconsider Planting,True,introduced,Shrub,10,Oct,True,False
Genista monspessulana,Montpellier Broom,Reconsider Planting,True,introduced,Shrub,11,Nov,True,False
Genista monspessulana,Montpellier Broom,Reconsider Planting,True,introduced,Shrub,12,Dec,True,False
Geranium dissectum,Cut-leaf Crane's-bill,Reconsider Planting,True,introduced,Herb,1,Jan,False,False
Geranium dissectum,Cut-leaf Crane's-bill,Reconsider Planting,True,introduced,Herb,2,Feb,False,False
Geranium dissectum,Cut-leaf Crane's-bill,Reconsider Planting,True,introduced,Herb,3,Mar,False,False
Geranium dissectum,Cut-leaf Crane's-bill,Reconsider Planting,True,introduced,Herb,4,Apr,False,False
Geranium dissectum,Cut-leaf Crane's-bill,Reconsider Planting,True,introduced,Herb,5,May,False,False
Geranium dissectum,Cut-leaf Crane's-bill,Reconsider Planting,True,introduced,Herb,6,Jun,False,False
Geranium dissectum,Cut-leaf Crane's-bill,Reconsider Planting,True,introduced,Herb,7,Jul,False,False
Geranium dissectum,Cut-leaf Crane's-bill,Reconsider Planting,True,introduced,Herb,8,Aug,True,False
Geranium dissectum,Cut-leaf Crane's-bill,Reconsider Planting,True,introduced,Herb,9,Sep,True,False
Geranium dissectum,Cut-leaf Crane's-bill,Reconsider Planting,True,introduced,Herb,10,Oct,True,False
Geranium dissectum,Cut-leaf Crane's-bill,Reconsider Planting,True,introduced,Herb,11,Nov,True,False
Geranium dissectum,Cut-leaf Crane's-bill,Reconsider Planting,True,introduced,Herb,12,Dec,True,False
Geranium molle,Dove's Foot,Use Caution,True,introduced,Herb,1,Jan,True,False
Geranium molle,Dove's Foot,Use Caution,True,introduced,Herb,2,Feb,False,False
Geranium molle,Dove's Foot,Use Caution,True,introduced,Herb,3,Mar,False,False
Geranium molle,Dove's Foot,Use Caution,True,introduced,Herb,4,Apr,False,False
Geranium molle,Dove's Foot,Use Caution,True,introduced,Herb,5,May,False,False
Geranium molle,Dove's Foot,Use Caution,True,introduced,Herb,6,Jun,False,False
Geranium molle,Dove's Foot,Use Caution,True,introduced,Herb,7,Jul,False,False
Geranium molle,Dove's Foot,Use Caution,True,introduced,Herb,8,Aug,False,False
Geranium molle,Dove's Foot,Use Caution,True,introduced,Herb,9,Sep,True,False
Geranium molle,Dove's Foot,Use Caution,True,introduced,Herb,10,Oct,True,False
Geranium molle,Dove's Foot,Use Caution,True,introduced,Herb,11,Nov,True,False
Geranium molle,Dove's Foot,Use Caution,True,introduced,Herb,12,Dec,True,False
Geranium retrorsum,Grassland Crane's-bill,Not Assessed,False,native,Herb,1,Jan,True,False
Geranium retrorsum,Grassland Crane's-bill,Not Assessed,False,native,Herb,2,Feb,True,False
Geranium retrorsum,Grassland Crane's-bill,Not Assessed,False,native,Herb,3,Mar,False,False
Geranium retrorsum,Grassland Crane's-bill,Not Assessed,False,native,Herb,4,Apr,False,False
Geranium retrorsum,Grassland Crane's-bill,Not Assessed,False,native,Herb,5,May,False,False
Geranium retrorsum,Grassland Crane's-bill,Not Assessed,False,native,Herb,6,Jun,True,False
Geranium retrorsum,Grassland Crane's-bill,Not Assessed,False,native,Herb,7,Jul,True,False
Geranium retrorsum,Grassland Crane's-bill,Not Assessed,False,native,Herb,8,Aug,True,False
Geranium retrorsum,Grassland Crane's-bill,Not Assessed,False,native,Herb,9,Sep,True,False
Geranium retrorsum,Grassland Crane's-bill,Not Assessed,False,native,Herb,10,Oct,True,False
Geranium retrorsum,Grassland Crane's-bill,Not Assessed,False,native,Herb,11,Nov,True,False
Geranium retrorsum,Grassland Crane's-bill,Not Assessed,False,native,Herb,12,Dec,True,False
Geranium solanderi,Austral Geranium,Not Assessed,False,native,Herb,1,Jan,True,False
Geranium solanderi,Austral Geranium,Not Assessed,False,native,Herb,2,Feb,True,False
Geranium solanderi,Austral Geranium,Not Assessed,False,native,Herb,3,Mar,True,False
Geranium solanderi,Austral Geranium,Not Assessed,False,native,Herb,4,Apr,True,False
Geranium solanderi,Austral Geranium,Not Assessed,False,native,Herb,5,May,True,False
Geranium solanderi,Austral Geranium,Not Assessed,False,native,Herb,6,Jun,False,False
Geranium solanderi,Austral Geranium,Not Assessed,False,native,Herb,7,Jul,False,False
Geranium solanderi,Austral Geranium,Not Assessed,False,native,Herb,8,Aug,True,False
Geranium solanderi,Austral Geranium,Not Assessed,False,native,Herb,9,Sep,True,False
Geranium solanderi,Austral Geranium,Not Assessed,False,native,Herb,10,Oct,True,False
Geranium solanderi,Austral Geranium,Not Assessed,False,native,Herb,11,Nov,True,False
Geranium solanderi,Austral Geranium,Not Assessed,False,native,Herb,12,Dec,True,False
Gladiolus carneus,Broad-leaf Painted-lady,Reconsider Planting,True,introduced,Herb,1,Jan,False,False
Gladiolus carneus,Broad-leaf Painted-lady,Reconsider Planting,True,introduced,Herb,2,Feb,False,False
Gladiolus carneus,Broad-leaf Painted-lady,Reconsider Planting,True,introduced,Herb,3,Mar,False,False
Gladiolus carneus,Broad-leaf Painted-lady,Reconsider Planting,True,introduced,Herb,4,Apr,False,False
Gladiolus carneus,Broad-leaf Painted-lady,Reconsider Planting,True,introduced,Herb,5,May,False,False
Gladiolus carneus,Broad-leaf Painted-lady,Reconsider Planting,True,introduced,Herb,6,Jun,False,False
Gladiolus carneus,Broad-leaf Painted-lady,Reconsider Planting,True,introduced,Herb,7,Jul,False,False
Gladiolus carneus,Broad-leaf Painted-lady,Reconsider Planting,True,introduced,Herb,8,Aug,False,False
Gladiolus carneus,Broad-leaf Painted-lady,Reconsider Planting,True,introduced,Herb,9,Sep,False,False
Gladiolus carneus,Broad-leaf Painted-lady,Reconsider Planting,True,introduced,Herb,10,Oct,True,False
Gladiolus carneus,Broad-leaf Painted-lady,Reconsider Planting,True,introduced,Herb,11,Nov,True,False
Gladiolus carneus,Broad-leaf Painted-lady,Reconsider Planting,True,introduced,Herb,12,Dec,False,False
Gladiolus undulatus,Wild Gladiolus,Reconsider Planting,True,introduced,Herb,1,Jan,True,False
Gladiolus undulatus,Wild Gladiolus,Reconsider Planting,True,introduced,Herb,2,Feb,False,False
Gladiolus undulatus,Wild Gladiolus,Reconsider Planting,True,introduced,Herb,3,Mar,False,False
Gladiolus undulatus,Wild Gladiolus,Reconsider Planting,True,introduced,Herb,4,Apr,False,False
Gladiolus undulatus,Wild Gladiolus,Reconsider Planting,True,introduced,Herb,5,May,False,False
Gladiolus undulatus,Wild Gladiolus,Reconsider Planting,True,introduced,Herb,6,Jun,False,False
Gladiolus undulatus,Wild Gladiolus,Reconsider Planting,True,introduced,Herb,7,Jul,False,False
Gladiolus undulatus,Wild Gladiolus,Reconsider Planting,True,introduced,Herb,8,Aug,False,False
Gladiolus undulatus,Wild Gladiolus,Reconsider Planting,True,introduced,Herb,9,Sep,False,False
Gladiolus undulatus,Wild Gladiolus,Reconsider Planting,True,introduced,Herb,10,Oct,False,False
Gladiolus undulatus,Wild Gladiolus,Reconsider Planting,True,introduced,Herb,11,Nov,True,False
Gladiolus undulatus,Wild Gladiolus,Reconsider Planting,True,introduced,Herb,12,Dec,True,False
Gleichenia dicarpa,Pouched Coral-fern | Wiry Coral Fern,Not Assessed,False,native,Fern,1,Jan,,False
Gleichenia dicarpa,Pouched Coral-fern | Wiry Coral Fern,Not Assessed,False,native,Fern,2,Feb,,False
Gleichenia dicarpa,Pouched Coral-fern | Wiry Coral Fern,Not Assessed,False,native,Fern,3,Mar,,False
Gleichenia dicarpa,Pouched Coral-fern | Wiry Coral Fern,Not Assessed,False,native,Fern,4,Apr,,False
Gleichenia dicarpa,Pouched Coral-fern | Wiry Coral Fern,Not Assessed,False,native,Fern,5,May,,False
Gleichenia dicarpa,Pouched Coral-fern | Wiry Coral Fern,Not Assessed,False,native,Fern,6,Jun,,False
Gleichenia dicarpa,Pouched Coral-fern | Wiry Coral Fern,Not Assessed,False,native,Fern,7,Jul,,False
Gleichenia dicarpa,Pouched Coral-fern | Wiry Coral Fern,Not Assessed,False,native,Fern,8,Aug,,False
Gleichenia dicarpa,Pouched Coral-fern | Wiry Coral Fern,Not Assessed,False,native,Fern,9,Sep,,False
Gleichenia dicarpa,Pouched Coral-fern | Wiry Coral Fern,Not Assessed,False,native,Fern,10,Oct,,False
Gleichenia dicarpa,Pouched Coral-fern | Wiry Coral Fern,Not Assessed,False,native,Fern,11,Nov,,False
Gleichenia dicarpa,Pouched Coral-fern | Wiry Coral Fern,Not Assessed,False,native,Fern,12,Dec,,False
Gleichenia microphylla,Scrambling Coral-fern,Not Assessed,False,native,Fern,1,Jan,,False
Gleichenia microphylla,Scrambling Coral-fern,Not Assessed,False,native,Fern,2,Feb,,False
Gleichenia microphylla,Scrambling Coral-fern,Not Assessed,False,native,Fern,3,Mar,,False
Gleichenia microphylla,Scrambling Coral-fern,Not Assessed,False,native,Fern,4,Apr,,False
Gleichenia microphylla,Scrambling Coral-fern,Not Assessed,False,native,Fern,5,May,,False
Gleichenia microphylla,Scrambling Coral-fern,Not Assessed,False,native,Fern,6,Jun,,False
Gleichenia microphylla,Scrambling Coral-fern,Not Assessed,False,native,Fern,7,Jul,,False
Gleichenia microphylla,Scrambling Coral-fern,Not Assessed,False,native,Fern,8,Aug,,False
Gleichenia microphylla,Scrambling Coral-fern,Not Assessed,False,native,Fern,9,Sep,,False
Gleichenia microphylla,Scrambling Coral-fern,Not Assessed,False,native,Fern,10,Oct,,False
Gleichenia microphylla,Scrambling Coral-fern,Not Assessed,False,native,Fern,11,Nov,,False
Gleichenia microphylla,Scrambling Coral-fern,Not Assessed,False,native,Fern,12,Dec,,False
Glossodia major,Wax-lip Orchid,Not Assessed,False,native,Herb,1,Jan,False,False
Glossodia major,Wax-lip Orchid,Not Assessed,False,native,Herb,2,Feb,False,False
Glossodia major,Wax-lip Orchid,Not Assessed,False,native,Herb,3,Mar,False,False
Glossodia major,Wax-lip Orchid,Not Assessed,False,native,Herb,4,Apr,False,False
Glossodia major,Wax-lip Orchid,Not Assessed,False,native,Herb,5,May,False,False
Glossodia major,Wax-lip Orchid,Not Assessed,False,native,Herb,6,Jun,False,False
Glossodia major,Wax-lip Orchid,Not Assessed,False,native,Herb,7,Jul,False,False
Glossodia major,Wax-lip Orchid,Not Assessed,False,native,Herb,8,Aug,True,False
Glossodia major,Wax-lip Orchid,Not Assessed,False,native,Herb,9,Sep,True,False
Glossodia major,Wax-lip Orchid,Not Assessed,False,native,Herb,10,Oct,True,False
Glossodia major,Wax-lip Orchid,Not Assessed,False,native,Herb,11,Nov,True,False
Glossodia major,Wax-lip Orchid,Not Assessed,False,native,Herb,12,Dec,False,False
Glyceria australis,Australian Sweet-grass,Not Assessed,False,native,Grass,1,Jan,True,False
Glyceria australis,Australian Sweet-grass,Not Assessed,False,native,Grass,2,Feb,True,False
Glyceria australis,Australian Sweet-grass,Not Assessed,False,native,Grass,3,Mar,False,False
Glyceria australis,Australian Sweet-grass,Not Assessed,False,native,Grass,4,Apr,False,False
Glyceria australis,Australian Sweet-grass,Not Assessed,False,native,Grass,5,May,False,False
Glyceria australis,Australian Sweet-grass,Not Assessed,False,native,Grass,6,Jun,False,False
Glyceria australis,Australian Sweet-grass,Not Assessed,False,native,Grass,7,Jul,False,False
Glyceria australis,Australian Sweet-grass,Not Assessed,False,native,Grass,8,Aug,False,False
Glyceria australis,Australian Sweet-grass,Not Assessed,False,native,Grass,9,Sep,True,False
Glyceria australis,Australian Sweet-grass,Not Assessed,False,native,Grass,10,Oct,True,False
Glyceria australis,Australian Sweet-grass,Not Assessed,False,native,Grass,11,Nov,True,False
Glyceria australis,Australian Sweet-grass,Not Assessed,False,native,Grass,12,Dec,True,False
Glyceria declinata,Manna grass,Reconsider Planting,True,introduced,Grass,1,Jan,False,False
Glyceria declinata,Manna grass,Reconsider Planting,True,introduced,Grass,2,Feb,False,False
Glyceria declinata,Manna grass,Reconsider Planting,True,introduced,Grass,3,Mar,False,False
Glyceria declinata,Manna grass,Reconsider Planting,True,introduced,Grass,4,Apr,False,False
Glyceria declinata,Manna grass,Reconsider Planting,True,introduced,Grass,5,May,False,False
Glyceria declinata,Manna grass,Reconsider Planting,True,introduced,Grass,6,Jun,False,False
Glyceria declinata,Manna grass,Reconsider Planting,True,introduced,Grass,7,Jul,False,False
Glyceria declinata,Manna grass,Reconsider Planting,True,introduced,Grass,8,Aug,False,False
Glyceria declinata,Manna grass,Reconsider Planting,True,introduced,Grass,9,Sep,True,False
Glyceria declinata,Manna grass,Reconsider Planting,True,introduced,Grass,10,Oct,True,False
Glyceria declinata,Manna grass,Reconsider Planting,True,introduced,Grass,11,Nov,True,False
Glyceria declinata,Manna grass,Reconsider Planting,True,introduced,Grass,12,Dec,False,False
Glycine clandestina,Twining Glycine,Not Assessed,False,native,Climber,1,Jan,True,False
Glycine clandestina,Twining Glycine,Not Assessed,False,native,Climber,2,Feb,True,False
Glycine clandestina,Twining Glycine,Not Assessed,False,native,Climber,3,Mar,True,False
Glycine clandestina,Twining Glycine,Not Assessed,False,native,Climber,4,Apr,True,False
Glycine clandestina,Twining Glycine,Not Assessed,False,native,Climber,5,May,True,False
Glycine clandestina,Twining Glycine,Not Assessed,False,native,Climber,6,Jun,True,False
Glycine clandestina,Twining Glycine,Not Assessed,False,native,Climber,7,Jul,True,False
Glycine clandestina,Twining Glycine,Not Assessed,False,native,Climber,8,Aug,True,False
Glycine clandestina,Twining Glycine,Not Assessed,False,native,Climber,9,Sep,True,False
Glycine clandestina,Twining Glycine,Not Assessed,False,native,Climber,10,Oct,True,False
Glycine clandestina,Twining Glycine,Not Assessed,False,native,Climber,11,Nov,True,False
Glycine clandestina,Twining Glycine,Not Assessed,False,native,Climber,12,Dec,True,False
Gompholobium huegelii,Common Wedge-pea | Karaite,Not Assessed,False,native,Shrub,1,Jan,True,False
Gompholobium huegelii,Common Wedge-pea | Karaite,Not Assessed,False,native,Shrub,2,Feb,True,False
Gompholobium huegelii,Common Wedge-pea | Karaite,Not Assessed,False,native,Shrub,3,Mar,True,False
Gompholobium huegelii,Common Wedge-pea | Karaite,Not Assessed,False,native,Shrub,4,Apr,True,False
Gompholobium huegelii,Common Wedge-pea | Karaite,Not Assessed,False,native,Shrub,5,May,False,False
Gompholobium huegelii,Common Wedge-pea | Karaite,Not Assessed,False,native,Shrub,6,Jun,False,False
Gompholobium huegelii,Common Wedge-pea | Karaite,Not Assessed,False,native,Shrub,7,Jul,False,False
Gompholobium huegelii,Common Wedge-pea | Karaite,Not Assessed,False,native,Shrub,8,Aug,False,False
Gompholobium huegelii,Common Wedge-pea | Karaite,Not Assessed,False,native,Shrub,9,Sep,True,False
Gompholobium huegelii,Common Wedge-pea | Karaite,Not Assessed,False,native,Shrub,10,Oct,True,False
Gompholobium huegelii,Common Wedge-pea | Karaite,Not Assessed,False,native,Shrub,11,Nov,True,False
Gompholobium huegelii,Common Wedge-pea | Karaite,Not Assessed,False,native,Shrub,12,Dec,True,False
Gonocarpus micranthus,Creeping Raspwort,Not Assessed,False,native,Herb,1,Jan,True,False
Gonocarpus micranthus,Creeping Raspwort,Not Assessed,False,native,Herb,2,Feb,True,False
Gonocarpus micranthus,Creeping Raspwort,Not Assessed,False,native,Herb,3,Mar,True,False
Gonocarpus micranthus,Creeping Raspwort,Not Assessed,False,native,Herb,4,Apr,True,False
Gonocarpus micranthus,Creeping Raspwort,Not Assessed,False,native,Herb,5,May,True,False
Gonocarpus micranthus,Creeping Raspwort,Not Assessed,False,native,Herb,6,Jun,True,False
Gonocarpus micranthus,Creeping Raspwort,Not Assessed,False,native,Herb,7,Jul,True,False
Gonocarpus micranthus,Creeping Raspwort,Not Assessed,False,native,Herb,8,Aug,True,False
Gonocarpus micranthus,Creeping Raspwort,Not Assessed,False,native,Herb,9,Sep,True,False
Gonocarpus micranthus,Creeping Raspwort,Not Assessed,False,native,Herb,10,Oct,True,False
Gonocarpus micranthus,Creeping Raspwort,Not Assessed,False,native,Herb,11,Nov,True,False
Gonocarpus micranthus,Creeping Raspwort,Not Assessed,False,native,Herb,12,Dec,True,False
Gonocarpus micranthus subsp. micranthus,Creeping Raspwort,Not Assessed,False,native,Herb,1,Jan,True,False
Gonocarpus micranthus subsp. micranthus,Creeping Raspwort,Not Assessed,False,native,Herb,2,Feb,True,False
Gonocarpus micranthus subsp. micranthus,Creeping Raspwort,Not Assessed,False,native,Herb,3,Mar,True,False
Gonocarpus micranthus subsp. micranthus,Creeping Raspwort,Not Assessed,False,native,Herb,4,Apr,True,False
Gonocarpus micranthus subsp. micranthus,Creeping Raspwort,Not Assessed,False,native,Herb,5,May,True,False
Gonocarpus micranthus subsp. micranthus,Creeping Raspwort,Not Assessed,False,native,Herb,6,Jun,True,False
Gonocarpus micranthus subsp. micranthus,Creeping Raspwort,Not Assessed,False,native,Herb,7,Jul,True,False
Gonocarpus micranthus subsp. micranthus,Creeping Raspwort,Not Assessed,False,native,Herb,8,Aug,True,False
Gonocarpus micranthus subsp. micranthus,Creeping Raspwort,Not Assessed,False,native,Herb,9,Sep,True,False
Gonocarpus micranthus subsp. micranthus,Creeping Raspwort,Not Assessed,False,native,Herb,10,Oct,True,False
Gonocarpus micranthus subsp. micranthus,Creeping Raspwort,Not Assessed,False,native,Herb,11,Nov,True,False
Gonocarpus micranthus subsp. micranthus,Creeping Raspwort,Not Assessed,False,native,Herb,12,Dec,True,False
Gonocarpus micranthus subsp. ramosissimus,Branching Raspwort,Not Assessed,False,native,Herb,1,Jan,True,False
Gonocarpus micranthus subsp. ramosissimus,Branching Raspwort,Not Assessed,False,native,Herb,2,Feb,True,False
Gonocarpus micranthus subsp. ramosissimus,Branching Raspwort,Not Assessed,False,native,Herb,3,Mar,True,False
Gonocarpus micranthus subsp. ramosissimus,Branching Raspwort,Not Assessed,False,native,Herb,4,Apr,True,False
Gonocarpus micranthus subsp. ramosissimus,Branching Raspwort,Not Assessed,False,native,Herb,5,May,True,False
Gonocarpus micranthus subsp. ramosissimus,Branching Raspwort,Not Assessed,False,native,Herb,6,Jun,True,False
Gonocarpus micranthus subsp. ramosissimus,Branching Raspwort,Not Assessed,False,native,Herb,7,Jul,True,False
Gonocarpus micranthus subsp. ramosissimus,Branching Raspwort,Not Assessed,False,native,Herb,8,Aug,True,False
Gonocarpus micranthus subsp. ramosissimus,Branching Raspwort,Not Assessed,False,native,Herb,9,Sep,True,False
Gonocarpus micranthus subsp. ramosissimus,Branching Raspwort,Not Assessed,False,native,Herb,10,Oct,True,False
Gonocarpus micranthus subsp. ramosissimus,Branching Raspwort,Not Assessed,False,native,Herb,11,Nov,True,False
Gonocarpus micranthus subsp. ramosissimus,Branching Raspwort,Not Assessed,False,native,Herb,12,Dec,True,False
Gonocarpus tetragynus,Common Raspwort,Not Assessed,False,native,Herb,1,Jan,True,False
Gonocarpus tetragynus,Common Raspwort,Not Assessed,False,native,Herb,2,Feb,False,False
Gonocarpus tetragynus,Common Raspwort,Not Assessed,False,native,Herb,3,Mar,False,False
Gonocarpus tetragynus,Common Raspwort,Not Assessed,False,native,Herb,4,Apr,False,False
Gonocarpus tetragynus,Common Raspwort,Not Assessed,False,native,Herb,5,May,False,False
Gonocarpus tetragynus,Common Raspwort,Not Assessed,False,native,Herb,6,Jun,False,False
Gonocarpus tetragynus,Common Raspwort,Not Assessed,False,native,Herb,7,Jul,False,False
Gonocarpus tetragynus,Common Raspwort,Not Assessed,False,native,Herb,8,Aug,False,False
Gonocarpus tetragynus,Common Raspwort,Not Assessed,False,native,Herb,9,Sep,True,False
Gonocarpus tetragynus,Common Raspwort,Not Assessed,False,native,Herb,10,Oct,True,False
Gonocarpus tetragynus,Common Raspwort,Not Assessed,False,native,Herb,11,Nov,True,False
Gonocarpus tetragynus,Common Raspwort,Not Assessed,False,native,Herb,12,Dec,True,False
Goodenia elongata,Lanky Goodenia,Not Assessed,False,native,Herb,1,Jan,True,False
Goodenia elongata,Lanky Goodenia,Not Assessed,False,native,Herb,2,Feb,True,False
Goodenia elongata,Lanky Goodenia,Not Assessed,False,native,Herb,3,Mar,True,False
Goodenia elongata,Lanky Goodenia,Not Assessed,False,native,Herb,4,Apr,True,False
Goodenia elongata,Lanky Goodenia,Not Assessed,False,native,Herb,5,May,False,False
Goodenia elongata,Lanky Goodenia,Not Assessed,False,native,Herb,6,Jun,False,False
Goodenia elongata,Lanky Goodenia,Not Assessed,False,native,Herb,7,Jul,False,False
Goodenia elongata,Lanky Goodenia,Not Assessed,False,native,Herb,8,Aug,False,False
Goodenia elongata,Lanky Goodenia,Not Assessed,False,native,Herb,9,Sep,True,False
Goodenia elongata,Lanky Goodenia,Not Assessed,False,native,Herb,10,Oct,True,False
Goodenia elongata,Lanky Goodenia,Not Assessed,False,native,Herb,11,Nov,True,False
Goodenia elongata,Lanky Goodenia,Not Assessed,False,native,Herb,12,Dec,True,False
Goodenia geniculata,Bent Goodenia,Not Assessed,False,native,Herb,1,Jan,True,False
Goodenia geniculata,Bent Goodenia,Not Assessed,False,native,Herb,2,Feb,True,False
Goodenia geniculata,Bent Goodenia,Not Assessed,False,native,Herb,3,Mar,True,False
Goodenia geniculata,Bent Goodenia,Not Assessed,False,native,Herb,4,Apr,True,False
Goodenia geniculata,Bent Goodenia,Not Assessed,False,native,Herb,5,May,True,False
Goodenia geniculata,Bent Goodenia,Not Assessed,False,native,Herb,6,Jun,True,False
Goodenia geniculata,Bent Goodenia,Not Assessed,False,native,Herb,7,Jul,True,False
Goodenia geniculata,Bent Goodenia,Not Assessed,False,native,Herb,8,Aug,True,False
Goodenia geniculata,Bent Goodenia,Not Assessed,False,native,Herb,9,Sep,True,False
Goodenia geniculata,Bent Goodenia,Not Assessed,False,native,Herb,10,Oct,True,False
Goodenia geniculata,Bent Goodenia,Not Assessed,False,native,Herb,11,Nov,True,False
Goodenia geniculata,Bent Goodenia,Not Assessed,False,native,Herb,12,Dec,True,False
Goodenia humilis,Swamp Goodenia,Not Assessed,False,native,Herb,1,Jan,True,False
Goodenia humilis,Swamp Goodenia,Not Assessed,False,native,Herb,2,Feb,True,False
Goodenia humilis,Swamp Goodenia,Not Assessed,False,native,Herb,3,Mar,True,False
Goodenia humilis,Swamp Goodenia,Not Assessed,False,native,Herb,4,Apr,True,False
Goodenia humilis,Swamp Goodenia,Not Assessed,False,native,Herb,5,May,False,False
Goodenia humilis,Swamp Goodenia,Not Assessed,False,native,Herb,6,Jun,False,False
Goodenia humilis,Swamp Goodenia,Not Assessed,False,native,Herb,7,Jul,False,False
Goodenia humilis,Swamp Goodenia,Not Assessed,False,native,Herb,8,Aug,False,False
Goodenia humilis,Swamp Goodenia,Not Assessed,False,native,Herb,9,Sep,False,False
Goodenia humilis,Swamp Goodenia,Not Assessed,False,native,Herb,10,Oct,False,False
Goodenia humilis,Swamp Goodenia,Not Assessed,False,native,Herb,11,Nov,True,False
Goodenia humilis,Swamp Goodenia,Not Assessed,False,native,Herb,12,Dec,True,False
Goodenia ovata,Hop Goodenia,Not Assessed,False,native,Shrub,1,Jan,True,False
Goodenia ovata,Hop Goodenia,Not Assessed,False,native,Shrub,2,Feb,True,False
Goodenia ovata,Hop Goodenia,Not Assessed,False,native,Shrub,3,Mar,True,False
Goodenia ovata,Hop Goodenia,Not Assessed,False,native,Shrub,4,Apr,True,False
Goodenia ovata,Hop Goodenia,Not Assessed,False,native,Shrub,5,May,True,False
Goodenia ovata,Hop Goodenia,Not Assessed,False,native,Shrub,6,Jun,True,False
Goodenia ovata,Hop Goodenia,Not Assessed,False,native,Shrub,7,Jul,True,False
Goodenia ovata,Hop Goodenia,Not Assessed,False,native,Shrub,8,Aug,True,False
Goodenia ovata,Hop Goodenia,Not Assessed,False,native,Shrub,9,Sep,True,False
Goodenia ovata,Hop Goodenia,Not Assessed,False,native,Shrub,10,Oct,True,False
Goodenia ovata,Hop Goodenia,Not Assessed,False,native,Shrub,11,Nov,True,False
Goodenia ovata,Hop Goodenia,Not Assessed,False,native,Shrub,12,Dec,True,False
Goodenia radicans,Shiny Swamp-mat,Not Assessed,False,native,Herb,1,Jan,True,False
Goodenia radicans,Shiny Swamp-mat,Not Assessed,False,native,Herb,2,Feb,True,False
Goodenia radicans,Shiny Swamp-mat,Not Assessed,False,native,Herb,3,Mar,True,False
Goodenia radicans,Shiny Swamp-mat,Not Assessed,False,native,Herb,4,Apr,True,False
Goodenia radicans,Shiny Swamp-mat,Not Assessed,False,native,Herb,5,May,True,False
Goodenia radicans,Shiny Swamp-mat,Not Assessed,False,native,Herb,6,Jun,False,False
Goodenia radicans,Shiny Swamp-mat,Not Assessed,False,native,Herb,7,Jul,False,False
Goodenia radicans,Shiny Swamp-mat,Not Assessed,False,native,Herb,8,Aug,False,False
Goodenia radicans,Shiny Swamp-mat,Not Assessed,False,native,Herb,9,Sep,True,False
Goodenia radicans,Shiny Swamp-mat,Not Assessed,False,native,Herb,10,Oct,True,False
Goodenia radicans,Shiny Swamp-mat,Not Assessed,False,native,Herb,11,Nov,True,False
Goodenia radicans,Shiny Swamp-mat,Not Assessed,False,native,Herb,12,Dec,True,False
Goodia lotifolia,Golden-tip,Not Assessed,False,native,Shrub,1,Jan,False,False
Goodia lotifolia,Golden-tip,Not Assessed,False,native,Shrub,2,Feb,False,False
Goodia lotifolia,Golden-tip,Not Assessed,False,native,Shrub,3,Mar,False,False
Goodia lotifolia,Golden-tip,Not Assessed,False,native,Shrub,4,Apr,False,False
Goodia lotifolia,Golden-tip,Not Assessed,False,native,Shrub,5,May,False,False
Goodia lotifolia,Golden-tip,Not Assessed,False,native,Shrub,6,Jun,False,False
Goodia lotifolia,Golden-tip,Not Assessed,False,native,Shrub,7,Jul,False,False
Goodia lotifolia,Golden-tip,Not Assessed,False,native,Shrub,8,Aug,False,False
Goodia lotifolia,Golden-tip,Not Assessed,False,native,Shrub,9,Sep,True,False
Goodia lotifolia,Golden-tip,Not Assessed,False,native,Shrub,10,Oct,True,False
Goodia lotifolia,Golden-tip,Not Assessed,False,native,Shrub,11,Nov,True,False
Goodia lotifolia,Golden-tip,Not Assessed,False,native,Shrub,12,Dec,False,False
Gratiola peruviana,Austral Brooklime,Not Assessed,False,native,Herb,1,Jan,True,False
Gratiola peruviana,Austral Brooklime,Not Assessed,False,native,Herb,2,Feb,True,False
Gratiola peruviana,Austral Brooklime,Not Assessed,False,native,Herb,3,Mar,True,False
Gratiola peruviana,Austral Brooklime,Not Assessed,False,native,Herb,4,Apr,True,False
Gratiola peruviana,Austral Brooklime,Not Assessed,False,native,Herb,5,May,True,False
Gratiola peruviana,Austral Brooklime,Not Assessed,False,native,Herb,6,Jun,False,False
Gratiola peruviana,Austral Brooklime,Not Assessed,False,native,Herb,7,Jul,False,False
Gratiola peruviana,Austral Brooklime,Not Assessed,False,native,Herb,8,Aug,False,False
Gratiola peruviana,Austral Brooklime,Not Assessed,False,native,Herb,9,Sep,True,False
Gratiola peruviana,Austral Brooklime,Not Assessed,False,native,Herb,10,Oct,True,False
Gratiola peruviana,Austral Brooklime,Not Assessed,False,native,Herb,11,Nov,True,False
Gratiola peruviana,Austral Brooklime,Not Assessed,False,native,Herb,12,Dec,True,False
Grevillea ilicifolia,Holly Grevillea | Holly-leaf Grevillea,Not Assessed,False,native,Shrub,1,Jan,True,False
Grevillea ilicifolia,Holly Grevillea | Holly-leaf Grevillea,Not Assessed,False,native,Shrub,2,Feb,True,False
Grevillea ilicifolia,Holly Grevillea | Holly-leaf Grevillea,Not Assessed,False,native,Shrub,3,Mar,False,False
Grevillea ilicifolia,Holly Grevillea | Holly-leaf Grevillea,Not Assessed,False,native,Shrub,4,Apr,False,False
Grevillea ilicifolia,Holly Grevillea | Holly-leaf Grevillea,Not Assessed,False,native,Shrub,5,May,False,False
Grevillea ilicifolia,Holly Grevillea | Holly-leaf Grevillea,Not Assessed,False,native,Shrub,6,Jun,False,False
Grevillea ilicifolia,Holly Grevillea | Holly-leaf Grevillea,Not Assessed,False,native,Shrub,7,Jul,False,False
Grevillea ilicifolia,Holly Grevillea | Holly-leaf Grevillea,Not Assessed,False,native,Shrub,8,Aug,False,False
Grevillea ilicifolia,Holly Grevillea | Holly-leaf Grevillea,Not Assessed,False,native,Shrub,9,Sep,True,False
Grevillea ilicifolia,Holly Grevillea | Holly-leaf Grevillea,Not Assessed,False,native,Shrub,10,Oct,True,False
Grevillea ilicifolia,Holly Grevillea | Holly-leaf Grevillea,Not Assessed,False,native,Shrub,11,Nov,True,False
Grevillea ilicifolia,Holly Grevillea | Holly-leaf Grevillea,Not Assessed,False,native,Shrub,12,Dec,True,False
Grevillea ilicifolia subsp. ilicifolia,Holly-leaf Grevillea,Not Assessed,False,native,Shrub,1,Jan,True,False
Grevillea ilicifolia subsp. ilicifolia,Holly-leaf Grevillea,Not Assessed,False,native,Shrub,2,Feb,True,False
Grevillea ilicifolia subsp. ilicifolia,Holly-leaf Grevillea,Not Assessed,False,native,Shrub,3,Mar,False,False
Grevillea ilicifolia subsp. ilicifolia,Holly-leaf Grevillea,Not Assessed,False,native,Shrub,4,Apr,False,False
Grevillea ilicifolia subsp. ilicifolia,Holly-leaf Grevillea,Not Assessed,False,native,Shrub,5,May,False,False
Grevillea ilicifolia subsp. ilicifolia,Holly-leaf Grevillea,Not Assessed,False,native,Shrub,6,Jun,False,False
Grevillea ilicifolia subsp. ilicifolia,Holly-leaf Grevillea,Not Assessed,False,native,Shrub,7,Jul,False,False
Grevillea ilicifolia subsp. ilicifolia,Holly-leaf Grevillea,Not Assessed,False,native,Shrub,8,Aug,False,False
Grevillea ilicifolia subsp. ilicifolia,Holly-leaf Grevillea,Not Assessed,False,native,Shrub,9,Sep,True,False
Grevillea ilicifolia subsp. ilicifolia,Holly-leaf Grevillea,Not Assessed,False,native,Shrub,10,Oct,True,False
Grevillea ilicifolia subsp. ilicifolia,Holly-leaf Grevillea,Not Assessed,False,native,Shrub,11,Nov,True,False
Grevillea ilicifolia subsp. ilicifolia,Holly-leaf Grevillea,Not Assessed,False,native,Shrub,12,Dec,True,False
Grevillea robusta,Silky Oak,Use Caution,True,introduced,Tree,1,Jan,False,False
Grevillea robusta,Silky Oak,Use Caution,True,introduced,Tree,2,Feb,False,False
Grevillea robusta,Silky Oak,Use Caution,True,introduced,Tree,3,Mar,False,False
Grevillea robusta,Silky Oak,Use Caution,True,introduced,Tree,4,Apr,False,False
Grevillea robusta,Silky Oak,Use Caution,True,introduced,Tree,5,May,False,False
Grevillea robusta,Silky Oak,Use Caution,True,introduced,Tree,6,Jun,False,False
Grevillea robusta,Silky Oak,Use Caution,True,introduced,Tree,7,Jul,False,False
Grevillea robusta,Silky Oak,Use Caution,True,introduced,Tree,8,Aug,False,False
Grevillea robusta,Silky Oak,Use Caution,True,introduced,Tree,9,Sep,True,False
Grevillea robusta,Silky Oak,Use Caution,True,introduced,Tree,10,Oct,True,False
Grevillea robusta,Silky Oak,Use Caution,True,introduced,Tree,11,Nov,True,False
Grevillea robusta,Silky Oak,Use Caution,True,introduced,Tree,12,Dec,False,False
Grevillea rosmarinifolia,Rosemary Grevillea,Use Caution,True,native,Shrub,1,Jan,False,False
Grevillea rosmarinifolia,Rosemary Grevillea,Use Caution,True,native,Shrub,2,Feb,False,False
Grevillea rosmarinifolia,Rosemary Grevillea,Use Caution,True,native,Shrub,3,Mar,False,False
Grevillea rosmarinifolia,Rosemary Grevillea,Use Caution,True,native,Shrub,4,Apr,False,False
Grevillea rosmarinifolia,Rosemary Grevillea,Use Caution,True,native,Shrub,5,May,False,False
Grevillea rosmarinifolia,Rosemary Grevillea,Use Caution,True,native,Shrub,6,Jun,True,False
Grevillea rosmarinifolia,Rosemary Grevillea,Use Caution,True,native,Shrub,7,Jul,True,False
Grevillea rosmarinifolia,Rosemary Grevillea,Use Caution,True,native,Shrub,8,Aug,True,False
Grevillea rosmarinifolia,Rosemary Grevillea,Use Caution,True,native,Shrub,9,Sep,True,False
Grevillea rosmarinifolia,Rosemary Grevillea,Use Caution,True,native,Shrub,10,Oct,True,False
Grevillea rosmarinifolia,Rosemary Grevillea,Use Caution,True,native,Shrub,11,Nov,True,False
Grevillea rosmarinifolia,Rosemary Grevillea,Use Caution,True,native,Shrub,12,Dec,True,False
Grevillea rosmarinifolia subsp. rosmarinifolia,Rosemary Grevillea,Use Caution,True,native,Shrub,1,Jan,False,False
Grevillea rosmarinifolia subsp. rosmarinifolia,Rosemary Grevillea,Use Caution,True,native,Shrub,2,Feb,False,False
Grevillea rosmarinifolia subsp. rosmarinifolia,Rosemary Grevillea,Use Caution,True,native,Shrub,3,Mar,False,False
Grevillea rosmarinifolia subsp. rosmarinifolia,Rosemary Grevillea,Use Caution,True,native,Shrub,4,Apr,False,False
Grevillea rosmarinifolia subsp. rosmarinifolia,Rosemary Grevillea,Use Caution,True,native,Shrub,5,May,False,False
Grevillea rosmarinifolia subsp. rosmarinifolia,Rosemary Grevillea,Use Caution,True,native,Shrub,6,Jun,True,False
Grevillea rosmarinifolia subsp. rosmarinifolia,Rosemary Grevillea,Use Caution,True,native,Shrub,7,Jul,True,False
Grevillea rosmarinifolia subsp. rosmarinifolia,Rosemary Grevillea,Use Caution,True,native,Shrub,8,Aug,True,False
Grevillea rosmarinifolia subsp. rosmarinifolia,Rosemary Grevillea,Use Caution,True,native,Shrub,9,Sep,True,False
Grevillea rosmarinifolia subsp. rosmarinifolia,Rosemary Grevillea,Use Caution,True,native,Shrub,10,Oct,True,False
Grevillea rosmarinifolia subsp. rosmarinifolia,Rosemary Grevillea,Use Caution,True,native,Shrub,11,Nov,True,False
Grevillea rosmarinifolia subsp. rosmarinifolia,Rosemary Grevillea,Use Caution,True,native,Shrub,12,Dec,True,False
Gynatrix pulchella,Hemp Bush,Not Assessed,False,native,Shrub,1,Jan,True,False
Gynatrix pulchella,Hemp Bush,Not Assessed,False,native,Shrub,2,Feb,False,False
Gynatrix pulchella,Hemp Bush,Not Assessed,False,native,Shrub,3,Mar,False,False
Gynatrix pulchella,Hemp Bush,Not Assessed,False,native,Shrub,4,Apr,False,False
Gynatrix pulchella,Hemp Bush,Not Assessed,False,native,Shrub,5,May,False,False
Gynatrix pulchella,Hemp Bush,Not Assessed,False,native,Shrub,6,Jun,False,False
Gynatrix pulchella,Hemp Bush,Not Assessed,False,native,Shrub,7,Jul,False,False
Gynatrix pulchella,Hemp Bush,Not Assessed,False,native,Shrub,8,Aug,True,False
Gynatrix pulchella,Hemp Bush,Not Assessed,False,native,Shrub,9,Sep,True,False
Gynatrix pulchella,Hemp Bush,Not Assessed,False,native,Shrub,10,Oct,True,False
Gynatrix pulchella,Hemp Bush,Not Assessed,False,native,Shrub,11,Nov,True,False
Gynatrix pulchella,Hemp Bush,Not Assessed,False,native,Shrub,12,Dec,True,False
Hakea decurrens,Bushy Needlewood,Not Assessed,False,native,Shrub,1,Jan,False,False
Hakea decurrens,Bushy Needlewood,Not Assessed,False,native,Shrub,2,Feb,False,False
Hakea decurrens,Bushy Needlewood,Not Assessed,False,native,Shrub,3,Mar,False,False
Hakea decurrens,Bushy Needlewood,Not Assessed,False,native,Shrub,4,Apr,False,False
Hakea decurrens,Bushy Needlewood,Not Assessed,False,native,Shrub,5,May,True,False
Hakea decurrens,Bushy Needlewood,Not Assessed,False,native,Shrub,6,Jun,True,False
Hakea decurrens,Bushy Needlewood,Not Assessed,False,native,Shrub,7,Jul,True,False
Hakea decurrens,Bushy Needlewood,Not Assessed,False,native,Shrub,8,Aug,True,False
Hakea decurrens,Bushy Needlewood,Not Assessed,False,native,Shrub,9,Sep,True,False
Hakea decurrens,Bushy Needlewood,Not Assessed,False,native,Shrub,10,Oct,False,False
Hakea decurrens,Bushy Needlewood,Not Assessed,False,native,Shrub,11,Nov,False,False
Hakea decurrens,Bushy Needlewood,Not Assessed,False,native,Shrub,12,Dec,False,False
Hakea drupacea,Sweet-scented Hakea,Reconsider Planting,True,introduced,Shrub,1,Jan,False,False
Hakea drupacea,Sweet-scented Hakea,Reconsider Planting,True,introduced,Shrub,2,Feb,False,False
Hakea drupacea,Sweet-scented Hakea,Reconsider Planting,True,introduced,Shrub,3,Mar,True,False
Hakea drupacea,Sweet-scented Hakea,Reconsider Planting,True,introduced,Shrub,4,Apr,True,False
Hakea drupacea,Sweet-scented Hakea,Reconsider Planting,True,introduced,Shrub,5,May,True,False
Hakea drupacea,Sweet-scented Hakea,Reconsider Planting,True,introduced,Shrub,6,Jun,True,False
Hakea drupacea,Sweet-scented Hakea,Reconsider Planting,True,introduced,Shrub,7,Jul,False,False
Hakea drupacea,Sweet-scented Hakea,Reconsider Planting,True,introduced,Shrub,8,Aug,False,False
Hakea drupacea,Sweet-scented Hakea,Reconsider Planting,True,introduced,Shrub,9,Sep,False,False
Hakea drupacea,Sweet-scented Hakea,Reconsider Planting,True,introduced,Shrub,10,Oct,False,False
Hakea drupacea,Sweet-scented Hakea,Reconsider Planting,True,introduced,Shrub,11,Nov,False,False
Hakea drupacea,Sweet-scented Hakea,Reconsider Planting,True,introduced,Shrub,12,Dec,False,False
Hakea eriantha,Tree Hakea,Not Assessed,False,native,Shrub,1,Jan,False,False
Hakea eriantha,Tree Hakea,Not Assessed,False,native,Shrub,2,Feb,False,False
Hakea eriantha,Tree Hakea,Not Assessed,False,native,Shrub,3,Mar,False,False
Hakea eriantha,Tree Hakea,Not Assessed,False,native,Shrub,4,Apr,False,False
Hakea eriantha,Tree Hakea,Not Assessed,False,native,Shrub,5,May,False,False
Hakea eriantha,Tree Hakea,Not Assessed,False,native,Shrub,6,Jun,False,False
Hakea eriantha,Tree Hakea,Not Assessed,False,native,Shrub,7,Jul,True,False
Hakea eriantha,Tree Hakea,Not Assessed,False,native,Shrub,8,Aug,True,False
Hakea eriantha,Tree Hakea,Not Assessed,False,native,Shrub,9,Sep,True,False
Hakea eriantha,Tree Hakea,Not Assessed,False,native,Shrub,10,Oct,True,False
Hakea eriantha,Tree Hakea,Not Assessed,False,native,Shrub,11,Nov,True,False
Hakea eriantha,Tree Hakea,Not Assessed,False,native,Shrub,12,Dec,False,False
Hakea nodosa,Yellow Hakea,Not Assessed,False,native,Shrub,1,Jan,False,False
Hakea nodosa,Yellow Hakea,Not Assessed,False,native,Shrub,2,Feb,False,False
Hakea nodosa,Yellow Hakea,Not Assessed,False,native,Shrub,3,Mar,False,False
Hakea nodosa,Yellow Hakea,Not Assessed,False,native,Shrub,4,Apr,False,False
Hakea nodosa,Yellow Hakea,Not Assessed,False,native,Shrub,5,May,True,False
Hakea nodosa,Yellow Hakea,Not Assessed,False,native,Shrub,6,Jun,True,False
Hakea nodosa,Yellow Hakea,Not Assessed,False,native,Shrub,7,Jul,True,False
Hakea nodosa,Yellow Hakea,Not Assessed,False,native,Shrub,8,Aug,True,False
Hakea nodosa,Yellow Hakea,Not Assessed,False,native,Shrub,9,Sep,False,False
Hakea nodosa,Yellow Hakea,Not Assessed,False,native,Shrub,10,Oct,False,False
Hakea nodosa,Yellow Hakea,Not Assessed,False,native,Shrub,11,Nov,False,False
Hakea nodosa,Yellow Hakea,Not Assessed,False,native,Shrub,12,Dec,False,False
Hakea salicifolia,Willow-leaved Hakea,Reconsider Planting,True,introduced,Tree,1,Jan,False,False
Hakea salicifolia,Willow-leaved Hakea,Reconsider Planting,True,introduced,Tree,2,Feb,False,False
Hakea salicifolia,Willow-leaved Hakea,Reconsider Planting,True,introduced,Tree,3,Mar,False,False
Hakea salicifolia,Willow-leaved Hakea,Reconsider Planting,True,introduced,Tree,4,Apr,False,False
Hakea salicifolia,Willow-leaved Hakea,Reconsider Planting,True,introduced,Tree,5,May,False,False
Hakea salicifolia,Willow-leaved Hakea,Reconsider Planting,True,introduced,Tree,6,Jun,False,False
Hakea salicifolia,Willow-leaved Hakea,Reconsider Planting,True,introduced,Tree,7,Jul,False,False
Hakea salicifolia,Willow-leaved Hakea,Reconsider Planting,True,introduced,Tree,8,Aug,True,False
Hakea salicifolia,Willow-leaved Hakea,Reconsider Planting,True,introduced,Tree,9,Sep,True,False
Hakea salicifolia,Willow-leaved Hakea,Reconsider Planting,True,introduced,Tree,10,Oct,True,False
Hakea salicifolia,Willow-leaved Hakea,Reconsider Planting,True,introduced,Tree,11,Nov,True,False
Hakea salicifolia,Willow-leaved Hakea,Reconsider Planting,True,introduced,Tree,12,Dec,True,False
Hakea salicifolia subsp. salicifolia,Willow-leaved Hakea,Reconsider Planting,True,introduced,Tree,1,Jan,False,False
Hakea salicifolia subsp. salicifolia,Willow-leaved Hakea,Reconsider Planting,True,introduced,Tree,2,Feb,False,False
Hakea salicifolia subsp. salicifolia,Willow-leaved Hakea,Reconsider Planting,True,introduced,Tree,3,Mar,False,False
Hakea salicifolia subsp. salicifolia,Willow-leaved Hakea,Reconsider Planting,True,introduced,Tree,4,Apr,False,False
Hakea salicifolia subsp. salicifolia,Willow-leaved Hakea,Reconsider Planting,True,introduced,Tree,5,May,False,False
Hakea salicifolia subsp. salicifolia,Willow-leaved Hakea,Reconsider Planting,True,introduced,Tree,6,Jun,False,False
Hakea salicifolia subsp. salicifolia,Willow-leaved Hakea,Reconsider Planting,True,introduced,Tree,7,Jul,False,False
Hakea salicifolia subsp. salicifolia,Willow-leaved Hakea,Reconsider Planting,True,introduced,Tree,8,Aug,True,False
Hakea salicifolia subsp. salicifolia,Willow-leaved Hakea,Reconsider Planting,True,introduced,Tree,9,Sep,True,False
Hakea salicifolia subsp. salicifolia,Willow-leaved Hakea,Reconsider Planting,True,introduced,Tree,10,Oct,True,False
Hakea salicifolia subsp. salicifolia,Willow-leaved Hakea,Reconsider Planting,True,introduced,Tree,11,Nov,True,False
Hakea salicifolia subsp. salicifolia,Willow-leaved Hakea,Reconsider Planting,True,introduced,Tree,12,Dec,True,False
Hakea sericea,Silky Hakea,Use Caution,True,introduced,Shrub,1,Jan,False,False
Hakea sericea,Silky Hakea,Use Caution,True,introduced,Shrub,2,Feb,False,False
Hakea sericea,Silky Hakea,Use Caution,True,introduced,Shrub,3,Mar,False,False
Hakea sericea,Silky Hakea,Use Caution,True,introduced,Shrub,4,Apr,False,False
Hakea sericea,Silky Hakea,Use Caution,True,introduced,Shrub,5,May,False,False
Hakea sericea,Silky Hakea,Use Caution,True,introduced,Shrub,6,Jun,True,False
Hakea sericea,Silky Hakea,Use Caution,True,introduced,Shrub,7,Jul,True,False
Hakea sericea,Silky Hakea,Use Caution,True,introduced,Shrub,8,Aug,True,False
Hakea sericea,Silky Hakea,Use Caution,True,introduced,Shrub,9,Sep,True,False
Hakea sericea,Silky Hakea,Use Caution,True,introduced,Shrub,10,Oct,True,False
Hakea sericea,Silky Hakea,Use Caution,True,introduced,Shrub,11,Nov,False,False
Hakea sericea,Silky Hakea,Use Caution,True,introduced,Shrub,12,Dec,False,False
Hakea ulicina,Furze Hakea,Not Assessed,False,native,Shrub,1,Jan,False,False
Hakea ulicina,Furze Hakea,Not Assessed,False,native,Shrub,2,Feb,False,False
Hakea ulicina,Furze Hakea,Not Assessed,False,native,Shrub,3,Mar,False,False
Hakea ulicina,Furze Hakea,Not Assessed,False,native,Shrub,4,Apr,False,False
Hakea ulicina,Furze Hakea,Not Assessed,False,native,Shrub,5,May,False,False
Hakea ulicina,Furze Hakea,Not Assessed,False,native,Shrub,6,Jun,False,False
Hakea ulicina,Furze Hakea,Not Assessed,False,native,Shrub,7,Jul,False,False
Hakea ulicina,Furze Hakea,Not Assessed,False,native,Shrub,8,Aug,True,False
Hakea ulicina,Furze Hakea,Not Assessed,False,native,Shrub,9,Sep,True,False
Hakea ulicina,Furze Hakea,Not Assessed,False,native,Shrub,10,Oct,True,False
Hakea ulicina,Furze Hakea,Not Assessed,False,native,Shrub,11,Nov,True,False
Hakea ulicina,Furze Hakea,Not Assessed,False,native,Shrub,12,Dec,False,False
Hardenbergia violacea,Purple Coral-pea,Lower Concern,False,native,Climber,1,Jan,False,False
Hardenbergia violacea,Purple Coral-pea,Lower Concern,False,native,Climber,2,Feb,False,False
Hardenbergia violacea,Purple Coral-pea,Lower Concern,False,native,Climber,3,Mar,False,False
Hardenbergia violacea,Purple Coral-pea,Lower Concern,False,native,Climber,4,Apr,False,False
Hardenbergia violacea,Purple Coral-pea,Lower Concern,False,native,Climber,5,May,False,False
Hardenbergia violacea,Purple Coral-pea,Lower Concern,False,native,Climber,6,Jun,False,False
Hardenbergia violacea,Purple Coral-pea,Lower Concern,False,native,Climber,7,Jul,True,False
Hardenbergia violacea,Purple Coral-pea,Lower Concern,False,native,Climber,8,Aug,True,False
Hardenbergia violacea,Purple Coral-pea,Lower Concern,False,native,Climber,9,Sep,True,False
Hardenbergia violacea,Purple Coral-pea,Lower Concern,False,native,Climber,10,Oct,True,False
Hardenbergia violacea,Purple Coral-pea,Lower Concern,False,native,Climber,11,Nov,True,False
Hardenbergia violacea,Purple Coral-pea,Lower Concern,False,native,Climber,12,Dec,False,False
Hedera helix,English Ivy,Reconsider Planting,True,introduced,Climber,1,Jan,True,False
Hedera helix,English Ivy,Reconsider Planting,True,introduced,Climber,2,Feb,True,False
Hedera helix,English Ivy,Reconsider Planting,True,introduced,Climber,3,Mar,False,False
Hedera helix,English Ivy,Reconsider Planting,True,introduced,Climber,4,Apr,False,False
Hedera helix,English Ivy,Reconsider Planting,True,introduced,Climber,5,May,False,False
Hedera helix,English Ivy,Reconsider Planting,True,introduced,Climber,6,Jun,False,False
Hedera helix,English Ivy,Reconsider Planting,True,introduced,Climber,7,Jul,False,False
Hedera helix,English Ivy,Reconsider Planting,True,introduced,Climber,8,Aug,False,False
Hedera helix,English Ivy,Reconsider Planting,True,introduced,Climber,9,Sep,False,False
Hedera helix,English Ivy,Reconsider Planting,True,introduced,Climber,10,Oct,False,False
Hedera helix,English Ivy,Reconsider Planting,True,introduced,Climber,11,Nov,False,False
Hedera helix,English Ivy,Reconsider Planting,True,introduced,Climber,12,Dec,True,False
Helianthus annuus,Common Sunflower,Lower Concern,False,introduced,Herb,1,Jan,False,False
Helianthus annuus,Common Sunflower,Lower Concern,False,introduced,Herb,2,Feb,False,False
Helianthus annuus,Common Sunflower,Lower Concern,False,introduced,Herb,3,Mar,False,False
Helianthus annuus,Common Sunflower,Lower Concern,False,introduced,Herb,4,Apr,False,False
Helianthus annuus,Common Sunflower,Lower Concern,False,introduced,Herb,5,May,False,False
Helianthus annuus,Common Sunflower,Lower Concern,False,introduced,Herb,6,Jun,False,False
Helianthus annuus,Common Sunflower,Lower Concern,False,introduced,Herb,7,Jul,False,False
Helianthus annuus,Common Sunflower,Lower Concern,False,introduced,Herb,8,Aug,False,False
Helianthus annuus,Common Sunflower,Lower Concern,False,introduced,Herb,9,Sep,False,False
Helianthus annuus,Common Sunflower,Lower Concern,False,introduced,Herb,10,Oct,False,False
Helianthus annuus,Common Sunflower,Lower Concern,False,introduced,Herb,11,Nov,False,False
Helianthus annuus,Common Sunflower,Lower Concern,False,introduced,Herb,12,Dec,False,False
Helminthotheca echioides,Ox-tongue,Reconsider Planting,True,introduced,Herb,1,Jan,False,False
Helminthotheca echioides,Ox-tongue,Reconsider Planting,True,introduced,Herb,2,Feb,False,False
Helminthotheca echioides,Ox-tongue,Reconsider Planting,True,introduced,Herb,3,Mar,False,False
Helminthotheca echioides,Ox-tongue,Reconsider Planting,True,introduced,Herb,4,Apr,False,False
Helminthotheca echioides,Ox-tongue,Reconsider Planting,True,introduced,Herb,5,May,False,False
Helminthotheca echioides,Ox-tongue,Reconsider Planting,True,introduced,Herb,6,Jun,False,False
Helminthotheca echioides,Ox-tongue,Reconsider Planting,True,introduced,Herb,7,Jul,False,False
Helminthotheca echioides,Ox-tongue,Reconsider Planting,True,introduced,Herb,8,Aug,False,False
Helminthotheca echioides,Ox-tongue,Reconsider Planting,True,introduced,Herb,9,Sep,False,False
Helminthotheca echioides,Ox-tongue,Reconsider Planting,True,introduced,Herb,10,Oct,True,False
Helminthotheca echioides,Ox-tongue,Reconsider Planting,True,introduced,Herb,11,Nov,True,False
Helminthotheca echioides,Ox-tongue,Reconsider Planting,True,introduced,Herb,12,Dec,False,False
Hemarthria uncinata,,Not Assessed,False,native,Grass,1,Jan,True,False
Hemarthria uncinata,,Not Assessed,False,native,Grass,2,Feb,True,False
Hemarthria uncinata,,Not Assessed,False,native,Grass,3,Mar,False,False
Hemarthria uncinata,,Not Assessed,False,native,Grass,4,Apr,False,False
Hemarthria uncinata,,Not Assessed,False,native,Grass,5,May,False,False
Hemarthria uncinata,,Not Assessed,False,native,Grass,6,Jun,False,False
Hemarthria uncinata,,Not Assessed,False,native,Grass,7,Jul,False,False
Hemarthria uncinata,,Not Assessed,False,native,Grass,8,Aug,False,False
Hemarthria uncinata,,Not Assessed,False,native,Grass,9,Sep,False,False
Hemarthria uncinata,,Not Assessed,False,native,Grass,10,Oct,False,False
Hemarthria uncinata,,Not Assessed,False,native,Grass,11,Nov,False,False
Hemarthria uncinata,,Not Assessed,False,native,Grass,12,Dec,True,False
Hemarthria uncinata var. uncinata,Mat Grass,Not Assessed,False,native,Grass,1,Jan,True,False
Hemarthria uncinata var. uncinata,Mat Grass,Not Assessed,False,native,Grass,2,Feb,True,False
Hemarthria uncinata var. uncinata,Mat Grass,Not Assessed,False,native,Grass,3,Mar,False,False
Hemarthria uncinata var. uncinata,Mat Grass,Not Assessed,False,native,Grass,4,Apr,False,False
Hemarthria uncinata var. uncinata,Mat Grass,Not Assessed,False,native,Grass,5,May,False,False
Hemarthria uncinata var. uncinata,Mat Grass,Not Assessed,False,native,Grass,6,Jun,False,False
Hemarthria uncinata var. uncinata,Mat Grass,Not Assessed,False,native,Grass,7,Jul,False,False
Hemarthria uncinata var. uncinata,Mat Grass,Not Assessed,False,native,Grass,8,Aug,False,False
Hemarthria uncinata var. uncinata,Mat Grass,Not Assessed,False,native,Grass,9,Sep,False,False
Hemarthria uncinata var. uncinata,Mat Grass,Not Assessed,False,native,Grass,10,Oct,False,False
Hemarthria uncinata var. uncinata,Mat Grass,Not Assessed,False,native,Grass,11,Nov,False,False
Hemarthria uncinata var. uncinata,Mat Grass,Not Assessed,False,native,Grass,12,Dec,True,False
Hennediella stanfordensis,Short Screw-moss,Not Assessed,False,native,,1,Jan,,False
Hennediella stanfordensis,Short Screw-moss,Not Assessed,False,native,,2,Feb,,False
Hennediella stanfordensis,Short Screw-moss,Not Assessed,False,native,,3,Mar,,False
Hennediella stanfordensis,Short Screw-moss,Not Assessed,False,native,,4,Apr,,False
Hennediella stanfordensis,Short Screw-moss,Not Assessed,False,native,,5,May,,False
Hennediella stanfordensis,Short Screw-moss,Not Assessed,False,native,,6,Jun,,False
Hennediella stanfordensis,Short Screw-moss,Not Assessed,False,native,,7,Jul,,False
Hennediella stanfordensis,Short Screw-moss,Not Assessed,False,native,,8,Aug,,False
Hennediella stanfordensis,Short Screw-moss,Not Assessed,False,native,,9,Sep,,False
Hennediella stanfordensis,Short Screw-moss,Not Assessed,False,native,,10,Oct,,False
Hennediella stanfordensis,Short Screw-moss,Not Assessed,False,native,,11,Nov,,False
Hennediella stanfordensis,Short Screw-moss,Not Assessed,False,native,,12,Dec,,False
Hibbertia acicularis,Prickly Guinea-flower,Not Assessed,False,native,Shrub,1,Jan,True,False
Hibbertia acicularis,Prickly Guinea-flower,Not Assessed,False,native,Shrub,2,Feb,True,False
Hibbertia acicularis,Prickly Guinea-flower,Not Assessed,False,native,Shrub,3,Mar,False,False
Hibbertia acicularis,Prickly Guinea-flower,Not Assessed,False,native,Shrub,4,Apr,False,False
Hibbertia acicularis,Prickly Guinea-flower,Not Assessed,False,native,Shrub,5,May,False,False
Hibbertia acicularis,Prickly Guinea-flower,Not Assessed,False,native,Shrub,6,Jun,False,False
Hibbertia acicularis,Prickly Guinea-flower,Not Assessed,False,native,Shrub,7,Jul,False,False
Hibbertia acicularis,Prickly Guinea-flower,Not Assessed,False,native,Shrub,8,Aug,False,False
Hibbertia acicularis,Prickly Guinea-flower,Not Assessed,False,native,Shrub,9,Sep,True,False
Hibbertia acicularis,Prickly Guinea-flower,Not Assessed,False,native,Shrub,10,Oct,True,False
Hibbertia acicularis,Prickly Guinea-flower,Not Assessed,False,native,Shrub,11,Nov,True,False
Hibbertia acicularis,Prickly Guinea-flower,Not Assessed,False,native,Shrub,12,Dec,True,False
Hibbertia fasciculata,Bundled Guinea-flower,Not Assessed,False,native,Shrub,1,Jan,True,False
Hibbertia fasciculata,Bundled Guinea-flower,Not Assessed,False,native,Shrub,2,Feb,True,False
Hibbertia fasciculata,Bundled Guinea-flower,Not Assessed,False,native,Shrub,3,Mar,True,False
Hibbertia fasciculata,Bundled Guinea-flower,Not Assessed,False,native,Shrub,4,Apr,True,False
Hibbertia fasciculata,Bundled Guinea-flower,Not Assessed,False,native,Shrub,5,May,False,False
Hibbertia fasciculata,Bundled Guinea-flower,Not Assessed,False,native,Shrub,6,Jun,True,False
Hibbertia fasciculata,Bundled Guinea-flower,Not Assessed,False,native,Shrub,7,Jul,True,False
Hibbertia fasciculata,Bundled Guinea-flower,Not Assessed,False,native,Shrub,8,Aug,True,False
Hibbertia fasciculata,Bundled Guinea-flower,Not Assessed,False,native,Shrub,9,Sep,True,False
Hibbertia fasciculata,Bundled Guinea-flower,Not Assessed,False,native,Shrub,10,Oct,True,False
Hibbertia fasciculata,Bundled Guinea-flower,Not Assessed,False,native,Shrub,11,Nov,True,False
Hibbertia fasciculata,Bundled Guinea-flower,Not Assessed,False,native,Shrub,12,Dec,True,False
Hibbertia fasciculata var. prostrata,,Not Assessed,False,native,Shrub,1,Jan,True,False
Hibbertia fasciculata var. prostrata,,Not Assessed,False,native,Shrub,2,Feb,True,False
Hibbertia fasciculata var. prostrata,,Not Assessed,False,native,Shrub,3,Mar,True,False
Hibbertia fasciculata var. prostrata,,Not Assessed,False,native,Shrub,4,Apr,True,False
Hibbertia fasciculata var. prostrata,,Not Assessed,False,native,Shrub,5,May,False,False
Hibbertia fasciculata var. prostrata,,Not Assessed,False,native,Shrub,6,Jun,True,False
Hibbertia fasciculata var. prostrata,,Not Assessed,False,native,Shrub,7,Jul,True,False
Hibbertia fasciculata var. prostrata,,Not Assessed,False,native,Shrub,8,Aug,True,False
Hibbertia fasciculata var. prostrata,,Not Assessed,False,native,Shrub,9,Sep,True,False
Hibbertia fasciculata var. prostrata,,Not Assessed,False,native,Shrub,10,Oct,True,False
Hibbertia fasciculata var. prostrata,,Not Assessed,False,native,Shrub,11,Nov,True,False
Hibbertia fasciculata var. prostrata,,Not Assessed,False,native,Shrub,12,Dec,True,False
Hibbertia riparia,Erect Guinea-flower,Not Assessed,False,native,Shrub,1,Jan,True,False
Hibbertia riparia,Erect Guinea-flower,Not Assessed,False,native,Shrub,2,Feb,True,False
Hibbertia riparia,Erect Guinea-flower,Not Assessed,False,native,Shrub,3,Mar,False,False
Hibbertia riparia,Erect Guinea-flower,Not Assessed,False,native,Shrub,4,Apr,True,False
Hibbertia riparia,Erect Guinea-flower,Not Assessed,False,native,Shrub,5,May,True,False
Hibbertia riparia,Erect Guinea-flower,Not Assessed,False,native,Shrub,6,Jun,True,False
Hibbertia riparia,Erect Guinea-flower,Not Assessed,False,native,Shrub,7,Jul,True,False
Hibbertia riparia,Erect Guinea-flower,Not Assessed,False,native,Shrub,8,Aug,True,False
Hibbertia riparia,Erect Guinea-flower,Not Assessed,False,native,Shrub,9,Sep,True,False
Hibbertia riparia,Erect Guinea-flower,Not Assessed,False,native,Shrub,10,Oct,True,False
Hibbertia riparia,Erect Guinea-flower,Not Assessed,False,native,Shrub,11,Nov,True,False
Hibbertia riparia,Erect Guinea-flower,Not Assessed,False,native,Shrub,12,Dec,True,False
Holcus lanatus,Yorkshire Fog,Reconsider Planting,True,introduced,Grass,1,Jan,True,False
Holcus lanatus,Yorkshire Fog,Reconsider Planting,True,introduced,Grass,2,Feb,True,False
Holcus lanatus,Yorkshire Fog,Reconsider Planting,True,introduced,Grass,3,Mar,False,False
Holcus lanatus,Yorkshire Fog,Reconsider Planting,True,introduced,Grass,4,Apr,False,False
Holcus lanatus,Yorkshire Fog,Reconsider Planting,True,introduced,Grass,5,May,False,False
Holcus lanatus,Yorkshire Fog,Reconsider Planting,True,introduced,Grass,6,Jun,False,False
Holcus lanatus,Yorkshire Fog,Reconsider Planting,True,introduced,Grass,7,Jul,False,False
Holcus lanatus,Yorkshire Fog,Reconsider Planting,True,introduced,Grass,8,Aug,False,False
Holcus lanatus,Yorkshire Fog,Reconsider Planting,True,introduced,Grass,9,Sep,True,False
Holcus lanatus,Yorkshire Fog,Reconsider Planting,True,introduced,Grass,10,Oct,True,False
Holcus lanatus,Yorkshire Fog,Reconsider Planting,True,introduced,Grass,11,Nov,True,False
Holcus lanatus,Yorkshire Fog,Reconsider Planting,True,introduced,Grass,12,Dec,True,False
Hordeum hystrix,Mediterranean Barley Grass,Reconsider Planting,True,introduced,Grass,1,Jan,True,False
Hordeum hystrix,Mediterranean Barley Grass,Reconsider Planting,True,introduced,Grass,2,Feb,False,False
Hordeum hystrix,Mediterranean Barley Grass,Reconsider Planting,True,introduced,Grass,3,Mar,False,False
Hordeum hystrix,Mediterranean Barley Grass,Reconsider Planting,True,introduced,Grass,4,Apr,False,False
Hordeum hystrix,Mediterranean Barley Grass,Reconsider Planting,True,introduced,Grass,5,May,False,False
Hordeum hystrix,Mediterranean Barley Grass,Reconsider Planting,True,introduced,Grass,6,Jun,False,False
Hordeum hystrix,Mediterranean Barley Grass,Reconsider Planting,True,introduced,Grass,7,Jul,False,False
Hordeum hystrix,Mediterranean Barley Grass,Reconsider Planting,True,introduced,Grass,8,Aug,True,False
Hordeum hystrix,Mediterranean Barley Grass,Reconsider Planting,True,introduced,Grass,9,Sep,True,False
Hordeum hystrix,Mediterranean Barley Grass,Reconsider Planting,True,introduced,Grass,10,Oct,True,False
Hordeum hystrix,Mediterranean Barley Grass,Reconsider Planting,True,introduced,Grass,11,Nov,True,False
Hordeum hystrix,Mediterranean Barley Grass,Reconsider Planting,True,introduced,Grass,12,Dec,True,False
Hovea heterophylla,Common Hovea,Not Assessed,False,native,Shrub,1,Jan,False,False
Hovea heterophylla,Common Hovea,Not Assessed,False,native,Shrub,2,Feb,False,False
Hovea heterophylla,Common Hovea,Not Assessed,False,native,Shrub,3,Mar,False,False
Hovea heterophylla,Common Hovea,Not Assessed,False,native,Shrub,4,Apr,False,False
Hovea heterophylla,Common Hovea,Not Assessed,False,native,Shrub,5,May,False,False
Hovea heterophylla,Common Hovea,Not Assessed,False,native,Shrub,6,Jun,False,False
Hovea heterophylla,Common Hovea,Not Assessed,False,native,Shrub,7,Jul,True,False
Hovea heterophylla,Common Hovea,Not Assessed,False,native,Shrub,8,Aug,True,False
Hovea heterophylla,Common Hovea,Not Assessed,False,native,Shrub,9,Sep,True,False
Hovea heterophylla,Common Hovea,Not Assessed,False,native,Shrub,10,Oct,True,False
Hovea heterophylla,Common Hovea,Not Assessed,False,native,Shrub,11,Nov,True,False
Hovea heterophylla,Common Hovea,Not Assessed,False,native,Shrub,12,Dec,False,False
Hydrocotyle hirta,Hairy Pennywort,Not Assessed,False,native,Herb,1,Jan,True,False
Hydrocotyle hirta,Hairy Pennywort,Not Assessed,False,native,Herb,2,Feb,True,False
Hydrocotyle hirta,Hairy Pennywort,Not Assessed,False,native,Herb,3,Mar,True,False
Hydrocotyle hirta,Hairy Pennywort,Not Assessed,False,native,Herb,4,Apr,True,False
Hydrocotyle hirta,Hairy Pennywort,Not Assessed,False,native,Herb,5,May,True,False
Hydrocotyle hirta,Hairy Pennywort,Not Assessed,False,native,Herb,6,Jun,False,False
Hydrocotyle hirta,Hairy Pennywort,Not Assessed,False,native,Herb,7,Jul,False,False
Hydrocotyle hirta,Hairy Pennywort,Not Assessed,False,native,Herb,8,Aug,False,False
Hydrocotyle hirta,Hairy Pennywort,Not Assessed,False,native,Herb,9,Sep,False,False
Hydrocotyle hirta,Hairy Pennywort,Not Assessed,False,native,Herb,10,Oct,False,False
Hydrocotyle hirta,Hairy Pennywort,Not Assessed,False,native,Herb,11,Nov,False,False
Hydrocotyle hirta,Hairy Pennywort,Not Assessed,False,native,Herb,12,Dec,True,False
Hydrocotyle laxiflora,Stinking Pennywort,Not Assessed,False,native,Herb,1,Jan,True,False
Hydrocotyle laxiflora,Stinking Pennywort,Not Assessed,False,native,Herb,2,Feb,True,False
Hydrocotyle laxiflora,Stinking Pennywort,Not Assessed,False,native,Herb,3,Mar,True,False
Hydrocotyle laxiflora,Stinking Pennywort,Not Assessed,False,native,Herb,4,Apr,True,False
Hydrocotyle laxiflora,Stinking Pennywort,Not Assessed,False,native,Herb,5,May,False,False
Hydrocotyle laxiflora,Stinking Pennywort,Not Assessed,False,native,Herb,6,Jun,False,False
Hydrocotyle laxiflora,Stinking Pennywort,Not Assessed,False,native,Herb,7,Jul,False,False
Hydrocotyle laxiflora,Stinking Pennywort,Not Assessed,False,native,Herb,8,Aug,False,False
Hydrocotyle laxiflora,Stinking Pennywort,Not Assessed,False,native,Herb,9,Sep,True,False
Hydrocotyle laxiflora,Stinking Pennywort,Not Assessed,False,native,Herb,10,Oct,True,False
Hydrocotyle laxiflora,Stinking Pennywort,Not Assessed,False,native,Herb,11,Nov,True,False
Hydrocotyle laxiflora,Stinking Pennywort,Not Assessed,False,native,Herb,12,Dec,True,False
Hydrocotyle sibthorpioides,Shining Pennywort,Not Assessed,False,native,Herb,1,Jan,True,False
Hydrocotyle sibthorpioides,Shining Pennywort,Not Assessed,False,native,Herb,2,Feb,True,False
Hydrocotyle sibthorpioides,Shining Pennywort,Not Assessed,False,native,Herb,3,Mar,True,False
Hydrocotyle sibthorpioides,Shining Pennywort,Not Assessed,False,native,Herb,4,Apr,True,False
Hydrocotyle sibthorpioides,Shining Pennywort,Not Assessed,False,native,Herb,5,May,True,False
Hydrocotyle sibthorpioides,Shining Pennywort,Not Assessed,False,native,Herb,6,Jun,False,False
Hydrocotyle sibthorpioides,Shining Pennywort,Not Assessed,False,native,Herb,7,Jul,False,False
Hydrocotyle sibthorpioides,Shining Pennywort,Not Assessed,False,native,Herb,8,Aug,False,False
Hydrocotyle sibthorpioides,Shining Pennywort,Not Assessed,False,native,Herb,9,Sep,True,False
Hydrocotyle sibthorpioides,Shining Pennywort,Not Assessed,False,native,Herb,10,Oct,True,False
Hydrocotyle sibthorpioides,Shining Pennywort,Not Assessed,False,native,Herb,11,Nov,True,False
Hydrocotyle sibthorpioides,Shining Pennywort,Not Assessed,False,native,Herb,12,Dec,True,False
Hypericum gramineum,Small St John's Wort,Not Assessed,False,native,Herb,1,Jan,True,False
Hypericum gramineum,Small St John's Wort,Not Assessed,False,native,Herb,2,Feb,True,False
Hypericum gramineum,Small St John's Wort,Not Assessed,False,native,Herb,3,Mar,True,False
Hypericum gramineum,Small St John's Wort,Not Assessed,False,native,Herb,4,Apr,True,False
Hypericum gramineum,Small St John's Wort,Not Assessed,False,native,Herb,5,May,True,False
Hypericum gramineum,Small St John's Wort,Not Assessed,False,native,Herb,6,Jun,True,False
Hypericum gramineum,Small St John's Wort,Not Assessed,False,native,Herb,7,Jul,True,False
Hypericum gramineum,Small St John's Wort,Not Assessed,False,native,Herb,8,Aug,True,False
Hypericum gramineum,Small St John's Wort,Not Assessed,False,native,Herb,9,Sep,True,False
Hypericum gramineum,Small St John's Wort,Not Assessed,False,native,Herb,10,Oct,True,False
Hypericum gramineum,Small St John's Wort,Not Assessed,False,native,Herb,11,Nov,True,False
Hypericum gramineum,Small St John's Wort,Not Assessed,False,native,Herb,12,Dec,True,False
Hypericum perforatum,St Johns Wort,Reconsider Planting,True,introduced,Herb,1,Jan,True,False
Hypericum perforatum,St Johns Wort,Reconsider Planting,True,introduced,Herb,2,Feb,True,False
Hypericum perforatum,St Johns Wort,Reconsider Planting,True,introduced,Herb,3,Mar,False,False
Hypericum perforatum,St Johns Wort,Reconsider Planting,True,introduced,Herb,4,Apr,False,False
Hypericum perforatum,St Johns Wort,Reconsider Planting,True,introduced,Herb,5,May,False,False
Hypericum perforatum,St Johns Wort,Reconsider Planting,True,introduced,Herb,6,Jun,False,False
Hypericum perforatum,St Johns Wort,Reconsider Planting,True,introduced,Herb,7,Jul,False,False
Hypericum perforatum,St Johns Wort,Reconsider Planting,True,introduced,Herb,8,Aug,False,False
Hypericum perforatum,St Johns Wort,Reconsider Planting,True,introduced,Herb,9,Sep,False,False
Hypericum perforatum,St Johns Wort,Reconsider Planting,True,introduced,Herb,10,Oct,False,False
Hypericum perforatum,St Johns Wort,Reconsider Planting,True,introduced,Herb,11,Nov,False,False
Hypericum perforatum,St Johns Wort,Reconsider Planting,True,introduced,Herb,12,Dec,True,False
Hypericum perforatum subsp. veronense,St John's Wort,Reconsider Planting,True,introduced,Herb,1,Jan,True,False
Hypericum perforatum subsp. veronense,St John's Wort,Reconsider Planting,True,introduced,Herb,2,Feb,True,False
Hypericum perforatum subsp. veronense,St John's Wort,Reconsider Planting,True,introduced,Herb,3,Mar,False,False
Hypericum perforatum subsp. veronense,St John's Wort,Reconsider Planting,True,introduced,Herb,4,Apr,False,False
Hypericum perforatum subsp. veronense,St John's Wort,Reconsider Planting,True,introduced,Herb,5,May,False,False
Hypericum perforatum subsp. veronense,St John's Wort,Reconsider Planting,True,introduced,Herb,6,Jun,False,False
Hypericum perforatum subsp. veronense,St John's Wort,Reconsider Planting,True,introduced,Herb,7,Jul,False,False
Hypericum perforatum subsp. veronense,St John's Wort,Reconsider Planting,True,introduced,Herb,8,Aug,False,False
Hypericum perforatum subsp. veronense,St John's Wort,Reconsider Planting,True,introduced,Herb,9,Sep,False,False
Hypericum perforatum subsp. veronense,St John's Wort,Reconsider Planting,True,introduced,Herb,10,Oct,False,False
Hypericum perforatum subsp. veronense,St John's Wort,Reconsider Planting,True,introduced,Herb,11,Nov,False,False
Hypericum perforatum subsp. veronense,St John's Wort,Reconsider Planting,True,introduced,Herb,12,Dec,True,False
Hypnum cupressiforme,Common Plait-moss,Not Assessed,False,native,,1,Jan,,False
Hypnum cupressiforme,Common Plait-moss,Not Assessed,False,native,,2,Feb,,False
Hypnum cupressiforme,Common Plait-moss,Not Assessed,False,native,,3,Mar,,False
Hypnum cupressiforme,Common Plait-moss,Not Assessed,False,native,,4,Apr,,False
Hypnum cupressiforme,Common Plait-moss,Not Assessed,False,native,,5,May,,False
Hypnum cupressiforme,Common Plait-moss,Not Assessed,False,native,,6,Jun,,False
Hypnum cupressiforme,Common Plait-moss,Not Assessed,False,native,,7,Jul,,False
Hypnum cupressiforme,Common Plait-moss,Not Assessed,False,native,,8,Aug,,False
Hypnum cupressiforme,Common Plait-moss,Not Assessed,False,native,,9,Sep,,False
Hypnum cupressiforme,Common Plait-moss,Not Assessed,False,native,,10,Oct,,False
Hypnum cupressiforme,Common Plait-moss,Not Assessed,False,native,,11,Nov,,False
Hypnum cupressiforme,Common Plait-moss,Not Assessed,False,native,,12,Dec,,False
Hypochaeris glabra,Smooth Cat's-ear,Use Caution,True,introduced,Herb,1,Jan,True,False
Hypochaeris glabra,Smooth Cat's-ear,Use Caution,True,introduced,Herb,2,Feb,True,False
Hypochaeris glabra,Smooth Cat's-ear,Use Caution,True,introduced,Herb,3,Mar,True,False
Hypochaeris glabra,Smooth Cat's-ear,Use Caution,True,introduced,Herb,4,Apr,True,False
Hypochaeris glabra,Smooth Cat's-ear,Use Caution,True,introduced,Herb,5,May,True,False
Hypochaeris glabra,Smooth Cat's-ear,Use Caution,True,introduced,Herb,6,Jun,True,False
Hypochaeris glabra,Smooth Cat's-ear,Use Caution,True,introduced,Herb,7,Jul,True,False
Hypochaeris glabra,Smooth Cat's-ear,Use Caution,True,introduced,Herb,8,Aug,True,False
Hypochaeris glabra,Smooth Cat's-ear,Use Caution,True,introduced,Herb,9,Sep,True,False
Hypochaeris glabra,Smooth Cat's-ear,Use Caution,True,introduced,Herb,10,Oct,True,False
Hypochaeris glabra,Smooth Cat's-ear,Use Caution,True,introduced,Herb,11,Nov,True,False
Hypochaeris glabra,Smooth Cat's-ear,Use Caution,True,introduced,Herb,12,Dec,True,False
Hypochaeris radicata,Cat's-ear | Flat-weed,Use Caution,True,introduced,Herb,1,Jan,True,False
Hypochaeris radicata,Cat's-ear | Flat-weed,Use Caution,True,introduced,Herb,2,Feb,True,False
Hypochaeris radicata,Cat's-ear | Flat-weed,Use Caution,True,introduced,Herb,3,Mar,True,False
Hypochaeris radicata,Cat's-ear | Flat-weed,Use Caution,True,introduced,Herb,4,Apr,True,False
Hypochaeris radicata,Cat's-ear | Flat-weed,Use Caution,True,introduced,Herb,5,May,True,False
Hypochaeris radicata,Cat's-ear | Flat-weed,Use Caution,True,introduced,Herb,6,Jun,True,False
Hypochaeris radicata,Cat's-ear | Flat-weed,Use Caution,True,introduced,Herb,7,Jul,False,False
Hypochaeris radicata,Cat's-ear | Flat-weed,Use Caution,True,introduced,Herb,8,Aug,False,False
Hypochaeris radicata,Cat's-ear | Flat-weed,Use Caution,True,introduced,Herb,9,Sep,True,False
Hypochaeris radicata,Cat's-ear | Flat-weed,Use Caution,True,introduced,Herb,10,Oct,True,False
Hypochaeris radicata,Cat's-ear | Flat-weed,Use Caution,True,introduced,Herb,11,Nov,True,False
Hypochaeris radicata,Cat's-ear | Flat-weed,Use Caution,True,introduced,Herb,12,Dec,True,False
Hypolaena fastigiata,Tassel Rope-rush,Not Assessed,False,native,Grass,1,Jan,True,False
Hypolaena fastigiata,Tassel Rope-rush,Not Assessed,False,native,Grass,2,Feb,True,False
Hypolaena fastigiata,Tassel Rope-rush,Not Assessed,False,native,Grass,3,Mar,True,False
Hypolaena fastigiata,Tassel Rope-rush,Not Assessed,False,native,Grass,4,Apr,True,False
Hypolaena fastigiata,Tassel Rope-rush,Not Assessed,False,native,Grass,5,May,True,False
Hypolaena fastigiata,Tassel Rope-rush,Not Assessed,False,native,Grass,6,Jun,True,False
Hypolaena fastigiata,Tassel Rope-rush,Not Assessed,False,native,Grass,7,Jul,True,False
Hypolaena fastigiata,Tassel Rope-rush,Not Assessed,False,native,Grass,8,Aug,True,False
Hypolaena fastigiata,Tassel Rope-rush,Not Assessed,False,native,Grass,9,Sep,True,False
Hypolaena fastigiata,Tassel Rope-rush,Not Assessed,False,native,Grass,10,Oct,True,False
Hypolaena fastigiata,Tassel Rope-rush,Not Assessed,False,native,Grass,11,Nov,True,False
Hypolaena fastigiata,Tassel Rope-rush,Not Assessed,False,native,Grass,12,Dec,True,False
Hypolepis rugosula,Ruddy Ground-fern,Not Assessed,False,native,Fern,1,Jan,,False
Hypolepis rugosula,Ruddy Ground-fern,Not Assessed,False,native,Fern,2,Feb,,False
Hypolepis rugosula,Ruddy Ground-fern,Not Assessed,False,native,Fern,3,Mar,,False
Hypolepis rugosula,Ruddy Ground-fern,Not Assessed,False,native,Fern,4,Apr,,False
Hypolepis rugosula,Ruddy Ground-fern,Not Assessed,False,native,Fern,5,May,,False
Hypolepis rugosula,Ruddy Ground-fern,Not Assessed,False,native,Fern,6,Jun,,False
Hypolepis rugosula,Ruddy Ground-fern,Not Assessed,False,native,Fern,7,Jul,,False
Hypolepis rugosula,Ruddy Ground-fern,Not Assessed,False,native,Fern,8,Aug,,False
Hypolepis rugosula,Ruddy Ground-fern,Not Assessed,False,native,Fern,9,Sep,,False
Hypolepis rugosula,Ruddy Ground-fern,Not Assessed,False,native,Fern,10,Oct,,False
Hypolepis rugosula,Ruddy Ground-fern,Not Assessed,False,native,Fern,11,Nov,,False
Hypolepis rugosula,Ruddy Ground-fern,Not Assessed,False,native,Fern,12,Dec,,False
Hypoxis hygrometrica,Golden Weather-grass,Not Assessed,False,native,Herb,1,Jan,True,False
Hypoxis hygrometrica,Golden Weather-grass,Not Assessed,False,native,Herb,2,Feb,True,False
Hypoxis hygrometrica,Golden Weather-grass,Not Assessed,False,native,Herb,3,Mar,True,False
Hypoxis hygrometrica,Golden Weather-grass,Not Assessed,False,native,Herb,4,Apr,True,False
Hypoxis hygrometrica,Golden Weather-grass,Not Assessed,False,native,Herb,5,May,True,False
Hypoxis hygrometrica,Golden Weather-grass,Not Assessed,False,native,Herb,6,Jun,False,False
Hypoxis hygrometrica,Golden Weather-grass,Not Assessed,False,native,Herb,7,Jul,False,False
Hypoxis hygrometrica,Golden Weather-grass,Not Assessed,False,native,Herb,8,Aug,False,False
Hypoxis hygrometrica,Golden Weather-grass,Not Assessed,False,native,Herb,9,Sep,True,False
Hypoxis hygrometrica,Golden Weather-grass,Not Assessed,False,native,Herb,10,Oct,True,False
Hypoxis hygrometrica,Golden Weather-grass,Not Assessed,False,native,Herb,11,Nov,True,False
Hypoxis hygrometrica,Golden Weather-grass,Not Assessed,False,native,Herb,12,Dec,True,False
Imperata cylindrica,Blady Grass | Kunai in Papua New Guinea,Not Assessed,False,native,Grass,1,Jan,True,False
Imperata cylindrica,Blady Grass | Kunai in Papua New Guinea,Not Assessed,False,native,Grass,2,Feb,True,False
Imperata cylindrica,Blady Grass | Kunai in Papua New Guinea,Not Assessed,False,native,Grass,3,Mar,True,False
Imperata cylindrica,Blady Grass | Kunai in Papua New Guinea,Not Assessed,False,native,Grass,4,Apr,True,False
Imperata cylindrica,Blady Grass | Kunai in Papua New Guinea,Not Assessed,False,native,Grass,5,May,True,False
Imperata cylindrica,Blady Grass | Kunai in Papua New Guinea,Not Assessed,False,native,Grass,6,Jun,False,False
Imperata cylindrica,Blady Grass | Kunai in Papua New Guinea,Not Assessed,False,native,Grass,7,Jul,False,False
Imperata cylindrica,Blady Grass | Kunai in Papua New Guinea,Not Assessed,False,native,Grass,8,Aug,False,False
Imperata cylindrica,Blady Grass | Kunai in Papua New Guinea,Not Assessed,False,native,Grass,9,Sep,False,False
Imperata cylindrica,Blady Grass | Kunai in Papua New Guinea,Not Assessed,False,native,Grass,10,Oct,False,False
Imperata cylindrica,Blady Grass | Kunai in Papua New Guinea,Not Assessed,False,native,Grass,11,Nov,True,False
Imperata cylindrica,Blady Grass | Kunai in Papua New Guinea,Not Assessed,False,native,Grass,12,Dec,True,False
Indigofera australis,Austral Indigo,Not Assessed,False,native,Shrub,1,Jan,False,False
Indigofera australis,Austral Indigo,Not Assessed,False,native,Shrub,2,Feb,False,False
Indigofera australis,Austral Indigo,Not Assessed,False,native,Shrub,3,Mar,False,False
Indigofera australis,Austral Indigo,Not Assessed,False,native,Shrub,4,Apr,False,False
Indigofera australis,Austral Indigo,Not Assessed,False,native,Shrub,5,May,False,False
Indigofera australis,Austral Indigo,Not Assessed,False,native,Shrub,6,Jun,False,False
Indigofera australis,Austral Indigo,Not Assessed,False,native,Shrub,7,Jul,True,False
Indigofera australis,Austral Indigo,Not Assessed,False,native,Shrub,8,Aug,True,False
Indigofera australis,Austral Indigo,Not Assessed,False,native,Shrub,9,Sep,True,False
Indigofera australis,Austral Indigo,Not Assessed,False,native,Shrub,10,Oct,True,False
Indigofera australis,Austral Indigo,Not Assessed,False,native,Shrub,11,Nov,True,False
Indigofera australis,Austral Indigo,Not Assessed,False,native,Shrub,12,Dec,False,False
Indigofera australis subsp. australis,Austral Indigo,Not Assessed,False,native,Shrub,1,Jan,False,False
Indigofera australis subsp. australis,Austral Indigo,Not Assessed,False,native,Shrub,2,Feb,False,False
Indigofera australis subsp. australis,Austral Indigo,Not Assessed,False,native,Shrub,3,Mar,False,False
Indigofera australis subsp. australis,Austral Indigo,Not Assessed,False,native,Shrub,4,Apr,False,False
Indigofera australis subsp. australis,Austral Indigo,Not Assessed,False,native,Shrub,5,May,False,False
Indigofera australis subsp. australis,Austral Indigo,Not Assessed,False,native,Shrub,6,Jun,False,False
Indigofera australis subsp. australis,Austral Indigo,Not Assessed,False,native,Shrub,7,Jul,True,False
Indigofera australis subsp. australis,Austral Indigo,Not Assessed,False,native,Shrub,8,Aug,True,False
Indigofera australis subsp. australis,Austral Indigo,Not Assessed,False,native,Shrub,9,Sep,True,False
Indigofera australis subsp. australis,Austral Indigo,Not Assessed,False,native,Shrub,10,Oct,True,False
Indigofera australis subsp. australis,Austral Indigo,Not Assessed,False,native,Shrub,11,Nov,True,False
Indigofera australis subsp. australis,Austral Indigo,Not Assessed,False,native,Shrub,12,Dec,False,False
Ipomoea indica,Blue Morning Glory,Reconsider Planting,True,introduced,Climber,1,Jan,True,False
Ipomoea indica,Blue Morning Glory,Reconsider Planting,True,introduced,Climber,2,Feb,True,False
Ipomoea indica,Blue Morning Glory,Reconsider Planting,True,introduced,Climber,3,Mar,True,False
Ipomoea indica,Blue Morning Glory,Reconsider Planting,True,introduced,Climber,4,Apr,True,False
Ipomoea indica,Blue Morning Glory,Reconsider Planting,True,introduced,Climber,5,May,True,False
Ipomoea indica,Blue Morning Glory,Reconsider Planting,True,introduced,Climber,6,Jun,True,False
Ipomoea indica,Blue Morning Glory,Reconsider Planting,True,introduced,Climber,7,Jul,True,False
Ipomoea indica,Blue Morning Glory,Reconsider Planting,True,introduced,Climber,8,Aug,True,False
Ipomoea indica,Blue Morning Glory,Reconsider Planting,True,introduced,Climber,9,Sep,True,False
Ipomoea indica,Blue Morning Glory,Reconsider Planting,True,introduced,Climber,10,Oct,True,False
Ipomoea indica,Blue Morning Glory,Reconsider Planting,True,introduced,Climber,11,Nov,True,False
Ipomoea indica,Blue Morning Glory,Reconsider Planting,True,introduced,Climber,12,Dec,True,False
Isolepis cernua,Nodding Club-rush,Not Assessed,False,native,Grass,1,Jan,True,False
Isolepis cernua,Nodding Club-rush,Not Assessed,False,native,Grass,2,Feb,True,False
Isolepis cernua,Nodding Club-rush,Not Assessed,False,native,Grass,3,Mar,False,False
Isolepis cernua,Nodding Club-rush,Not Assessed,False,native,Grass,4,Apr,False,False
Isolepis cernua,Nodding Club-rush,Not Assessed,False,native,Grass,5,May,False,False
Isolepis cernua,Nodding Club-rush,Not Assessed,False,native,Grass,6,Jun,True,False
Isolepis cernua,Nodding Club-rush,Not Assessed,False,native,Grass,7,Jul,True,False
Isolepis cernua,Nodding Club-rush,Not Assessed,False,native,Grass,8,Aug,True,False
Isolepis cernua,Nodding Club-rush,Not Assessed,False,native,Grass,9,Sep,True,False
Isolepis cernua,Nodding Club-rush,Not Assessed,False,native,Grass,10,Oct,True,False
Isolepis cernua,Nodding Club-rush,Not Assessed,False,native,Grass,11,Nov,True,False
Isolepis cernua,Nodding Club-rush,Not Assessed,False,native,Grass,12,Dec,True,False
Isolepis fluitans,Floating Club-rush,Not Assessed,False,native,Grass,1,Jan,True,False
Isolepis fluitans,Floating Club-rush,Not Assessed,False,native,Grass,2,Feb,True,False
Isolepis fluitans,Floating Club-rush,Not Assessed,False,native,Grass,3,Mar,False,False
Isolepis fluitans,Floating Club-rush,Not Assessed,False,native,Grass,4,Apr,False,False
Isolepis fluitans,Floating Club-rush,Not Assessed,False,native,Grass,5,May,False,False
Isolepis fluitans,Floating Club-rush,Not Assessed,False,native,Grass,6,Jun,False,False
Isolepis fluitans,Floating Club-rush,Not Assessed,False,native,Grass,7,Jul,False,False
Isolepis fluitans,Floating Club-rush,Not Assessed,False,native,Grass,8,Aug,False,False
Isolepis fluitans,Floating Club-rush,Not Assessed,False,native,Grass,9,Sep,True,False
Isolepis fluitans,Floating Club-rush,Not Assessed,False,native,Grass,10,Oct,True,False
Isolepis fluitans,Floating Club-rush,Not Assessed,False,native,Grass,11,Nov,True,False
Isolepis fluitans,Floating Club-rush,Not Assessed,False,native,Grass,12,Dec,True,False
Isolepis hookeriana,Grassy Club-sedge,Not Assessed,False,native,,1,Jan,,False
Isolepis hookeriana,Grassy Club-sedge,Not Assessed,False,native,,2,Feb,,False
Isolepis hookeriana,Grassy Club-sedge,Not Assessed,False,native,,3,Mar,,False
Isolepis hookeriana,Grassy Club-sedge,Not Assessed,False,native,,4,Apr,,False
Isolepis hookeriana,Grassy Club-sedge,Not Assessed,False,native,,5,May,,False
Isolepis hookeriana,Grassy Club-sedge,Not Assessed,False,native,,6,Jun,,False
Isolepis hookeriana,Grassy Club-sedge,Not Assessed,False,native,,7,Jul,,False
Isolepis hookeriana,Grassy Club-sedge,Not Assessed,False,native,,8,Aug,,False
Isolepis hookeriana,Grassy Club-sedge,Not Assessed,False,native,,9,Sep,,False
Isolepis hookeriana,Grassy Club-sedge,Not Assessed,False,native,,10,Oct,,False
Isolepis hookeriana,Grassy Club-sedge,Not Assessed,False,native,,11,Nov,,False
Isolepis hookeriana,Grassy Club-sedge,Not Assessed,False,native,,12,Dec,,False
Isolepis inundata,Swamp Club-sedge,Not Assessed,False,native,Grass,1,Jan,True,False
Isolepis inundata,Swamp Club-sedge,Not Assessed,False,native,Grass,2,Feb,True,False
Isolepis inundata,Swamp Club-sedge,Not Assessed,False,native,Grass,3,Mar,False,False
Isolepis inundata,Swamp Club-sedge,Not Assessed,False,native,Grass,4,Apr,False,False
Isolepis inundata,Swamp Club-sedge,Not Assessed,False,native,Grass,5,May,False,False
Isolepis inundata,Swamp Club-sedge,Not Assessed,False,native,Grass,6,Jun,False,False
Isolepis inundata,Swamp Club-sedge,Not Assessed,False,native,Grass,7,Jul,False,False
Isolepis inundata,Swamp Club-sedge,Not Assessed,False,native,Grass,8,Aug,True,False
Isolepis inundata,Swamp Club-sedge,Not Assessed,False,native,Grass,9,Sep,True,False
Isolepis inundata,Swamp Club-sedge,Not Assessed,False,native,Grass,10,Oct,True,False
Isolepis inundata,Swamp Club-sedge,Not Assessed,False,native,Grass,11,Nov,True,False
Isolepis inundata,Swamp Club-sedge,Not Assessed,False,native,Grass,12,Dec,True,False
Isolepis levynsiana,Tiny Flat-sedge,Use Caution,True,introduced,Grass,1,Jan,True,False
Isolepis levynsiana,Tiny Flat-sedge,Use Caution,True,introduced,Grass,2,Feb,True,False
Isolepis levynsiana,Tiny Flat-sedge,Use Caution,True,introduced,Grass,3,Mar,False,False
Isolepis levynsiana,Tiny Flat-sedge,Use Caution,True,introduced,Grass,4,Apr,False,False
Isolepis levynsiana,Tiny Flat-sedge,Use Caution,True,introduced,Grass,5,May,True,False
Isolepis levynsiana,Tiny Flat-sedge,Use Caution,True,introduced,Grass,6,Jun,True,False
Isolepis levynsiana,Tiny Flat-sedge,Use Caution,True,introduced,Grass,7,Jul,True,False
Isolepis levynsiana,Tiny Flat-sedge,Use Caution,True,introduced,Grass,8,Aug,True,False
Isolepis levynsiana,Tiny Flat-sedge,Use Caution,True,introduced,Grass,9,Sep,True,False
Isolepis levynsiana,Tiny Flat-sedge,Use Caution,True,introduced,Grass,10,Oct,True,False
Isolepis levynsiana,Tiny Flat-sedge,Use Caution,True,introduced,Grass,11,Nov,True,False
Isolepis levynsiana,Tiny Flat-sedge,Use Caution,True,introduced,Grass,12,Dec,True,False
Isolepis platycarpa,Broad-fruit Club-sedge,Not Assessed,False,native,Grass,1,Jan,True,False
Isolepis platycarpa,Broad-fruit Club-sedge,Not Assessed,False,native,Grass,2,Feb,True,False
Isolepis platycarpa,Broad-fruit Club-sedge,Not Assessed,False,native,Grass,3,Mar,False,False
Isolepis platycarpa,Broad-fruit Club-sedge,Not Assessed,False,native,Grass,4,Apr,False,False
Isolepis platycarpa,Broad-fruit Club-sedge,Not Assessed,False,native,Grass,5,May,False,False
Isolepis platycarpa,Broad-fruit Club-sedge,Not Assessed,False,native,Grass,6,Jun,False,False
Isolepis platycarpa,Broad-fruit Club-sedge,Not Assessed,False,native,Grass,7,Jul,False,False
Isolepis platycarpa,Broad-fruit Club-sedge,Not Assessed,False,native,Grass,8,Aug,False,False
Isolepis platycarpa,Broad-fruit Club-sedge,Not Assessed,False,native,Grass,9,Sep,True,False
Isolepis platycarpa,Broad-fruit Club-sedge,Not Assessed,False,native,Grass,10,Oct,True,False
Isolepis platycarpa,Broad-fruit Club-sedge,Not Assessed,False,native,Grass,11,Nov,True,False
Isolepis platycarpa,Broad-fruit Club-sedge,Not Assessed,False,native,Grass,12,Dec,True,False
Isolepis prolifera,Proliferous Club-sedge,Lower Concern,False,introduced,Grass,1,Jan,False,False
Isolepis prolifera,Proliferous Club-sedge,Lower Concern,False,introduced,Grass,2,Feb,False,False
Isolepis prolifera,Proliferous Club-sedge,Lower Concern,False,introduced,Grass,3,Mar,False,False
Isolepis prolifera,Proliferous Club-sedge,Lower Concern,False,introduced,Grass,4,Apr,False,False
Isolepis prolifera,Proliferous Club-sedge,Lower Concern,False,introduced,Grass,5,May,False,False
Isolepis prolifera,Proliferous Club-sedge,Lower Concern,False,introduced,Grass,6,Jun,False,False
Isolepis prolifera,Proliferous Club-sedge,Lower Concern,False,introduced,Grass,7,Jul,False,False
Isolepis prolifera,Proliferous Club-sedge,Lower Concern,False,introduced,Grass,8,Aug,False,False
Isolepis prolifera,Proliferous Club-sedge,Lower Concern,False,introduced,Grass,9,Sep,True,False
Isolepis prolifera,Proliferous Club-sedge,Lower Concern,False,introduced,Grass,10,Oct,True,False
Isolepis prolifera,Proliferous Club-sedge,Lower Concern,False,introduced,Grass,11,Nov,True,False
Isolepis prolifera,Proliferous Club-sedge,Lower Concern,False,introduced,Grass,12,Dec,False,False
Isolepis stellata,Star Club-rush,Not Assessed,False,native,Grass,1,Jan,True,False
Isolepis stellata,Star Club-rush,Not Assessed,False,native,Grass,2,Feb,False,False
Isolepis stellata,Star Club-rush,Not Assessed,False,native,Grass,3,Mar,False,False
Isolepis stellata,Star Club-rush,Not Assessed,False,native,Grass,4,Apr,False,False
Isolepis stellata,Star Club-rush,Not Assessed,False,native,Grass,5,May,False,False
Isolepis stellata,Star Club-rush,Not Assessed,False,native,Grass,6,Jun,False,False
Isolepis stellata,Star Club-rush,Not Assessed,False,native,Grass,7,Jul,False,False
Isolepis stellata,Star Club-rush,Not Assessed,False,native,Grass,8,Aug,True,False
Isolepis stellata,Star Club-rush,Not Assessed,False,native,Grass,9,Sep,True,False
Isolepis stellata,Star Club-rush,Not Assessed,False,native,Grass,10,Oct,True,False
Isolepis stellata,Star Club-rush,Not Assessed,False,native,Grass,11,Nov,True,False
Isolepis stellata,Star Club-rush,Not Assessed,False,native,Grass,12,Dec,True,False
Isopogon ceratophyllus,Horny Cone-bush,Not Assessed,False,native,Shrub,1,Jan,True,False
Isopogon ceratophyllus,Horny Cone-bush,Not Assessed,False,native,Shrub,2,Feb,False,False
Isopogon ceratophyllus,Horny Cone-bush,Not Assessed,False,native,Shrub,3,Mar,False,False
Isopogon ceratophyllus,Horny Cone-bush,Not Assessed,False,native,Shrub,4,Apr,False,False
Isopogon ceratophyllus,Horny Cone-bush,Not Assessed,False,native,Shrub,5,May,False,False
Isopogon ceratophyllus,Horny Cone-bush,Not Assessed,False,native,Shrub,6,Jun,False,False
Isopogon ceratophyllus,Horny Cone-bush,Not Assessed,False,native,Shrub,7,Jul,True,False
Isopogon ceratophyllus,Horny Cone-bush,Not Assessed,False,native,Shrub,8,Aug,True,False
Isopogon ceratophyllus,Horny Cone-bush,Not Assessed,False,native,Shrub,9,Sep,True,False
Isopogon ceratophyllus,Horny Cone-bush,Not Assessed,False,native,Shrub,10,Oct,True,False
Isopogon ceratophyllus,Horny Cone-bush,Not Assessed,False,native,Shrub,11,Nov,True,False
Isopogon ceratophyllus,Horny Cone-bush,Not Assessed,False,native,Shrub,12,Dec,True,False
Isotoma fluviatilis,,Not Assessed,False,native,Herb,1,Jan,True,False
Isotoma fluviatilis,,Not Assessed,False,native,Herb,2,Feb,True,False
Isotoma fluviatilis,,Not Assessed,False,native,Herb,3,Mar,False,False
Isotoma fluviatilis,,Not Assessed,False,native,Herb,4,Apr,False,False
Isotoma fluviatilis,,Not Assessed,False,native,Herb,5,May,False,False
Isotoma fluviatilis,,Not Assessed,False,native,Herb,6,Jun,False,False
Isotoma fluviatilis,,Not Assessed,False,native,Herb,7,Jul,False,False
Isotoma fluviatilis,,Not Assessed,False,native,Herb,8,Aug,False,False
Isotoma fluviatilis,,Not Assessed,False,native,Herb,9,Sep,True,False
Isotoma fluviatilis,,Not Assessed,False,native,Herb,10,Oct,True,False
Isotoma fluviatilis,,Not Assessed,False,native,Herb,11,Nov,True,False
Isotoma fluviatilis,,Not Assessed,False,native,Herb,12,Dec,True,False
Isotoma fluviatilis subsp. australis,Swamp Isotome,Not Assessed,False,native,Herb,1,Jan,True,False
Isotoma fluviatilis subsp. australis,Swamp Isotome,Not Assessed,False,native,Herb,2,Feb,True,False
Isotoma fluviatilis subsp. australis,Swamp Isotome,Not Assessed,False,native,Herb,3,Mar,False,False
Isotoma fluviatilis subsp. australis,Swamp Isotome,Not Assessed,False,native,Herb,4,Apr,False,False
Isotoma fluviatilis subsp. australis,Swamp Isotome,Not Assessed,False,native,Herb,5,May,False,False
Isotoma fluviatilis subsp. australis,Swamp Isotome,Not Assessed,False,native,Herb,6,Jun,False,False
Isotoma fluviatilis subsp. australis,Swamp Isotome,Not Assessed,False,native,Herb,7,Jul,False,False
Isotoma fluviatilis subsp. australis,Swamp Isotome,Not Assessed,False,native,Herb,8,Aug,False,False
Isotoma fluviatilis subsp. australis,Swamp Isotome,Not Assessed,False,native,Herb,9,Sep,True,False
Isotoma fluviatilis subsp. australis,Swamp Isotome,Not Assessed,False,native,Herb,10,Oct,True,False
Isotoma fluviatilis subsp. australis,Swamp Isotome,Not Assessed,False,native,Herb,11,Nov,True,False
Isotoma fluviatilis subsp. australis,Swamp Isotome,Not Assessed,False,native,Herb,12,Dec,True,False
Juncus amabilis,Hollow Rush,Not Assessed,False,native,Grass,1,Jan,True,False
Juncus amabilis,Hollow Rush,Not Assessed,False,native,Grass,2,Feb,True,False
Juncus amabilis,Hollow Rush,Not Assessed,False,native,Grass,3,Mar,False,False
Juncus amabilis,Hollow Rush,Not Assessed,False,native,Grass,4,Apr,False,False
Juncus amabilis,Hollow Rush,Not Assessed,False,native,Grass,5,May,False,False
Juncus amabilis,Hollow Rush,Not Assessed,False,native,Grass,6,Jun,False,False
Juncus amabilis,Hollow Rush,Not Assessed,False,native,Grass,7,Jul,False,False
Juncus amabilis,Hollow Rush,Not Assessed,False,native,Grass,8,Aug,False,False
Juncus amabilis,Hollow Rush,Not Assessed,False,native,Grass,9,Sep,True,False
Juncus amabilis,Hollow Rush,Not Assessed,False,native,Grass,10,Oct,True,False
Juncus amabilis,Hollow Rush,Not Assessed,False,native,Grass,11,Nov,True,False
Juncus amabilis,Hollow Rush,Not Assessed,False,native,Grass,12,Dec,True,False
Juncus articulatus,Jointed Rush,Reconsider Planting,True,introduced,Grass,1,Jan,True,False
Juncus articulatus,Jointed Rush,Reconsider Planting,True,introduced,Grass,2,Feb,True,False
Juncus articulatus,Jointed Rush,Reconsider Planting,True,introduced,Grass,3,Mar,False,False
Juncus articulatus,Jointed Rush,Reconsider Planting,True,introduced,Grass,4,Apr,False,False
Juncus articulatus,Jointed Rush,Reconsider Planting,True,introduced,Grass,5,May,False,False
Juncus articulatus,Jointed Rush,Reconsider Planting,True,introduced,Grass,6,Jun,False,False
Juncus articulatus,Jointed Rush,Reconsider Planting,True,introduced,Grass,7,Jul,False,False
Juncus articulatus,Jointed Rush,Reconsider Planting,True,introduced,Grass,8,Aug,False,False
Juncus articulatus,Jointed Rush,Reconsider Planting,True,introduced,Grass,9,Sep,True,False
Juncus articulatus,Jointed Rush,Reconsider Planting,True,introduced,Grass,10,Oct,True,False
Juncus articulatus,Jointed Rush,Reconsider Planting,True,introduced,Grass,11,Nov,True,False
Juncus articulatus,Jointed Rush,Reconsider Planting,True,introduced,Grass,12,Dec,True,False
Juncus articulatus subsp. articulatus,Jointed Rush,Reconsider Planting,True,introduced,Grass,1,Jan,True,False
Juncus articulatus subsp. articulatus,Jointed Rush,Reconsider Planting,True,introduced,Grass,2,Feb,True,False
Juncus articulatus subsp. articulatus,Jointed Rush,Reconsider Planting,True,introduced,Grass,3,Mar,False,False
Juncus articulatus subsp. articulatus,Jointed Rush,Reconsider Planting,True,introduced,Grass,4,Apr,False,False
Juncus articulatus subsp. articulatus,Jointed Rush,Reconsider Planting,True,introduced,Grass,5,May,False,False
Juncus articulatus subsp. articulatus,Jointed Rush,Reconsider Planting,True,introduced,Grass,6,Jun,False,False
Juncus articulatus subsp. articulatus,Jointed Rush,Reconsider Planting,True,introduced,Grass,7,Jul,False,False
Juncus articulatus subsp. articulatus,Jointed Rush,Reconsider Planting,True,introduced,Grass,8,Aug,False,False
Juncus articulatus subsp. articulatus,Jointed Rush,Reconsider Planting,True,introduced,Grass,9,Sep,True,False
Juncus articulatus subsp. articulatus,Jointed Rush,Reconsider Planting,True,introduced,Grass,10,Oct,True,False
Juncus articulatus subsp. articulatus,Jointed Rush,Reconsider Planting,True,introduced,Grass,11,Nov,True,False
Juncus articulatus subsp. articulatus,Jointed Rush,Reconsider Planting,True,introduced,Grass,12,Dec,True,False
Juncus australis,Austral        Rush,Not Assessed,False,native,Grass,1,Jan,True,False
Juncus australis,Austral        Rush,Not Assessed,False,native,Grass,2,Feb,True,False
Juncus australis,Austral        Rush,Not Assessed,False,native,Grass,3,Mar,False,False
Juncus australis,Austral        Rush,Not Assessed,False,native,Grass,4,Apr,False,False
Juncus australis,Austral        Rush,Not Assessed,False,native,Grass,5,May,False,False
Juncus australis,Austral        Rush,Not Assessed,False,native,Grass,6,Jun,False,False
Juncus australis,Austral        Rush,Not Assessed,False,native,Grass,7,Jul,False,False
Juncus australis,Austral        Rush,Not Assessed,False,native,Grass,8,Aug,False,False
Juncus australis,Austral        Rush,Not Assessed,False,native,Grass,9,Sep,True,False
Juncus australis,Austral        Rush,Not Assessed,False,native,Grass,10,Oct,True,False
Juncus australis,Austral        Rush,Not Assessed,False,native,Grass,11,Nov,True,False
Juncus australis,Austral        Rush,Not Assessed,False,native,Grass,12,Dec,True,False
Juncus bufonius,Toad Rush,Lower Concern,False,uncertain,Grass,1,Jan,True,False
Juncus bufonius,Toad Rush,Lower Concern,False,uncertain,Grass,2,Feb,True,False
Juncus bufonius,Toad Rush,Lower Concern,False,uncertain,Grass,3,Mar,True,False
Juncus bufonius,Toad Rush,Lower Concern,False,uncertain,Grass,4,Apr,True,False
Juncus bufonius,Toad Rush,Lower Concern,False,uncertain,Grass,5,May,True,False
Juncus bufonius,Toad Rush,Lower Concern,False,uncertain,Grass,6,Jun,True,False
Juncus bufonius,Toad Rush,Lower Concern,False,uncertain,Grass,7,Jul,True,False
Juncus bufonius,Toad Rush,Lower Concern,False,uncertain,Grass,8,Aug,True,False
Juncus bufonius,Toad Rush,Lower Concern,False,uncertain,Grass,9,Sep,True,False
Juncus bufonius,Toad Rush,Lower Concern,False,uncertain,Grass,10,Oct,True,False
Juncus bufonius,Toad Rush,Lower Concern,False,uncertain,Grass,11,Nov,True,False
Juncus bufonius,Toad Rush,Lower Concern,False,uncertain,Grass,12,Dec,True,False
Juncus caespiticius,Grassy Rush | Tufted Rush,Not Assessed,False,native,Grass,1,Jan,True,False
Juncus caespiticius,Grassy Rush | Tufted Rush,Not Assessed,False,native,Grass,2,Feb,True,False
Juncus caespiticius,Grassy Rush | Tufted Rush,Not Assessed,False,native,Grass,3,Mar,False,False
Juncus caespiticius,Grassy Rush | Tufted Rush,Not Assessed,False,native,Grass,4,Apr,False,False
Juncus caespiticius,Grassy Rush | Tufted Rush,Not Assessed,False,native,Grass,5,May,False,False
Juncus caespiticius,Grassy Rush | Tufted Rush,Not Assessed,False,native,Grass,6,Jun,False,False
Juncus caespiticius,Grassy Rush | Tufted Rush,Not Assessed,False,native,Grass,7,Jul,False,False
Juncus caespiticius,Grassy Rush | Tufted Rush,Not Assessed,False,native,Grass,8,Aug,False,False
Juncus caespiticius,Grassy Rush | Tufted Rush,Not Assessed,False,native,Grass,9,Sep,True,False
Juncus caespiticius,Grassy Rush | Tufted Rush,Not Assessed,False,native,Grass,10,Oct,True,False
Juncus caespiticius,Grassy Rush | Tufted Rush,Not Assessed,False,native,Grass,11,Nov,True,False
Juncus caespiticius,Grassy Rush | Tufted Rush,Not Assessed,False,native,Grass,12,Dec,True,False
Juncus capitatus,Capitate Rush,Use Caution,True,introduced,Grass,1,Jan,True,False
Juncus capitatus,Capitate Rush,Use Caution,True,introduced,Grass,2,Feb,True,False
Juncus capitatus,Capitate Rush,Use Caution,True,introduced,Grass,3,Mar,False,False
Juncus capitatus,Capitate Rush,Use Caution,True,introduced,Grass,4,Apr,False,False
Juncus capitatus,Capitate Rush,Use Caution,True,introduced,Grass,5,May,False,False
Juncus capitatus,Capitate Rush,Use Caution,True,introduced,Grass,6,Jun,False,False
Juncus capitatus,Capitate Rush,Use Caution,True,introduced,Grass,7,Jul,False,False
Juncus capitatus,Capitate Rush,Use Caution,True,introduced,Grass,8,Aug,True,False
Juncus capitatus,Capitate Rush,Use Caution,True,introduced,Grass,9,Sep,True,False
Juncus capitatus,Capitate Rush,Use Caution,True,introduced,Grass,10,Oct,True,False
Juncus capitatus,Capitate Rush,Use Caution,True,introduced,Grass,11,Nov,True,False
Juncus capitatus,Capitate Rush,Use Caution,True,introduced,Grass,12,Dec,True,False
Juncus gregiflorus,Green Rush,Not Assessed,False,native,Grass,1,Jan,True,False
Juncus gregiflorus,Green Rush,Not Assessed,False,native,Grass,2,Feb,True,False
Juncus gregiflorus,Green Rush,Not Assessed,False,native,Grass,3,Mar,False,False
Juncus gregiflorus,Green Rush,Not Assessed,False,native,Grass,4,Apr,False,False
Juncus gregiflorus,Green Rush,Not Assessed,False,native,Grass,5,May,False,False
Juncus gregiflorus,Green Rush,Not Assessed,False,native,Grass,6,Jun,False,False
Juncus gregiflorus,Green Rush,Not Assessed,False,native,Grass,7,Jul,False,False
Juncus gregiflorus,Green Rush,Not Assessed,False,native,Grass,8,Aug,False,False
Juncus gregiflorus,Green Rush,Not Assessed,False,native,Grass,9,Sep,True,False
Juncus gregiflorus,Green Rush,Not Assessed,False,native,Grass,10,Oct,True,False
Juncus gregiflorus,Green Rush,Not Assessed,False,native,Grass,11,Nov,True,False
Juncus gregiflorus,Green Rush,Not Assessed,False,native,Grass,12,Dec,True,False
Juncus holoschoenus,Joint-leaf Rush,Not Assessed,False,native,Grass,1,Jan,True,False
Juncus holoschoenus,Joint-leaf Rush,Not Assessed,False,native,Grass,2,Feb,True,False
Juncus holoschoenus,Joint-leaf Rush,Not Assessed,False,native,Grass,3,Mar,False,False
Juncus holoschoenus,Joint-leaf Rush,Not Assessed,False,native,Grass,4,Apr,False,False
Juncus holoschoenus,Joint-leaf Rush,Not Assessed,False,native,Grass,5,May,False,False
Juncus holoschoenus,Joint-leaf Rush,Not Assessed,False,native,Grass,6,Jun,False,False
Juncus holoschoenus,Joint-leaf Rush,Not Assessed,False,native,Grass,7,Jul,False,False
Juncus holoschoenus,Joint-leaf Rush,Not Assessed,False,native,Grass,8,Aug,False,False
Juncus holoschoenus,Joint-leaf Rush,Not Assessed,False,native,Grass,9,Sep,True,False
Juncus holoschoenus,Joint-leaf Rush,Not Assessed,False,native,Grass,10,Oct,True,False
Juncus holoschoenus,Joint-leaf Rush,Not Assessed,False,native,Grass,11,Nov,True,False
Juncus holoschoenus,Joint-leaf Rush,Not Assessed,False,native,Grass,12,Dec,True,False
Juncus pallescens,Small-flower Rush,Reconsider Planting,True,introduced,Grass,1,Jan,,False
Juncus pallescens,Small-flower Rush,Reconsider Planting,True,introduced,Grass,2,Feb,,False
Juncus pallescens,Small-flower Rush,Reconsider Planting,True,introduced,Grass,3,Mar,,False
Juncus pallescens,Small-flower Rush,Reconsider Planting,True,introduced,Grass,4,Apr,,False
Juncus pallescens,Small-flower Rush,Reconsider Planting,True,introduced,Grass,5,May,,False
Juncus pallescens,Small-flower Rush,Reconsider Planting,True,introduced,Grass,6,Jun,,False
Juncus pallescens,Small-flower Rush,Reconsider Planting,True,introduced,Grass,7,Jul,,False
Juncus pallescens,Small-flower Rush,Reconsider Planting,True,introduced,Grass,8,Aug,,False
Juncus pallescens,Small-flower Rush,Reconsider Planting,True,introduced,Grass,9,Sep,,False
Juncus pallescens,Small-flower Rush,Reconsider Planting,True,introduced,Grass,10,Oct,,False
Juncus pallescens,Small-flower Rush,Reconsider Planting,True,introduced,Grass,11,Nov,,False
Juncus pallescens,Small-flower Rush,Reconsider Planting,True,introduced,Grass,12,Dec,,False
Juncus pallidus,Pale Rush,Not Assessed,False,native,Grass,1,Jan,True,False
Juncus pallidus,Pale Rush,Not Assessed,False,native,Grass,2,Feb,True,False
Juncus pallidus,Pale Rush,Not Assessed,False,native,Grass,3,Mar,False,False
Juncus pallidus,Pale Rush,Not Assessed,False,native,Grass,4,Apr,False,False
Juncus pallidus,Pale Rush,Not Assessed,False,native,Grass,5,May,False,False
Juncus pallidus,Pale Rush,Not Assessed,False,native,Grass,6,Jun,False,False
Juncus pallidus,Pale Rush,Not Assessed,False,native,Grass,7,Jul,False,False
Juncus pallidus,Pale Rush,Not Assessed,False,native,Grass,8,Aug,True,False
Juncus pallidus,Pale Rush,Not Assessed,False,native,Grass,9,Sep,True,False
Juncus pallidus,Pale Rush,Not Assessed,False,native,Grass,10,Oct,True,False
Juncus pallidus,Pale Rush,Not Assessed,False,native,Grass,11,Nov,True,False
Juncus pallidus,Pale Rush,Not Assessed,False,native,Grass,12,Dec,True,False
Juncus pauciflorus,Loose-flower Rush,Not Assessed,False,native,Grass,1,Jan,True,False
Juncus pauciflorus,Loose-flower Rush,Not Assessed,False,native,Grass,2,Feb,True,False
Juncus pauciflorus,Loose-flower Rush,Not Assessed,False,native,Grass,3,Mar,False,False
Juncus pauciflorus,Loose-flower Rush,Not Assessed,False,native,Grass,4,Apr,False,False
Juncus pauciflorus,Loose-flower Rush,Not Assessed,False,native,Grass,5,May,False,False
Juncus pauciflorus,Loose-flower Rush,Not Assessed,False,native,Grass,6,Jun,False,False
Juncus pauciflorus,Loose-flower Rush,Not Assessed,False,native,Grass,7,Jul,False,False
Juncus pauciflorus,Loose-flower Rush,Not Assessed,False,native,Grass,8,Aug,False,False
Juncus pauciflorus,Loose-flower Rush,Not Assessed,False,native,Grass,9,Sep,True,False
Juncus pauciflorus,Loose-flower Rush,Not Assessed,False,native,Grass,10,Oct,True,False
Juncus pauciflorus,Loose-flower Rush,Not Assessed,False,native,Grass,11,Nov,True,False
Juncus pauciflorus,Loose-flower Rush,Not Assessed,False,native,Grass,12,Dec,True,False
Juncus planifolius,Broad-leaf Rush,Not Assessed,False,native,Grass,1,Jan,True,False
Juncus planifolius,Broad-leaf Rush,Not Assessed,False,native,Grass,2,Feb,True,False
Juncus planifolius,Broad-leaf Rush,Not Assessed,False,native,Grass,3,Mar,True,False
Juncus planifolius,Broad-leaf Rush,Not Assessed,False,native,Grass,4,Apr,True,False
Juncus planifolius,Broad-leaf Rush,Not Assessed,False,native,Grass,5,May,True,False
Juncus planifolius,Broad-leaf Rush,Not Assessed,False,native,Grass,6,Jun,True,False
Juncus planifolius,Broad-leaf Rush,Not Assessed,False,native,Grass,7,Jul,True,False
Juncus planifolius,Broad-leaf Rush,Not Assessed,False,native,Grass,8,Aug,True,False
Juncus planifolius,Broad-leaf Rush,Not Assessed,False,native,Grass,9,Sep,True,False
Juncus planifolius,Broad-leaf Rush,Not Assessed,False,native,Grass,10,Oct,True,False
Juncus planifolius,Broad-leaf Rush,Not Assessed,False,native,Grass,11,Nov,True,False
Juncus planifolius,Broad-leaf Rush,Not Assessed,False,native,Grass,12,Dec,True,False
Juncus procerus,Tall Rush,Not Assessed,False,native,Grass,1,Jan,True,False
Juncus procerus,Tall Rush,Not Assessed,False,native,Grass,2,Feb,True,False
Juncus procerus,Tall Rush,Not Assessed,False,native,Grass,3,Mar,False,False
Juncus procerus,Tall Rush,Not Assessed,False,native,Grass,4,Apr,False,False
Juncus procerus,Tall Rush,Not Assessed,False,native,Grass,5,May,False,False
Juncus procerus,Tall Rush,Not Assessed,False,native,Grass,6,Jun,False,False
Juncus procerus,Tall Rush,Not Assessed,False,native,Grass,7,Jul,False,False
Juncus procerus,Tall Rush,Not Assessed,False,native,Grass,8,Aug,False,False
Juncus procerus,Tall Rush,Not Assessed,False,native,Grass,9,Sep,True,False
Juncus procerus,Tall Rush,Not Assessed,False,native,Grass,10,Oct,True,False
Juncus procerus,Tall Rush,Not Assessed,False,native,Grass,11,Nov,True,False
Juncus procerus,Tall Rush,Not Assessed,False,native,Grass,12,Dec,True,False
Juncus sarophorus,Broom Rush,Not Assessed,False,native,Grass,1,Jan,True,False
Juncus sarophorus,Broom Rush,Not Assessed,False,native,Grass,2,Feb,True,False
Juncus sarophorus,Broom Rush,Not Assessed,False,native,Grass,3,Mar,False,False
Juncus sarophorus,Broom Rush,Not Assessed,False,native,Grass,4,Apr,False,False
Juncus sarophorus,Broom Rush,Not Assessed,False,native,Grass,5,May,False,False
Juncus sarophorus,Broom Rush,Not Assessed,False,native,Grass,6,Jun,False,False
Juncus sarophorus,Broom Rush,Not Assessed,False,native,Grass,7,Jul,False,False
Juncus sarophorus,Broom Rush,Not Assessed,False,native,Grass,8,Aug,False,False
Juncus sarophorus,Broom Rush,Not Assessed,False,native,Grass,9,Sep,True,False
Juncus sarophorus,Broom Rush,Not Assessed,False,native,Grass,10,Oct,True,False
Juncus sarophorus,Broom Rush,Not Assessed,False,native,Grass,11,Nov,True,False
Juncus sarophorus,Broom Rush,Not Assessed,False,native,Grass,12,Dec,True,False
Juncus subsecundus,Finger Rush,Not Assessed,False,native,Grass,1,Jan,True,False
Juncus subsecundus,Finger Rush,Not Assessed,False,native,Grass,2,Feb,True,False
Juncus subsecundus,Finger Rush,Not Assessed,False,native,Grass,3,Mar,False,False
Juncus subsecundus,Finger Rush,Not Assessed,False,native,Grass,4,Apr,False,False
Juncus subsecundus,Finger Rush,Not Assessed,False,native,Grass,5,May,False,False
Juncus subsecundus,Finger Rush,Not Assessed,False,native,Grass,6,Jun,False,False
Juncus subsecundus,Finger Rush,Not Assessed,False,native,Grass,7,Jul,False,False
Juncus subsecundus,Finger Rush,Not Assessed,False,native,Grass,8,Aug,False,False
Juncus subsecundus,Finger Rush,Not Assessed,False,native,Grass,9,Sep,True,False
Juncus subsecundus,Finger Rush,Not Assessed,False,native,Grass,10,Oct,True,False
Juncus subsecundus,Finger Rush,Not Assessed,False,native,Grass,11,Nov,True,False
Juncus subsecundus,Finger Rush,Not Assessed,False,native,Grass,12,Dec,True,False
Juncus usitatus,Common Rush,Not Assessed,False,native,Grass,1,Jan,True,False
Juncus usitatus,Common Rush,Not Assessed,False,native,Grass,2,Feb,True,False
Juncus usitatus,Common Rush,Not Assessed,False,native,Grass,3,Mar,False,False
Juncus usitatus,Common Rush,Not Assessed,False,native,Grass,4,Apr,False,False
Juncus usitatus,Common Rush,Not Assessed,False,native,Grass,5,May,False,False
Juncus usitatus,Common Rush,Not Assessed,False,native,Grass,6,Jun,False,False
Juncus usitatus,Common Rush,Not Assessed,False,native,Grass,7,Jul,False,False
Juncus usitatus,Common Rush,Not Assessed,False,native,Grass,8,Aug,False,False
Juncus usitatus,Common Rush,Not Assessed,False,native,Grass,9,Sep,True,False
Juncus usitatus,Common Rush,Not Assessed,False,native,Grass,10,Oct,True,False
Juncus usitatus,Common Rush,Not Assessed,False,native,Grass,11,Nov,True,False
Juncus usitatus,Common Rush,Not Assessed,False,native,Grass,12,Dec,True,False
Kennedia prostrata,Running Postman,Not Assessed,False,native,Herb,1,Jan,False,False
Kennedia prostrata,Running Postman,Not Assessed,False,native,Herb,2,Feb,True,False
Kennedia prostrata,Running Postman,Not Assessed,False,native,Herb,3,Mar,True,False
Kennedia prostrata,Running Postman,Not Assessed,False,native,Herb,4,Apr,True,False
Kennedia prostrata,Running Postman,Not Assessed,False,native,Herb,5,May,True,False
Kennedia prostrata,Running Postman,Not Assessed,False,native,Herb,6,Jun,True,False
Kennedia prostrata,Running Postman,Not Assessed,False,native,Herb,7,Jul,True,False
Kennedia prostrata,Running Postman,Not Assessed,False,native,Herb,8,Aug,True,False
Kennedia prostrata,Running Postman,Not Assessed,False,native,Herb,9,Sep,True,False
Kennedia prostrata,Running Postman,Not Assessed,False,native,Herb,10,Oct,True,False
Kennedia prostrata,Running Postman,Not Assessed,False,native,Herb,11,Nov,True,False
Kennedia prostrata,Running Postman,Not Assessed,False,native,Herb,12,Dec,False,False
Kindbergia praelonga,,Not Assessed,False,introduced,,1,Jan,,False
Kindbergia praelonga,,Not Assessed,False,introduced,,2,Feb,,False
Kindbergia praelonga,,Not Assessed,False,introduced,,3,Mar,,False
Kindbergia praelonga,,Not Assessed,False,introduced,,4,Apr,,False
Kindbergia praelonga,,Not Assessed,False,introduced,,5,May,,False
Kindbergia praelonga,,Not Assessed,False,introduced,,6,Jun,,False
Kindbergia praelonga,,Not Assessed,False,introduced,,7,Jul,,False
Kindbergia praelonga,,Not Assessed,False,introduced,,8,Aug,,False
Kindbergia praelonga,,Not Assessed,False,introduced,,9,Sep,,False
Kindbergia praelonga,,Not Assessed,False,introduced,,10,Oct,,False
Kindbergia praelonga,,Not Assessed,False,introduced,,11,Nov,,False
Kindbergia praelonga,,Not Assessed,False,introduced,,12,Dec,,False
Lachnagrostis filiformis,Common Blown-grass,Not Assessed,False,native,Grass,1,Jan,True,False
Lachnagrostis filiformis,Common Blown-grass,Not Assessed,False,native,Grass,2,Feb,True,False
Lachnagrostis filiformis,Common Blown-grass,Not Assessed,False,native,Grass,3,Mar,False,False
Lachnagrostis filiformis,Common Blown-grass,Not Assessed,False,native,Grass,4,Apr,False,False
Lachnagrostis filiformis,Common Blown-grass,Not Assessed,False,native,Grass,5,May,False,False
Lachnagrostis filiformis,Common Blown-grass,Not Assessed,False,native,Grass,6,Jun,False,False
Lachnagrostis filiformis,Common Blown-grass,Not Assessed,False,native,Grass,7,Jul,False,False
Lachnagrostis filiformis,Common Blown-grass,Not Assessed,False,native,Grass,8,Aug,False,False
Lachnagrostis filiformis,Common Blown-grass,Not Assessed,False,native,Grass,9,Sep,True,False
Lachnagrostis filiformis,Common Blown-grass,Not Assessed,False,native,Grass,10,Oct,True,False
Lachnagrostis filiformis,Common Blown-grass,Not Assessed,False,native,Grass,11,Nov,True,False
Lachnagrostis filiformis,Common Blown-grass,Not Assessed,False,native,Grass,12,Dec,True,False
Lactuca serriola,Prickly Lettuce,Lower Concern,False,introduced,Herb,1,Jan,True,False
Lactuca serriola,Prickly Lettuce,Lower Concern,False,introduced,Herb,2,Feb,True,False
Lactuca serriola,Prickly Lettuce,Lower Concern,False,introduced,Herb,3,Mar,True,False
Lactuca serriola,Prickly Lettuce,Lower Concern,False,introduced,Herb,4,Apr,True,False
Lactuca serriola,Prickly Lettuce,Lower Concern,False,introduced,Herb,5,May,False,False
Lactuca serriola,Prickly Lettuce,Lower Concern,False,introduced,Herb,6,Jun,False,False
Lactuca serriola,Prickly Lettuce,Lower Concern,False,introduced,Herb,7,Jul,False,False
Lactuca serriola,Prickly Lettuce,Lower Concern,False,introduced,Herb,8,Aug,False,False
Lactuca serriola,Prickly Lettuce,Lower Concern,False,introduced,Herb,9,Sep,True,False
Lactuca serriola,Prickly Lettuce,Lower Concern,False,introduced,Herb,10,Oct,True,False
Lactuca serriola,Prickly Lettuce,Lower Concern,False,introduced,Herb,11,Nov,True,False
Lactuca serriola,Prickly Lettuce,Lower Concern,False,introduced,Herb,12,Dec,True,False
Lagenophora stipitata,Blue Bottle-daisy,Not Assessed,False,native,Herb,1,Jan,True,False
Lagenophora stipitata,Blue Bottle-daisy,Not Assessed,False,native,Herb,2,Feb,True,False
Lagenophora stipitata,Blue Bottle-daisy,Not Assessed,False,native,Herb,3,Mar,True,False
Lagenophora stipitata,Blue Bottle-daisy,Not Assessed,False,native,Herb,4,Apr,True,False
Lagenophora stipitata,Blue Bottle-daisy,Not Assessed,False,native,Herb,5,May,True,False
Lagenophora stipitata,Blue Bottle-daisy,Not Assessed,False,native,Herb,6,Jun,False,False
Lagenophora stipitata,Blue Bottle-daisy,Not Assessed,False,native,Herb,7,Jul,False,False
Lagenophora stipitata,Blue Bottle-daisy,Not Assessed,False,native,Herb,8,Aug,False,False
Lagenophora stipitata,Blue Bottle-daisy,Not Assessed,False,native,Herb,9,Sep,True,False
Lagenophora stipitata,Blue Bottle-daisy,Not Assessed,False,native,Herb,10,Oct,True,False
Lagenophora stipitata,Blue Bottle-daisy,Not Assessed,False,native,Herb,11,Nov,True,False
Lagenophora stipitata,Blue Bottle-daisy,Not Assessed,False,native,Herb,12,Dec,True,False
Lagenophora sublyrata,Slender Bottle-daisy,Not Assessed,False,native,Herb,1,Jan,True,True
Lagenophora sublyrata,Slender Bottle-daisy,Not Assessed,False,native,Herb,2,Feb,True,True
Lagenophora sublyrata,Slender Bottle-daisy,Not Assessed,False,native,Herb,3,Mar,False,True
Lagenophora sublyrata,Slender Bottle-daisy,Not Assessed,False,native,Herb,4,Apr,True,True
Lagenophora sublyrata,Slender Bottle-daisy,Not Assessed,False,native,Herb,5,May,False,True
Lagenophora sublyrata,Slender Bottle-daisy,Not Assessed,False,native,Herb,6,Jun,False,True
Lagenophora sublyrata,Slender Bottle-daisy,Not Assessed,False,native,Herb,7,Jul,False,True
Lagenophora sublyrata,Slender Bottle-daisy,Not Assessed,False,native,Herb,8,Aug,False,True
Lagenophora sublyrata,Slender Bottle-daisy,Not Assessed,False,native,Herb,9,Sep,False,True
Lagenophora sublyrata,Slender Bottle-daisy,Not Assessed,False,native,Herb,10,Oct,True,True
Lagenophora sublyrata,Slender Bottle-daisy,Not Assessed,False,native,Herb,11,Nov,False,True
Lagenophora sublyrata,Slender Bottle-daisy,Not Assessed,False,native,Herb,12,Dec,True,True
Laphangium luteoalbum,Jersey Cudweed,Not Assessed,False,native,,1,Jan,,False
Laphangium luteoalbum,Jersey Cudweed,Not Assessed,False,native,,2,Feb,,False
Laphangium luteoalbum,Jersey Cudweed,Not Assessed,False,native,,3,Mar,,False
Laphangium luteoalbum,Jersey Cudweed,Not Assessed,False,native,,4,Apr,,False
Laphangium luteoalbum,Jersey Cudweed,Not Assessed,False,native,,5,May,,False
Laphangium luteoalbum,Jersey Cudweed,Not Assessed,False,native,,6,Jun,,False
Laphangium luteoalbum,Jersey Cudweed,Not Assessed,False,native,,7,Jul,,False
Laphangium luteoalbum,Jersey Cudweed,Not Assessed,False,native,,8,Aug,,False
Laphangium luteoalbum,Jersey Cudweed,Not Assessed,False,native,,9,Sep,,False
Laphangium luteoalbum,Jersey Cudweed,Not Assessed,False,native,,10,Oct,,False
Laphangium luteoalbum,Jersey Cudweed,Not Assessed,False,native,,11,Nov,,False
Laphangium luteoalbum,Jersey Cudweed,Not Assessed,False,native,,12,Dec,,False
Lapsana communis,Nipplewort,Lower Concern,False,introduced,Herb,1,Jan,True,False
Lapsana communis,Nipplewort,Lower Concern,False,introduced,Herb,2,Feb,True,False
Lapsana communis,Nipplewort,Lower Concern,False,introduced,Herb,3,Mar,False,False
Lapsana communis,Nipplewort,Lower Concern,False,introduced,Herb,4,Apr,False,False
Lapsana communis,Nipplewort,Lower Concern,False,introduced,Herb,5,May,False,False
Lapsana communis,Nipplewort,Lower Concern,False,introduced,Herb,6,Jun,False,False
Lapsana communis,Nipplewort,Lower Concern,False,introduced,Herb,7,Jul,False,False
Lapsana communis,Nipplewort,Lower Concern,False,introduced,Herb,8,Aug,False,False
Lapsana communis,Nipplewort,Lower Concern,False,introduced,Herb,9,Sep,False,False
Lapsana communis,Nipplewort,Lower Concern,False,introduced,Herb,10,Oct,False,False
Lapsana communis,Nipplewort,Lower Concern,False,introduced,Herb,11,Nov,False,False
Lapsana communis,Nipplewort,Lower Concern,False,introduced,Herb,12,Dec,True,False
Lapsana communis subsp. communis,Nipplewort,Lower Concern,False,introduced,Herb,1,Jan,True,False
Lapsana communis subsp. communis,Nipplewort,Lower Concern,False,introduced,Herb,2,Feb,True,False
Lapsana communis subsp. communis,Nipplewort,Lower Concern,False,introduced,Herb,3,Mar,False,False
Lapsana communis subsp. communis,Nipplewort,Lower Concern,False,introduced,Herb,4,Apr,False,False
Lapsana communis subsp. communis,Nipplewort,Lower Concern,False,introduced,Herb,5,May,False,False
Lapsana communis subsp. communis,Nipplewort,Lower Concern,False,introduced,Herb,6,Jun,False,False
Lapsana communis subsp. communis,Nipplewort,Lower Concern,False,introduced,Herb,7,Jul,False,False
Lapsana communis subsp. communis,Nipplewort,Lower Concern,False,introduced,Herb,8,Aug,False,False
Lapsana communis subsp. communis,Nipplewort,Lower Concern,False,introduced,Herb,9,Sep,False,False
Lapsana communis subsp. communis,Nipplewort,Lower Concern,False,introduced,Herb,10,Oct,False,False
Lapsana communis subsp. communis,Nipplewort,Lower Concern,False,introduced,Herb,11,Nov,False,False
Lapsana communis subsp. communis,Nipplewort,Lower Concern,False,introduced,Herb,12,Dec,True,False
Lemna disperma,Common Duckweed,Not Assessed,False,native,Herb,1,Jan,False,False
Lemna disperma,Common Duckweed,Not Assessed,False,native,Herb,2,Feb,False,False
Lemna disperma,Common Duckweed,Not Assessed,False,native,Herb,3,Mar,False,False
Lemna disperma,Common Duckweed,Not Assessed,False,native,Herb,4,Apr,False,False
Lemna disperma,Common Duckweed,Not Assessed,False,native,Herb,5,May,True,False
Lemna disperma,Common Duckweed,Not Assessed,False,native,Herb,6,Jun,False,False
Lemna disperma,Common Duckweed,Not Assessed,False,native,Herb,7,Jul,False,False
Lemna disperma,Common Duckweed,Not Assessed,False,native,Herb,8,Aug,False,False
Lemna disperma,Common Duckweed,Not Assessed,False,native,Herb,9,Sep,True,False
Lemna disperma,Common Duckweed,Not Assessed,False,native,Herb,10,Oct,True,False
Lemna disperma,Common Duckweed,Not Assessed,False,native,Herb,11,Nov,True,False
Lemna disperma,Common Duckweed,Not Assessed,False,native,Herb,12,Dec,True,False
Leontodon saxatilis,Lesser Hawkbit | Hairy Hawkbit,Not Assessed,False,introduced,Herb,1,Jan,True,False
Leontodon saxatilis,Lesser Hawkbit | Hairy Hawkbit,Not Assessed,False,introduced,Herb,2,Feb,True,False
Leontodon saxatilis,Lesser Hawkbit | Hairy Hawkbit,Not Assessed,False,introduced,Herb,3,Mar,False,False
Leontodon saxatilis,Lesser Hawkbit | Hairy Hawkbit,Not Assessed,False,introduced,Herb,4,Apr,False,False
Leontodon saxatilis,Lesser Hawkbit | Hairy Hawkbit,Not Assessed,False,introduced,Herb,5,May,False,False
Leontodon saxatilis,Lesser Hawkbit | Hairy Hawkbit,Not Assessed,False,introduced,Herb,6,Jun,False,False
Leontodon saxatilis,Lesser Hawkbit | Hairy Hawkbit,Not Assessed,False,introduced,Herb,7,Jul,False,False
Leontodon saxatilis,Lesser Hawkbit | Hairy Hawkbit,Not Assessed,False,introduced,Herb,8,Aug,True,False
Leontodon saxatilis,Lesser Hawkbit | Hairy Hawkbit,Not Assessed,False,introduced,Herb,9,Sep,True,False
Leontodon saxatilis,Lesser Hawkbit | Hairy Hawkbit,Not Assessed,False,introduced,Herb,10,Oct,True,False
Leontodon saxatilis,Lesser Hawkbit | Hairy Hawkbit,Not Assessed,False,introduced,Herb,11,Nov,True,False
Leontodon saxatilis,Lesser Hawkbit | Hairy Hawkbit,Not Assessed,False,introduced,Herb,12,Dec,True,False
Leontodon saxatilis subsp. saxatilis,Lesser Hawkbit | Hairy Hawkbit,Not Assessed,False,introduced,Herb,1,Jan,True,False
Leontodon saxatilis subsp. saxatilis,Lesser Hawkbit | Hairy Hawkbit,Not Assessed,False,introduced,Herb,2,Feb,True,False
Leontodon saxatilis subsp. saxatilis,Lesser Hawkbit | Hairy Hawkbit,Not Assessed,False,introduced,Herb,3,Mar,False,False
Leontodon saxatilis subsp. saxatilis,Lesser Hawkbit | Hairy Hawkbit,Not Assessed,False,introduced,Herb,4,Apr,False,False
Leontodon saxatilis subsp. saxatilis,Lesser Hawkbit | Hairy Hawkbit,Not Assessed,False,introduced,Herb,5,May,False,False
Leontodon saxatilis subsp. saxatilis,Lesser Hawkbit | Hairy Hawkbit,Not Assessed,False,introduced,Herb,6,Jun,False,False
Leontodon saxatilis subsp. saxatilis,Lesser Hawkbit | Hairy Hawkbit,Not Assessed,False,introduced,Herb,7,Jul,False,False
Leontodon saxatilis subsp. saxatilis,Lesser Hawkbit | Hairy Hawkbit,Not Assessed,False,introduced,Herb,8,Aug,True,False
Leontodon saxatilis subsp. saxatilis,Lesser Hawkbit | Hairy Hawkbit,Not Assessed,False,introduced,Herb,9,Sep,True,False
Leontodon saxatilis subsp. saxatilis,Lesser Hawkbit | Hairy Hawkbit,Not Assessed,False,introduced,Herb,10,Oct,True,False
Leontodon saxatilis subsp. saxatilis,Lesser Hawkbit | Hairy Hawkbit,Not Assessed,False,introduced,Herb,11,Nov,True,False
Leontodon saxatilis subsp. saxatilis,Lesser Hawkbit | Hairy Hawkbit,Not Assessed,False,introduced,Herb,12,Dec,True,False
Lepidium africanum,Common Peppercress | Rubble Peppercress,Use Caution,True,introduced,Herb,1,Jan,,False
Lepidium africanum,Common Peppercress | Rubble Peppercress,Use Caution,True,introduced,Herb,2,Feb,,False
Lepidium africanum,Common Peppercress | Rubble Peppercress,Use Caution,True,introduced,Herb,3,Mar,,False
Lepidium africanum,Common Peppercress | Rubble Peppercress,Use Caution,True,introduced,Herb,4,Apr,,False
Lepidium africanum,Common Peppercress | Rubble Peppercress,Use Caution,True,introduced,Herb,5,May,,False
Lepidium africanum,Common Peppercress | Rubble Peppercress,Use Caution,True,introduced,Herb,6,Jun,,False
Lepidium africanum,Common Peppercress | Rubble Peppercress,Use Caution,True,introduced,Herb,7,Jul,,False
Lepidium africanum,Common Peppercress | Rubble Peppercress,Use Caution,True,introduced,Herb,8,Aug,,False
Lepidium africanum,Common Peppercress | Rubble Peppercress,Use Caution,True,introduced,Herb,9,Sep,,False
Lepidium africanum,Common Peppercress | Rubble Peppercress,Use Caution,True,introduced,Herb,10,Oct,,False
Lepidium africanum,Common Peppercress | Rubble Peppercress,Use Caution,True,introduced,Herb,11,Nov,,False
Lepidium africanum,Common Peppercress | Rubble Peppercress,Use Caution,True,introduced,Herb,12,Dec,,False
Lepidium didymum,Lesser Swine's Cress,Reconsider Planting,True,introduced,Herb,1,Jan,,False
Lepidium didymum,Lesser Swine's Cress,Reconsider Planting,True,introduced,Herb,2,Feb,,False
Lepidium didymum,Lesser Swine's Cress,Reconsider Planting,True,introduced,Herb,3,Mar,,False
Lepidium didymum,Lesser Swine's Cress,Reconsider Planting,True,introduced,Herb,4,Apr,,False
Lepidium didymum,Lesser Swine's Cress,Reconsider Planting,True,introduced,Herb,5,May,,False
Lepidium didymum,Lesser Swine's Cress,Reconsider Planting,True,introduced,Herb,6,Jun,,False
Lepidium didymum,Lesser Swine's Cress,Reconsider Planting,True,introduced,Herb,7,Jul,,False
Lepidium didymum,Lesser Swine's Cress,Reconsider Planting,True,introduced,Herb,8,Aug,,False
Lepidium didymum,Lesser Swine's Cress,Reconsider Planting,True,introduced,Herb,9,Sep,,False
Lepidium didymum,Lesser Swine's Cress,Reconsider Planting,True,introduced,Herb,10,Oct,,False
Lepidium didymum,Lesser Swine's Cress,Reconsider Planting,True,introduced,Herb,11,Nov,,False
Lepidium didymum,Lesser Swine's Cress,Reconsider Planting,True,introduced,Herb,12,Dec,,False
Lepidosperma elatius,Tall Sword-sedge,Not Assessed,False,native,Grass,1,Jan,True,False
Lepidosperma elatius,Tall Sword-sedge,Not Assessed,False,native,Grass,2,Feb,True,False
Lepidosperma elatius,Tall Sword-sedge,Not Assessed,False,native,Grass,3,Mar,False,False
Lepidosperma elatius,Tall Sword-sedge,Not Assessed,False,native,Grass,4,Apr,False,False
Lepidosperma elatius,Tall Sword-sedge,Not Assessed,False,native,Grass,5,May,False,False
Lepidosperma elatius,Tall Sword-sedge,Not Assessed,False,native,Grass,6,Jun,False,False
Lepidosperma elatius,Tall Sword-sedge,Not Assessed,False,native,Grass,7,Jul,False,False
Lepidosperma elatius,Tall Sword-sedge,Not Assessed,False,native,Grass,8,Aug,False,False
Lepidosperma elatius,Tall Sword-sedge,Not Assessed,False,native,Grass,9,Sep,True,False
Lepidosperma elatius,Tall Sword-sedge,Not Assessed,False,native,Grass,10,Oct,True,False
Lepidosperma elatius,Tall Sword-sedge,Not Assessed,False,native,Grass,11,Nov,True,False
Lepidosperma elatius,Tall Sword-sedge,Not Assessed,False,native,Grass,12,Dec,True,False
Lepidosperma filiforme,Common Rapier-sedge,Not Assessed,False,native,Herb,1,Jan,True,False
Lepidosperma filiforme,Common Rapier-sedge,Not Assessed,False,native,Herb,2,Feb,True,False
Lepidosperma filiforme,Common Rapier-sedge,Not Assessed,False,native,Herb,3,Mar,True,False
Lepidosperma filiforme,Common Rapier-sedge,Not Assessed,False,native,Herb,4,Apr,True,False
Lepidosperma filiforme,Common Rapier-sedge,Not Assessed,False,native,Herb,5,May,True,False
Lepidosperma filiforme,Common Rapier-sedge,Not Assessed,False,native,Herb,6,Jun,False,False
Lepidosperma filiforme,Common Rapier-sedge,Not Assessed,False,native,Herb,7,Jul,False,False
Lepidosperma filiforme,Common Rapier-sedge,Not Assessed,False,native,Herb,8,Aug,False,False
Lepidosperma filiforme,Common Rapier-sedge,Not Assessed,False,native,Herb,9,Sep,True,False
Lepidosperma filiforme,Common Rapier-sedge,Not Assessed,False,native,Herb,10,Oct,True,False
Lepidosperma filiforme,Common Rapier-sedge,Not Assessed,False,native,Herb,11,Nov,True,False
Lepidosperma filiforme,Common Rapier-sedge,Not Assessed,False,native,Herb,12,Dec,True,False
Lepidosperma gladiatum,Coast Sword-sedge,Not Assessed,False,native,Grass,1,Jan,True,False
Lepidosperma gladiatum,Coast Sword-sedge,Not Assessed,False,native,Grass,2,Feb,True,False
Lepidosperma gladiatum,Coast Sword-sedge,Not Assessed,False,native,Grass,3,Mar,True,False
Lepidosperma gladiatum,Coast Sword-sedge,Not Assessed,False,native,Grass,4,Apr,True,False
Lepidosperma gladiatum,Coast Sword-sedge,Not Assessed,False,native,Grass,5,May,True,False
Lepidosperma gladiatum,Coast Sword-sedge,Not Assessed,False,native,Grass,6,Jun,False,False
Lepidosperma gladiatum,Coast Sword-sedge,Not Assessed,False,native,Grass,7,Jul,False,False
Lepidosperma gladiatum,Coast Sword-sedge,Not Assessed,False,native,Grass,8,Aug,False,False
Lepidosperma gladiatum,Coast Sword-sedge,Not Assessed,False,native,Grass,9,Sep,True,False
Lepidosperma gladiatum,Coast Sword-sedge,Not Assessed,False,native,Grass,10,Oct,True,False
Lepidosperma gladiatum,Coast Sword-sedge,Not Assessed,False,native,Grass,11,Nov,True,False
Lepidosperma gladiatum,Coast Sword-sedge,Not Assessed,False,native,Grass,12,Dec,True,False
Lepidosperma gunnii,Little Sword-sedge,Not Assessed,False,native,Grass,1,Jan,True,False
Lepidosperma gunnii,Little Sword-sedge,Not Assessed,False,native,Grass,2,Feb,True,False
Lepidosperma gunnii,Little Sword-sedge,Not Assessed,False,native,Grass,3,Mar,False,False
Lepidosperma gunnii,Little Sword-sedge,Not Assessed,False,native,Grass,4,Apr,False,False
Lepidosperma gunnii,Little Sword-sedge,Not Assessed,False,native,Grass,5,May,False,False
Lepidosperma gunnii,Little Sword-sedge,Not Assessed,False,native,Grass,6,Jun,False,False
Lepidosperma gunnii,Little Sword-sedge,Not Assessed,False,native,Grass,7,Jul,False,False
Lepidosperma gunnii,Little Sword-sedge,Not Assessed,False,native,Grass,8,Aug,False,False
Lepidosperma gunnii,Little Sword-sedge,Not Assessed,False,native,Grass,9,Sep,True,False
Lepidosperma gunnii,Little Sword-sedge,Not Assessed,False,native,Grass,10,Oct,True,False
Lepidosperma gunnii,Little Sword-sedge,Not Assessed,False,native,Grass,11,Nov,True,False
Lepidosperma gunnii,Little Sword-sedge,Not Assessed,False,native,Grass,12,Dec,True,False
Lepidosperma laterale,Variable Sword-sedge,Not Assessed,False,native,Herb,1,Jan,True,False
Lepidosperma laterale,Variable Sword-sedge,Not Assessed,False,native,Herb,2,Feb,True,False
Lepidosperma laterale,Variable Sword-sedge,Not Assessed,False,native,Herb,3,Mar,True,False
Lepidosperma laterale,Variable Sword-sedge,Not Assessed,False,native,Herb,4,Apr,True,False
Lepidosperma laterale,Variable Sword-sedge,Not Assessed,False,native,Herb,5,May,True,False
Lepidosperma laterale,Variable Sword-sedge,Not Assessed,False,native,Herb,6,Jun,True,False
Lepidosperma laterale,Variable Sword-sedge,Not Assessed,False,native,Herb,7,Jul,True,False
Lepidosperma laterale,Variable Sword-sedge,Not Assessed,False,native,Herb,8,Aug,True,False
Lepidosperma laterale,Variable Sword-sedge,Not Assessed,False,native,Herb,9,Sep,True,False
Lepidosperma laterale,Variable Sword-sedge,Not Assessed,False,native,Herb,10,Oct,True,False
Lepidosperma laterale,Variable Sword-sedge,Not Assessed,False,native,Herb,11,Nov,True,False
Lepidosperma laterale,Variable Sword-sedge,Not Assessed,False,native,Herb,12,Dec,True,False
Lepidosperma longitudinale,Pithy Sword-sedge,Not Assessed,False,native,Grass,1,Jan,True,False
Lepidosperma longitudinale,Pithy Sword-sedge,Not Assessed,False,native,Grass,2,Feb,True,False
Lepidosperma longitudinale,Pithy Sword-sedge,Not Assessed,False,native,Grass,3,Mar,True,False
Lepidosperma longitudinale,Pithy Sword-sedge,Not Assessed,False,native,Grass,4,Apr,True,False
Lepidosperma longitudinale,Pithy Sword-sedge,Not Assessed,False,native,Grass,5,May,True,False
Lepidosperma longitudinale,Pithy Sword-sedge,Not Assessed,False,native,Grass,6,Jun,True,False
Lepidosperma longitudinale,Pithy Sword-sedge,Not Assessed,False,native,Grass,7,Jul,True,False
Lepidosperma longitudinale,Pithy Sword-sedge,Not Assessed,False,native,Grass,8,Aug,True,False
Lepidosperma longitudinale,Pithy Sword-sedge,Not Assessed,False,native,Grass,9,Sep,True,False
Lepidosperma longitudinale,Pithy Sword-sedge,Not Assessed,False,native,Grass,10,Oct,True,False
Lepidosperma longitudinale,Pithy Sword-sedge,Not Assessed,False,native,Grass,11,Nov,True,False
Lepidosperma longitudinale,Pithy Sword-sedge,Not Assessed,False,native,Grass,12,Dec,True,False
Lepidosperma sieberi,Sandhill Sword-sedge,Not Assessed,False,native,Grass,1,Jan,,False
Lepidosperma sieberi,Sandhill Sword-sedge,Not Assessed,False,native,Grass,2,Feb,,False
Lepidosperma sieberi,Sandhill Sword-sedge,Not Assessed,False,native,Grass,3,Mar,,False
Lepidosperma sieberi,Sandhill Sword-sedge,Not Assessed,False,native,Grass,4,Apr,,False
Lepidosperma sieberi,Sandhill Sword-sedge,Not Assessed,False,native,Grass,5,May,,False
Lepidosperma sieberi,Sandhill Sword-sedge,Not Assessed,False,native,Grass,6,Jun,,False
Lepidosperma sieberi,Sandhill Sword-sedge,Not Assessed,False,native,Grass,7,Jul,,False
Lepidosperma sieberi,Sandhill Sword-sedge,Not Assessed,False,native,Grass,8,Aug,,False
Lepidosperma sieberi,Sandhill Sword-sedge,Not Assessed,False,native,Grass,9,Sep,,False
Lepidosperma sieberi,Sandhill Sword-sedge,Not Assessed,False,native,Grass,10,Oct,,False
Lepidosperma sieberi,Sandhill Sword-sedge,Not Assessed,False,native,Grass,11,Nov,,False
Lepidosperma sieberi,Sandhill Sword-sedge,Not Assessed,False,native,Grass,12,Dec,,False
Leptinella reptans,Creeping Cotula,Not Assessed,False,native,Herb,1,Jan,True,False
Leptinella reptans,Creeping Cotula,Not Assessed,False,native,Herb,2,Feb,True,False
Leptinella reptans,Creeping Cotula,Not Assessed,False,native,Herb,3,Mar,True,False
Leptinella reptans,Creeping Cotula,Not Assessed,False,native,Herb,4,Apr,True,False
Leptinella reptans,Creeping Cotula,Not Assessed,False,native,Herb,5,May,True,False
Leptinella reptans,Creeping Cotula,Not Assessed,False,native,Herb,6,Jun,True,False
Leptinella reptans,Creeping Cotula,Not Assessed,False,native,Herb,7,Jul,True,False
Leptinella reptans,Creeping Cotula,Not Assessed,False,native,Herb,8,Aug,True,False
Leptinella reptans,Creeping Cotula,Not Assessed,False,native,Herb,9,Sep,True,False
Leptinella reptans,Creeping Cotula,Not Assessed,False,native,Herb,10,Oct,True,False
Leptinella reptans,Creeping Cotula,Not Assessed,False,native,Herb,11,Nov,True,False
Leptinella reptans,Creeping Cotula,Not Assessed,False,native,Herb,12,Dec,True,False
Leptobryum pyriforme,Golden Thread-moss,Not Assessed,False,uncertain,,1,Jan,,False
Leptobryum pyriforme,Golden Thread-moss,Not Assessed,False,uncertain,,2,Feb,,False
Leptobryum pyriforme,Golden Thread-moss,Not Assessed,False,uncertain,,3,Mar,,False
Leptobryum pyriforme,Golden Thread-moss,Not Assessed,False,uncertain,,4,Apr,,False
Leptobryum pyriforme,Golden Thread-moss,Not Assessed,False,uncertain,,5,May,,False
Leptobryum pyriforme,Golden Thread-moss,Not Assessed,False,uncertain,,6,Jun,,False
Leptobryum pyriforme,Golden Thread-moss,Not Assessed,False,uncertain,,7,Jul,,False
Leptobryum pyriforme,Golden Thread-moss,Not Assessed,False,uncertain,,8,Aug,,False
Leptobryum pyriforme,Golden Thread-moss,Not Assessed,False,uncertain,,9,Sep,,False
Leptobryum pyriforme,Golden Thread-moss,Not Assessed,False,uncertain,,10,Oct,,False
Leptobryum pyriforme,Golden Thread-moss,Not Assessed,False,uncertain,,11,Nov,,False
Leptobryum pyriforme,Golden Thread-moss,Not Assessed,False,uncertain,,12,Dec,,False
Leptocarpus tenax,Slender Twine-rush,Not Assessed,False,native,Grass,1,Jan,True,False
Leptocarpus tenax,Slender Twine-rush,Not Assessed,False,native,Grass,2,Feb,True,False
Leptocarpus tenax,Slender Twine-rush,Not Assessed,False,native,Grass,3,Mar,True,False
Leptocarpus tenax,Slender Twine-rush,Not Assessed,False,native,Grass,4,Apr,True,False
Leptocarpus tenax,Slender Twine-rush,Not Assessed,False,native,Grass,5,May,True,False
Leptocarpus tenax,Slender Twine-rush,Not Assessed,False,native,Grass,6,Jun,True,False
Leptocarpus tenax,Slender Twine-rush,Not Assessed,False,native,Grass,7,Jul,True,False
Leptocarpus tenax,Slender Twine-rush,Not Assessed,False,native,Grass,8,Aug,True,False
Leptocarpus tenax,Slender Twine-rush,Not Assessed,False,native,Grass,9,Sep,True,False
Leptocarpus tenax,Slender Twine-rush,Not Assessed,False,native,Grass,10,Oct,True,False
Leptocarpus tenax,Slender Twine-rush,Not Assessed,False,native,Grass,11,Nov,True,False
Leptocarpus tenax,Slender Twine-rush,Not Assessed,False,native,Grass,12,Dec,True,False
Leptoceras menziesii,Hare Orchid,Not Assessed,False,native,Herb,1,Jan,False,False
Leptoceras menziesii,Hare Orchid,Not Assessed,False,native,Herb,2,Feb,False,False
Leptoceras menziesii,Hare Orchid,Not Assessed,False,native,Herb,3,Mar,False,False
Leptoceras menziesii,Hare Orchid,Not Assessed,False,native,Herb,4,Apr,False,False
Leptoceras menziesii,Hare Orchid,Not Assessed,False,native,Herb,5,May,False,False
Leptoceras menziesii,Hare Orchid,Not Assessed,False,native,Herb,6,Jun,False,False
Leptoceras menziesii,Hare Orchid,Not Assessed,False,native,Herb,7,Jul,False,False
Leptoceras menziesii,Hare Orchid,Not Assessed,False,native,Herb,8,Aug,True,False
Leptoceras menziesii,Hare Orchid,Not Assessed,False,native,Herb,9,Sep,True,False
Leptoceras menziesii,Hare Orchid,Not Assessed,False,native,Herb,10,Oct,True,False
Leptoceras menziesii,Hare Orchid,Not Assessed,False,native,Herb,11,Nov,True,False
Leptoceras menziesii,Hare Orchid,Not Assessed,False,native,Herb,12,Dec,False,False
Leptodictyum riparium,Marsh Feather-moss,Not Assessed,False,native,,1,Jan,,False
Leptodictyum riparium,Marsh Feather-moss,Not Assessed,False,native,,2,Feb,,False
Leptodictyum riparium,Marsh Feather-moss,Not Assessed,False,native,,3,Mar,,False
Leptodictyum riparium,Marsh Feather-moss,Not Assessed,False,native,,4,Apr,,False
Leptodictyum riparium,Marsh Feather-moss,Not Assessed,False,native,,5,May,,False
Leptodictyum riparium,Marsh Feather-moss,Not Assessed,False,native,,6,Jun,,False
Leptodictyum riparium,Marsh Feather-moss,Not Assessed,False,native,,7,Jul,,False
Leptodictyum riparium,Marsh Feather-moss,Not Assessed,False,native,,8,Aug,,False
Leptodictyum riparium,Marsh Feather-moss,Not Assessed,False,native,,9,Sep,,False
Leptodictyum riparium,Marsh Feather-moss,Not Assessed,False,native,,10,Oct,,False
Leptodictyum riparium,Marsh Feather-moss,Not Assessed,False,native,,11,Nov,,False
Leptodictyum riparium,Marsh Feather-moss,Not Assessed,False,native,,12,Dec,,False
Leptorhynchos squamatus,Scaly Buttons,Not Assessed,False,native,Herb,1,Jan,True,False
Leptorhynchos squamatus,Scaly Buttons,Not Assessed,False,native,Herb,2,Feb,True,False
Leptorhynchos squamatus,Scaly Buttons,Not Assessed,False,native,Herb,3,Mar,True,False
Leptorhynchos squamatus,Scaly Buttons,Not Assessed,False,native,Herb,4,Apr,True,False
Leptorhynchos squamatus,Scaly Buttons,Not Assessed,False,native,Herb,5,May,True,False
Leptorhynchos squamatus,Scaly Buttons,Not Assessed,False,native,Herb,6,Jun,False,False
Leptorhynchos squamatus,Scaly Buttons,Not Assessed,False,native,Herb,7,Jul,False,False
Leptorhynchos squamatus,Scaly Buttons,Not Assessed,False,native,Herb,8,Aug,False,False
Leptorhynchos squamatus,Scaly Buttons,Not Assessed,False,native,Herb,9,Sep,True,False
Leptorhynchos squamatus,Scaly Buttons,Not Assessed,False,native,Herb,10,Oct,True,False
Leptorhynchos squamatus,Scaly Buttons,Not Assessed,False,native,Herb,11,Nov,True,False
Leptorhynchos squamatus,Scaly Buttons,Not Assessed,False,native,Herb,12,Dec,True,False
Leptorhynchos tenuifolius,Wiry Buttons,Not Assessed,False,native,Herb,1,Jan,True,False
Leptorhynchos tenuifolius,Wiry Buttons,Not Assessed,False,native,Herb,2,Feb,True,False
Leptorhynchos tenuifolius,Wiry Buttons,Not Assessed,False,native,Herb,3,Mar,True,False
Leptorhynchos tenuifolius,Wiry Buttons,Not Assessed,False,native,Herb,4,Apr,True,False
Leptorhynchos tenuifolius,Wiry Buttons,Not Assessed,False,native,Herb,5,May,False,False
Leptorhynchos tenuifolius,Wiry Buttons,Not Assessed,False,native,Herb,6,Jun,False,False
Leptorhynchos tenuifolius,Wiry Buttons,Not Assessed,False,native,Herb,7,Jul,False,False
Leptorhynchos tenuifolius,Wiry Buttons,Not Assessed,False,native,Herb,8,Aug,False,False
Leptorhynchos tenuifolius,Wiry Buttons,Not Assessed,False,native,Herb,9,Sep,True,False
Leptorhynchos tenuifolius,Wiry Buttons,Not Assessed,False,native,Herb,10,Oct,True,False
Leptorhynchos tenuifolius,Wiry Buttons,Not Assessed,False,native,Herb,11,Nov,True,False
Leptorhynchos tenuifolius,Wiry Buttons,Not Assessed,False,native,Herb,12,Dec,True,False
Leptospermum continentale,Prickly Teatree,Not Assessed,False,native,Shrub,1,Jan,True,False
Leptospermum continentale,Prickly Teatree,Not Assessed,False,native,Shrub,2,Feb,True,False
Leptospermum continentale,Prickly Teatree,Not Assessed,False,native,Shrub,3,Mar,False,False
Leptospermum continentale,Prickly Teatree,Not Assessed,False,native,Shrub,4,Apr,False,False
Leptospermum continentale,Prickly Teatree,Not Assessed,False,native,Shrub,5,May,False,False
Leptospermum continentale,Prickly Teatree,Not Assessed,False,native,Shrub,6,Jun,False,False
Leptospermum continentale,Prickly Teatree,Not Assessed,False,native,Shrub,7,Jul,False,False
Leptospermum continentale,Prickly Teatree,Not Assessed,False,native,Shrub,8,Aug,False,False
Leptospermum continentale,Prickly Teatree,Not Assessed,False,native,Shrub,9,Sep,True,False
Leptospermum continentale,Prickly Teatree,Not Assessed,False,native,Shrub,10,Oct,True,False
Leptospermum continentale,Prickly Teatree,Not Assessed,False,native,Shrub,11,Nov,True,False
Leptospermum continentale,Prickly Teatree,Not Assessed,False,native,Shrub,12,Dec,True,False
Leptospermum lanigerum,Woolly Teatree,Not Assessed,False,native,Tree,1,Jan,True,False
Leptospermum lanigerum,Woolly Teatree,Not Assessed,False,native,Tree,2,Feb,True,False
Leptospermum lanigerum,Woolly Teatree,Not Assessed,False,native,Tree,3,Mar,False,False
Leptospermum lanigerum,Woolly Teatree,Not Assessed,False,native,Tree,4,Apr,False,False
Leptospermum lanigerum,Woolly Teatree,Not Assessed,False,native,Tree,5,May,False,False
Leptospermum lanigerum,Woolly Teatree,Not Assessed,False,native,Tree,6,Jun,False,False
Leptospermum lanigerum,Woolly Teatree,Not Assessed,False,native,Tree,7,Jul,False,False
Leptospermum lanigerum,Woolly Teatree,Not Assessed,False,native,Tree,8,Aug,False,False
Leptospermum lanigerum,Woolly Teatree,Not Assessed,False,native,Tree,9,Sep,True,False
Leptospermum lanigerum,Woolly Teatree,Not Assessed,False,native,Tree,10,Oct,True,False
Leptospermum lanigerum,Woolly Teatree,Not Assessed,False,native,Tree,11,Nov,True,False
Leptospermum lanigerum,Woolly Teatree,Not Assessed,False,native,Tree,12,Dec,True,False
Leptospermum scoparium,Manuka | Broom Teatree,Not Assessed,False,native,Shrub,1,Jan,True,False
Leptospermum scoparium,Manuka | Broom Teatree,Not Assessed,False,native,Shrub,2,Feb,True,False
Leptospermum scoparium,Manuka | Broom Teatree,Not Assessed,False,native,Shrub,3,Mar,True,False
Leptospermum scoparium,Manuka | Broom Teatree,Not Assessed,False,native,Shrub,4,Apr,False,False
Leptospermum scoparium,Manuka | Broom Teatree,Not Assessed,False,native,Shrub,5,May,False,False
Leptospermum scoparium,Manuka | Broom Teatree,Not Assessed,False,native,Shrub,6,Jun,False,False
Leptospermum scoparium,Manuka | Broom Teatree,Not Assessed,False,native,Shrub,7,Jul,False,False
Leptospermum scoparium,Manuka | Broom Teatree,Not Assessed,False,native,Shrub,8,Aug,False,False
Leptospermum scoparium,Manuka | Broom Teatree,Not Assessed,False,native,Shrub,9,Sep,True,False
Leptospermum scoparium,Manuka | Broom Teatree,Not Assessed,False,native,Shrub,10,Oct,True,False
Leptospermum scoparium,Manuka | Broom Teatree,Not Assessed,False,native,Shrub,11,Nov,True,False
Leptospermum scoparium,Manuka | Broom Teatree,Not Assessed,False,native,Shrub,12,Dec,True,False
Lepyrodia muelleri,Common Scale-rush | Erect Scale-rush,Not Assessed,False,native,Grass,1,Jan,True,False
Lepyrodia muelleri,Common Scale-rush | Erect Scale-rush,Not Assessed,False,native,Grass,2,Feb,True,False
Lepyrodia muelleri,Common Scale-rush | Erect Scale-rush,Not Assessed,False,native,Grass,3,Mar,True,False
Lepyrodia muelleri,Common Scale-rush | Erect Scale-rush,Not Assessed,False,native,Grass,4,Apr,True,False
Lepyrodia muelleri,Common Scale-rush | Erect Scale-rush,Not Assessed,False,native,Grass,5,May,False,False
Lepyrodia muelleri,Common Scale-rush | Erect Scale-rush,Not Assessed,False,native,Grass,6,Jun,False,False
Lepyrodia muelleri,Common Scale-rush | Erect Scale-rush,Not Assessed,False,native,Grass,7,Jul,False,False
Lepyrodia muelleri,Common Scale-rush | Erect Scale-rush,Not Assessed,False,native,Grass,8,Aug,False,False
Lepyrodia muelleri,Common Scale-rush | Erect Scale-rush,Not Assessed,False,native,Grass,9,Sep,True,False
Lepyrodia muelleri,Common Scale-rush | Erect Scale-rush,Not Assessed,False,native,Grass,10,Oct,True,False
Lepyrodia muelleri,Common Scale-rush | Erect Scale-rush,Not Assessed,False,native,Grass,11,Nov,True,False
Lepyrodia muelleri,Common Scale-rush | Erect Scale-rush,Not Assessed,False,native,Grass,12,Dec,True,False
Leucophyta brownii,Cushion Bush,Not Assessed,False,native,Shrub,1,Jan,True,False
Leucophyta brownii,Cushion Bush,Not Assessed,False,native,Shrub,2,Feb,True,False
Leucophyta brownii,Cushion Bush,Not Assessed,False,native,Shrub,3,Mar,False,False
Leucophyta brownii,Cushion Bush,Not Assessed,False,native,Shrub,4,Apr,False,False
Leucophyta brownii,Cushion Bush,Not Assessed,False,native,Shrub,5,May,False,False
Leucophyta brownii,Cushion Bush,Not Assessed,False,native,Shrub,6,Jun,False,False
Leucophyta brownii,Cushion Bush,Not Assessed,False,native,Shrub,7,Jul,False,False
Leucophyta brownii,Cushion Bush,Not Assessed,False,native,Shrub,8,Aug,False,False
Leucophyta brownii,Cushion Bush,Not Assessed,False,native,Shrub,9,Sep,True,False
Leucophyta brownii,Cushion Bush,Not Assessed,False,native,Shrub,10,Oct,True,False
Leucophyta brownii,Cushion Bush,Not Assessed,False,native,Shrub,11,Nov,True,False
Leucophyta brownii,Cushion Bush,Not Assessed,False,native,Shrub,12,Dec,True,False
Leucopogon parviflorus,Coast Beard-heath,Not Assessed,False,native,Shrub,1,Jan,True,False
Leucopogon parviflorus,Coast Beard-heath,Not Assessed,False,native,Shrub,2,Feb,True,False
Leucopogon parviflorus,Coast Beard-heath,Not Assessed,False,native,Shrub,3,Mar,True,False
Leucopogon parviflorus,Coast Beard-heath,Not Assessed,False,native,Shrub,4,Apr,True,False
Leucopogon parviflorus,Coast Beard-heath,Not Assessed,False,native,Shrub,5,May,True,False
Leucopogon parviflorus,Coast Beard-heath,Not Assessed,False,native,Shrub,6,Jun,True,False
Leucopogon parviflorus,Coast Beard-heath,Not Assessed,False,native,Shrub,7,Jul,True,False
Leucopogon parviflorus,Coast Beard-heath,Not Assessed,False,native,Shrub,8,Aug,True,False
Leucopogon parviflorus,Coast Beard-heath,Not Assessed,False,native,Shrub,9,Sep,True,False
Leucopogon parviflorus,Coast Beard-heath,Not Assessed,False,native,Shrub,10,Oct,True,False
Leucopogon parviflorus,Coast Beard-heath,Not Assessed,False,native,Shrub,11,Nov,True,False
Leucopogon parviflorus,Coast Beard-heath,Not Assessed,False,native,Shrub,12,Dec,True,False
Leucopogon virgatus,Common Beard-heath,Not Assessed,False,native,Shrub,1,Jan,True,False
Leucopogon virgatus,Common Beard-heath,Not Assessed,False,native,Shrub,2,Feb,True,False
Leucopogon virgatus,Common Beard-heath,Not Assessed,False,native,Shrub,3,Mar,True,False
Leucopogon virgatus,Common Beard-heath,Not Assessed,False,native,Shrub,4,Apr,True,False
Leucopogon virgatus,Common Beard-heath,Not Assessed,False,native,Shrub,5,May,True,False
Leucopogon virgatus,Common Beard-heath,Not Assessed,False,native,Shrub,6,Jun,True,False
Leucopogon virgatus,Common Beard-heath,Not Assessed,False,native,Shrub,7,Jul,True,False
Leucopogon virgatus,Common Beard-heath,Not Assessed,False,native,Shrub,8,Aug,True,False
Leucopogon virgatus,Common Beard-heath,Not Assessed,False,native,Shrub,9,Sep,True,False
Leucopogon virgatus,Common Beard-heath,Not Assessed,False,native,Shrub,10,Oct,True,False
Leucopogon virgatus,Common Beard-heath,Not Assessed,False,native,Shrub,11,Nov,True,False
Leucopogon virgatus,Common Beard-heath,Not Assessed,False,native,Shrub,12,Dec,True,False
Leucopogon virgatus var. virgatus,Common Beard-heath,Not Assessed,False,native,Shrub,1,Jan,True,False
Leucopogon virgatus var. virgatus,Common Beard-heath,Not Assessed,False,native,Shrub,2,Feb,True,False
Leucopogon virgatus var. virgatus,Common Beard-heath,Not Assessed,False,native,Shrub,3,Mar,True,False
Leucopogon virgatus var. virgatus,Common Beard-heath,Not Assessed,False,native,Shrub,4,Apr,True,False
Leucopogon virgatus var. virgatus,Common Beard-heath,Not Assessed,False,native,Shrub,5,May,True,False
Leucopogon virgatus var. virgatus,Common Beard-heath,Not Assessed,False,native,Shrub,6,Jun,True,False
Leucopogon virgatus var. virgatus,Common Beard-heath,Not Assessed,False,native,Shrub,7,Jul,True,False
Leucopogon virgatus var. virgatus,Common Beard-heath,Not Assessed,False,native,Shrub,8,Aug,True,False
Leucopogon virgatus var. virgatus,Common Beard-heath,Not Assessed,False,native,Shrub,9,Sep,True,False
Leucopogon virgatus var. virgatus,Common Beard-heath,Not Assessed,False,native,Shrub,10,Oct,True,False
Leucopogon virgatus var. virgatus,Common Beard-heath,Not Assessed,False,native,Shrub,11,Nov,True,False
Leucopogon virgatus var. virgatus,Common Beard-heath,Not Assessed,False,native,Shrub,12,Dec,True,False
Levenhookia dubia,Hairy Stylewort,Not Assessed,False,native,Herb,1,Jan,True,False
Levenhookia dubia,Hairy Stylewort,Not Assessed,False,native,Herb,2,Feb,True,False
Levenhookia dubia,Hairy Stylewort,Not Assessed,False,native,Herb,3,Mar,False,False
Levenhookia dubia,Hairy Stylewort,Not Assessed,False,native,Herb,4,Apr,False,False
Levenhookia dubia,Hairy Stylewort,Not Assessed,False,native,Herb,5,May,False,False
Levenhookia dubia,Hairy Stylewort,Not Assessed,False,native,Herb,6,Jun,False,False
Levenhookia dubia,Hairy Stylewort,Not Assessed,False,native,Herb,7,Jul,False,False
Levenhookia dubia,Hairy Stylewort,Not Assessed,False,native,Herb,8,Aug,True,False
Levenhookia dubia,Hairy Stylewort,Not Assessed,False,native,Herb,9,Sep,True,False
Levenhookia dubia,Hairy Stylewort,Not Assessed,False,native,Herb,10,Oct,True,False
Levenhookia dubia,Hairy Stylewort,Not Assessed,False,native,Herb,11,Nov,True,False
Levenhookia dubia,Hairy Stylewort,Not Assessed,False,native,Herb,12,Dec,True,False
Lewinskya tasmanica,,Not Assessed,False,native,,1,Jan,,False
Lewinskya tasmanica,,Not Assessed,False,native,,2,Feb,,False
Lewinskya tasmanica,,Not Assessed,False,native,,3,Mar,,False
Lewinskya tasmanica,,Not Assessed,False,native,,4,Apr,,False
Lewinskya tasmanica,,Not Assessed,False,native,,5,May,,False
Lewinskya tasmanica,,Not Assessed,False,native,,6,Jun,,False
Lewinskya tasmanica,,Not Assessed,False,native,,7,Jul,,False
Lewinskya tasmanica,,Not Assessed,False,native,,8,Aug,,False
Lewinskya tasmanica,,Not Assessed,False,native,,9,Sep,,False
Lewinskya tasmanica,,Not Assessed,False,native,,10,Oct,,False
Lewinskya tasmanica,,Not Assessed,False,native,,11,Nov,,False
Lewinskya tasmanica,,Not Assessed,False,native,,12,Dec,,False
Lewinskya tasmanica var. tasmanica,,Not Assessed,False,native,,1,Jan,,False
Lewinskya tasmanica var. tasmanica,,Not Assessed,False,native,,2,Feb,,False
Lewinskya tasmanica var. tasmanica,,Not Assessed,False,native,,3,Mar,,False
Lewinskya tasmanica var. tasmanica,,Not Assessed,False,native,,4,Apr,,False
Lewinskya tasmanica var. tasmanica,,Not Assessed,False,native,,5,May,,False
Lewinskya tasmanica var. tasmanica,,Not Assessed,False,native,,6,Jun,,False
Lewinskya tasmanica var. tasmanica,,Not Assessed,False,native,,7,Jul,,False
Lewinskya tasmanica var. tasmanica,,Not Assessed,False,native,,8,Aug,,False
Lewinskya tasmanica var. tasmanica,,Not Assessed,False,native,,9,Sep,,False
Lewinskya tasmanica var. tasmanica,,Not Assessed,False,native,,10,Oct,,False
Lewinskya tasmanica var. tasmanica,,Not Assessed,False,native,,11,Nov,,False
Lewinskya tasmanica var. tasmanica,,Not Assessed,False,native,,12,Dec,,False
Ligustrum lucidum,Large-leaved Privet,Reconsider Planting,True,introduced,Tree,1,Jan,True,False
Ligustrum lucidum,Large-leaved Privet,Reconsider Planting,True,introduced,Tree,2,Feb,True,False
Ligustrum lucidum,Large-leaved Privet,Reconsider Planting,True,introduced,Tree,3,Mar,False,False
Ligustrum lucidum,Large-leaved Privet,Reconsider Planting,True,introduced,Tree,4,Apr,False,False
Ligustrum lucidum,Large-leaved Privet,Reconsider Planting,True,introduced,Tree,5,May,False,False
Ligustrum lucidum,Large-leaved Privet,Reconsider Planting,True,introduced,Tree,6,Jun,False,False
Ligustrum lucidum,Large-leaved Privet,Reconsider Planting,True,introduced,Tree,7,Jul,False,False
Ligustrum lucidum,Large-leaved Privet,Reconsider Planting,True,introduced,Tree,8,Aug,False,False
Ligustrum lucidum,Large-leaved Privet,Reconsider Planting,True,introduced,Tree,9,Sep,True,False
Ligustrum lucidum,Large-leaved Privet,Reconsider Planting,True,introduced,Tree,10,Oct,True,False
Ligustrum lucidum,Large-leaved Privet,Reconsider Planting,True,introduced,Tree,11,Nov,True,False
Ligustrum lucidum,Large-leaved Privet,Reconsider Planting,True,introduced,Tree,12,Dec,True,False
Ligustrum ovalifolium,Japanese Privet | Hedge Privet | California Privet,Reconsider Planting,True,introduced,Shrub,1,Jan,,False
Ligustrum ovalifolium,Japanese Privet | Hedge Privet | California Privet,Reconsider Planting,True,introduced,Shrub,2,Feb,,False
Ligustrum ovalifolium,Japanese Privet | Hedge Privet | California Privet,Reconsider Planting,True,introduced,Shrub,3,Mar,,False
Ligustrum ovalifolium,Japanese Privet | Hedge Privet | California Privet,Reconsider Planting,True,introduced,Shrub,4,Apr,,False
Ligustrum ovalifolium,Japanese Privet | Hedge Privet | California Privet,Reconsider Planting,True,introduced,Shrub,5,May,,False
Ligustrum ovalifolium,Japanese Privet | Hedge Privet | California Privet,Reconsider Planting,True,introduced,Shrub,6,Jun,,False
Ligustrum ovalifolium,Japanese Privet | Hedge Privet | California Privet,Reconsider Planting,True,introduced,Shrub,7,Jul,,False
Ligustrum ovalifolium,Japanese Privet | Hedge Privet | California Privet,Reconsider Planting,True,introduced,Shrub,8,Aug,,False
Ligustrum ovalifolium,Japanese Privet | Hedge Privet | California Privet,Reconsider Planting,True,introduced,Shrub,9,Sep,,False
Ligustrum ovalifolium,Japanese Privet | Hedge Privet | California Privet,Reconsider Planting,True,introduced,Shrub,10,Oct,,False
Ligustrum ovalifolium,Japanese Privet | Hedge Privet | California Privet,Reconsider Planting,True,introduced,Shrub,11,Nov,,False
Ligustrum ovalifolium,Japanese Privet | Hedge Privet | California Privet,Reconsider Planting,True,introduced,Shrub,12,Dec,,False
Lindsaea linearis,Screw Fern,Not Assessed,False,native,Fern,1,Jan,,False
Lindsaea linearis,Screw Fern,Not Assessed,False,native,Fern,2,Feb,,False
Lindsaea linearis,Screw Fern,Not Assessed,False,native,Fern,3,Mar,,False
Lindsaea linearis,Screw Fern,Not Assessed,False,native,Fern,4,Apr,,False
Lindsaea linearis,Screw Fern,Not Assessed,False,native,Fern,5,May,,False
Lindsaea linearis,Screw Fern,Not Assessed,False,native,Fern,6,Jun,,False
Lindsaea linearis,Screw Fern,Not Assessed,False,native,Fern,7,Jul,,False
Lindsaea linearis,Screw Fern,Not Assessed,False,native,Fern,8,Aug,,False
Lindsaea linearis,Screw Fern,Not Assessed,False,native,Fern,9,Sep,,False
Lindsaea linearis,Screw Fern,Not Assessed,False,native,Fern,10,Oct,,False
Lindsaea linearis,Screw Fern,Not Assessed,False,native,Fern,11,Nov,,False
Lindsaea linearis,Screw Fern,Not Assessed,False,native,Fern,12,Dec,,False
Linum trigynum,French Flax,Use Caution,True,introduced,Herb,1,Jan,True,False
Linum trigynum,French Flax,Use Caution,True,introduced,Herb,2,Feb,True,False
Linum trigynum,French Flax,Use Caution,True,introduced,Herb,3,Mar,False,False
Linum trigynum,French Flax,Use Caution,True,introduced,Herb,4,Apr,False,False
Linum trigynum,French Flax,Use Caution,True,introduced,Herb,5,May,False,False
Linum trigynum,French Flax,Use Caution,True,introduced,Herb,6,Jun,False,False
Linum trigynum,French Flax,Use Caution,True,introduced,Herb,7,Jul,False,False
Linum trigynum,French Flax,Use Caution,True,introduced,Herb,8,Aug,False,False
Linum trigynum,French Flax,Use Caution,True,introduced,Herb,9,Sep,True,False
Linum trigynum,French Flax,Use Caution,True,introduced,Herb,10,Oct,True,False
Linum trigynum,French Flax,Use Caution,True,introduced,Herb,11,Nov,True,False
Linum trigynum,French Flax,Use Caution,True,introduced,Herb,12,Dec,True,False
Lobelia anceps,Angled Lobelia,Not Assessed,False,native,Herb,1,Jan,True,False
Lobelia anceps,Angled Lobelia,Not Assessed,False,native,Herb,2,Feb,True,False
Lobelia anceps,Angled Lobelia,Not Assessed,False,native,Herb,3,Mar,True,False
Lobelia anceps,Angled Lobelia,Not Assessed,False,native,Herb,4,Apr,True,False
Lobelia anceps,Angled Lobelia,Not Assessed,False,native,Herb,5,May,True,False
Lobelia anceps,Angled Lobelia,Not Assessed,False,native,Herb,6,Jun,True,False
Lobelia anceps,Angled Lobelia,Not Assessed,False,native,Herb,7,Jul,True,False
Lobelia anceps,Angled Lobelia,Not Assessed,False,native,Herb,8,Aug,True,False
Lobelia anceps,Angled Lobelia,Not Assessed,False,native,Herb,9,Sep,True,False
Lobelia anceps,Angled Lobelia,Not Assessed,False,native,Herb,10,Oct,True,False
Lobelia anceps,Angled Lobelia,Not Assessed,False,native,Herb,11,Nov,True,False
Lobelia anceps,Angled Lobelia,Not Assessed,False,native,Herb,12,Dec,True,False
Lobelia concolor,Poison Pratia,Not Assessed,False,native,Herb,1,Jan,True,False
Lobelia concolor,Poison Pratia,Not Assessed,False,native,Herb,2,Feb,True,False
Lobelia concolor,Poison Pratia,Not Assessed,False,native,Herb,3,Mar,True,False
Lobelia concolor,Poison Pratia,Not Assessed,False,native,Herb,4,Apr,True,False
Lobelia concolor,Poison Pratia,Not Assessed,False,native,Herb,5,May,False,False
Lobelia concolor,Poison Pratia,Not Assessed,False,native,Herb,6,Jun,False,False
Lobelia concolor,Poison Pratia,Not Assessed,False,native,Herb,7,Jul,False,False
Lobelia concolor,Poison Pratia,Not Assessed,False,native,Herb,8,Aug,False,False
Lobelia concolor,Poison Pratia,Not Assessed,False,native,Herb,9,Sep,False,False
Lobelia concolor,Poison Pratia,Not Assessed,False,native,Herb,10,Oct,False,False
Lobelia concolor,Poison Pratia,Not Assessed,False,native,Herb,11,Nov,False,False
Lobelia concolor,Poison Pratia,Not Assessed,False,native,Herb,12,Dec,True,False
Lobelia gibbosa,Tall Lobelia,Not Assessed,False,native,Herb,1,Jan,True,False
Lobelia gibbosa,Tall Lobelia,Not Assessed,False,native,Herb,2,Feb,True,False
Lobelia gibbosa,Tall Lobelia,Not Assessed,False,native,Herb,3,Mar,True,False
Lobelia gibbosa,Tall Lobelia,Not Assessed,False,native,Herb,4,Apr,False,False
Lobelia gibbosa,Tall Lobelia,Not Assessed,False,native,Herb,5,May,False,False
Lobelia gibbosa,Tall Lobelia,Not Assessed,False,native,Herb,6,Jun,False,False
Lobelia gibbosa,Tall Lobelia,Not Assessed,False,native,Herb,7,Jul,False,False
Lobelia gibbosa,Tall Lobelia,Not Assessed,False,native,Herb,8,Aug,False,False
Lobelia gibbosa,Tall Lobelia,Not Assessed,False,native,Herb,9,Sep,False,False
Lobelia gibbosa,Tall Lobelia,Not Assessed,False,native,Herb,10,Oct,True,False
Lobelia gibbosa,Tall Lobelia,Not Assessed,False,native,Herb,11,Nov,True,False
Lobelia gibbosa,Tall Lobelia,Not Assessed,False,native,Herb,12,Dec,True,False
Lobelia pedunculata,Matted Pratia,Not Assessed,False,native,Herb,1,Jan,True,False
Lobelia pedunculata,Matted Pratia,Not Assessed,False,native,Herb,2,Feb,True,False
Lobelia pedunculata,Matted Pratia,Not Assessed,False,native,Herb,3,Mar,True,False
Lobelia pedunculata,Matted Pratia,Not Assessed,False,native,Herb,4,Apr,False,False
Lobelia pedunculata,Matted Pratia,Not Assessed,False,native,Herb,5,May,False,False
Lobelia pedunculata,Matted Pratia,Not Assessed,False,native,Herb,6,Jun,False,False
Lobelia pedunculata,Matted Pratia,Not Assessed,False,native,Herb,7,Jul,False,False
Lobelia pedunculata,Matted Pratia,Not Assessed,False,native,Herb,8,Aug,False,False
Lobelia pedunculata,Matted Pratia,Not Assessed,False,native,Herb,9,Sep,False,False
Lobelia pedunculata,Matted Pratia,Not Assessed,False,native,Herb,10,Oct,True,False
Lobelia pedunculata,Matted Pratia,Not Assessed,False,native,Herb,11,Nov,True,False
Lobelia pedunculata,Matted Pratia,Not Assessed,False,native,Herb,12,Dec,True,False
Lobelia pratioides,Poison Lobelia,Not Assessed,False,native,Herb,1,Jan,True,False
Lobelia pratioides,Poison Lobelia,Not Assessed,False,native,Herb,2,Feb,False,False
Lobelia pratioides,Poison Lobelia,Not Assessed,False,native,Herb,3,Mar,False,False
Lobelia pratioides,Poison Lobelia,Not Assessed,False,native,Herb,4,Apr,False,False
Lobelia pratioides,Poison Lobelia,Not Assessed,False,native,Herb,5,May,False,False
Lobelia pratioides,Poison Lobelia,Not Assessed,False,native,Herb,6,Jun,False,False
Lobelia pratioides,Poison Lobelia,Not Assessed,False,native,Herb,7,Jul,False,False
Lobelia pratioides,Poison Lobelia,Not Assessed,False,native,Herb,8,Aug,False,False
Lobelia pratioides,Poison Lobelia,Not Assessed,False,native,Herb,9,Sep,False,False
Lobelia pratioides,Poison Lobelia,Not Assessed,False,native,Herb,10,Oct,False,False
Lobelia pratioides,Poison Lobelia,Not Assessed,False,native,Herb,11,Nov,True,False
Lobelia pratioides,Poison Lobelia,Not Assessed,False,native,Herb,12,Dec,True,False
Lobelia simplicicaulis,Narrow Lobelia,Not Assessed,False,native,Herb,1,Jan,True,False
Lobelia simplicicaulis,Narrow Lobelia,Not Assessed,False,native,Herb,2,Feb,True,False
Lobelia simplicicaulis,Narrow Lobelia,Not Assessed,False,native,Herb,3,Mar,True,False
Lobelia simplicicaulis,Narrow Lobelia,Not Assessed,False,native,Herb,4,Apr,False,False
Lobelia simplicicaulis,Narrow Lobelia,Not Assessed,False,native,Herb,5,May,False,False
Lobelia simplicicaulis,Narrow Lobelia,Not Assessed,False,native,Herb,6,Jun,False,False
Lobelia simplicicaulis,Narrow Lobelia,Not Assessed,False,native,Herb,7,Jul,False,False
Lobelia simplicicaulis,Narrow Lobelia,Not Assessed,False,native,Herb,8,Aug,False,False
Lobelia simplicicaulis,Narrow Lobelia,Not Assessed,False,native,Herb,9,Sep,False,False
Lobelia simplicicaulis,Narrow Lobelia,Not Assessed,False,native,Herb,10,Oct,False,False
Lobelia simplicicaulis,Narrow Lobelia,Not Assessed,False,native,Herb,11,Nov,True,False
Lobelia simplicicaulis,Narrow Lobelia,Not Assessed,False,native,Herb,12,Dec,True,False
Lobularia maritima,Sweet Alyssum | Sweet Alice,Use Caution,True,introduced,Herb,1,Jan,,False
Lobularia maritima,Sweet Alyssum | Sweet Alice,Use Caution,True,introduced,Herb,2,Feb,,False
Lobularia maritima,Sweet Alyssum | Sweet Alice,Use Caution,True,introduced,Herb,3,Mar,,False
Lobularia maritima,Sweet Alyssum | Sweet Alice,Use Caution,True,introduced,Herb,4,Apr,,False
Lobularia maritima,Sweet Alyssum | Sweet Alice,Use Caution,True,introduced,Herb,5,May,,False
Lobularia maritima,Sweet Alyssum | Sweet Alice,Use Caution,True,introduced,Herb,6,Jun,,False
Lobularia maritima,Sweet Alyssum | Sweet Alice,Use Caution,True,introduced,Herb,7,Jul,,False
Lobularia maritima,Sweet Alyssum | Sweet Alice,Use Caution,True,introduced,Herb,8,Aug,,False
Lobularia maritima,Sweet Alyssum | Sweet Alice,Use Caution,True,introduced,Herb,9,Sep,,False
Lobularia maritima,Sweet Alyssum | Sweet Alice,Use Caution,True,introduced,Herb,10,Oct,,False
Lobularia maritima,Sweet Alyssum | Sweet Alice,Use Caution,True,introduced,Herb,11,Nov,,False
Lobularia maritima,Sweet Alyssum | Sweet Alice,Use Caution,True,introduced,Herb,12,Dec,,False
Lolium perenne,Perennial Ryegrass,Use Caution,True,introduced,Grass,1,Jan,True,False
Lolium perenne,Perennial Ryegrass,Use Caution,True,introduced,Grass,2,Feb,False,False
Lolium perenne,Perennial Ryegrass,Use Caution,True,introduced,Grass,3,Mar,False,False
Lolium perenne,Perennial Ryegrass,Use Caution,True,introduced,Grass,4,Apr,False,False
Lolium perenne,Perennial Ryegrass,Use Caution,True,introduced,Grass,5,May,False,False
Lolium perenne,Perennial Ryegrass,Use Caution,True,introduced,Grass,6,Jun,False,False
Lolium perenne,Perennial Ryegrass,Use Caution,True,introduced,Grass,7,Jul,False,False
Lolium perenne,Perennial Ryegrass,Use Caution,True,introduced,Grass,8,Aug,True,False
Lolium perenne,Perennial Ryegrass,Use Caution,True,introduced,Grass,9,Sep,True,False
Lolium perenne,Perennial Ryegrass,Use Caution,True,introduced,Grass,10,Oct,True,False
Lolium perenne,Perennial Ryegrass,Use Caution,True,introduced,Grass,11,Nov,True,False
Lolium perenne,Perennial Ryegrass,Use Caution,True,introduced,Grass,12,Dec,True,False
Lolium rigidum,Wimmera Rye-grass,Use Caution,True,introduced,Grass,1,Jan,False,False
Lolium rigidum,Wimmera Rye-grass,Use Caution,True,introduced,Grass,2,Feb,False,False
Lolium rigidum,Wimmera Rye-grass,Use Caution,True,introduced,Grass,3,Mar,False,False
Lolium rigidum,Wimmera Rye-grass,Use Caution,True,introduced,Grass,4,Apr,False,False
Lolium rigidum,Wimmera Rye-grass,Use Caution,True,introduced,Grass,5,May,False,False
Lolium rigidum,Wimmera Rye-grass,Use Caution,True,introduced,Grass,6,Jun,False,False
Lolium rigidum,Wimmera Rye-grass,Use Caution,True,introduced,Grass,7,Jul,False,False
Lolium rigidum,Wimmera Rye-grass,Use Caution,True,introduced,Grass,8,Aug,True,False
Lolium rigidum,Wimmera Rye-grass,Use Caution,True,introduced,Grass,9,Sep,True,False
Lolium rigidum,Wimmera Rye-grass,Use Caution,True,introduced,Grass,10,Oct,True,False
Lolium rigidum,Wimmera Rye-grass,Use Caution,True,introduced,Grass,11,Nov,True,False
Lolium rigidum,Wimmera Rye-grass,Use Caution,True,introduced,Grass,12,Dec,False,False
Lomandra filiformis,Wattle Mat-rush,Not Assessed,False,native,Grass,1,Jan,True,False
Lomandra filiformis,Wattle Mat-rush,Not Assessed,False,native,Grass,2,Feb,True,False
Lomandra filiformis,Wattle Mat-rush,Not Assessed,False,native,Grass,3,Mar,True,False
Lomandra filiformis,Wattle Mat-rush,Not Assessed,False,native,Grass,4,Apr,False,False
Lomandra filiformis,Wattle Mat-rush,Not Assessed,False,native,Grass,5,May,False,False
Lomandra filiformis,Wattle Mat-rush,Not Assessed,False,native,Grass,6,Jun,False,False
Lomandra filiformis,Wattle Mat-rush,Not Assessed,False,native,Grass,7,Jul,False,False
Lomandra filiformis,Wattle Mat-rush,Not Assessed,False,native,Grass,8,Aug,False,False
Lomandra filiformis,Wattle Mat-rush,Not Assessed,False,native,Grass,9,Sep,True,False
Lomandra filiformis,Wattle Mat-rush,Not Assessed,False,native,Grass,10,Oct,True,False
Lomandra filiformis,Wattle Mat-rush,Not Assessed,False,native,Grass,11,Nov,True,False
Lomandra filiformis,Wattle Mat-rush,Not Assessed,False,native,Grass,12,Dec,True,False
Lomandra filiformis subsp. coriacea,Wattle Mat-rush,Not Assessed,False,native,Grass,1,Jan,True,False
Lomandra filiformis subsp. coriacea,Wattle Mat-rush,Not Assessed,False,native,Grass,2,Feb,True,False
Lomandra filiformis subsp. coriacea,Wattle Mat-rush,Not Assessed,False,native,Grass,3,Mar,True,False
Lomandra filiformis subsp. coriacea,Wattle Mat-rush,Not Assessed,False,native,Grass,4,Apr,False,False
Lomandra filiformis subsp. coriacea,Wattle Mat-rush,Not Assessed,False,native,Grass,5,May,False,False
Lomandra filiformis subsp. coriacea,Wattle Mat-rush,Not Assessed,False,native,Grass,6,Jun,False,False
Lomandra filiformis subsp. coriacea,Wattle Mat-rush,Not Assessed,False,native,Grass,7,Jul,False,False
Lomandra filiformis subsp. coriacea,Wattle Mat-rush,Not Assessed,False,native,Grass,8,Aug,False,False
Lomandra filiformis subsp. coriacea,Wattle Mat-rush,Not Assessed,False,native,Grass,9,Sep,True,False
Lomandra filiformis subsp. coriacea,Wattle Mat-rush,Not Assessed,False,native,Grass,10,Oct,True,False
Lomandra filiformis subsp. coriacea,Wattle Mat-rush,Not Assessed,False,native,Grass,11,Nov,True,False
Lomandra filiformis subsp. coriacea,Wattle Mat-rush,Not Assessed,False,native,Grass,12,Dec,True,False
Lomandra filiformis subsp. filiformis,Wattle Mat-rush,Not Assessed,False,native,Grass,1,Jan,True,False
Lomandra filiformis subsp. filiformis,Wattle Mat-rush,Not Assessed,False,native,Grass,2,Feb,True,False
Lomandra filiformis subsp. filiformis,Wattle Mat-rush,Not Assessed,False,native,Grass,3,Mar,True,False
Lomandra filiformis subsp. filiformis,Wattle Mat-rush,Not Assessed,False,native,Grass,4,Apr,False,False
Lomandra filiformis subsp. filiformis,Wattle Mat-rush,Not Assessed,False,native,Grass,5,May,False,False
Lomandra filiformis subsp. filiformis,Wattle Mat-rush,Not Assessed,False,native,Grass,6,Jun,False,False
Lomandra filiformis subsp. filiformis,Wattle Mat-rush,Not Assessed,False,native,Grass,7,Jul,False,False
Lomandra filiformis subsp. filiformis,Wattle Mat-rush,Not Assessed,False,native,Grass,8,Aug,False,False
Lomandra filiformis subsp. filiformis,Wattle Mat-rush,Not Assessed,False,native,Grass,9,Sep,True,False
Lomandra filiformis subsp. filiformis,Wattle Mat-rush,Not Assessed,False,native,Grass,10,Oct,True,False
Lomandra filiformis subsp. filiformis,Wattle Mat-rush,Not Assessed,False,native,Grass,11,Nov,True,False
Lomandra filiformis subsp. filiformis,Wattle Mat-rush,Not Assessed,False,native,Grass,12,Dec,True,False
Lomandra longifolia,Spiny-headed Mat-rush | Karawun,Not Assessed,False,native,Herb,1,Jan,True,False
Lomandra longifolia,Spiny-headed Mat-rush | Karawun,Not Assessed,False,native,Herb,2,Feb,True,False
Lomandra longifolia,Spiny-headed Mat-rush | Karawun,Not Assessed,False,native,Herb,3,Mar,True,False
Lomandra longifolia,Spiny-headed Mat-rush | Karawun,Not Assessed,False,native,Herb,4,Apr,True,False
Lomandra longifolia,Spiny-headed Mat-rush | Karawun,Not Assessed,False,native,Herb,5,May,True,False
Lomandra longifolia,Spiny-headed Mat-rush | Karawun,Not Assessed,False,native,Herb,6,Jun,True,False
Lomandra longifolia,Spiny-headed Mat-rush | Karawun,Not Assessed,False,native,Herb,7,Jul,True,False
Lomandra longifolia,Spiny-headed Mat-rush | Karawun,Not Assessed,False,native,Herb,8,Aug,True,False
Lomandra longifolia,Spiny-headed Mat-rush | Karawun,Not Assessed,False,native,Herb,9,Sep,True,False
Lomandra longifolia,Spiny-headed Mat-rush | Karawun,Not Assessed,False,native,Herb,10,Oct,True,False
Lomandra longifolia,Spiny-headed Mat-rush | Karawun,Not Assessed,False,native,Herb,11,Nov,True,False
Lomandra longifolia,Spiny-headed Mat-rush | Karawun,Not Assessed,False,native,Herb,12,Dec,True,False
Lomandra longifolia subsp. longifolia,Spiny-headed Mat-rush,Not Assessed,False,native,Herb,1,Jan,True,False
Lomandra longifolia subsp. longifolia,Spiny-headed Mat-rush,Not Assessed,False,native,Herb,2,Feb,True,False
Lomandra longifolia subsp. longifolia,Spiny-headed Mat-rush,Not Assessed,False,native,Herb,3,Mar,True,False
Lomandra longifolia subsp. longifolia,Spiny-headed Mat-rush,Not Assessed,False,native,Herb,4,Apr,True,False
Lomandra longifolia subsp. longifolia,Spiny-headed Mat-rush,Not Assessed,False,native,Herb,5,May,True,False
Lomandra longifolia subsp. longifolia,Spiny-headed Mat-rush,Not Assessed,False,native,Herb,6,Jun,True,False
Lomandra longifolia subsp. longifolia,Spiny-headed Mat-rush,Not Assessed,False,native,Herb,7,Jul,True,False
Lomandra longifolia subsp. longifolia,Spiny-headed Mat-rush,Not Assessed,False,native,Herb,8,Aug,True,False
Lomandra longifolia subsp. longifolia,Spiny-headed Mat-rush,Not Assessed,False,native,Herb,9,Sep,True,False
Lomandra longifolia subsp. longifolia,Spiny-headed Mat-rush,Not Assessed,False,native,Herb,10,Oct,True,False
Lomandra longifolia subsp. longifolia,Spiny-headed Mat-rush,Not Assessed,False,native,Herb,11,Nov,True,False
Lomandra longifolia subsp. longifolia,Spiny-headed Mat-rush,Not Assessed,False,native,Herb,12,Dec,True,False
Lomandra multiflora,Lomandra,Not Assessed,False,native,Grass,1,Jan,True,False
Lomandra multiflora,Lomandra,Not Assessed,False,native,Grass,2,Feb,False,False
Lomandra multiflora,Lomandra,Not Assessed,False,native,Grass,3,Mar,False,False
Lomandra multiflora,Lomandra,Not Assessed,False,native,Grass,4,Apr,False,False
Lomandra multiflora,Lomandra,Not Assessed,False,native,Grass,5,May,True,False
Lomandra multiflora,Lomandra,Not Assessed,False,native,Grass,6,Jun,True,False
Lomandra multiflora,Lomandra,Not Assessed,False,native,Grass,7,Jul,True,False
Lomandra multiflora,Lomandra,Not Assessed,False,native,Grass,8,Aug,True,False
Lomandra multiflora,Lomandra,Not Assessed,False,native,Grass,9,Sep,True,False
Lomandra multiflora,Lomandra,Not Assessed,False,native,Grass,10,Oct,True,False
Lomandra multiflora,Lomandra,Not Assessed,False,native,Grass,11,Nov,True,False
Lomandra multiflora,Lomandra,Not Assessed,False,native,Grass,12,Dec,True,False
Lomandra multiflora subsp. multiflora,Many-flowered Mat-rush,Not Assessed,False,native,Grass,1,Jan,True,False
Lomandra multiflora subsp. multiflora,Many-flowered Mat-rush,Not Assessed,False,native,Grass,2,Feb,False,False
Lomandra multiflora subsp. multiflora,Many-flowered Mat-rush,Not Assessed,False,native,Grass,3,Mar,False,False
Lomandra multiflora subsp. multiflora,Many-flowered Mat-rush,Not Assessed,False,native,Grass,4,Apr,False,False
Lomandra multiflora subsp. multiflora,Many-flowered Mat-rush,Not Assessed,False,native,Grass,5,May,True,False
Lomandra multiflora subsp. multiflora,Many-flowered Mat-rush,Not Assessed,False,native,Grass,6,Jun,True,False
Lomandra multiflora subsp. multiflora,Many-flowered Mat-rush,Not Assessed,False,native,Grass,7,Jul,True,False
Lomandra multiflora subsp. multiflora,Many-flowered Mat-rush,Not Assessed,False,native,Grass,8,Aug,True,False
Lomandra multiflora subsp. multiflora,Many-flowered Mat-rush,Not Assessed,False,native,Grass,9,Sep,True,False
Lomandra multiflora subsp. multiflora,Many-flowered Mat-rush,Not Assessed,False,native,Grass,10,Oct,True,False
Lomandra multiflora subsp. multiflora,Many-flowered Mat-rush,Not Assessed,False,native,Grass,11,Nov,True,False
Lomandra multiflora subsp. multiflora,Many-flowered Mat-rush,Not Assessed,False,native,Grass,12,Dec,True,False
Lonicera japonica,Japanese Honeysuckle,Reconsider Planting,True,introduced,Climber,1,Jan,True,True
Lonicera japonica,Japanese Honeysuckle,Reconsider Planting,True,introduced,Climber,2,Feb,False,True
Lonicera japonica,Japanese Honeysuckle,Reconsider Planting,True,introduced,Climber,3,Mar,True,True
Lonicera japonica,Japanese Honeysuckle,Reconsider Planting,True,introduced,Climber,4,Apr,True,True
Lonicera japonica,Japanese Honeysuckle,Reconsider Planting,True,introduced,Climber,5,May,True,True
Lonicera japonica,Japanese Honeysuckle,Reconsider Planting,True,introduced,Climber,6,Jun,False,True
Lonicera japonica,Japanese Honeysuckle,Reconsider Planting,True,introduced,Climber,7,Jul,False,True
Lonicera japonica,Japanese Honeysuckle,Reconsider Planting,True,introduced,Climber,8,Aug,False,True
Lonicera japonica,Japanese Honeysuckle,Reconsider Planting,True,introduced,Climber,9,Sep,False,True
Lonicera japonica,Japanese Honeysuckle,Reconsider Planting,True,introduced,Climber,10,Oct,True,True
Lonicera japonica,Japanese Honeysuckle,Reconsider Planting,True,introduced,Climber,11,Nov,False,True
Lonicera japonica,Japanese Honeysuckle,Reconsider Planting,True,introduced,Climber,12,Dec,False,True
Lotus angustissimus,Slender Bird's-foot Trefoil,Use Caution,True,introduced,Herb,1,Jan,True,False
Lotus angustissimus,Slender Bird's-foot Trefoil,Use Caution,True,introduced,Herb,2,Feb,False,False
Lotus angustissimus,Slender Bird's-foot Trefoil,Use Caution,True,introduced,Herb,3,Mar,False,False
Lotus angustissimus,Slender Bird's-foot Trefoil,Use Caution,True,introduced,Herb,4,Apr,False,False
Lotus angustissimus,Slender Bird's-foot Trefoil,Use Caution,True,introduced,Herb,5,May,False,False
Lotus angustissimus,Slender Bird's-foot Trefoil,Use Caution,True,introduced,Herb,6,Jun,False,False
Lotus angustissimus,Slender Bird's-foot Trefoil,Use Caution,True,introduced,Herb,7,Jul,False,False
Lotus angustissimus,Slender Bird's-foot Trefoil,Use Caution,True,introduced,Herb,8,Aug,True,False
Lotus angustissimus,Slender Bird's-foot Trefoil,Use Caution,True,introduced,Herb,9,Sep,True,False
Lotus angustissimus,Slender Bird's-foot Trefoil,Use Caution,True,introduced,Herb,10,Oct,True,False
Lotus angustissimus,Slender Bird's-foot Trefoil,Use Caution,True,introduced,Herb,11,Nov,True,False
Lotus angustissimus,Slender Bird's-foot Trefoil,Use Caution,True,introduced,Herb,12,Dec,True,False
Lotus subbiflorus,Hairy Bird's-foot Trefoil,Reconsider Planting,True,introduced,Herb,1,Jan,True,False
Lotus subbiflorus,Hairy Bird's-foot Trefoil,Reconsider Planting,True,introduced,Herb,2,Feb,False,False
Lotus subbiflorus,Hairy Bird's-foot Trefoil,Reconsider Planting,True,introduced,Herb,3,Mar,False,False
Lotus subbiflorus,Hairy Bird's-foot Trefoil,Reconsider Planting,True,introduced,Herb,4,Apr,False,False
Lotus subbiflorus,Hairy Bird's-foot Trefoil,Reconsider Planting,True,introduced,Herb,5,May,False,False
Lotus subbiflorus,Hairy Bird's-foot Trefoil,Reconsider Planting,True,introduced,Herb,6,Jun,False,False
Lotus subbiflorus,Hairy Bird's-foot Trefoil,Reconsider Planting,True,introduced,Herb,7,Jul,False,False
Lotus subbiflorus,Hairy Bird's-foot Trefoil,Reconsider Planting,True,introduced,Herb,8,Aug,True,False
Lotus subbiflorus,Hairy Bird's-foot Trefoil,Reconsider Planting,True,introduced,Herb,9,Sep,True,False
Lotus subbiflorus,Hairy Bird's-foot Trefoil,Reconsider Planting,True,introduced,Herb,10,Oct,True,False
Lotus subbiflorus,Hairy Bird's-foot Trefoil,Reconsider Planting,True,introduced,Herb,11,Nov,True,False
Lotus subbiflorus,Hairy Bird's-foot Trefoil,Reconsider Planting,True,introduced,Herb,12,Dec,True,False
Lotus uliginosus,Greater Bird's-foot Trefoil,Reconsider Planting,True,introduced,Herb,1,Jan,False,False
Lotus uliginosus,Greater Bird's-foot Trefoil,Reconsider Planting,True,introduced,Herb,2,Feb,False,False
Lotus uliginosus,Greater Bird's-foot Trefoil,Reconsider Planting,True,introduced,Herb,3,Mar,False,False
Lotus uliginosus,Greater Bird's-foot Trefoil,Reconsider Planting,True,introduced,Herb,4,Apr,False,False
Lotus uliginosus,Greater Bird's-foot Trefoil,Reconsider Planting,True,introduced,Herb,5,May,False,False
Lotus uliginosus,Greater Bird's-foot Trefoil,Reconsider Planting,True,introduced,Herb,6,Jun,True,False
Lotus uliginosus,Greater Bird's-foot Trefoil,Reconsider Planting,True,introduced,Herb,7,Jul,True,False
Lotus uliginosus,Greater Bird's-foot Trefoil,Reconsider Planting,True,introduced,Herb,8,Aug,True,False
Lotus uliginosus,Greater Bird's-foot Trefoil,Reconsider Planting,True,introduced,Herb,9,Sep,True,False
Lotus uliginosus,Greater Bird's-foot Trefoil,Reconsider Planting,True,introduced,Herb,10,Oct,True,False
Lotus uliginosus,Greater Bird's-foot Trefoil,Reconsider Planting,True,introduced,Herb,11,Nov,True,False
Lotus uliginosus,Greater Bird's-foot Trefoil,Reconsider Planting,True,introduced,Herb,12,Dec,False,False
Luzula meridionalis,Common Woodrush,Not Assessed,False,native,Grass,1,Jan,True,False
Luzula meridionalis,Common Woodrush,Not Assessed,False,native,Grass,2,Feb,True,False
Luzula meridionalis,Common Woodrush,Not Assessed,False,native,Grass,3,Mar,False,False
Luzula meridionalis,Common Woodrush,Not Assessed,False,native,Grass,4,Apr,False,False
Luzula meridionalis,Common Woodrush,Not Assessed,False,native,Grass,5,May,False,False
Luzula meridionalis,Common Woodrush,Not Assessed,False,native,Grass,6,Jun,False,False
Luzula meridionalis,Common Woodrush,Not Assessed,False,native,Grass,7,Jul,False,False
Luzula meridionalis,Common Woodrush,Not Assessed,False,native,Grass,8,Aug,True,False
Luzula meridionalis,Common Woodrush,Not Assessed,False,native,Grass,9,Sep,True,False
Luzula meridionalis,Common Woodrush,Not Assessed,False,native,Grass,10,Oct,True,False
Luzula meridionalis,Common Woodrush,Not Assessed,False,native,Grass,11,Nov,True,False
Luzula meridionalis,Common Woodrush,Not Assessed,False,native,Grass,12,Dec,True,False
Luzula meridionalis var. densiflora,Common Woodrush,Not Assessed,False,native,Grass,1,Jan,True,False
Luzula meridionalis var. densiflora,Common Woodrush,Not Assessed,False,native,Grass,2,Feb,True,False
Luzula meridionalis var. densiflora,Common Woodrush,Not Assessed,False,native,Grass,3,Mar,False,False
Luzula meridionalis var. densiflora,Common Woodrush,Not Assessed,False,native,Grass,4,Apr,False,False
Luzula meridionalis var. densiflora,Common Woodrush,Not Assessed,False,native,Grass,5,May,False,False
Luzula meridionalis var. densiflora,Common Woodrush,Not Assessed,False,native,Grass,6,Jun,False,False
Luzula meridionalis var. densiflora,Common Woodrush,Not Assessed,False,native,Grass,7,Jul,False,False
Luzula meridionalis var. densiflora,Common Woodrush,Not Assessed,False,native,Grass,8,Aug,True,False
Luzula meridionalis var. densiflora,Common Woodrush,Not Assessed,False,native,Grass,9,Sep,True,False
Luzula meridionalis var. densiflora,Common Woodrush,Not Assessed,False,native,Grass,10,Oct,True,False
Luzula meridionalis var. densiflora,Common Woodrush,Not Assessed,False,native,Grass,11,Nov,True,False
Luzula meridionalis var. densiflora,Common Woodrush,Not Assessed,False,native,Grass,12,Dec,True,False
Lycopodiella lateralis,Slender Club-moss,Not Assessed,False,native,,1,Jan,,False
Lycopodiella lateralis,Slender Club-moss,Not Assessed,False,native,,2,Feb,,False
Lycopodiella lateralis,Slender Club-moss,Not Assessed,False,native,,3,Mar,,False
Lycopodiella lateralis,Slender Club-moss,Not Assessed,False,native,,4,Apr,,False
Lycopodiella lateralis,Slender Club-moss,Not Assessed,False,native,,5,May,,False
Lycopodiella lateralis,Slender Club-moss,Not Assessed,False,native,,6,Jun,,False
Lycopodiella lateralis,Slender Club-moss,Not Assessed,False,native,,7,Jul,,False
Lycopodiella lateralis,Slender Club-moss,Not Assessed,False,native,,8,Aug,,False
Lycopodiella lateralis,Slender Club-moss,Not Assessed,False,native,,9,Sep,,False
Lycopodiella lateralis,Slender Club-moss,Not Assessed,False,native,,10,Oct,,False
Lycopodiella lateralis,Slender Club-moss,Not Assessed,False,native,,11,Nov,,False
Lycopodiella lateralis,Slender Club-moss,Not Assessed,False,native,,12,Dec,,False
Lyperanthus suaveolens,Brown-beaks,Not Assessed,False,native,Herb,1,Jan,False,False
Lyperanthus suaveolens,Brown-beaks,Not Assessed,False,native,Herb,2,Feb,False,False
Lyperanthus suaveolens,Brown-beaks,Not Assessed,False,native,Herb,3,Mar,False,False
Lyperanthus suaveolens,Brown-beaks,Not Assessed,False,native,Herb,4,Apr,False,False
Lyperanthus suaveolens,Brown-beaks,Not Assessed,False,native,Herb,5,May,False,False
Lyperanthus suaveolens,Brown-beaks,Not Assessed,False,native,Herb,6,Jun,False,False
Lyperanthus suaveolens,Brown-beaks,Not Assessed,False,native,Herb,7,Jul,False,False
Lyperanthus suaveolens,Brown-beaks,Not Assessed,False,native,Herb,8,Aug,True,False
Lyperanthus suaveolens,Brown-beaks,Not Assessed,False,native,Herb,9,Sep,True,False
Lyperanthus suaveolens,Brown-beaks,Not Assessed,False,native,Herb,10,Oct,True,False
Lyperanthus suaveolens,Brown-beaks,Not Assessed,False,native,Herb,11,Nov,True,False
Lyperanthus suaveolens,Brown-beaks,Not Assessed,False,native,Herb,12,Dec,False,False
Lysimachia arvensis,Pimpernel,Use Caution,True,introduced,Herb,1,Jan,True,False
Lysimachia arvensis,Pimpernel,Use Caution,True,introduced,Herb,2,Feb,False,False
Lysimachia arvensis,Pimpernel,Use Caution,True,introduced,Herb,3,Mar,False,False
Lysimachia arvensis,Pimpernel,Use Caution,True,introduced,Herb,4,Apr,False,False
Lysimachia arvensis,Pimpernel,Use Caution,True,introduced,Herb,5,May,True,False
Lysimachia arvensis,Pimpernel,Use Caution,True,introduced,Herb,6,Jun,True,False
Lysimachia arvensis,Pimpernel,Use Caution,True,introduced,Herb,7,Jul,True,False
Lysimachia arvensis,Pimpernel,Use Caution,True,introduced,Herb,8,Aug,True,False
Lysimachia arvensis,Pimpernel,Use Caution,True,introduced,Herb,9,Sep,True,False
Lysimachia arvensis,Pimpernel,Use Caution,True,introduced,Herb,10,Oct,True,False
Lysimachia arvensis,Pimpernel,Use Caution,True,introduced,Herb,11,Nov,True,False
Lysimachia arvensis,Pimpernel,Use Caution,True,introduced,Herb,12,Dec,True,False
Lysimachia minima,Kause Chaffweed,Use Caution,True,introduced,Herb,1,Jan,,False
Lysimachia minima,Kause Chaffweed,Use Caution,True,introduced,Herb,2,Feb,,False
Lysimachia minima,Kause Chaffweed,Use Caution,True,introduced,Herb,3,Mar,,False
Lysimachia minima,Kause Chaffweed,Use Caution,True,introduced,Herb,4,Apr,,False
Lysimachia minima,Kause Chaffweed,Use Caution,True,introduced,Herb,5,May,,False
Lysimachia minima,Kause Chaffweed,Use Caution,True,introduced,Herb,6,Jun,,False
Lysimachia minima,Kause Chaffweed,Use Caution,True,introduced,Herb,7,Jul,,False
Lysimachia minima,Kause Chaffweed,Use Caution,True,introduced,Herb,8,Aug,,False
Lysimachia minima,Kause Chaffweed,Use Caution,True,introduced,Herb,9,Sep,,False
Lysimachia minima,Kause Chaffweed,Use Caution,True,introduced,Herb,10,Oct,,False
Lysimachia minima,Kause Chaffweed,Use Caution,True,introduced,Herb,11,Nov,,False
Lysimachia minima,Kause Chaffweed,Use Caution,True,introduced,Herb,12,Dec,,False
Lythrum hyssopifolia,Lesser Loosestrife | Small Loosestrife,Lower Concern,False,uncertain,Herb,1,Jan,True,False
Lythrum hyssopifolia,Lesser Loosestrife | Small Loosestrife,Lower Concern,False,uncertain,Herb,2,Feb,True,False
Lythrum hyssopifolia,Lesser Loosestrife | Small Loosestrife,Lower Concern,False,uncertain,Herb,3,Mar,True,False
Lythrum hyssopifolia,Lesser Loosestrife | Small Loosestrife,Lower Concern,False,uncertain,Herb,4,Apr,False,False
Lythrum hyssopifolia,Lesser Loosestrife | Small Loosestrife,Lower Concern,False,uncertain,Herb,5,May,False,False
Lythrum hyssopifolia,Lesser Loosestrife | Small Loosestrife,Lower Concern,False,uncertain,Herb,6,Jun,False,False
Lythrum hyssopifolia,Lesser Loosestrife | Small Loosestrife,Lower Concern,False,uncertain,Herb,7,Jul,False,False
Lythrum hyssopifolia,Lesser Loosestrife | Small Loosestrife,Lower Concern,False,uncertain,Herb,8,Aug,False,False
Lythrum hyssopifolia,Lesser Loosestrife | Small Loosestrife,Lower Concern,False,uncertain,Herb,9,Sep,True,False
Lythrum hyssopifolia,Lesser Loosestrife | Small Loosestrife,Lower Concern,False,uncertain,Herb,10,Oct,True,False
Lythrum hyssopifolia,Lesser Loosestrife | Small Loosestrife,Lower Concern,False,uncertain,Herb,11,Nov,True,False
Lythrum hyssopifolia,Lesser Loosestrife | Small Loosestrife,Lower Concern,False,uncertain,Herb,12,Dec,True,False
Lythrum junceum,Mediterranean Loosestrife,Use Caution,True,introduced,Herb,1,Jan,,False
Lythrum junceum,Mediterranean Loosestrife,Use Caution,True,introduced,Herb,2,Feb,,False
Lythrum junceum,Mediterranean Loosestrife,Use Caution,True,introduced,Herb,3,Mar,,False
Lythrum junceum,Mediterranean Loosestrife,Use Caution,True,introduced,Herb,4,Apr,,False
Lythrum junceum,Mediterranean Loosestrife,Use Caution,True,introduced,Herb,5,May,,False
Lythrum junceum,Mediterranean Loosestrife,Use Caution,True,introduced,Herb,6,Jun,,False
Lythrum junceum,Mediterranean Loosestrife,Use Caution,True,introduced,Herb,7,Jul,,False
Lythrum junceum,Mediterranean Loosestrife,Use Caution,True,introduced,Herb,8,Aug,,False
Lythrum junceum,Mediterranean Loosestrife,Use Caution,True,introduced,Herb,9,Sep,,False
Lythrum junceum,Mediterranean Loosestrife,Use Caution,True,introduced,Herb,10,Oct,,False
Lythrum junceum,Mediterranean Loosestrife,Use Caution,True,introduced,Herb,11,Nov,,False
Lythrum junceum,Mediterranean Loosestrife,Use Caution,True,introduced,Herb,12,Dec,,False
Lythrum salicaria,Purple Loosestrife,Lower Concern,False,uncertain,Herb,1,Jan,True,False
Lythrum salicaria,Purple Loosestrife,Lower Concern,False,uncertain,Herb,2,Feb,True,False
Lythrum salicaria,Purple Loosestrife,Lower Concern,False,uncertain,Herb,3,Mar,True,False
Lythrum salicaria,Purple Loosestrife,Lower Concern,False,uncertain,Herb,4,Apr,True,False
Lythrum salicaria,Purple Loosestrife,Lower Concern,False,uncertain,Herb,5,May,False,False
Lythrum salicaria,Purple Loosestrife,Lower Concern,False,uncertain,Herb,6,Jun,False,False
Lythrum salicaria,Purple Loosestrife,Lower Concern,False,uncertain,Herb,7,Jul,False,False
Lythrum salicaria,Purple Loosestrife,Lower Concern,False,uncertain,Herb,8,Aug,False,False
Lythrum salicaria,Purple Loosestrife,Lower Concern,False,uncertain,Herb,9,Sep,True,False
Lythrum salicaria,Purple Loosestrife,Lower Concern,False,uncertain,Herb,10,Oct,True,False
Lythrum salicaria,Purple Loosestrife,Lower Concern,False,uncertain,Herb,11,Nov,True,False
Lythrum salicaria,Purple Loosestrife,Lower Concern,False,uncertain,Herb,12,Dec,True,False
Machaerina acuta,Pale Twig-rush,Not Assessed,False,native,Grass,1,Jan,True,False
Machaerina acuta,Pale Twig-rush,Not Assessed,False,native,Grass,2,Feb,True,False
Machaerina acuta,Pale Twig-rush,Not Assessed,False,native,Grass,3,Mar,False,False
Machaerina acuta,Pale Twig-rush,Not Assessed,False,native,Grass,4,Apr,False,False
Machaerina acuta,Pale Twig-rush,Not Assessed,False,native,Grass,5,May,False,False
Machaerina acuta,Pale Twig-rush,Not Assessed,False,native,Grass,6,Jun,False,False
Machaerina acuta,Pale Twig-rush,Not Assessed,False,native,Grass,7,Jul,False,False
Machaerina acuta,Pale Twig-rush,Not Assessed,False,native,Grass,8,Aug,False,False
Machaerina acuta,Pale Twig-rush,Not Assessed,False,native,Grass,9,Sep,True,False
Machaerina acuta,Pale Twig-rush,Not Assessed,False,native,Grass,10,Oct,True,False
Machaerina acuta,Pale Twig-rush,Not Assessed,False,native,Grass,11,Nov,True,False
Machaerina acuta,Pale Twig-rush,Not Assessed,False,native,Grass,12,Dec,True,False
Machaerina articulata,Jointed Twig-rush,Not Assessed,False,native,Grass,1,Jan,,False
Machaerina articulata,Jointed Twig-rush,Not Assessed,False,native,Grass,2,Feb,,False
Machaerina articulata,Jointed Twig-rush,Not Assessed,False,native,Grass,3,Mar,,False
Machaerina articulata,Jointed Twig-rush,Not Assessed,False,native,Grass,4,Apr,,False
Machaerina articulata,Jointed Twig-rush,Not Assessed,False,native,Grass,5,May,,False
Machaerina articulata,Jointed Twig-rush,Not Assessed,False,native,Grass,6,Jun,,False
Machaerina articulata,Jointed Twig-rush,Not Assessed,False,native,Grass,7,Jul,,False
Machaerina articulata,Jointed Twig-rush,Not Assessed,False,native,Grass,8,Aug,,False
Machaerina articulata,Jointed Twig-rush,Not Assessed,False,native,Grass,9,Sep,,False
Machaerina articulata,Jointed Twig-rush,Not Assessed,False,native,Grass,10,Oct,,False
Machaerina articulata,Jointed Twig-rush,Not Assessed,False,native,Grass,11,Nov,,False
Machaerina articulata,Jointed Twig-rush,Not Assessed,False,native,Grass,12,Dec,,False
Machaerina juncea,,Not Assessed,False,native,Grass,1,Jan,True,False
Machaerina juncea,,Not Assessed,False,native,Grass,2,Feb,True,False
Machaerina juncea,,Not Assessed,False,native,Grass,3,Mar,True,False
Machaerina juncea,,Not Assessed,False,native,Grass,4,Apr,True,False
Machaerina juncea,,Not Assessed,False,native,Grass,5,May,False,False
Machaerina juncea,,Not Assessed,False,native,Grass,6,Jun,False,False
Machaerina juncea,,Not Assessed,False,native,Grass,7,Jul,False,False
Machaerina juncea,,Not Assessed,False,native,Grass,8,Aug,True,False
Machaerina juncea,,Not Assessed,False,native,Grass,9,Sep,True,False
Machaerina juncea,,Not Assessed,False,native,Grass,10,Oct,True,False
Machaerina juncea,,Not Assessed,False,native,Grass,11,Nov,True,False
Machaerina juncea,,Not Assessed,False,native,Grass,12,Dec,True,False
Machaerina rubiginosa,Soft Twig-rush,Not Assessed,False,native,Grass,1,Jan,True,False
Machaerina rubiginosa,Soft Twig-rush,Not Assessed,False,native,Grass,2,Feb,True,False
Machaerina rubiginosa,Soft Twig-rush,Not Assessed,False,native,Grass,3,Mar,True,False
Machaerina rubiginosa,Soft Twig-rush,Not Assessed,False,native,Grass,4,Apr,False,False
Machaerina rubiginosa,Soft Twig-rush,Not Assessed,False,native,Grass,5,May,False,False
Machaerina rubiginosa,Soft Twig-rush,Not Assessed,False,native,Grass,6,Jun,False,False
Machaerina rubiginosa,Soft Twig-rush,Not Assessed,False,native,Grass,7,Jul,False,False
Machaerina rubiginosa,Soft Twig-rush,Not Assessed,False,native,Grass,8,Aug,True,False
Machaerina rubiginosa,Soft Twig-rush,Not Assessed,False,native,Grass,9,Sep,True,False
Machaerina rubiginosa,Soft Twig-rush,Not Assessed,False,native,Grass,10,Oct,True,False
Machaerina rubiginosa,Soft Twig-rush,Not Assessed,False,native,Grass,11,Nov,True,False
Machaerina rubiginosa,Soft Twig-rush,Not Assessed,False,native,Grass,12,Dec,True,False
Malva nicaeensis,Mallow of Nice,Reconsider Planting,True,introduced,Herb,1,Jan,False,False
Malva nicaeensis,Mallow of Nice,Reconsider Planting,True,introduced,Herb,2,Feb,False,False
Malva nicaeensis,Mallow of Nice,Reconsider Planting,True,introduced,Herb,3,Mar,False,False
Malva nicaeensis,Mallow of Nice,Reconsider Planting,True,introduced,Herb,4,Apr,False,False
Malva nicaeensis,Mallow of Nice,Reconsider Planting,True,introduced,Herb,5,May,False,False
Malva nicaeensis,Mallow of Nice,Reconsider Planting,True,introduced,Herb,6,Jun,False,False
Malva nicaeensis,Mallow of Nice,Reconsider Planting,True,introduced,Herb,7,Jul,False,False
Malva nicaeensis,Mallow of Nice,Reconsider Planting,True,introduced,Herb,8,Aug,False,False
Malva nicaeensis,Mallow of Nice,Reconsider Planting,True,introduced,Herb,9,Sep,False,False
Malva nicaeensis,Mallow of Nice,Reconsider Planting,True,introduced,Herb,10,Oct,True,False
Malva nicaeensis,Mallow of Nice,Reconsider Planting,True,introduced,Herb,11,Nov,True,False
Malva nicaeensis,Mallow of Nice,Reconsider Planting,True,introduced,Herb,12,Dec,False,False
Malva parviflora,Small-flowered Mallow,Reconsider Planting,True,introduced,Herb,1,Jan,True,False
Malva parviflora,Small-flowered Mallow,Reconsider Planting,True,introduced,Herb,2,Feb,False,False
Malva parviflora,Small-flowered Mallow,Reconsider Planting,True,introduced,Herb,3,Mar,False,False
Malva parviflora,Small-flowered Mallow,Reconsider Planting,True,introduced,Herb,4,Apr,False,False
Malva parviflora,Small-flowered Mallow,Reconsider Planting,True,introduced,Herb,5,May,False,False
Malva parviflora,Small-flowered Mallow,Reconsider Planting,True,introduced,Herb,6,Jun,False,False
Malva parviflora,Small-flowered Mallow,Reconsider Planting,True,introduced,Herb,7,Jul,False,False
Malva parviflora,Small-flowered Mallow,Reconsider Planting,True,introduced,Herb,8,Aug,False,False
Malva parviflora,Small-flowered Mallow,Reconsider Planting,True,introduced,Herb,9,Sep,True,False
Malva parviflora,Small-flowered Mallow,Reconsider Planting,True,introduced,Herb,10,Oct,False,False
Malva parviflora,Small-flowered Mallow,Reconsider Planting,True,introduced,Herb,11,Nov,False,False
Malva parviflora,Small-flowered Mallow,Reconsider Planting,True,introduced,Herb,12,Dec,False,False
Marrubium vulgare,Horehound,Reconsider Planting,True,introduced,Herb,1,Jan,True,False
Marrubium vulgare,Horehound,Reconsider Planting,True,introduced,Herb,2,Feb,True,False
Marrubium vulgare,Horehound,Reconsider Planting,True,introduced,Herb,3,Mar,True,False
Marrubium vulgare,Horehound,Reconsider Planting,True,introduced,Herb,4,Apr,True,False
Marrubium vulgare,Horehound,Reconsider Planting,True,introduced,Herb,5,May,True,False
Marrubium vulgare,Horehound,Reconsider Planting,True,introduced,Herb,6,Jun,True,False
Marrubium vulgare,Horehound,Reconsider Planting,True,introduced,Herb,7,Jul,True,False
Marrubium vulgare,Horehound,Reconsider Planting,True,introduced,Herb,8,Aug,True,False
Marrubium vulgare,Horehound,Reconsider Planting,True,introduced,Herb,9,Sep,True,False
Marrubium vulgare,Horehound,Reconsider Planting,True,introduced,Herb,10,Oct,True,False
Marrubium vulgare,Horehound,Reconsider Planting,True,introduced,Herb,11,Nov,True,False
Marrubium vulgare,Horehound,Reconsider Planting,True,introduced,Herb,12,Dec,True,False
Marsilea mutica,Smooth Nardoo,Not Assessed,False,uncertain,Fern,1,Jan,,False
Marsilea mutica,Smooth Nardoo,Not Assessed,False,uncertain,Fern,2,Feb,,False
Marsilea mutica,Smooth Nardoo,Not Assessed,False,uncertain,Fern,3,Mar,,False
Marsilea mutica,Smooth Nardoo,Not Assessed,False,uncertain,Fern,4,Apr,,False
Marsilea mutica,Smooth Nardoo,Not Assessed,False,uncertain,Fern,5,May,,False
Marsilea mutica,Smooth Nardoo,Not Assessed,False,uncertain,Fern,6,Jun,,False
Marsilea mutica,Smooth Nardoo,Not Assessed,False,uncertain,Fern,7,Jul,,False
Marsilea mutica,Smooth Nardoo,Not Assessed,False,uncertain,Fern,8,Aug,,False
Marsilea mutica,Smooth Nardoo,Not Assessed,False,uncertain,Fern,9,Sep,,False
Marsilea mutica,Smooth Nardoo,Not Assessed,False,uncertain,Fern,10,Oct,,False
Marsilea mutica,Smooth Nardoo,Not Assessed,False,uncertain,Fern,11,Nov,,False
Marsilea mutica,Smooth Nardoo,Not Assessed,False,uncertain,Fern,12,Dec,,False
Matthiola incana,Stock | Gilliflower,Use Caution,True,introduced,Herb,1,Jan,,False
Matthiola incana,Stock | Gilliflower,Use Caution,True,introduced,Herb,2,Feb,,False
Matthiola incana,Stock | Gilliflower,Use Caution,True,introduced,Herb,3,Mar,,False
Matthiola incana,Stock | Gilliflower,Use Caution,True,introduced,Herb,4,Apr,,False
Matthiola incana,Stock | Gilliflower,Use Caution,True,introduced,Herb,5,May,,False
Matthiola incana,Stock | Gilliflower,Use Caution,True,introduced,Herb,6,Jun,,False
Matthiola incana,Stock | Gilliflower,Use Caution,True,introduced,Herb,7,Jul,,False
Matthiola incana,Stock | Gilliflower,Use Caution,True,introduced,Herb,8,Aug,,False
Matthiola incana,Stock | Gilliflower,Use Caution,True,introduced,Herb,9,Sep,,False
Matthiola incana,Stock | Gilliflower,Use Caution,True,introduced,Herb,10,Oct,,False
Matthiola incana,Stock | Gilliflower,Use Caution,True,introduced,Herb,11,Nov,,False
Matthiola incana,Stock | Gilliflower,Use Caution,True,introduced,Herb,12,Dec,,False
Medicago arabica,Spotted Medic,Reconsider Planting,True,introduced,Herb,1,Jan,,False
Medicago arabica,Spotted Medic,Reconsider Planting,True,introduced,Herb,2,Feb,,False
Medicago arabica,Spotted Medic,Reconsider Planting,True,introduced,Herb,3,Mar,,False
Medicago arabica,Spotted Medic,Reconsider Planting,True,introduced,Herb,4,Apr,,False
Medicago arabica,Spotted Medic,Reconsider Planting,True,introduced,Herb,5,May,,False
Medicago arabica,Spotted Medic,Reconsider Planting,True,introduced,Herb,6,Jun,,False
Medicago arabica,Spotted Medic,Reconsider Planting,True,introduced,Herb,7,Jul,,False
Medicago arabica,Spotted Medic,Reconsider Planting,True,introduced,Herb,8,Aug,,False
Medicago arabica,Spotted Medic,Reconsider Planting,True,introduced,Herb,9,Sep,,False
Medicago arabica,Spotted Medic,Reconsider Planting,True,introduced,Herb,10,Oct,,False
Medicago arabica,Spotted Medic,Reconsider Planting,True,introduced,Herb,11,Nov,,False
Medicago arabica,Spotted Medic,Reconsider Planting,True,introduced,Herb,12,Dec,,False
Medicago polymorpha,Burr Medic,Use Caution,True,introduced,Herb,1,Jan,True,False
Medicago polymorpha,Burr Medic,Use Caution,True,introduced,Herb,2,Feb,True,False
Medicago polymorpha,Burr Medic,Use Caution,True,introduced,Herb,3,Mar,True,False
Medicago polymorpha,Burr Medic,Use Caution,True,introduced,Herb,4,Apr,True,False
Medicago polymorpha,Burr Medic,Use Caution,True,introduced,Herb,5,May,True,False
Medicago polymorpha,Burr Medic,Use Caution,True,introduced,Herb,6,Jun,True,False
Medicago polymorpha,Burr Medic,Use Caution,True,introduced,Herb,7,Jul,True,False
Medicago polymorpha,Burr Medic,Use Caution,True,introduced,Herb,8,Aug,True,False
Medicago polymorpha,Burr Medic,Use Caution,True,introduced,Herb,9,Sep,True,False
Medicago polymorpha,Burr Medic,Use Caution,True,introduced,Herb,10,Oct,True,False
Medicago polymorpha,Burr Medic,Use Caution,True,introduced,Herb,11,Nov,True,False
Medicago polymorpha,Burr Medic,Use Caution,True,introduced,Herb,12,Dec,True,False
Melaleuca armillaris,Giant Honey Myrtle,Use Caution,True,native,Shrub,1,Jan,True,False
Melaleuca armillaris,Giant Honey Myrtle,Use Caution,True,native,Shrub,2,Feb,True,False
Melaleuca armillaris,Giant Honey Myrtle,Use Caution,True,native,Shrub,3,Mar,False,False
Melaleuca armillaris,Giant Honey Myrtle,Use Caution,True,native,Shrub,4,Apr,False,False
Melaleuca armillaris,Giant Honey Myrtle,Use Caution,True,native,Shrub,5,May,False,False
Melaleuca armillaris,Giant Honey Myrtle,Use Caution,True,native,Shrub,6,Jun,False,False
Melaleuca armillaris,Giant Honey Myrtle,Use Caution,True,native,Shrub,7,Jul,False,False
Melaleuca armillaris,Giant Honey Myrtle,Use Caution,True,native,Shrub,8,Aug,False,False
Melaleuca armillaris,Giant Honey Myrtle,Use Caution,True,native,Shrub,9,Sep,True,False
Melaleuca armillaris,Giant Honey Myrtle,Use Caution,True,native,Shrub,10,Oct,True,False
Melaleuca armillaris,Giant Honey Myrtle,Use Caution,True,native,Shrub,11,Nov,True,False
Melaleuca armillaris,Giant Honey Myrtle,Use Caution,True,native,Shrub,12,Dec,True,False
Melaleuca armillaris subsp. armillaris,Giant Honey-myrtle,Use Caution,True,native,Shrub,1,Jan,True,False
Melaleuca armillaris subsp. armillaris,Giant Honey-myrtle,Use Caution,True,native,Shrub,2,Feb,True,False
Melaleuca armillaris subsp. armillaris,Giant Honey-myrtle,Use Caution,True,native,Shrub,3,Mar,False,False
Melaleuca armillaris subsp. armillaris,Giant Honey-myrtle,Use Caution,True,native,Shrub,4,Apr,False,False
Melaleuca armillaris subsp. armillaris,Giant Honey-myrtle,Use Caution,True,native,Shrub,5,May,False,False
Melaleuca armillaris subsp. armillaris,Giant Honey-myrtle,Use Caution,True,native,Shrub,6,Jun,False,False
Melaleuca armillaris subsp. armillaris,Giant Honey-myrtle,Use Caution,True,native,Shrub,7,Jul,False,False
Melaleuca armillaris subsp. armillaris,Giant Honey-myrtle,Use Caution,True,native,Shrub,8,Aug,False,False
Melaleuca armillaris subsp. armillaris,Giant Honey-myrtle,Use Caution,True,native,Shrub,9,Sep,True,False
Melaleuca armillaris subsp. armillaris,Giant Honey-myrtle,Use Caution,True,native,Shrub,10,Oct,True,False
Melaleuca armillaris subsp. armillaris,Giant Honey-myrtle,Use Caution,True,native,Shrub,11,Nov,True,False
Melaleuca armillaris subsp. armillaris,Giant Honey-myrtle,Use Caution,True,native,Shrub,12,Dec,True,False
Melaleuca ericifolia,Swamp Paperbark,Not Assessed,False,native,Shrub,1,Jan,True,False
Melaleuca ericifolia,Swamp Paperbark,Not Assessed,False,native,Shrub,2,Feb,True,False
Melaleuca ericifolia,Swamp Paperbark,Not Assessed,False,native,Shrub,3,Mar,False,False
Melaleuca ericifolia,Swamp Paperbark,Not Assessed,False,native,Shrub,4,Apr,False,False
Melaleuca ericifolia,Swamp Paperbark,Not Assessed,False,native,Shrub,5,May,False,False
Melaleuca ericifolia,Swamp Paperbark,Not Assessed,False,native,Shrub,6,Jun,False,False
Melaleuca ericifolia,Swamp Paperbark,Not Assessed,False,native,Shrub,7,Jul,False,False
Melaleuca ericifolia,Swamp Paperbark,Not Assessed,False,native,Shrub,8,Aug,False,False
Melaleuca ericifolia,Swamp Paperbark,Not Assessed,False,native,Shrub,9,Sep,True,False
Melaleuca ericifolia,Swamp Paperbark,Not Assessed,False,native,Shrub,10,Oct,True,False
Melaleuca ericifolia,Swamp Paperbark,Not Assessed,False,native,Shrub,11,Nov,True,False
Melaleuca ericifolia,Swamp Paperbark,Not Assessed,False,native,Shrub,12,Dec,True,False
Melaleuca lanceolata,Dryland Tea-tree,Not Assessed,False,native,Tree,1,Jan,True,False
Melaleuca lanceolata,Dryland Tea-tree,Not Assessed,False,native,Tree,2,Feb,True,False
Melaleuca lanceolata,Dryland Tea-tree,Not Assessed,False,native,Tree,3,Mar,True,False
Melaleuca lanceolata,Dryland Tea-tree,Not Assessed,False,native,Tree,4,Apr,True,False
Melaleuca lanceolata,Dryland Tea-tree,Not Assessed,False,native,Tree,5,May,True,False
Melaleuca lanceolata,Dryland Tea-tree,Not Assessed,False,native,Tree,6,Jun,True,False
Melaleuca lanceolata,Dryland Tea-tree,Not Assessed,False,native,Tree,7,Jul,True,False
Melaleuca lanceolata,Dryland Tea-tree,Not Assessed,False,native,Tree,8,Aug,True,False
Melaleuca lanceolata,Dryland Tea-tree,Not Assessed,False,native,Tree,9,Sep,True,False
Melaleuca lanceolata,Dryland Tea-tree,Not Assessed,False,native,Tree,10,Oct,True,False
Melaleuca lanceolata,Dryland Tea-tree,Not Assessed,False,native,Tree,11,Nov,True,False
Melaleuca lanceolata,Dryland Tea-tree,Not Assessed,False,native,Tree,12,Dec,True,False
Melaleuca squarrosa,Scented Paperbark,Not Assessed,False,native,Shrub,1,Jan,True,False
Melaleuca squarrosa,Scented Paperbark,Not Assessed,False,native,Shrub,2,Feb,True,False
Melaleuca squarrosa,Scented Paperbark,Not Assessed,False,native,Shrub,3,Mar,False,False
Melaleuca squarrosa,Scented Paperbark,Not Assessed,False,native,Shrub,4,Apr,False,False
Melaleuca squarrosa,Scented Paperbark,Not Assessed,False,native,Shrub,5,May,False,False
Melaleuca squarrosa,Scented Paperbark,Not Assessed,False,native,Shrub,6,Jun,False,False
Melaleuca squarrosa,Scented Paperbark,Not Assessed,False,native,Shrub,7,Jul,False,False
Melaleuca squarrosa,Scented Paperbark,Not Assessed,False,native,Shrub,8,Aug,False,False
Melaleuca squarrosa,Scented Paperbark,Not Assessed,False,native,Shrub,9,Sep,False,False
Melaleuca squarrosa,Scented Paperbark,Not Assessed,False,native,Shrub,10,Oct,False,False
Melaleuca squarrosa,Scented Paperbark,Not Assessed,False,native,Shrub,11,Nov,True,False
Melaleuca squarrosa,Scented Paperbark,Not Assessed,False,native,Shrub,12,Dec,True,False
Melia azedarach,White Cedar,Use Caution,True,introduced,Tree,1,Jan,False,False
Melia azedarach,White Cedar,Use Caution,True,introduced,Tree,2,Feb,False,False
Melia azedarach,White Cedar,Use Caution,True,introduced,Tree,3,Mar,False,False
Melia azedarach,White Cedar,Use Caution,True,introduced,Tree,4,Apr,True,False
Melia azedarach,White Cedar,Use Caution,True,introduced,Tree,5,May,False,False
Melia azedarach,White Cedar,Use Caution,True,introduced,Tree,6,Jun,False,False
Melia azedarach,White Cedar,Use Caution,True,introduced,Tree,7,Jul,False,False
Melia azedarach,White Cedar,Use Caution,True,introduced,Tree,8,Aug,True,False
Melia azedarach,White Cedar,Use Caution,True,introduced,Tree,9,Sep,True,False
Melia azedarach,White Cedar,Use Caution,True,introduced,Tree,10,Oct,True,False
Melia azedarach,White Cedar,Use Caution,True,introduced,Tree,11,Nov,True,False
Melia azedarach,White Cedar,Use Caution,True,introduced,Tree,12,Dec,True,False
Melicytus dentatus,Narrow-leaf Tree-violet,Not Assessed,False,native,Shrub,1,Jan,True,False
Melicytus dentatus,Narrow-leaf Tree-violet,Not Assessed,False,native,Shrub,2,Feb,True,False
Melicytus dentatus,Narrow-leaf Tree-violet,Not Assessed,False,native,Shrub,3,Mar,True,False
Melicytus dentatus,Narrow-leaf Tree-violet,Not Assessed,False,native,Shrub,4,Apr,False,False
Melicytus dentatus,Narrow-leaf Tree-violet,Not Assessed,False,native,Shrub,5,May,False,False
Melicytus dentatus,Narrow-leaf Tree-violet,Not Assessed,False,native,Shrub,6,Jun,False,False
Melicytus dentatus,Narrow-leaf Tree-violet,Not Assessed,False,native,Shrub,7,Jul,True,False
Melicytus dentatus,Narrow-leaf Tree-violet,Not Assessed,False,native,Shrub,8,Aug,True,False
Melicytus dentatus,Narrow-leaf Tree-violet,Not Assessed,False,native,Shrub,9,Sep,True,False
Melicytus dentatus,Narrow-leaf Tree-violet,Not Assessed,False,native,Shrub,10,Oct,True,False
Melicytus dentatus,Narrow-leaf Tree-violet,Not Assessed,False,native,Shrub,11,Nov,True,False
Melicytus dentatus,Narrow-leaf Tree-violet,Not Assessed,False,native,Shrub,12,Dec,True,False
Mentha australis,River Mint,Not Assessed,False,native,Herb,1,Jan,True,False
Mentha australis,River Mint,Not Assessed,False,native,Herb,2,Feb,True,False
Mentha australis,River Mint,Not Assessed,False,native,Herb,3,Mar,True,False
Mentha australis,River Mint,Not Assessed,False,native,Herb,4,Apr,False,False
Mentha australis,River Mint,Not Assessed,False,native,Herb,5,May,False,False
Mentha australis,River Mint,Not Assessed,False,native,Herb,6,Jun,False,False
Mentha australis,River Mint,Not Assessed,False,native,Herb,7,Jul,False,False
Mentha australis,River Mint,Not Assessed,False,native,Herb,8,Aug,False,False
Mentha australis,River Mint,Not Assessed,False,native,Herb,9,Sep,True,False
Mentha australis,River Mint,Not Assessed,False,native,Herb,10,Oct,True,False
Mentha australis,River Mint,Not Assessed,False,native,Herb,11,Nov,True,False
Mentha australis,River Mint,Not Assessed,False,native,Herb,12,Dec,True,False
Mentha pulegium,Pennyroyal,Reconsider Planting,True,introduced,Herb,1,Jan,True,False
Mentha pulegium,Pennyroyal,Reconsider Planting,True,introduced,Herb,2,Feb,True,False
Mentha pulegium,Pennyroyal,Reconsider Planting,True,introduced,Herb,3,Mar,True,False
Mentha pulegium,Pennyroyal,Reconsider Planting,True,introduced,Herb,4,Apr,True,False
Mentha pulegium,Pennyroyal,Reconsider Planting,True,introduced,Herb,5,May,False,False
Mentha pulegium,Pennyroyal,Reconsider Planting,True,introduced,Herb,6,Jun,False,False
Mentha pulegium,Pennyroyal,Reconsider Planting,True,introduced,Herb,7,Jul,False,False
Mentha pulegium,Pennyroyal,Reconsider Planting,True,introduced,Herb,8,Aug,False,False
Mentha pulegium,Pennyroyal,Reconsider Planting,True,introduced,Herb,9,Sep,False,False
Mentha pulegium,Pennyroyal,Reconsider Planting,True,introduced,Herb,10,Oct,False,False
Mentha pulegium,Pennyroyal,Reconsider Planting,True,introduced,Herb,11,Nov,False,False
Mentha pulegium,Pennyroyal,Reconsider Planting,True,introduced,Herb,12,Dec,False,False
Mentha ×rotundifolia,Apple Mint,Not Assessed,False,introduced,,1,Jan,,False
Mentha ×rotundifolia,Apple Mint,Not Assessed,False,introduced,,2,Feb,,False
Mentha ×rotundifolia,Apple Mint,Not Assessed,False,introduced,,3,Mar,,False
Mentha ×rotundifolia,Apple Mint,Not Assessed,False,introduced,,4,Apr,,False
Mentha ×rotundifolia,Apple Mint,Not Assessed,False,introduced,,5,May,,False
Mentha ×rotundifolia,Apple Mint,Not Assessed,False,introduced,,6,Jun,,False
Mentha ×rotundifolia,Apple Mint,Not Assessed,False,introduced,,7,Jul,,False
Mentha ×rotundifolia,Apple Mint,Not Assessed,False,introduced,,8,Aug,,False
Mentha ×rotundifolia,Apple Mint,Not Assessed,False,introduced,,9,Sep,,False
Mentha ×rotundifolia,Apple Mint,Not Assessed,False,introduced,,10,Oct,,False
Mentha ×rotundifolia,Apple Mint,Not Assessed,False,introduced,,11,Nov,,False
Mentha ×rotundifolia,Apple Mint,Not Assessed,False,introduced,,12,Dec,,False
Microlaena stipoides,Weeping Grass,Not Assessed,False,native,Grass,1,Jan,True,False
Microlaena stipoides,Weeping Grass,Not Assessed,False,native,Grass,2,Feb,True,False
Microlaena stipoides,Weeping Grass,Not Assessed,False,native,Grass,3,Mar,True,False
Microlaena stipoides,Weeping Grass,Not Assessed,False,native,Grass,4,Apr,True,False
Microlaena stipoides,Weeping Grass,Not Assessed,False,native,Grass,5,May,True,False
Microlaena stipoides,Weeping Grass,Not Assessed,False,native,Grass,6,Jun,True,False
Microlaena stipoides,Weeping Grass,Not Assessed,False,native,Grass,7,Jul,True,False
Microlaena stipoides,Weeping Grass,Not Assessed,False,native,Grass,8,Aug,True,False
Microlaena stipoides,Weeping Grass,Not Assessed,False,native,Grass,9,Sep,True,False
Microlaena stipoides,Weeping Grass,Not Assessed,False,native,Grass,10,Oct,True,False
Microlaena stipoides,Weeping Grass,Not Assessed,False,native,Grass,11,Nov,True,False
Microlaena stipoides,Weeping Grass,Not Assessed,False,native,Grass,12,Dec,True,False
Microlaena stipoides var. stipoides,Weeping grass,Not Assessed,False,native,Grass,1,Jan,True,False
Microlaena stipoides var. stipoides,Weeping grass,Not Assessed,False,native,Grass,2,Feb,True,False
Microlaena stipoides var. stipoides,Weeping grass,Not Assessed,False,native,Grass,3,Mar,True,False
Microlaena stipoides var. stipoides,Weeping grass,Not Assessed,False,native,Grass,4,Apr,True,False
Microlaena stipoides var. stipoides,Weeping grass,Not Assessed,False,native,Grass,5,May,True,False
Microlaena stipoides var. stipoides,Weeping grass,Not Assessed,False,native,Grass,6,Jun,True,False
Microlaena stipoides var. stipoides,Weeping grass,Not Assessed,False,native,Grass,7,Jul,True,False
Microlaena stipoides var. stipoides,Weeping grass,Not Assessed,False,native,Grass,8,Aug,True,False
Microlaena stipoides var. stipoides,Weeping grass,Not Assessed,False,native,Grass,9,Sep,True,False
Microlaena stipoides var. stipoides,Weeping grass,Not Assessed,False,native,Grass,10,Oct,True,False
Microlaena stipoides var. stipoides,Weeping grass,Not Assessed,False,native,Grass,11,Nov,True,False
Microlaena stipoides var. stipoides,Weeping grass,Not Assessed,False,native,Grass,12,Dec,True,False
Microseris scapigera,Yam Daisy,Not Assessed,False,native,Herb,1,Jan,True,False
Microseris scapigera,Yam Daisy,Not Assessed,False,native,Herb,2,Feb,True,False
Microseris scapigera,Yam Daisy,Not Assessed,False,native,Herb,3,Mar,False,False
Microseris scapigera,Yam Daisy,Not Assessed,False,native,Herb,4,Apr,False,False
Microseris scapigera,Yam Daisy,Not Assessed,False,native,Herb,5,May,False,False
Microseris scapigera,Yam Daisy,Not Assessed,False,native,Herb,6,Jun,False,False
Microseris scapigera,Yam Daisy,Not Assessed,False,native,Herb,7,Jul,True,False
Microseris scapigera,Yam Daisy,Not Assessed,False,native,Herb,8,Aug,True,False
Microseris scapigera,Yam Daisy,Not Assessed,False,native,Herb,9,Sep,True,False
Microseris scapigera,Yam Daisy,Not Assessed,False,native,Herb,10,Oct,True,False
Microseris scapigera,Yam Daisy,Not Assessed,False,native,Herb,11,Nov,True,False
Microseris scapigera,Yam Daisy,Not Assessed,False,native,Herb,12,Dec,True,False
Microtis atrata,Yellow Onion-orchid | Swamp Onion-orchid,Not Assessed,False,native,Herb,1,Jan,False,False
Microtis atrata,Yellow Onion-orchid | Swamp Onion-orchid,Not Assessed,False,native,Herb,2,Feb,False,False
Microtis atrata,Yellow Onion-orchid | Swamp Onion-orchid,Not Assessed,False,native,Herb,3,Mar,False,False
Microtis atrata,Yellow Onion-orchid | Swamp Onion-orchid,Not Assessed,False,native,Herb,4,Apr,False,False
Microtis atrata,Yellow Onion-orchid | Swamp Onion-orchid,Not Assessed,False,native,Herb,5,May,False,False
Microtis atrata,Yellow Onion-orchid | Swamp Onion-orchid,Not Assessed,False,native,Herb,6,Jun,False,False
Microtis atrata,Yellow Onion-orchid | Swamp Onion-orchid,Not Assessed,False,native,Herb,7,Jul,False,False
Microtis atrata,Yellow Onion-orchid | Swamp Onion-orchid,Not Assessed,False,native,Herb,8,Aug,False,False
Microtis atrata,Yellow Onion-orchid | Swamp Onion-orchid,Not Assessed,False,native,Herb,9,Sep,True,False
Microtis atrata,Yellow Onion-orchid | Swamp Onion-orchid,Not Assessed,False,native,Herb,10,Oct,True,False
Microtis atrata,Yellow Onion-orchid | Swamp Onion-orchid,Not Assessed,False,native,Herb,11,Nov,True,False
Microtis atrata,Yellow Onion-orchid | Swamp Onion-orchid,Not Assessed,False,native,Herb,12,Dec,True,False
Microtis parviflora,Slender Onion-orchid,Not Assessed,False,native,Herb,1,Jan,True,False
Microtis parviflora,Slender Onion-orchid,Not Assessed,False,native,Herb,2,Feb,True,False
Microtis parviflora,Slender Onion-orchid,Not Assessed,False,native,Herb,3,Mar,False,False
Microtis parviflora,Slender Onion-orchid,Not Assessed,False,native,Herb,4,Apr,False,False
Microtis parviflora,Slender Onion-orchid,Not Assessed,False,native,Herb,5,May,False,False
Microtis parviflora,Slender Onion-orchid,Not Assessed,False,native,Herb,6,Jun,False,False
Microtis parviflora,Slender Onion-orchid,Not Assessed,False,native,Herb,7,Jul,False,False
Microtis parviflora,Slender Onion-orchid,Not Assessed,False,native,Herb,8,Aug,False,False
Microtis parviflora,Slender Onion-orchid,Not Assessed,False,native,Herb,9,Sep,True,False
Microtis parviflora,Slender Onion-orchid,Not Assessed,False,native,Herb,10,Oct,True,False
Microtis parviflora,Slender Onion-orchid,Not Assessed,False,native,Herb,11,Nov,True,False
Microtis parviflora,Slender Onion-orchid,Not Assessed,False,native,Herb,12,Dec,True,False
Microtis unifolia,Common Onion-orchid,Not Assessed,False,native,Herb,1,Jan,True,False
Microtis unifolia,Common Onion-orchid,Not Assessed,False,native,Herb,2,Feb,True,False
Microtis unifolia,Common Onion-orchid,Not Assessed,False,native,Herb,3,Mar,False,False
Microtis unifolia,Common Onion-orchid,Not Assessed,False,native,Herb,4,Apr,False,False
Microtis unifolia,Common Onion-orchid,Not Assessed,False,native,Herb,5,May,False,False
Microtis unifolia,Common Onion-orchid,Not Assessed,False,native,Herb,6,Jun,False,False
Microtis unifolia,Common Onion-orchid,Not Assessed,False,native,Herb,7,Jul,False,False
Microtis unifolia,Common Onion-orchid,Not Assessed,False,native,Herb,8,Aug,False,False
Microtis unifolia,Common Onion-orchid,Not Assessed,False,native,Herb,9,Sep,True,False
Microtis unifolia,Common Onion-orchid,Not Assessed,False,native,Herb,10,Oct,True,False
Microtis unifolia,Common Onion-orchid,Not Assessed,False,native,Herb,11,Nov,True,False
Microtis unifolia,Common Onion-orchid,Not Assessed,False,native,Herb,12,Dec,True,False
Mirabilis jalapa,Marvel of Peru,Lower Concern,False,introduced,Herb,1,Jan,False,False
Mirabilis jalapa,Marvel of Peru,Lower Concern,False,introduced,Herb,2,Feb,True,False
Mirabilis jalapa,Marvel of Peru,Lower Concern,False,introduced,Herb,3,Mar,True,False
Mirabilis jalapa,Marvel of Peru,Lower Concern,False,introduced,Herb,4,Apr,True,False
Mirabilis jalapa,Marvel of Peru,Lower Concern,False,introduced,Herb,5,May,True,False
Mirabilis jalapa,Marvel of Peru,Lower Concern,False,introduced,Herb,6,Jun,True,False
Mirabilis jalapa,Marvel of Peru,Lower Concern,False,introduced,Herb,7,Jul,True,False
Mirabilis jalapa,Marvel of Peru,Lower Concern,False,introduced,Herb,8,Aug,True,False
Mirabilis jalapa,Marvel of Peru,Lower Concern,False,introduced,Herb,9,Sep,False,False
Mirabilis jalapa,Marvel of Peru,Lower Concern,False,introduced,Herb,10,Oct,False,False
Mirabilis jalapa,Marvel of Peru,Lower Concern,False,introduced,Herb,11,Nov,False,False
Mirabilis jalapa,Marvel of Peru,Lower Concern,False,introduced,Herb,12,Dec,False,False
Modiola caroliniana,Red-flowered Mallow,Use Caution,True,introduced,Herb,1,Jan,False,False
Modiola caroliniana,Red-flowered Mallow,Use Caution,True,introduced,Herb,2,Feb,False,False
Modiola caroliniana,Red-flowered Mallow,Use Caution,True,introduced,Herb,3,Mar,False,False
Modiola caroliniana,Red-flowered Mallow,Use Caution,True,introduced,Herb,4,Apr,False,False
Modiola caroliniana,Red-flowered Mallow,Use Caution,True,introduced,Herb,5,May,False,False
Modiola caroliniana,Red-flowered Mallow,Use Caution,True,introduced,Herb,6,Jun,False,False
Modiola caroliniana,Red-flowered Mallow,Use Caution,True,introduced,Herb,7,Jul,False,False
Modiola caroliniana,Red-flowered Mallow,Use Caution,True,introduced,Herb,8,Aug,False,False
Modiola caroliniana,Red-flowered Mallow,Use Caution,True,introduced,Herb,9,Sep,True,False
Modiola caroliniana,Red-flowered Mallow,Use Caution,True,introduced,Herb,10,Oct,False,False
Modiola caroliniana,Red-flowered Mallow,Use Caution,True,introduced,Herb,11,Nov,False,False
Modiola caroliniana,Red-flowered Mallow,Use Caution,True,introduced,Herb,12,Dec,False,False
Moenchia erecta,Erect Chickweed | Upright Chickweed,Use Caution,True,introduced,Herb,1,Jan,False,False
Moenchia erecta,Erect Chickweed | Upright Chickweed,Use Caution,True,introduced,Herb,2,Feb,False,False
Moenchia erecta,Erect Chickweed | Upright Chickweed,Use Caution,True,introduced,Herb,3,Mar,False,False
Moenchia erecta,Erect Chickweed | Upright Chickweed,Use Caution,True,introduced,Herb,4,Apr,False,False
Moenchia erecta,Erect Chickweed | Upright Chickweed,Use Caution,True,introduced,Herb,5,May,False,False
Moenchia erecta,Erect Chickweed | Upright Chickweed,Use Caution,True,introduced,Herb,6,Jun,False,False
Moenchia erecta,Erect Chickweed | Upright Chickweed,Use Caution,True,introduced,Herb,7,Jul,False,False
Moenchia erecta,Erect Chickweed | Upright Chickweed,Use Caution,True,introduced,Herb,8,Aug,False,False
Moenchia erecta,Erect Chickweed | Upright Chickweed,Use Caution,True,introduced,Herb,9,Sep,True,False
Moenchia erecta,Erect Chickweed | Upright Chickweed,Use Caution,True,introduced,Herb,10,Oct,True,False
Moenchia erecta,Erect Chickweed | Upright Chickweed,Use Caution,True,introduced,Herb,11,Nov,True,False
Moenchia erecta,Erect Chickweed | Upright Chickweed,Use Caution,True,introduced,Herb,12,Dec,False,False
Monotoca scoparia,Prickly Broom-heath,Not Assessed,False,native,Shrub,1,Jan,True,False
Monotoca scoparia,Prickly Broom-heath,Not Assessed,False,native,Shrub,2,Feb,True,False
Monotoca scoparia,Prickly Broom-heath,Not Assessed,False,native,Shrub,3,Mar,True,False
Monotoca scoparia,Prickly Broom-heath,Not Assessed,False,native,Shrub,4,Apr,True,False
Monotoca scoparia,Prickly Broom-heath,Not Assessed,False,native,Shrub,5,May,True,False
Monotoca scoparia,Prickly Broom-heath,Not Assessed,False,native,Shrub,6,Jun,True,False
Monotoca scoparia,Prickly Broom-heath,Not Assessed,False,native,Shrub,7,Jul,True,False
Monotoca scoparia,Prickly Broom-heath,Not Assessed,False,native,Shrub,8,Aug,True,False
Monotoca scoparia,Prickly Broom-heath,Not Assessed,False,native,Shrub,9,Sep,True,False
Monotoca scoparia,Prickly Broom-heath,Not Assessed,False,native,Shrub,10,Oct,False,False
Monotoca scoparia,Prickly Broom-heath,Not Assessed,False,native,Shrub,11,Nov,False,False
Monotoca scoparia,Prickly Broom-heath,Not Assessed,False,native,Shrub,12,Dec,True,False
Montia australasica,White Purslane,Not Assessed,False,native,Herb,1,Jan,True,False
Montia australasica,White Purslane,Not Assessed,False,native,Herb,2,Feb,True,False
Montia australasica,White Purslane,Not Assessed,False,native,Herb,3,Mar,True,False
Montia australasica,White Purslane,Not Assessed,False,native,Herb,4,Apr,True,False
Montia australasica,White Purslane,Not Assessed,False,native,Herb,5,May,True,False
Montia australasica,White Purslane,Not Assessed,False,native,Herb,6,Jun,True,False
Montia australasica,White Purslane,Not Assessed,False,native,Herb,7,Jul,True,False
Montia australasica,White Purslane,Not Assessed,False,native,Herb,8,Aug,True,False
Montia australasica,White Purslane,Not Assessed,False,native,Herb,9,Sep,True,False
Montia australasica,White Purslane,Not Assessed,False,native,Herb,10,Oct,True,False
Montia australasica,White Purslane,Not Assessed,False,native,Herb,11,Nov,True,False
Montia australasica,White Purslane,Not Assessed,False,native,Herb,12,Dec,True,False
Muellerina celastroides,Coast Mistletoe,Not Assessed,False,native,Shrub,1,Jan,True,False
Muellerina celastroides,Coast Mistletoe,Not Assessed,False,native,Shrub,2,Feb,True,False
Muellerina celastroides,Coast Mistletoe,Not Assessed,False,native,Shrub,3,Mar,False,False
Muellerina celastroides,Coast Mistletoe,Not Assessed,False,native,Shrub,4,Apr,False,False
Muellerina celastroides,Coast Mistletoe,Not Assessed,False,native,Shrub,5,May,False,False
Muellerina celastroides,Coast Mistletoe,Not Assessed,False,native,Shrub,6,Jun,False,False
Muellerina celastroides,Coast Mistletoe,Not Assessed,False,native,Shrub,7,Jul,False,False
Muellerina celastroides,Coast Mistletoe,Not Assessed,False,native,Shrub,8,Aug,False,False
Muellerina celastroides,Coast Mistletoe,Not Assessed,False,native,Shrub,9,Sep,False,False
Muellerina celastroides,Coast Mistletoe,Not Assessed,False,native,Shrub,10,Oct,False,False
Muellerina celastroides,Coast Mistletoe,Not Assessed,False,native,Shrub,11,Nov,False,False
Muellerina celastroides,Coast Mistletoe,Not Assessed,False,native,Shrub,12,Dec,True,False
Muellerina eucalyptoides,Creeping Mistletoe,Not Assessed,False,native,Shrub,1,Jan,True,False
Muellerina eucalyptoides,Creeping Mistletoe,Not Assessed,False,native,Shrub,2,Feb,True,False
Muellerina eucalyptoides,Creeping Mistletoe,Not Assessed,False,native,Shrub,3,Mar,False,False
Muellerina eucalyptoides,Creeping Mistletoe,Not Assessed,False,native,Shrub,4,Apr,False,False
Muellerina eucalyptoides,Creeping Mistletoe,Not Assessed,False,native,Shrub,5,May,False,False
Muellerina eucalyptoides,Creeping Mistletoe,Not Assessed,False,native,Shrub,6,Jun,False,False
Muellerina eucalyptoides,Creeping Mistletoe,Not Assessed,False,native,Shrub,7,Jul,False,False
Muellerina eucalyptoides,Creeping Mistletoe,Not Assessed,False,native,Shrub,8,Aug,False,False
Muellerina eucalyptoides,Creeping Mistletoe,Not Assessed,False,native,Shrub,9,Sep,True,False
Muellerina eucalyptoides,Creeping Mistletoe,Not Assessed,False,native,Shrub,10,Oct,True,False
Muellerina eucalyptoides,Creeping Mistletoe,Not Assessed,False,native,Shrub,11,Nov,True,False
Muellerina eucalyptoides,Creeping Mistletoe,Not Assessed,False,native,Shrub,12,Dec,True,False
Myosotis sylvatica,Wood Forget-me-not,Reconsider Planting,True,introduced,Herb,1,Jan,False,False
Myosotis sylvatica,Wood Forget-me-not,Reconsider Planting,True,introduced,Herb,2,Feb,False,False
Myosotis sylvatica,Wood Forget-me-not,Reconsider Planting,True,introduced,Herb,3,Mar,False,False
Myosotis sylvatica,Wood Forget-me-not,Reconsider Planting,True,introduced,Herb,4,Apr,False,False
Myosotis sylvatica,Wood Forget-me-not,Reconsider Planting,True,introduced,Herb,5,May,False,False
Myosotis sylvatica,Wood Forget-me-not,Reconsider Planting,True,introduced,Herb,6,Jun,False,False
Myosotis sylvatica,Wood Forget-me-not,Reconsider Planting,True,introduced,Herb,7,Jul,False,False
Myosotis sylvatica,Wood Forget-me-not,Reconsider Planting,True,introduced,Herb,8,Aug,False,False
Myosotis sylvatica,Wood Forget-me-not,Reconsider Planting,True,introduced,Herb,9,Sep,True,False
Myosotis sylvatica,Wood Forget-me-not,Reconsider Planting,True,introduced,Herb,10,Oct,True,False
Myosotis sylvatica,Wood Forget-me-not,Reconsider Planting,True,introduced,Herb,11,Nov,True,False
Myosotis sylvatica,Wood Forget-me-not,Reconsider Planting,True,introduced,Herb,12,Dec,False,False
Myriophyllum crispatum,Water-milfoil,Not Assessed,False,native,Herb,1,Jan,True,False
Myriophyllum crispatum,Water-milfoil,Not Assessed,False,native,Herb,2,Feb,True,False
Myriophyllum crispatum,Water-milfoil,Not Assessed,False,native,Herb,3,Mar,True,False
Myriophyllum crispatum,Water-milfoil,Not Assessed,False,native,Herb,4,Apr,True,False
Myriophyllum crispatum,Water-milfoil,Not Assessed,False,native,Herb,5,May,False,False
Myriophyllum crispatum,Water-milfoil,Not Assessed,False,native,Herb,6,Jun,False,False
Myriophyllum crispatum,Water-milfoil,Not Assessed,False,native,Herb,7,Jul,False,False
Myriophyllum crispatum,Water-milfoil,Not Assessed,False,native,Herb,8,Aug,False,False
Myriophyllum crispatum,Water-milfoil,Not Assessed,False,native,Herb,9,Sep,False,False
Myriophyllum crispatum,Water-milfoil,Not Assessed,False,native,Herb,10,Oct,True,False
Myriophyllum crispatum,Water-milfoil,Not Assessed,False,native,Herb,11,Nov,True,False
Myriophyllum crispatum,Water-milfoil,Not Assessed,False,native,Herb,12,Dec,True,False
Myriophyllum integrifolium,Tiny Water-milfoil,Not Assessed,False,native,Herb,1,Jan,True,False
Myriophyllum integrifolium,Tiny Water-milfoil,Not Assessed,False,native,Herb,2,Feb,False,False
Myriophyllum integrifolium,Tiny Water-milfoil,Not Assessed,False,native,Herb,3,Mar,False,False
Myriophyllum integrifolium,Tiny Water-milfoil,Not Assessed,False,native,Herb,4,Apr,False,False
Myriophyllum integrifolium,Tiny Water-milfoil,Not Assessed,False,native,Herb,5,May,False,False
Myriophyllum integrifolium,Tiny Water-milfoil,Not Assessed,False,native,Herb,6,Jun,False,False
Myriophyllum integrifolium,Tiny Water-milfoil,Not Assessed,False,native,Herb,7,Jul,False,False
Myriophyllum integrifolium,Tiny Water-milfoil,Not Assessed,False,native,Herb,8,Aug,True,False
Myriophyllum integrifolium,Tiny Water-milfoil,Not Assessed,False,native,Herb,9,Sep,True,False
Myriophyllum integrifolium,Tiny Water-milfoil,Not Assessed,False,native,Herb,10,Oct,True,False
Myriophyllum integrifolium,Tiny Water-milfoil,Not Assessed,False,native,Herb,11,Nov,True,False
Myriophyllum integrifolium,Tiny Water-milfoil,Not Assessed,False,native,Herb,12,Dec,True,False
Myrsine howittiana,Brush Muttonwood,Not Assessed,False,native,Tree,1,Jan,True,False
Myrsine howittiana,Brush Muttonwood,Not Assessed,False,native,Tree,2,Feb,True,False
Myrsine howittiana,Brush Muttonwood,Not Assessed,False,native,Tree,3,Mar,False,False
Myrsine howittiana,Brush Muttonwood,Not Assessed,False,native,Tree,4,Apr,False,False
Myrsine howittiana,Brush Muttonwood,Not Assessed,False,native,Tree,5,May,False,False
Myrsine howittiana,Brush Muttonwood,Not Assessed,False,native,Tree,6,Jun,False,False
Myrsine howittiana,Brush Muttonwood,Not Assessed,False,native,Tree,7,Jul,False,False
Myrsine howittiana,Brush Muttonwood,Not Assessed,False,native,Tree,8,Aug,False,False
Myrsine howittiana,Brush Muttonwood,Not Assessed,False,native,Tree,9,Sep,False,False
Myrsine howittiana,Brush Muttonwood,Not Assessed,False,native,Tree,10,Oct,False,False
Myrsine howittiana,Brush Muttonwood,Not Assessed,False,native,Tree,11,Nov,True,False
Myrsine howittiana,Brush Muttonwood,Not Assessed,False,native,Tree,12,Dec,True,False
Nassella trichotoma,Serrated Tussock,Reconsider Planting,True,introduced,Grass,1,Jan,False,False
Nassella trichotoma,Serrated Tussock,Reconsider Planting,True,introduced,Grass,2,Feb,False,False
Nassella trichotoma,Serrated Tussock,Reconsider Planting,True,introduced,Grass,3,Mar,False,False
Nassella trichotoma,Serrated Tussock,Reconsider Planting,True,introduced,Grass,4,Apr,False,False
Nassella trichotoma,Serrated Tussock,Reconsider Planting,True,introduced,Grass,5,May,False,False
Nassella trichotoma,Serrated Tussock,Reconsider Planting,True,introduced,Grass,6,Jun,False,False
Nassella trichotoma,Serrated Tussock,Reconsider Planting,True,introduced,Grass,7,Jul,False,False
Nassella trichotoma,Serrated Tussock,Reconsider Planting,True,introduced,Grass,8,Aug,False,False
Nassella trichotoma,Serrated Tussock,Reconsider Planting,True,introduced,Grass,9,Sep,True,False
Nassella trichotoma,Serrated Tussock,Reconsider Planting,True,introduced,Grass,10,Oct,True,False
Nassella trichotoma,Serrated Tussock,Reconsider Planting,True,introduced,Grass,11,Nov,True,False
Nassella trichotoma,Serrated Tussock,Reconsider Planting,True,introduced,Grass,12,Dec,False,False
Nasturtium officinale,Watercress,Use Caution,True,introduced,,1,Jan,,False
Nasturtium officinale,Watercress,Use Caution,True,introduced,,2,Feb,,False
Nasturtium officinale,Watercress,Use Caution,True,introduced,,3,Mar,,False
Nasturtium officinale,Watercress,Use Caution,True,introduced,,4,Apr,,False
Nasturtium officinale,Watercress,Use Caution,True,introduced,,5,May,,False
Nasturtium officinale,Watercress,Use Caution,True,introduced,,6,Jun,,False
Nasturtium officinale,Watercress,Use Caution,True,introduced,,7,Jul,,False
Nasturtium officinale,Watercress,Use Caution,True,introduced,,8,Aug,,False
Nasturtium officinale,Watercress,Use Caution,True,introduced,,9,Sep,,False
Nasturtium officinale,Watercress,Use Caution,True,introduced,,10,Oct,,False
Nasturtium officinale,Watercress,Use Caution,True,introduced,,11,Nov,,False
Nasturtium officinale,Watercress,Use Caution,True,introduced,,12,Dec,,False
Navarretia squarrosa,Californian Stinkweed,Use Caution,True,introduced,Herb,1,Jan,True,False
Navarretia squarrosa,Californian Stinkweed,Use Caution,True,introduced,Herb,2,Feb,True,False
Navarretia squarrosa,Californian Stinkweed,Use Caution,True,introduced,Herb,3,Mar,False,False
Navarretia squarrosa,Californian Stinkweed,Use Caution,True,introduced,Herb,4,Apr,False,False
Navarretia squarrosa,Californian Stinkweed,Use Caution,True,introduced,Herb,5,May,False,False
Navarretia squarrosa,Californian Stinkweed,Use Caution,True,introduced,Herb,6,Jun,False,False
Navarretia squarrosa,Californian Stinkweed,Use Caution,True,introduced,Herb,7,Jul,False,False
Navarretia squarrosa,Californian Stinkweed,Use Caution,True,introduced,Herb,8,Aug,False,False
Navarretia squarrosa,Californian Stinkweed,Use Caution,True,introduced,Herb,9,Sep,False,False
Navarretia squarrosa,Californian Stinkweed,Use Caution,True,introduced,Herb,10,Oct,False,False
Navarretia squarrosa,Californian Stinkweed,Use Caution,True,introduced,Herb,11,Nov,False,False
Navarretia squarrosa,Californian Stinkweed,Use Caution,True,introduced,Herb,12,Dec,True,False
Olearia astroloba,Marble Daisy-bush,Not Assessed,False,native,Shrub,1,Jan,True,False
Olearia astroloba,Marble Daisy-bush,Not Assessed,False,native,Shrub,2,Feb,False,False
Olearia astroloba,Marble Daisy-bush,Not Assessed,False,native,Shrub,3,Mar,False,False
Olearia astroloba,Marble Daisy-bush,Not Assessed,False,native,Shrub,4,Apr,False,False
Olearia astroloba,Marble Daisy-bush,Not Assessed,False,native,Shrub,5,May,False,False
Olearia astroloba,Marble Daisy-bush,Not Assessed,False,native,Shrub,6,Jun,False,False
Olearia astroloba,Marble Daisy-bush,Not Assessed,False,native,Shrub,7,Jul,False,False
Olearia astroloba,Marble Daisy-bush,Not Assessed,False,native,Shrub,8,Aug,False,False
Olearia astroloba,Marble Daisy-bush,Not Assessed,False,native,Shrub,9,Sep,True,False
Olearia astroloba,Marble Daisy-bush,Not Assessed,False,native,Shrub,10,Oct,True,False
Olearia astroloba,Marble Daisy-bush,Not Assessed,False,native,Shrub,11,Nov,True,False
Olearia astroloba,Marble Daisy-bush,Not Assessed,False,native,Shrub,12,Dec,True,False
Olearia axillaris,Coast Daisy-bush,Not Assessed,False,native,Shrub,1,Jan,True,False
Olearia axillaris,Coast Daisy-bush,Not Assessed,False,native,Shrub,2,Feb,True,False
Olearia axillaris,Coast Daisy-bush,Not Assessed,False,native,Shrub,3,Mar,True,False
Olearia axillaris,Coast Daisy-bush,Not Assessed,False,native,Shrub,4,Apr,True,False
Olearia axillaris,Coast Daisy-bush,Not Assessed,False,native,Shrub,5,May,True,False
Olearia axillaris,Coast Daisy-bush,Not Assessed,False,native,Shrub,6,Jun,True,False
Olearia axillaris,Coast Daisy-bush,Not Assessed,False,native,Shrub,7,Jul,True,False
Olearia axillaris,Coast Daisy-bush,Not Assessed,False,native,Shrub,8,Aug,True,False
Olearia axillaris,Coast Daisy-bush,Not Assessed,False,native,Shrub,9,Sep,True,False
Olearia axillaris,Coast Daisy-bush,Not Assessed,False,native,Shrub,10,Oct,True,False
Olearia axillaris,Coast Daisy-bush,Not Assessed,False,native,Shrub,11,Nov,True,False
Olearia axillaris,Coast Daisy-bush,Not Assessed,False,native,Shrub,12,Dec,True,False
Olearia glandulosa,Swamp Daisy-bush,Not Assessed,False,native,Shrub,1,Jan,True,False
Olearia glandulosa,Swamp Daisy-bush,Not Assessed,False,native,Shrub,2,Feb,True,False
Olearia glandulosa,Swamp Daisy-bush,Not Assessed,False,native,Shrub,3,Mar,True,False
Olearia glandulosa,Swamp Daisy-bush,Not Assessed,False,native,Shrub,4,Apr,True,False
Olearia glandulosa,Swamp Daisy-bush,Not Assessed,False,native,Shrub,5,May,True,False
Olearia glandulosa,Swamp Daisy-bush,Not Assessed,False,native,Shrub,6,Jun,True,False
Olearia glandulosa,Swamp Daisy-bush,Not Assessed,False,native,Shrub,7,Jul,False,False
Olearia glandulosa,Swamp Daisy-bush,Not Assessed,False,native,Shrub,8,Aug,False,False
Olearia glandulosa,Swamp Daisy-bush,Not Assessed,False,native,Shrub,9,Sep,False,False
Olearia glandulosa,Swamp Daisy-bush,Not Assessed,False,native,Shrub,10,Oct,False,False
Olearia glandulosa,Swamp Daisy-bush,Not Assessed,False,native,Shrub,11,Nov,True,False
Olearia glandulosa,Swamp Daisy-bush,Not Assessed,False,native,Shrub,12,Dec,True,False
Olearia iodochroa,,Not Assessed,False,native,Shrub,1,Jan,False,False
Olearia iodochroa,,Not Assessed,False,native,Shrub,2,Feb,False,False
Olearia iodochroa,,Not Assessed,False,native,Shrub,3,Mar,False,False
Olearia iodochroa,,Not Assessed,False,native,Shrub,4,Apr,False,False
Olearia iodochroa,,Not Assessed,False,native,Shrub,5,May,False,False
Olearia iodochroa,,Not Assessed,False,native,Shrub,6,Jun,False,False
Olearia iodochroa,,Not Assessed,False,native,Shrub,7,Jul,False,False
Olearia iodochroa,,Not Assessed,False,native,Shrub,8,Aug,False,False
Olearia iodochroa,,Not Assessed,False,native,Shrub,9,Sep,True,False
Olearia iodochroa,,Not Assessed,False,native,Shrub,10,Oct,True,False
Olearia iodochroa,,Not Assessed,False,native,Shrub,11,Nov,True,False
Olearia iodochroa,,Not Assessed,False,native,Shrub,12,Dec,False,False
Olearia ramulosa,Twiggy Daisy-bush,Not Assessed,False,native,Shrub,1,Jan,True,False
Olearia ramulosa,Twiggy Daisy-bush,Not Assessed,False,native,Shrub,2,Feb,True,False
Olearia ramulosa,Twiggy Daisy-bush,Not Assessed,False,native,Shrub,3,Mar,True,False
Olearia ramulosa,Twiggy Daisy-bush,Not Assessed,False,native,Shrub,4,Apr,True,False
Olearia ramulosa,Twiggy Daisy-bush,Not Assessed,False,native,Shrub,5,May,True,False
Olearia ramulosa,Twiggy Daisy-bush,Not Assessed,False,native,Shrub,6,Jun,False,False
Olearia ramulosa,Twiggy Daisy-bush,Not Assessed,False,native,Shrub,7,Jul,False,False
Olearia ramulosa,Twiggy Daisy-bush,Not Assessed,False,native,Shrub,8,Aug,False,False
Olearia ramulosa,Twiggy Daisy-bush,Not Assessed,False,native,Shrub,9,Sep,True,False
Olearia ramulosa,Twiggy Daisy-bush,Not Assessed,False,native,Shrub,10,Oct,True,False
Olearia ramulosa,Twiggy Daisy-bush,Not Assessed,False,native,Shrub,11,Nov,True,False
Olearia ramulosa,Twiggy Daisy-bush,Not Assessed,False,native,Shrub,12,Dec,True,False
Oloptum miliaceum,Rice Millet,Not Assessed,False,introduced,,1,Jan,,False
Oloptum miliaceum,Rice Millet,Not Assessed,False,introduced,,2,Feb,,False
Oloptum miliaceum,Rice Millet,Not Assessed,False,introduced,,3,Mar,,False
Oloptum miliaceum,Rice Millet,Not Assessed,False,introduced,,4,Apr,,False
Oloptum miliaceum,Rice Millet,Not Assessed,False,introduced,,5,May,,False
Oloptum miliaceum,Rice Millet,Not Assessed,False,introduced,,6,Jun,,False
Oloptum miliaceum,Rice Millet,Not Assessed,False,introduced,,7,Jul,,False
Oloptum miliaceum,Rice Millet,Not Assessed,False,introduced,,8,Aug,,False
Oloptum miliaceum,Rice Millet,Not Assessed,False,introduced,,9,Sep,,False
Oloptum miliaceum,Rice Millet,Not Assessed,False,introduced,,10,Oct,,False
Oloptum miliaceum,Rice Millet,Not Assessed,False,introduced,,11,Nov,,False
Oloptum miliaceum,Rice Millet,Not Assessed,False,introduced,,12,Dec,,False
Ononis repens,Restharrow,Lower Concern,False,introduced,Shrub,1,Jan,,False
Ononis repens,Restharrow,Lower Concern,False,introduced,Shrub,2,Feb,,False
Ononis repens,Restharrow,Lower Concern,False,introduced,Shrub,3,Mar,,False
Ononis repens,Restharrow,Lower Concern,False,introduced,Shrub,4,Apr,,False
Ononis repens,Restharrow,Lower Concern,False,introduced,Shrub,5,May,,False
Ononis repens,Restharrow,Lower Concern,False,introduced,Shrub,6,Jun,,False
Ononis repens,Restharrow,Lower Concern,False,introduced,Shrub,7,Jul,,False
Ononis repens,Restharrow,Lower Concern,False,introduced,Shrub,8,Aug,,False
Ononis repens,Restharrow,Lower Concern,False,introduced,Shrub,9,Sep,,False
Ononis repens,Restharrow,Lower Concern,False,introduced,Shrub,10,Oct,,False
Ononis repens,Restharrow,Lower Concern,False,introduced,Shrub,11,Nov,,False
Ononis repens,Restharrow,Lower Concern,False,introduced,Shrub,12,Dec,,False
Opercularia ovata,Broad-leaf Stinkweed,Not Assessed,False,native,Herb,1,Jan,False,False
Opercularia ovata,Broad-leaf Stinkweed,Not Assessed,False,native,Herb,2,Feb,False,False
Opercularia ovata,Broad-leaf Stinkweed,Not Assessed,False,native,Herb,3,Mar,False,False
Opercularia ovata,Broad-leaf Stinkweed,Not Assessed,False,native,Herb,4,Apr,False,False
Opercularia ovata,Broad-leaf Stinkweed,Not Assessed,False,native,Herb,5,May,False,False
Opercularia ovata,Broad-leaf Stinkweed,Not Assessed,False,native,Herb,6,Jun,True,False
Opercularia ovata,Broad-leaf Stinkweed,Not Assessed,False,native,Herb,7,Jul,True,False
Opercularia ovata,Broad-leaf Stinkweed,Not Assessed,False,native,Herb,8,Aug,True,False
Opercularia ovata,Broad-leaf Stinkweed,Not Assessed,False,native,Herb,9,Sep,True,False
Opercularia ovata,Broad-leaf Stinkweed,Not Assessed,False,native,Herb,10,Oct,True,False
Opercularia ovata,Broad-leaf Stinkweed,Not Assessed,False,native,Herb,11,Nov,True,False
Opercularia ovata,Broad-leaf Stinkweed,Not Assessed,False,native,Herb,12,Dec,False,False
Opercularia varia,Variable Stinkweed,Not Assessed,False,native,Herb,1,Jan,False,False
Opercularia varia,Variable Stinkweed,Not Assessed,False,native,Herb,2,Feb,False,False
Opercularia varia,Variable Stinkweed,Not Assessed,False,native,Herb,3,Mar,False,False
Opercularia varia,Variable Stinkweed,Not Assessed,False,native,Herb,4,Apr,False,False
Opercularia varia,Variable Stinkweed,Not Assessed,False,native,Herb,5,May,False,False
Opercularia varia,Variable Stinkweed,Not Assessed,False,native,Herb,6,Jun,True,False
Opercularia varia,Variable Stinkweed,Not Assessed,False,native,Herb,7,Jul,True,False
Opercularia varia,Variable Stinkweed,Not Assessed,False,native,Herb,8,Aug,True,False
Opercularia varia,Variable Stinkweed,Not Assessed,False,native,Herb,9,Sep,True,False
Opercularia varia,Variable Stinkweed,Not Assessed,False,native,Herb,10,Oct,True,False
Opercularia varia,Variable Stinkweed,Not Assessed,False,native,Herb,11,Nov,True,False
Opercularia varia,Variable Stinkweed,Not Assessed,False,native,Herb,12,Dec,False,False
Ornduffia reniformis,Running Marsh-flower,Not Assessed,False,native,Herb,1,Jan,True,False
Ornduffia reniformis,Running Marsh-flower,Not Assessed,False,native,Herb,2,Feb,True,False
Ornduffia reniformis,Running Marsh-flower,Not Assessed,False,native,Herb,3,Mar,True,False
Ornduffia reniformis,Running Marsh-flower,Not Assessed,False,native,Herb,4,Apr,True,False
Ornduffia reniformis,Running Marsh-flower,Not Assessed,False,native,Herb,5,May,True,False
Ornduffia reniformis,Running Marsh-flower,Not Assessed,False,native,Herb,6,Jun,False,False
Ornduffia reniformis,Running Marsh-flower,Not Assessed,False,native,Herb,7,Jul,False,False
Ornduffia reniformis,Running Marsh-flower,Not Assessed,False,native,Herb,8,Aug,False,False
Ornduffia reniformis,Running Marsh-flower,Not Assessed,False,native,Herb,9,Sep,True,False
Ornduffia reniformis,Running Marsh-flower,Not Assessed,False,native,Herb,10,Oct,True,False
Ornduffia reniformis,Running Marsh-flower,Not Assessed,False,native,Herb,11,Nov,True,False
Ornduffia reniformis,Running Marsh-flower,Not Assessed,False,native,Herb,12,Dec,True,False
Orthoceras strictum,Horned Orchid,Not Assessed,False,native,Herb,1,Jan,True,False
Orthoceras strictum,Horned Orchid,Not Assessed,False,native,Herb,2,Feb,True,False
Orthoceras strictum,Horned Orchid,Not Assessed,False,native,Herb,3,Mar,False,False
Orthoceras strictum,Horned Orchid,Not Assessed,False,native,Herb,4,Apr,False,False
Orthoceras strictum,Horned Orchid,Not Assessed,False,native,Herb,5,May,False,False
Orthoceras strictum,Horned Orchid,Not Assessed,False,native,Herb,6,Jun,False,False
Orthoceras strictum,Horned Orchid,Not Assessed,False,native,Herb,7,Jul,False,False
Orthoceras strictum,Horned Orchid,Not Assessed,False,native,Herb,8,Aug,False,False
Orthoceras strictum,Horned Orchid,Not Assessed,False,native,Herb,9,Sep,False,False
Orthoceras strictum,Horned Orchid,Not Assessed,False,native,Herb,10,Oct,False,False
Orthoceras strictum,Horned Orchid,Not Assessed,False,native,Herb,11,Nov,True,False
Orthoceras strictum,Horned Orchid,Not Assessed,False,native,Herb,12,Dec,True,False
Oxalis corniculata,Yellow Wood-sorrel | Creeping Wood-sorrel,Lower Concern,False,introduced,Herb,1,Jan,True,False
Oxalis corniculata,Yellow Wood-sorrel | Creeping Wood-sorrel,Lower Concern,False,introduced,Herb,2,Feb,True,False
Oxalis corniculata,Yellow Wood-sorrel | Creeping Wood-sorrel,Lower Concern,False,introduced,Herb,3,Mar,True,False
Oxalis corniculata,Yellow Wood-sorrel | Creeping Wood-sorrel,Lower Concern,False,introduced,Herb,4,Apr,True,False
Oxalis corniculata,Yellow Wood-sorrel | Creeping Wood-sorrel,Lower Concern,False,introduced,Herb,5,May,True,False
Oxalis corniculata,Yellow Wood-sorrel | Creeping Wood-sorrel,Lower Concern,False,introduced,Herb,6,Jun,True,False
Oxalis corniculata,Yellow Wood-sorrel | Creeping Wood-sorrel,Lower Concern,False,introduced,Herb,7,Jul,True,False
Oxalis corniculata,Yellow Wood-sorrel | Creeping Wood-sorrel,Lower Concern,False,introduced,Herb,8,Aug,True,False
Oxalis corniculata,Yellow Wood-sorrel | Creeping Wood-sorrel,Lower Concern,False,introduced,Herb,9,Sep,True,False
Oxalis corniculata,Yellow Wood-sorrel | Creeping Wood-sorrel,Lower Concern,False,introduced,Herb,10,Oct,True,False
Oxalis corniculata,Yellow Wood-sorrel | Creeping Wood-sorrel,Lower Concern,False,introduced,Herb,11,Nov,True,False
Oxalis corniculata,Yellow Wood-sorrel | Creeping Wood-sorrel,Lower Concern,False,introduced,Herb,12,Dec,True,False
Oxalis exilis,Shade Wood-sorrel,Not Assessed,False,native,Herb,1,Jan,True,False
Oxalis exilis,Shade Wood-sorrel,Not Assessed,False,native,Herb,2,Feb,True,False
Oxalis exilis,Shade Wood-sorrel,Not Assessed,False,native,Herb,3,Mar,True,False
Oxalis exilis,Shade Wood-sorrel,Not Assessed,False,native,Herb,4,Apr,True,False
Oxalis exilis,Shade Wood-sorrel,Not Assessed,False,native,Herb,5,May,True,False
Oxalis exilis,Shade Wood-sorrel,Not Assessed,False,native,Herb,6,Jun,True,False
Oxalis exilis,Shade Wood-sorrel,Not Assessed,False,native,Herb,7,Jul,True,False
Oxalis exilis,Shade Wood-sorrel,Not Assessed,False,native,Herb,8,Aug,True,False
Oxalis exilis,Shade Wood-sorrel,Not Assessed,False,native,Herb,9,Sep,True,False
Oxalis exilis,Shade Wood-sorrel,Not Assessed,False,native,Herb,10,Oct,True,False
Oxalis exilis,Shade Wood-sorrel,Not Assessed,False,native,Herb,11,Nov,True,False
Oxalis exilis,Shade Wood-sorrel,Not Assessed,False,native,Herb,12,Dec,True,False
Oxalis incarnata,Pale Wood-sorrel,Reconsider Planting,True,introduced,Herb,1,Jan,True,False
Oxalis incarnata,Pale Wood-sorrel,Reconsider Planting,True,introduced,Herb,2,Feb,False,False
Oxalis incarnata,Pale Wood-sorrel,Reconsider Planting,True,introduced,Herb,3,Mar,False,False
Oxalis incarnata,Pale Wood-sorrel,Reconsider Planting,True,introduced,Herb,4,Apr,False,False
Oxalis incarnata,Pale Wood-sorrel,Reconsider Planting,True,introduced,Herb,5,May,True,False
Oxalis incarnata,Pale Wood-sorrel,Reconsider Planting,True,introduced,Herb,6,Jun,False,False
Oxalis incarnata,Pale Wood-sorrel,Reconsider Planting,True,introduced,Herb,7,Jul,False,False
Oxalis incarnata,Pale Wood-sorrel,Reconsider Planting,True,introduced,Herb,8,Aug,True,False
Oxalis incarnata,Pale Wood-sorrel,Reconsider Planting,True,introduced,Herb,9,Sep,True,False
Oxalis incarnata,Pale Wood-sorrel,Reconsider Planting,True,introduced,Herb,10,Oct,True,False
Oxalis incarnata,Pale Wood-sorrel,Reconsider Planting,True,introduced,Herb,11,Nov,True,False
Oxalis incarnata,Pale Wood-sorrel,Reconsider Planting,True,introduced,Herb,12,Dec,True,False
Oxalis latifolia,Fish-tail Wood-sorrel,Use Caution,True,introduced,Herb,1,Jan,True,False
Oxalis latifolia,Fish-tail Wood-sorrel,Use Caution,True,introduced,Herb,2,Feb,True,False
Oxalis latifolia,Fish-tail Wood-sorrel,Use Caution,True,introduced,Herb,3,Mar,True,False
Oxalis latifolia,Fish-tail Wood-sorrel,Use Caution,True,introduced,Herb,4,Apr,True,False
Oxalis latifolia,Fish-tail Wood-sorrel,Use Caution,True,introduced,Herb,5,May,True,False
Oxalis latifolia,Fish-tail Wood-sorrel,Use Caution,True,introduced,Herb,6,Jun,True,False
Oxalis latifolia,Fish-tail Wood-sorrel,Use Caution,True,introduced,Herb,7,Jul,False,False
Oxalis latifolia,Fish-tail Wood-sorrel,Use Caution,True,introduced,Herb,8,Aug,False,False
Oxalis latifolia,Fish-tail Wood-sorrel,Use Caution,True,introduced,Herb,9,Sep,False,False
Oxalis latifolia,Fish-tail Wood-sorrel,Use Caution,True,introduced,Herb,10,Oct,False,False
Oxalis latifolia,Fish-tail Wood-sorrel,Use Caution,True,introduced,Herb,11,Nov,False,False
Oxalis latifolia,Fish-tail Wood-sorrel,Use Caution,True,introduced,Herb,12,Dec,True,False
Oxalis perennans,Grassland Wood-sorrel,Not Assessed,False,native,Herb,1,Jan,True,False
Oxalis perennans,Grassland Wood-sorrel,Not Assessed,False,native,Herb,2,Feb,True,False
Oxalis perennans,Grassland Wood-sorrel,Not Assessed,False,native,Herb,3,Mar,True,False
Oxalis perennans,Grassland Wood-sorrel,Not Assessed,False,native,Herb,4,Apr,True,False
Oxalis perennans,Grassland Wood-sorrel,Not Assessed,False,native,Herb,5,May,True,False
Oxalis perennans,Grassland Wood-sorrel,Not Assessed,False,native,Herb,6,Jun,True,False
Oxalis perennans,Grassland Wood-sorrel,Not Assessed,False,native,Herb,7,Jul,True,False
Oxalis perennans,Grassland Wood-sorrel,Not Assessed,False,native,Herb,8,Aug,True,False
Oxalis perennans,Grassland Wood-sorrel,Not Assessed,False,native,Herb,9,Sep,True,False
Oxalis perennans,Grassland Wood-sorrel,Not Assessed,False,native,Herb,10,Oct,True,False
Oxalis perennans,Grassland Wood-sorrel,Not Assessed,False,native,Herb,11,Nov,True,False
Oxalis perennans,Grassland Wood-sorrel,Not Assessed,False,native,Herb,12,Dec,True,False
Oxalis pes-caprae,Soursob,Reconsider Planting,True,introduced,Herb,1,Jan,False,True
Oxalis pes-caprae,Soursob,Reconsider Planting,True,introduced,Herb,2,Feb,True,True
Oxalis pes-caprae,Soursob,Reconsider Planting,True,introduced,Herb,3,Mar,False,True
Oxalis pes-caprae,Soursob,Reconsider Planting,True,introduced,Herb,4,Apr,False,True
Oxalis pes-caprae,Soursob,Reconsider Planting,True,introduced,Herb,5,May,True,True
Oxalis pes-caprae,Soursob,Reconsider Planting,True,introduced,Herb,6,Jun,True,True
Oxalis pes-caprae,Soursob,Reconsider Planting,True,introduced,Herb,7,Jul,False,True
Oxalis pes-caprae,Soursob,Reconsider Planting,True,introduced,Herb,8,Aug,False,True
Oxalis pes-caprae,Soursob,Reconsider Planting,True,introduced,Herb,9,Sep,False,True
Oxalis pes-caprae,Soursob,Reconsider Planting,True,introduced,Herb,10,Oct,True,True
Oxalis pes-caprae,Soursob,Reconsider Planting,True,introduced,Herb,11,Nov,True,True
Oxalis pes-caprae,Soursob,Reconsider Planting,True,introduced,Herb,12,Dec,False,True
Oxalis purpurea,Large-flower Wood-sorrel,Reconsider Planting,True,introduced,Herb,1,Jan,False,False
Oxalis purpurea,Large-flower Wood-sorrel,Reconsider Planting,True,introduced,Herb,2,Feb,False,False
Oxalis purpurea,Large-flower Wood-sorrel,Reconsider Planting,True,introduced,Herb,3,Mar,False,False
Oxalis purpurea,Large-flower Wood-sorrel,Reconsider Planting,True,introduced,Herb,4,Apr,True,False
Oxalis purpurea,Large-flower Wood-sorrel,Reconsider Planting,True,introduced,Herb,5,May,False,False
Oxalis purpurea,Large-flower Wood-sorrel,Reconsider Planting,True,introduced,Herb,6,Jun,False,False
Oxalis purpurea,Large-flower Wood-sorrel,Reconsider Planting,True,introduced,Herb,7,Jul,False,False
Oxalis purpurea,Large-flower Wood-sorrel,Reconsider Planting,True,introduced,Herb,8,Aug,False,False
Oxalis purpurea,Large-flower Wood-sorrel,Reconsider Planting,True,introduced,Herb,9,Sep,False,False
Oxalis purpurea,Large-flower Wood-sorrel,Reconsider Planting,True,introduced,Herb,10,Oct,False,False
Oxalis purpurea,Large-flower Wood-sorrel,Reconsider Planting,True,introduced,Herb,11,Nov,True,False
Oxalis purpurea,Large-flower Wood-sorrel,Reconsider Planting,True,introduced,Herb,12,Dec,False,False
Ozothamnus ferrugineus,Tree Everlasting,Not Assessed,False,native,Tree,1,Jan,True,False
Ozothamnus ferrugineus,Tree Everlasting,Not Assessed,False,native,Tree,2,Feb,True,False
Ozothamnus ferrugineus,Tree Everlasting,Not Assessed,False,native,Tree,3,Mar,True,False
Ozothamnus ferrugineus,Tree Everlasting,Not Assessed,False,native,Tree,4,Apr,True,False
Ozothamnus ferrugineus,Tree Everlasting,Not Assessed,False,native,Tree,5,May,True,False
Ozothamnus ferrugineus,Tree Everlasting,Not Assessed,False,native,Tree,6,Jun,False,False
Ozothamnus ferrugineus,Tree Everlasting,Not Assessed,False,native,Tree,7,Jul,False,False
Ozothamnus ferrugineus,Tree Everlasting,Not Assessed,False,native,Tree,8,Aug,False,False
Ozothamnus ferrugineus,Tree Everlasting,Not Assessed,False,native,Tree,9,Sep,False,False
Ozothamnus ferrugineus,Tree Everlasting,Not Assessed,False,native,Tree,10,Oct,False,False
Ozothamnus ferrugineus,Tree Everlasting,Not Assessed,False,native,Tree,11,Nov,True,False
Ozothamnus ferrugineus,Tree Everlasting,Not Assessed,False,native,Tree,12,Dec,True,False
Ozothamnus obcordatus,Grey Everlasting,Not Assessed,False,native,Shrub,1,Jan,True,False
Ozothamnus obcordatus,Grey Everlasting,Not Assessed,False,native,Shrub,2,Feb,False,False
Ozothamnus obcordatus,Grey Everlasting,Not Assessed,False,native,Shrub,3,Mar,False,False
Ozothamnus obcordatus,Grey Everlasting,Not Assessed,False,native,Shrub,4,Apr,False,False
Ozothamnus obcordatus,Grey Everlasting,Not Assessed,False,native,Shrub,5,May,False,False
Ozothamnus obcordatus,Grey Everlasting,Not Assessed,False,native,Shrub,6,Jun,False,False
Ozothamnus obcordatus,Grey Everlasting,Not Assessed,False,native,Shrub,7,Jul,False,False
Ozothamnus obcordatus,Grey Everlasting,Not Assessed,False,native,Shrub,8,Aug,False,False
Ozothamnus obcordatus,Grey Everlasting,Not Assessed,False,native,Shrub,9,Sep,True,False
Ozothamnus obcordatus,Grey Everlasting,Not Assessed,False,native,Shrub,10,Oct,True,False
Ozothamnus obcordatus,Grey Everlasting,Not Assessed,False,native,Shrub,11,Nov,True,False
Ozothamnus obcordatus,Grey Everlasting,Not Assessed,False,native,Shrub,12,Dec,True,False
Panicum effusum,Hairy Panic,Not Assessed,False,native,Grass,1,Jan,True,False
Panicum effusum,Hairy Panic,Not Assessed,False,native,Grass,2,Feb,True,False
Panicum effusum,Hairy Panic,Not Assessed,False,native,Grass,3,Mar,True,False
Panicum effusum,Hairy Panic,Not Assessed,False,native,Grass,4,Apr,True,False
Panicum effusum,Hairy Panic,Not Assessed,False,native,Grass,5,May,True,False
Panicum effusum,Hairy Panic,Not Assessed,False,native,Grass,6,Jun,True,False
Panicum effusum,Hairy Panic,Not Assessed,False,native,Grass,7,Jul,True,False
Panicum effusum,Hairy Panic,Not Assessed,False,native,Grass,8,Aug,True,False
Panicum effusum,Hairy Panic,Not Assessed,False,native,Grass,9,Sep,True,False
Panicum effusum,Hairy Panic,Not Assessed,False,native,Grass,10,Oct,True,False
Panicum effusum,Hairy Panic,Not Assessed,False,native,Grass,11,Nov,True,False
Panicum effusum,Hairy Panic,Not Assessed,False,native,Grass,12,Dec,True,False
Panicum miliaceum,Common Millet,Lower Concern,False,introduced,Grass,1,Jan,True,False
Panicum miliaceum,Common Millet,Lower Concern,False,introduced,Grass,2,Feb,True,False
Panicum miliaceum,Common Millet,Lower Concern,False,introduced,Grass,3,Mar,False,False
Panicum miliaceum,Common Millet,Lower Concern,False,introduced,Grass,4,Apr,False,False
Panicum miliaceum,Common Millet,Lower Concern,False,introduced,Grass,5,May,False,False
Panicum miliaceum,Common Millet,Lower Concern,False,introduced,Grass,6,Jun,False,False
Panicum miliaceum,Common Millet,Lower Concern,False,introduced,Grass,7,Jul,False,False
Panicum miliaceum,Common Millet,Lower Concern,False,introduced,Grass,8,Aug,False,False
Panicum miliaceum,Common Millet,Lower Concern,False,introduced,Grass,9,Sep,False,False
Panicum miliaceum,Common Millet,Lower Concern,False,introduced,Grass,10,Oct,False,False
Panicum miliaceum,Common Millet,Lower Concern,False,introduced,Grass,11,Nov,False,False
Panicum miliaceum,Common Millet,Lower Concern,False,introduced,Grass,12,Dec,True,False
Paraserianthes lophantha,Cape Leeuwin Wattle,Reconsider Planting,True,introduced,Tree,1,Jan,False,False
Paraserianthes lophantha,Cape Leeuwin Wattle,Reconsider Planting,True,introduced,Tree,2,Feb,True,False
Paraserianthes lophantha,Cape Leeuwin Wattle,Reconsider Planting,True,introduced,Tree,3,Mar,True,False
Paraserianthes lophantha,Cape Leeuwin Wattle,Reconsider Planting,True,introduced,Tree,4,Apr,True,False
Paraserianthes lophantha,Cape Leeuwin Wattle,Reconsider Planting,True,introduced,Tree,5,May,True,False
Paraserianthes lophantha,Cape Leeuwin Wattle,Reconsider Planting,True,introduced,Tree,6,Jun,True,False
Paraserianthes lophantha,Cape Leeuwin Wattle,Reconsider Planting,True,introduced,Tree,7,Jul,True,False
Paraserianthes lophantha,Cape Leeuwin Wattle,Reconsider Planting,True,introduced,Tree,8,Aug,True,False
Paraserianthes lophantha,Cape Leeuwin Wattle,Reconsider Planting,True,introduced,Tree,9,Sep,True,False
Paraserianthes lophantha,Cape Leeuwin Wattle,Reconsider Planting,True,introduced,Tree,10,Oct,True,False
Paraserianthes lophantha,Cape Leeuwin Wattle,Reconsider Planting,True,introduced,Tree,11,Nov,False,False
Paraserianthes lophantha,Cape Leeuwin Wattle,Reconsider Planting,True,introduced,Tree,12,Dec,False,False
Paraserianthes lophantha subsp. lophantha,Cape Wattle | Crested Wattle,Reconsider Planting,True,introduced,Tree,1,Jan,False,False
Paraserianthes lophantha subsp. lophantha,Cape Wattle | Crested Wattle,Reconsider Planting,True,introduced,Tree,2,Feb,True,False
Paraserianthes lophantha subsp. lophantha,Cape Wattle | Crested Wattle,Reconsider Planting,True,introduced,Tree,3,Mar,True,False
Paraserianthes lophantha subsp. lophantha,Cape Wattle | Crested Wattle,Reconsider Planting,True,introduced,Tree,4,Apr,True,False
Paraserianthes lophantha subsp. lophantha,Cape Wattle | Crested Wattle,Reconsider Planting,True,introduced,Tree,5,May,True,False
Paraserianthes lophantha subsp. lophantha,Cape Wattle | Crested Wattle,Reconsider Planting,True,introduced,Tree,6,Jun,True,False
Paraserianthes lophantha subsp. lophantha,Cape Wattle | Crested Wattle,Reconsider Planting,True,introduced,Tree,7,Jul,True,False
Paraserianthes lophantha subsp. lophantha,Cape Wattle | Crested Wattle,Reconsider Planting,True,introduced,Tree,8,Aug,True,False
Paraserianthes lophantha subsp. lophantha,Cape Wattle | Crested Wattle,Reconsider Planting,True,introduced,Tree,9,Sep,True,False
Paraserianthes lophantha subsp. lophantha,Cape Wattle | Crested Wattle,Reconsider Planting,True,introduced,Tree,10,Oct,True,False
Paraserianthes lophantha subsp. lophantha,Cape Wattle | Crested Wattle,Reconsider Planting,True,introduced,Tree,11,Nov,False,False
Paraserianthes lophantha subsp. lophantha,Cape Wattle | Crested Wattle,Reconsider Planting,True,introduced,Tree,12,Dec,False,False
Paronychia brasiliana,Whitlow Wort,Use Caution,True,introduced,Herb,1,Jan,False,False
Paronychia brasiliana,Whitlow Wort,Use Caution,True,introduced,Herb,2,Feb,False,False
Paronychia brasiliana,Whitlow Wort,Use Caution,True,introduced,Herb,3,Mar,False,False
Paronychia brasiliana,Whitlow Wort,Use Caution,True,introduced,Herb,4,Apr,False,False
Paronychia brasiliana,Whitlow Wort,Use Caution,True,introduced,Herb,5,May,False,False
Paronychia brasiliana,Whitlow Wort,Use Caution,True,introduced,Herb,6,Jun,False,False
Paronychia brasiliana,Whitlow Wort,Use Caution,True,introduced,Herb,7,Jul,False,False
Paronychia brasiliana,Whitlow Wort,Use Caution,True,introduced,Herb,8,Aug,False,False
Paronychia brasiliana,Whitlow Wort,Use Caution,True,introduced,Herb,9,Sep,True,False
Paronychia brasiliana,Whitlow Wort,Use Caution,True,introduced,Herb,10,Oct,False,False
Paronychia brasiliana,Whitlow Wort,Use Caution,True,introduced,Herb,11,Nov,False,False
Paronychia brasiliana,Whitlow Wort,Use Caution,True,introduced,Herb,12,Dec,False,False
Paspalum dilatatum,Paspalum,Use Caution,True,introduced,Grass,1,Jan,True,False
Paspalum dilatatum,Paspalum,Use Caution,True,introduced,Grass,2,Feb,True,False
Paspalum dilatatum,Paspalum,Use Caution,True,introduced,Grass,3,Mar,True,False
Paspalum dilatatum,Paspalum,Use Caution,True,introduced,Grass,4,Apr,True,False
Paspalum dilatatum,Paspalum,Use Caution,True,introduced,Grass,5,May,True,False
Paspalum dilatatum,Paspalum,Use Caution,True,introduced,Grass,6,Jun,False,False
Paspalum dilatatum,Paspalum,Use Caution,True,introduced,Grass,7,Jul,False,False
Paspalum dilatatum,Paspalum,Use Caution,True,introduced,Grass,8,Aug,False,False
Paspalum dilatatum,Paspalum,Use Caution,True,introduced,Grass,9,Sep,False,False
Paspalum dilatatum,Paspalum,Use Caution,True,introduced,Grass,10,Oct,False,False
Paspalum dilatatum,Paspalum,Use Caution,True,introduced,Grass,11,Nov,False,False
Paspalum dilatatum,Paspalum,Use Caution,True,introduced,Grass,12,Dec,True,False
Paspalum distichum,Water Couch,Reconsider Planting,True,introduced,Grass,1,Jan,True,False
Paspalum distichum,Water Couch,Reconsider Planting,True,introduced,Grass,2,Feb,True,False
Paspalum distichum,Water Couch,Reconsider Planting,True,introduced,Grass,3,Mar,False,False
Paspalum distichum,Water Couch,Reconsider Planting,True,introduced,Grass,4,Apr,False,False
Paspalum distichum,Water Couch,Reconsider Planting,True,introduced,Grass,5,May,False,False
Paspalum distichum,Water Couch,Reconsider Planting,True,introduced,Grass,6,Jun,False,False
Paspalum distichum,Water Couch,Reconsider Planting,True,introduced,Grass,7,Jul,False,False
Paspalum distichum,Water Couch,Reconsider Planting,True,introduced,Grass,8,Aug,False,False
Paspalum distichum,Water Couch,Reconsider Planting,True,introduced,Grass,9,Sep,False,False
Paspalum distichum,Water Couch,Reconsider Planting,True,introduced,Grass,10,Oct,False,False
Paspalum distichum,Water Couch,Reconsider Planting,True,introduced,Grass,11,Nov,False,False
Paspalum distichum,Water Couch,Reconsider Planting,True,introduced,Grass,12,Dec,True,False
Paspalum quadrifarium,Golden-top Grass,Lower Concern,False,introduced,Grass,1,Jan,True,False
Paspalum quadrifarium,Golden-top Grass,Lower Concern,False,introduced,Grass,2,Feb,True,False
Paspalum quadrifarium,Golden-top Grass,Lower Concern,False,introduced,Grass,3,Mar,True,False
Paspalum quadrifarium,Golden-top Grass,Lower Concern,False,introduced,Grass,4,Apr,True,False
Paspalum quadrifarium,Golden-top Grass,Lower Concern,False,introduced,Grass,5,May,True,False
Paspalum quadrifarium,Golden-top Grass,Lower Concern,False,introduced,Grass,6,Jun,False,False
Paspalum quadrifarium,Golden-top Grass,Lower Concern,False,introduced,Grass,7,Jul,False,False
Paspalum quadrifarium,Golden-top Grass,Lower Concern,False,introduced,Grass,8,Aug,False,False
Paspalum quadrifarium,Golden-top Grass,Lower Concern,False,introduced,Grass,9,Sep,True,False
Paspalum quadrifarium,Golden-top Grass,Lower Concern,False,introduced,Grass,10,Oct,True,False
Paspalum quadrifarium,Golden-top Grass,Lower Concern,False,introduced,Grass,11,Nov,True,False
Paspalum quadrifarium,Golden-top Grass,Lower Concern,False,introduced,Grass,12,Dec,True,False
Patersonia occidentalis,Long Purple-flag,Not Assessed,False,native,Herb,1,Jan,True,False
Patersonia occidentalis,Long Purple-flag,Not Assessed,False,native,Herb,2,Feb,False,False
Patersonia occidentalis,Long Purple-flag,Not Assessed,False,native,Herb,3,Mar,False,False
Patersonia occidentalis,Long Purple-flag,Not Assessed,False,native,Herb,4,Apr,True,False
Patersonia occidentalis,Long Purple-flag,Not Assessed,False,native,Herb,5,May,True,False
Patersonia occidentalis,Long Purple-flag,Not Assessed,False,native,Herb,6,Jun,True,False
Patersonia occidentalis,Long Purple-flag,Not Assessed,False,native,Herb,7,Jul,True,False
Patersonia occidentalis,Long Purple-flag,Not Assessed,False,native,Herb,8,Aug,True,False
Patersonia occidentalis,Long Purple-flag,Not Assessed,False,native,Herb,9,Sep,True,False
Patersonia occidentalis,Long Purple-flag,Not Assessed,False,native,Herb,10,Oct,True,False
Patersonia occidentalis,Long Purple-flag,Not Assessed,False,native,Herb,11,Nov,True,False
Patersonia occidentalis,Long Purple-flag,Not Assessed,False,native,Herb,12,Dec,True,False
Patersonia occidentalis var. occidentalis,Long Purple-flag,Not Assessed,False,native,Herb,1,Jan,True,False
Patersonia occidentalis var. occidentalis,Long Purple-flag,Not Assessed,False,native,Herb,2,Feb,False,False
Patersonia occidentalis var. occidentalis,Long Purple-flag,Not Assessed,False,native,Herb,3,Mar,False,False
Patersonia occidentalis var. occidentalis,Long Purple-flag,Not Assessed,False,native,Herb,4,Apr,True,False
Patersonia occidentalis var. occidentalis,Long Purple-flag,Not Assessed,False,native,Herb,5,May,True,False
Patersonia occidentalis var. occidentalis,Long Purple-flag,Not Assessed,False,native,Herb,6,Jun,True,False
Patersonia occidentalis var. occidentalis,Long Purple-flag,Not Assessed,False,native,Herb,7,Jul,True,False
Patersonia occidentalis var. occidentalis,Long Purple-flag,Not Assessed,False,native,Herb,8,Aug,True,False
Patersonia occidentalis var. occidentalis,Long Purple-flag,Not Assessed,False,native,Herb,9,Sep,True,False
Patersonia occidentalis var. occidentalis,Long Purple-flag,Not Assessed,False,native,Herb,10,Oct,True,False
Patersonia occidentalis var. occidentalis,Long Purple-flag,Not Assessed,False,native,Herb,11,Nov,True,False
Patersonia occidentalis var. occidentalis,Long Purple-flag,Not Assessed,False,native,Herb,12,Dec,True,False
Pauridia glabella,,Not Assessed,False,native,Herb,1,Jan,True,False
Pauridia glabella,,Not Assessed,False,native,Herb,2,Feb,True,False
Pauridia glabella,,Not Assessed,False,native,Herb,3,Mar,True,False
Pauridia glabella,,Not Assessed,False,native,Herb,4,Apr,True,False
Pauridia glabella,,Not Assessed,False,native,Herb,5,May,False,False
Pauridia glabella,,Not Assessed,False,native,Herb,6,Jun,False,False
Pauridia glabella,,Not Assessed,False,native,Herb,7,Jul,True,False
Pauridia glabella,,Not Assessed,False,native,Herb,8,Aug,True,False
Pauridia glabella,,Not Assessed,False,native,Herb,9,Sep,True,False
Pauridia glabella,,Not Assessed,False,native,Herb,10,Oct,True,False
Pauridia glabella,,Not Assessed,False,native,Herb,11,Nov,True,False
Pauridia glabella,,Not Assessed,False,native,Herb,12,Dec,True,False
Pauridia glabella var. glabella,Tiny Star,Not Assessed,False,native,Herb,1,Jan,True,False
Pauridia glabella var. glabella,Tiny Star,Not Assessed,False,native,Herb,2,Feb,True,False
Pauridia glabella var. glabella,Tiny Star,Not Assessed,False,native,Herb,3,Mar,True,False
Pauridia glabella var. glabella,Tiny Star,Not Assessed,False,native,Herb,4,Apr,True,False
Pauridia glabella var. glabella,Tiny Star,Not Assessed,False,native,Herb,5,May,False,False
Pauridia glabella var. glabella,Tiny Star,Not Assessed,False,native,Herb,6,Jun,False,False
Pauridia glabella var. glabella,Tiny Star,Not Assessed,False,native,Herb,7,Jul,True,False
Pauridia glabella var. glabella,Tiny Star,Not Assessed,False,native,Herb,8,Aug,True,False
Pauridia glabella var. glabella,Tiny Star,Not Assessed,False,native,Herb,9,Sep,True,False
Pauridia glabella var. glabella,Tiny Star,Not Assessed,False,native,Herb,10,Oct,True,False
Pauridia glabella var. glabella,Tiny Star,Not Assessed,False,native,Herb,11,Nov,True,False
Pauridia glabella var. glabella,Tiny Star,Not Assessed,False,native,Herb,12,Dec,True,False
Pauridia vaginata,Yellow Star,Not Assessed,False,native,Herb,1,Jan,False,False
Pauridia vaginata,Yellow Star,Not Assessed,False,native,Herb,2,Feb,False,False
Pauridia vaginata,Yellow Star,Not Assessed,False,native,Herb,3,Mar,False,False
Pauridia vaginata,Yellow Star,Not Assessed,False,native,Herb,4,Apr,False,False
Pauridia vaginata,Yellow Star,Not Assessed,False,native,Herb,5,May,False,False
Pauridia vaginata,Yellow Star,Not Assessed,False,native,Herb,6,Jun,False,False
Pauridia vaginata,Yellow Star,Not Assessed,False,native,Herb,7,Jul,True,False
Pauridia vaginata,Yellow Star,Not Assessed,False,native,Herb,8,Aug,True,False
Pauridia vaginata,Yellow Star,Not Assessed,False,native,Herb,9,Sep,True,False
Pauridia vaginata,Yellow Star,Not Assessed,False,native,Herb,10,Oct,True,False
Pauridia vaginata,Yellow Star,Not Assessed,False,native,Herb,11,Nov,True,False
Pauridia vaginata,Yellow Star,Not Assessed,False,native,Herb,12,Dec,False,False
Pauridia vaginata var. vaginata,Yellow Star,Not Assessed,False,native,Herb,1,Jan,False,False
Pauridia vaginata var. vaginata,Yellow Star,Not Assessed,False,native,Herb,2,Feb,False,False
Pauridia vaginata var. vaginata,Yellow Star,Not Assessed,False,native,Herb,3,Mar,False,False
Pauridia vaginata var. vaginata,Yellow Star,Not Assessed,False,native,Herb,4,Apr,False,False
Pauridia vaginata var. vaginata,Yellow Star,Not Assessed,False,native,Herb,5,May,False,False
Pauridia vaginata var. vaginata,Yellow Star,Not Assessed,False,native,Herb,6,Jun,False,False
Pauridia vaginata var. vaginata,Yellow Star,Not Assessed,False,native,Herb,7,Jul,True,False
Pauridia vaginata var. vaginata,Yellow Star,Not Assessed,False,native,Herb,8,Aug,True,False
Pauridia vaginata var. vaginata,Yellow Star,Not Assessed,False,native,Herb,9,Sep,True,False
Pauridia vaginata var. vaginata,Yellow Star,Not Assessed,False,native,Herb,10,Oct,True,False
Pauridia vaginata var. vaginata,Yellow Star,Not Assessed,False,native,Herb,11,Nov,True,False
Pauridia vaginata var. vaginata,Yellow Star,Not Assessed,False,native,Herb,12,Dec,False,False
Pelargonium australe,Austral Stork's-bill,Not Assessed,False,native,Herb,1,Jan,True,False
Pelargonium australe,Austral Stork's-bill,Not Assessed,False,native,Herb,2,Feb,True,False
Pelargonium australe,Austral Stork's-bill,Not Assessed,False,native,Herb,3,Mar,True,False
Pelargonium australe,Austral Stork's-bill,Not Assessed,False,native,Herb,4,Apr,True,False
Pelargonium australe,Austral Stork's-bill,Not Assessed,False,native,Herb,5,May,True,False
Pelargonium australe,Austral Stork's-bill,Not Assessed,False,native,Herb,6,Jun,True,False
Pelargonium australe,Austral Stork's-bill,Not Assessed,False,native,Herb,7,Jul,True,False
Pelargonium australe,Austral Stork's-bill,Not Assessed,False,native,Herb,8,Aug,True,False
Pelargonium australe,Austral Stork's-bill,Not Assessed,False,native,Herb,9,Sep,True,False
Pelargonium australe,Austral Stork's-bill,Not Assessed,False,native,Herb,10,Oct,True,False
Pelargonium australe,Austral Stork's-bill,Not Assessed,False,native,Herb,11,Nov,True,False
Pelargonium australe,Austral Stork's-bill,Not Assessed,False,native,Herb,12,Dec,True,False
Pelargonium inodorum,Kopata,Not Assessed,False,native,Herb,1,Jan,True,False
Pelargonium inodorum,Kopata,Not Assessed,False,native,Herb,2,Feb,True,False
Pelargonium inodorum,Kopata,Not Assessed,False,native,Herb,3,Mar,True,False
Pelargonium inodorum,Kopata,Not Assessed,False,native,Herb,4,Apr,False,False
Pelargonium inodorum,Kopata,Not Assessed,False,native,Herb,5,May,False,False
Pelargonium inodorum,Kopata,Not Assessed,False,native,Herb,6,Jun,False,False
Pelargonium inodorum,Kopata,Not Assessed,False,native,Herb,7,Jul,False,False
Pelargonium inodorum,Kopata,Not Assessed,False,native,Herb,8,Aug,False,False
Pelargonium inodorum,Kopata,Not Assessed,False,native,Herb,9,Sep,True,False
Pelargonium inodorum,Kopata,Not Assessed,False,native,Herb,10,Oct,True,False
Pelargonium inodorum,Kopata,Not Assessed,False,native,Herb,11,Nov,True,False
Pelargonium inodorum,Kopata,Not Assessed,False,native,Herb,12,Dec,True,False
Pelargonium ×domesticum,Garden Geranium,Not Assessed,False,introduced,,1,Jan,,False
Pelargonium ×domesticum,Garden Geranium,Not Assessed,False,introduced,,2,Feb,,False
Pelargonium ×domesticum,Garden Geranium,Not Assessed,False,introduced,,3,Mar,,False
Pelargonium ×domesticum,Garden Geranium,Not Assessed,False,introduced,,4,Apr,,False
Pelargonium ×domesticum,Garden Geranium,Not Assessed,False,introduced,,5,May,,False
Pelargonium ×domesticum,Garden Geranium,Not Assessed,False,introduced,,6,Jun,,False
Pelargonium ×domesticum,Garden Geranium,Not Assessed,False,introduced,,7,Jul,,False
Pelargonium ×domesticum,Garden Geranium,Not Assessed,False,introduced,,8,Aug,,False
Pelargonium ×domesticum,Garden Geranium,Not Assessed,False,introduced,,9,Sep,,False
Pelargonium ×domesticum,Garden Geranium,Not Assessed,False,introduced,,10,Oct,,False
Pelargonium ×domesticum,Garden Geranium,Not Assessed,False,introduced,,11,Nov,,False
Pelargonium ×domesticum,Garden Geranium,Not Assessed,False,introduced,,12,Dec,,False
Pentapogon quadrifidus,Five-awned Spear-grass,Not Assessed,False,native,Grass,1,Jan,True,False
Pentapogon quadrifidus,Five-awned Spear-grass,Not Assessed,False,native,Grass,2,Feb,True,False
Pentapogon quadrifidus,Five-awned Spear-grass,Not Assessed,False,native,Grass,3,Mar,False,False
Pentapogon quadrifidus,Five-awned Spear-grass,Not Assessed,False,native,Grass,4,Apr,False,False
Pentapogon quadrifidus,Five-awned Spear-grass,Not Assessed,False,native,Grass,5,May,False,False
Pentapogon quadrifidus,Five-awned Spear-grass,Not Assessed,False,native,Grass,6,Jun,False,False
Pentapogon quadrifidus,Five-awned Spear-grass,Not Assessed,False,native,Grass,7,Jul,False,False
Pentapogon quadrifidus,Five-awned Spear-grass,Not Assessed,False,native,Grass,8,Aug,False,False
Pentapogon quadrifidus,Five-awned Spear-grass,Not Assessed,False,native,Grass,9,Sep,True,False
Pentapogon quadrifidus,Five-awned Spear-grass,Not Assessed,False,native,Grass,10,Oct,True,False
Pentapogon quadrifidus,Five-awned Spear-grass,Not Assessed,False,native,Grass,11,Nov,True,False
Pentapogon quadrifidus,Five-awned Spear-grass,Not Assessed,False,native,Grass,12,Dec,True,False
Pentapogon quadrifidus var. quadrifidus,Five-awned Spear-grass,Not Assessed,False,native,Grass,1,Jan,True,False
Pentapogon quadrifidus var. quadrifidus,Five-awned Spear-grass,Not Assessed,False,native,Grass,2,Feb,True,False
Pentapogon quadrifidus var. quadrifidus,Five-awned Spear-grass,Not Assessed,False,native,Grass,3,Mar,False,False
Pentapogon quadrifidus var. quadrifidus,Five-awned Spear-grass,Not Assessed,False,native,Grass,4,Apr,False,False
Pentapogon quadrifidus var. quadrifidus,Five-awned Spear-grass,Not Assessed,False,native,Grass,5,May,False,False
Pentapogon quadrifidus var. quadrifidus,Five-awned Spear-grass,Not Assessed,False,native,Grass,6,Jun,False,False
Pentapogon quadrifidus var. quadrifidus,Five-awned Spear-grass,Not Assessed,False,native,Grass,7,Jul,False,False
Pentapogon quadrifidus var. quadrifidus,Five-awned Spear-grass,Not Assessed,False,native,Grass,8,Aug,False,False
Pentapogon quadrifidus var. quadrifidus,Five-awned Spear-grass,Not Assessed,False,native,Grass,9,Sep,True,False
Pentapogon quadrifidus var. quadrifidus,Five-awned Spear-grass,Not Assessed,False,native,Grass,10,Oct,True,False
Pentapogon quadrifidus var. quadrifidus,Five-awned Spear-grass,Not Assessed,False,native,Grass,11,Nov,True,False
Pentapogon quadrifidus var. quadrifidus,Five-awned Spear-grass,Not Assessed,False,native,Grass,12,Dec,True,False
Persicaria decipiens,Slender Knotweed,Not Assessed,False,native,Herb,1,Jan,True,False
Persicaria decipiens,Slender Knotweed,Not Assessed,False,native,Herb,2,Feb,True,False
Persicaria decipiens,Slender Knotweed,Not Assessed,False,native,Herb,3,Mar,True,False
Persicaria decipiens,Slender Knotweed,Not Assessed,False,native,Herb,4,Apr,True,False
Persicaria decipiens,Slender Knotweed,Not Assessed,False,native,Herb,5,May,True,False
Persicaria decipiens,Slender Knotweed,Not Assessed,False,native,Herb,6,Jun,True,False
Persicaria decipiens,Slender Knotweed,Not Assessed,False,native,Herb,7,Jul,True,False
Persicaria decipiens,Slender Knotweed,Not Assessed,False,native,Herb,8,Aug,True,False
Persicaria decipiens,Slender Knotweed,Not Assessed,False,native,Herb,9,Sep,True,False
Persicaria decipiens,Slender Knotweed,Not Assessed,False,native,Herb,10,Oct,True,False
Persicaria decipiens,Slender Knotweed,Not Assessed,False,native,Herb,11,Nov,True,False
Persicaria decipiens,Slender Knotweed,Not Assessed,False,native,Herb,12,Dec,True,False
Persicaria hydropiper,Water Pepper,Lower Concern,False,uncertain,Herb,1,Jan,True,False
Persicaria hydropiper,Water Pepper,Lower Concern,False,uncertain,Herb,2,Feb,True,False
Persicaria hydropiper,Water Pepper,Lower Concern,False,uncertain,Herb,3,Mar,True,False
Persicaria hydropiper,Water Pepper,Lower Concern,False,uncertain,Herb,4,Apr,True,False
Persicaria hydropiper,Water Pepper,Lower Concern,False,uncertain,Herb,5,May,True,False
Persicaria hydropiper,Water Pepper,Lower Concern,False,uncertain,Herb,6,Jun,True,False
Persicaria hydropiper,Water Pepper,Lower Concern,False,uncertain,Herb,7,Jul,True,False
Persicaria hydropiper,Water Pepper,Lower Concern,False,uncertain,Herb,8,Aug,True,False
Persicaria hydropiper,Water Pepper,Lower Concern,False,uncertain,Herb,9,Sep,True,False
Persicaria hydropiper,Water Pepper,Lower Concern,False,uncertain,Herb,10,Oct,True,False
Persicaria hydropiper,Water Pepper,Lower Concern,False,uncertain,Herb,11,Nov,True,False
Persicaria hydropiper,Water Pepper,Lower Concern,False,uncertain,Herb,12,Dec,True,False
Persicaria maculosa,Redshank,Reconsider Planting,True,introduced,Herb,1,Jan,,False
Persicaria maculosa,Redshank,Reconsider Planting,True,introduced,Herb,2,Feb,,False
Persicaria maculosa,Redshank,Reconsider Planting,True,introduced,Herb,3,Mar,,False
Persicaria maculosa,Redshank,Reconsider Planting,True,introduced,Herb,4,Apr,,False
Persicaria maculosa,Redshank,Reconsider Planting,True,introduced,Herb,5,May,,False
Persicaria maculosa,Redshank,Reconsider Planting,True,introduced,Herb,6,Jun,,False
Persicaria maculosa,Redshank,Reconsider Planting,True,introduced,Herb,7,Jul,,False
Persicaria maculosa,Redshank,Reconsider Planting,True,introduced,Herb,8,Aug,,False
Persicaria maculosa,Redshank,Reconsider Planting,True,introduced,Herb,9,Sep,,False
Persicaria maculosa,Redshank,Reconsider Planting,True,introduced,Herb,10,Oct,,False
Persicaria maculosa,Redshank,Reconsider Planting,True,introduced,Herb,11,Nov,,False
Persicaria maculosa,Redshank,Reconsider Planting,True,introduced,Herb,12,Dec,,False
Persicaria odorata,Vietnamese Mint,Lower Concern,False,introduced,Herb,1,Jan,,False
Persicaria odorata,Vietnamese Mint,Lower Concern,False,introduced,Herb,2,Feb,,False
Persicaria odorata,Vietnamese Mint,Lower Concern,False,introduced,Herb,3,Mar,,False
Persicaria odorata,Vietnamese Mint,Lower Concern,False,introduced,Herb,4,Apr,,False
Persicaria odorata,Vietnamese Mint,Lower Concern,False,introduced,Herb,5,May,,False
Persicaria odorata,Vietnamese Mint,Lower Concern,False,introduced,Herb,6,Jun,,False
Persicaria odorata,Vietnamese Mint,Lower Concern,False,introduced,Herb,7,Jul,,False
Persicaria odorata,Vietnamese Mint,Lower Concern,False,introduced,Herb,8,Aug,,False
Persicaria odorata,Vietnamese Mint,Lower Concern,False,introduced,Herb,9,Sep,,False
Persicaria odorata,Vietnamese Mint,Lower Concern,False,introduced,Herb,10,Oct,,False
Persicaria odorata,Vietnamese Mint,Lower Concern,False,introduced,Herb,11,Nov,,False
Persicaria odorata,Vietnamese Mint,Lower Concern,False,introduced,Herb,12,Dec,,False
Persicaria praetermissa,Spotted Knotweed,Not Assessed,False,native,Herb,1,Jan,True,False
Persicaria praetermissa,Spotted Knotweed,Not Assessed,False,native,Herb,2,Feb,True,False
Persicaria praetermissa,Spotted Knotweed,Not Assessed,False,native,Herb,3,Mar,True,False
Persicaria praetermissa,Spotted Knotweed,Not Assessed,False,native,Herb,4,Apr,True,False
Persicaria praetermissa,Spotted Knotweed,Not Assessed,False,native,Herb,5,May,True,False
Persicaria praetermissa,Spotted Knotweed,Not Assessed,False,native,Herb,6,Jun,False,False
Persicaria praetermissa,Spotted Knotweed,Not Assessed,False,native,Herb,7,Jul,False,False
Persicaria praetermissa,Spotted Knotweed,Not Assessed,False,native,Herb,8,Aug,False,False
Persicaria praetermissa,Spotted Knotweed,Not Assessed,False,native,Herb,9,Sep,False,False
Persicaria praetermissa,Spotted Knotweed,Not Assessed,False,native,Herb,10,Oct,False,False
Persicaria praetermissa,Spotted Knotweed,Not Assessed,False,native,Herb,11,Nov,True,False
Persicaria praetermissa,Spotted Knotweed,Not Assessed,False,native,Herb,12,Dec,True,False
Persoonia juniperina,Prickly Geebung,Not Assessed,False,native,Shrub,1,Jan,True,False
Persoonia juniperina,Prickly Geebung,Not Assessed,False,native,Shrub,2,Feb,True,False
Persoonia juniperina,Prickly Geebung,Not Assessed,False,native,Shrub,3,Mar,True,False
Persoonia juniperina,Prickly Geebung,Not Assessed,False,native,Shrub,4,Apr,True,False
Persoonia juniperina,Prickly Geebung,Not Assessed,False,native,Shrub,5,May,True,False
Persoonia juniperina,Prickly Geebung,Not Assessed,False,native,Shrub,6,Jun,False,False
Persoonia juniperina,Prickly Geebung,Not Assessed,False,native,Shrub,7,Jul,False,False
Persoonia juniperina,Prickly Geebung,Not Assessed,False,native,Shrub,8,Aug,False,False
Persoonia juniperina,Prickly Geebung,Not Assessed,False,native,Shrub,9,Sep,False,False
Persoonia juniperina,Prickly Geebung,Not Assessed,False,native,Shrub,10,Oct,False,False
Persoonia juniperina,Prickly Geebung,Not Assessed,False,native,Shrub,11,Nov,False,False
Persoonia juniperina,Prickly Geebung,Not Assessed,False,native,Shrub,12,Dec,True,False
Phalaris aquatica,Toowoomba Canary-grass,Reconsider Planting,True,introduced,Grass,1,Jan,False,False
Phalaris aquatica,Toowoomba Canary-grass,Reconsider Planting,True,introduced,Grass,2,Feb,False,False
Phalaris aquatica,Toowoomba Canary-grass,Reconsider Planting,True,introduced,Grass,3,Mar,False,False
Phalaris aquatica,Toowoomba Canary-grass,Reconsider Planting,True,introduced,Grass,4,Apr,False,False
Phalaris aquatica,Toowoomba Canary-grass,Reconsider Planting,True,introduced,Grass,5,May,False,False
Phalaris aquatica,Toowoomba Canary-grass,Reconsider Planting,True,introduced,Grass,6,Jun,False,False
Phalaris aquatica,Toowoomba Canary-grass,Reconsider Planting,True,introduced,Grass,7,Jul,False,False
Phalaris aquatica,Toowoomba Canary-grass,Reconsider Planting,True,introduced,Grass,8,Aug,False,False
Phalaris aquatica,Toowoomba Canary-grass,Reconsider Planting,True,introduced,Grass,9,Sep,True,False
Phalaris aquatica,Toowoomba Canary-grass,Reconsider Planting,True,introduced,Grass,10,Oct,True,False
Phalaris aquatica,Toowoomba Canary-grass,Reconsider Planting,True,introduced,Grass,11,Nov,True,False
Phalaris aquatica,Toowoomba Canary-grass,Reconsider Planting,True,introduced,Grass,12,Dec,False,False
Phalaris arundinacea,Reed Canary-grass,Reconsider Planting,True,introduced,Grass,1,Jan,False,False
Phalaris arundinacea,Reed Canary-grass,Reconsider Planting,True,introduced,Grass,2,Feb,False,False
Phalaris arundinacea,Reed Canary-grass,Reconsider Planting,True,introduced,Grass,3,Mar,False,False
Phalaris arundinacea,Reed Canary-grass,Reconsider Planting,True,introduced,Grass,4,Apr,False,False
Phalaris arundinacea,Reed Canary-grass,Reconsider Planting,True,introduced,Grass,5,May,False,False
Phalaris arundinacea,Reed Canary-grass,Reconsider Planting,True,introduced,Grass,6,Jun,False,False
Phalaris arundinacea,Reed Canary-grass,Reconsider Planting,True,introduced,Grass,7,Jul,False,False
Phalaris arundinacea,Reed Canary-grass,Reconsider Planting,True,introduced,Grass,8,Aug,False,False
Phalaris arundinacea,Reed Canary-grass,Reconsider Planting,True,introduced,Grass,9,Sep,True,False
Phalaris arundinacea,Reed Canary-grass,Reconsider Planting,True,introduced,Grass,10,Oct,True,False
Phalaris arundinacea,Reed Canary-grass,Reconsider Planting,True,introduced,Grass,11,Nov,True,False
Phalaris arundinacea,Reed Canary-grass,Reconsider Planting,True,introduced,Grass,12,Dec,False,False
Phalaris arundinacea var. arundinacea,Reed Canary-grass,Reconsider Planting,True,introduced,Grass,1,Jan,False,False
Phalaris arundinacea var. arundinacea,Reed Canary-grass,Reconsider Planting,True,introduced,Grass,2,Feb,False,False
Phalaris arundinacea var. arundinacea,Reed Canary-grass,Reconsider Planting,True,introduced,Grass,3,Mar,False,False
Phalaris arundinacea var. arundinacea,Reed Canary-grass,Reconsider Planting,True,introduced,Grass,4,Apr,False,False
Phalaris arundinacea var. arundinacea,Reed Canary-grass,Reconsider Planting,True,introduced,Grass,5,May,False,False
Phalaris arundinacea var. arundinacea,Reed Canary-grass,Reconsider Planting,True,introduced,Grass,6,Jun,False,False
Phalaris arundinacea var. arundinacea,Reed Canary-grass,Reconsider Planting,True,introduced,Grass,7,Jul,False,False
Phalaris arundinacea var. arundinacea,Reed Canary-grass,Reconsider Planting,True,introduced,Grass,8,Aug,False,False
Phalaris arundinacea var. arundinacea,Reed Canary-grass,Reconsider Planting,True,introduced,Grass,9,Sep,True,False
Phalaris arundinacea var. arundinacea,Reed Canary-grass,Reconsider Planting,True,introduced,Grass,10,Oct,True,False
Phalaris arundinacea var. arundinacea,Reed Canary-grass,Reconsider Planting,True,introduced,Grass,11,Nov,True,False
Phalaris arundinacea var. arundinacea,Reed Canary-grass,Reconsider Planting,True,introduced,Grass,12,Dec,False,False
Phalaris canariensis,Canary Grass,Reconsider Planting,True,introduced,Grass,1,Jan,False,False
Phalaris canariensis,Canary Grass,Reconsider Planting,True,introduced,Grass,2,Feb,False,False
Phalaris canariensis,Canary Grass,Reconsider Planting,True,introduced,Grass,3,Mar,False,False
Phalaris canariensis,Canary Grass,Reconsider Planting,True,introduced,Grass,4,Apr,False,False
Phalaris canariensis,Canary Grass,Reconsider Planting,True,introduced,Grass,5,May,False,False
Phalaris canariensis,Canary Grass,Reconsider Planting,True,introduced,Grass,6,Jun,False,False
Phalaris canariensis,Canary Grass,Reconsider Planting,True,introduced,Grass,7,Jul,False,False
Phalaris canariensis,Canary Grass,Reconsider Planting,True,introduced,Grass,8,Aug,False,False
Phalaris canariensis,Canary Grass,Reconsider Planting,True,introduced,Grass,9,Sep,True,False
Phalaris canariensis,Canary Grass,Reconsider Planting,True,introduced,Grass,10,Oct,True,False
Phalaris canariensis,Canary Grass,Reconsider Planting,True,introduced,Grass,11,Nov,True,False
Phalaris canariensis,Canary Grass,Reconsider Planting,True,introduced,Grass,12,Dec,False,False
Phoenix canariensis,Canary Island Date-palm,Reconsider Planting,True,introduced,Herb,1,Jan,,False
Phoenix canariensis,Canary Island Date-palm,Reconsider Planting,True,introduced,Herb,2,Feb,,False
Phoenix canariensis,Canary Island Date-palm,Reconsider Planting,True,introduced,Herb,3,Mar,,False
Phoenix canariensis,Canary Island Date-palm,Reconsider Planting,True,introduced,Herb,4,Apr,,False
Phoenix canariensis,Canary Island Date-palm,Reconsider Planting,True,introduced,Herb,5,May,,False
Phoenix canariensis,Canary Island Date-palm,Reconsider Planting,True,introduced,Herb,6,Jun,,False
Phoenix canariensis,Canary Island Date-palm,Reconsider Planting,True,introduced,Herb,7,Jul,,False
Phoenix canariensis,Canary Island Date-palm,Reconsider Planting,True,introduced,Herb,8,Aug,,False
Phoenix canariensis,Canary Island Date-palm,Reconsider Planting,True,introduced,Herb,9,Sep,,False
Phoenix canariensis,Canary Island Date-palm,Reconsider Planting,True,introduced,Herb,10,Oct,,False
Phoenix canariensis,Canary Island Date-palm,Reconsider Planting,True,introduced,Herb,11,Nov,,False
Phoenix canariensis,Canary Island Date-palm,Reconsider Planting,True,introduced,Herb,12,Dec,,False
Phragmites australis,Common Reed | Djarg,Not Assessed,False,native,Grass,1,Jan,True,False
Phragmites australis,Common Reed | Djarg,Not Assessed,False,native,Grass,2,Feb,True,False
Phragmites australis,Common Reed | Djarg,Not Assessed,False,native,Grass,3,Mar,True,False
Phragmites australis,Common Reed | Djarg,Not Assessed,False,native,Grass,4,Apr,True,False
Phragmites australis,Common Reed | Djarg,Not Assessed,False,native,Grass,5,May,True,False
Phragmites australis,Common Reed | Djarg,Not Assessed,False,native,Grass,6,Jun,True,False
Phragmites australis,Common Reed | Djarg,Not Assessed,False,native,Grass,7,Jul,False,False
Phragmites australis,Common Reed | Djarg,Not Assessed,False,native,Grass,8,Aug,False,False
Phragmites australis,Common Reed | Djarg,Not Assessed,False,native,Grass,9,Sep,True,False
Phragmites australis,Common Reed | Djarg,Not Assessed,False,native,Grass,10,Oct,True,False
Phragmites australis,Common Reed | Djarg,Not Assessed,False,native,Grass,11,Nov,True,False
Phragmites australis,Common Reed | Djarg,Not Assessed,False,native,Grass,12,Dec,True,False
Phyllanthus hirtellus,Thyme Spurge,Not Assessed,False,native,Shrub,1,Jan,True,False
Phyllanthus hirtellus,Thyme Spurge,Not Assessed,False,native,Shrub,2,Feb,True,False
Phyllanthus hirtellus,Thyme Spurge,Not Assessed,False,native,Shrub,3,Mar,False,False
Phyllanthus hirtellus,Thyme Spurge,Not Assessed,False,native,Shrub,4,Apr,False,False
Phyllanthus hirtellus,Thyme Spurge,Not Assessed,False,native,Shrub,5,May,False,False
Phyllanthus hirtellus,Thyme Spurge,Not Assessed,False,native,Shrub,6,Jun,False,False
Phyllanthus hirtellus,Thyme Spurge,Not Assessed,False,native,Shrub,7,Jul,True,False
Phyllanthus hirtellus,Thyme Spurge,Not Assessed,False,native,Shrub,8,Aug,True,False
Phyllanthus hirtellus,Thyme Spurge,Not Assessed,False,native,Shrub,9,Sep,True,False
Phyllanthus hirtellus,Thyme Spurge,Not Assessed,False,native,Shrub,10,Oct,True,False
Phyllanthus hirtellus,Thyme Spurge,Not Assessed,False,native,Shrub,11,Nov,True,False
Phyllanthus hirtellus,Thyme Spurge,Not Assessed,False,native,Shrub,12,Dec,True,False
Phytolacca octandra,Red-ink Weed,Reconsider Planting,True,introduced,Herb,1,Jan,True,False
Phytolacca octandra,Red-ink Weed,Reconsider Planting,True,introduced,Herb,2,Feb,True,False
Phytolacca octandra,Red-ink Weed,Reconsider Planting,True,introduced,Herb,3,Mar,True,False
Phytolacca octandra,Red-ink Weed,Reconsider Planting,True,introduced,Herb,4,Apr,True,False
Phytolacca octandra,Red-ink Weed,Reconsider Planting,True,introduced,Herb,5,May,False,False
Phytolacca octandra,Red-ink Weed,Reconsider Planting,True,introduced,Herb,6,Jun,False,False
Phytolacca octandra,Red-ink Weed,Reconsider Planting,True,introduced,Herb,7,Jul,False,False
Phytolacca octandra,Red-ink Weed,Reconsider Planting,True,introduced,Herb,8,Aug,True,False
Phytolacca octandra,Red-ink Weed,Reconsider Planting,True,introduced,Herb,9,Sep,True,False
Phytolacca octandra,Red-ink Weed,Reconsider Planting,True,introduced,Herb,10,Oct,True,False
Phytolacca octandra,Red-ink Weed,Reconsider Planting,True,introduced,Herb,11,Nov,True,False
Phytolacca octandra,Red-ink Weed,Reconsider Planting,True,introduced,Herb,12,Dec,True,False
Pimelea humilis,Common Rice-flower,Not Assessed,False,native,Shrub,1,Jan,True,False
Pimelea humilis,Common Rice-flower,Not Assessed,False,native,Shrub,2,Feb,False,False
Pimelea humilis,Common Rice-flower,Not Assessed,False,native,Shrub,3,Mar,False,False
Pimelea humilis,Common Rice-flower,Not Assessed,False,native,Shrub,4,Apr,False,False
Pimelea humilis,Common Rice-flower,Not Assessed,False,native,Shrub,5,May,False,False
Pimelea humilis,Common Rice-flower,Not Assessed,False,native,Shrub,6,Jun,False,False
Pimelea humilis,Common Rice-flower,Not Assessed,False,native,Shrub,7,Jul,False,False
Pimelea humilis,Common Rice-flower,Not Assessed,False,native,Shrub,8,Aug,False,False
Pimelea humilis,Common Rice-flower,Not Assessed,False,native,Shrub,9,Sep,True,False
Pimelea humilis,Common Rice-flower,Not Assessed,False,native,Shrub,10,Oct,True,False
Pimelea humilis,Common Rice-flower,Not Assessed,False,native,Shrub,11,Nov,True,False
Pimelea humilis,Common Rice-flower,Not Assessed,False,native,Shrub,12,Dec,True,False
Pimelea octophylla,Woolly Rice-flower,Not Assessed,False,native,Shrub,1,Jan,True,False
Pimelea octophylla,Woolly Rice-flower,Not Assessed,False,native,Shrub,2,Feb,True,False
Pimelea octophylla,Woolly Rice-flower,Not Assessed,False,native,Shrub,3,Mar,False,False
Pimelea octophylla,Woolly Rice-flower,Not Assessed,False,native,Shrub,4,Apr,False,False
Pimelea octophylla,Woolly Rice-flower,Not Assessed,False,native,Shrub,5,May,False,False
Pimelea octophylla,Woolly Rice-flower,Not Assessed,False,native,Shrub,6,Jun,False,False
Pimelea octophylla,Woolly Rice-flower,Not Assessed,False,native,Shrub,7,Jul,False,False
Pimelea octophylla,Woolly Rice-flower,Not Assessed,False,native,Shrub,8,Aug,True,False
Pimelea octophylla,Woolly Rice-flower,Not Assessed,False,native,Shrub,9,Sep,True,False
Pimelea octophylla,Woolly Rice-flower,Not Assessed,False,native,Shrub,10,Oct,True,False
Pimelea octophylla,Woolly Rice-flower,Not Assessed,False,native,Shrub,11,Nov,True,False
Pimelea octophylla,Woolly Rice-flower,Not Assessed,False,native,Shrub,12,Dec,True,False
Pimelea phylicoides,Heath Rice-flower,Not Assessed,False,native,Shrub,1,Jan,True,False
Pimelea phylicoides,Heath Rice-flower,Not Assessed,False,native,Shrub,2,Feb,True,False
Pimelea phylicoides,Heath Rice-flower,Not Assessed,False,native,Shrub,3,Mar,False,False
Pimelea phylicoides,Heath Rice-flower,Not Assessed,False,native,Shrub,4,Apr,False,False
Pimelea phylicoides,Heath Rice-flower,Not Assessed,False,native,Shrub,5,May,False,False
Pimelea phylicoides,Heath Rice-flower,Not Assessed,False,native,Shrub,6,Jun,True,False
Pimelea phylicoides,Heath Rice-flower,Not Assessed,False,native,Shrub,7,Jul,True,False
Pimelea phylicoides,Heath Rice-flower,Not Assessed,False,native,Shrub,8,Aug,True,False
Pimelea phylicoides,Heath Rice-flower,Not Assessed,False,native,Shrub,9,Sep,True,False
Pimelea phylicoides,Heath Rice-flower,Not Assessed,False,native,Shrub,10,Oct,True,False
Pimelea phylicoides,Heath Rice-flower,Not Assessed,False,native,Shrub,11,Nov,True,False
Pimelea phylicoides,Heath Rice-flower,Not Assessed,False,native,Shrub,12,Dec,True,False
Pinus radiata,Radiata Pine | Monterey Pine | Insignis Pine,Reconsider Planting,True,introduced,Tree,1,Jan,,False
Pinus radiata,Radiata Pine | Monterey Pine | Insignis Pine,Reconsider Planting,True,introduced,Tree,2,Feb,,False
Pinus radiata,Radiata Pine | Monterey Pine | Insignis Pine,Reconsider Planting,True,introduced,Tree,3,Mar,,False
Pinus radiata,Radiata Pine | Monterey Pine | Insignis Pine,Reconsider Planting,True,introduced,Tree,4,Apr,,False
Pinus radiata,Radiata Pine | Monterey Pine | Insignis Pine,Reconsider Planting,True,introduced,Tree,5,May,,False
Pinus radiata,Radiata Pine | Monterey Pine | Insignis Pine,Reconsider Planting,True,introduced,Tree,6,Jun,,False
Pinus radiata,Radiata Pine | Monterey Pine | Insignis Pine,Reconsider Planting,True,introduced,Tree,7,Jul,,False
Pinus radiata,Radiata Pine | Monterey Pine | Insignis Pine,Reconsider Planting,True,introduced,Tree,8,Aug,,False
Pinus radiata,Radiata Pine | Monterey Pine | Insignis Pine,Reconsider Planting,True,introduced,Tree,9,Sep,,False
Pinus radiata,Radiata Pine | Monterey Pine | Insignis Pine,Reconsider Planting,True,introduced,Tree,10,Oct,,False
Pinus radiata,Radiata Pine | Monterey Pine | Insignis Pine,Reconsider Planting,True,introduced,Tree,11,Nov,,False
Pinus radiata,Radiata Pine | Monterey Pine | Insignis Pine,Reconsider Planting,True,introduced,Tree,12,Dec,,False
Pittosporum undulatum,Sweet Pittosporum,Reconsider Planting,True,native,Tree,1,Jan,False,False
Pittosporum undulatum,Sweet Pittosporum,Reconsider Planting,True,native,Tree,2,Feb,False,False
Pittosporum undulatum,Sweet Pittosporum,Reconsider Planting,True,native,Tree,3,Mar,False,False
Pittosporum undulatum,Sweet Pittosporum,Reconsider Planting,True,native,Tree,4,Apr,False,False
Pittosporum undulatum,Sweet Pittosporum,Reconsider Planting,True,native,Tree,5,May,False,False
Pittosporum undulatum,Sweet Pittosporum,Reconsider Planting,True,native,Tree,6,Jun,False,False
Pittosporum undulatum,Sweet Pittosporum,Reconsider Planting,True,native,Tree,7,Jul,False,False
Pittosporum undulatum,Sweet Pittosporum,Reconsider Planting,True,native,Tree,8,Aug,True,False
Pittosporum undulatum,Sweet Pittosporum,Reconsider Planting,True,native,Tree,9,Sep,True,False
Pittosporum undulatum,Sweet Pittosporum,Reconsider Planting,True,native,Tree,10,Oct,True,False
Pittosporum undulatum,Sweet Pittosporum,Reconsider Planting,True,native,Tree,11,Nov,True,False
Pittosporum undulatum,Sweet Pittosporum,Reconsider Planting,True,native,Tree,12,Dec,False,False
Plantago coronopus,Buck's-horn Plantain,Reconsider Planting,True,introduced,Herb,1,Jan,True,False
Plantago coronopus,Buck's-horn Plantain,Reconsider Planting,True,introduced,Herb,2,Feb,False,False
Plantago coronopus,Buck's-horn Plantain,Reconsider Planting,True,introduced,Herb,3,Mar,False,False
Plantago coronopus,Buck's-horn Plantain,Reconsider Planting,True,introduced,Herb,4,Apr,False,False
Plantago coronopus,Buck's-horn Plantain,Reconsider Planting,True,introduced,Herb,5,May,False,False
Plantago coronopus,Buck's-horn Plantain,Reconsider Planting,True,introduced,Herb,6,Jun,False,False
Plantago coronopus,Buck's-horn Plantain,Reconsider Planting,True,introduced,Herb,7,Jul,False,False
Plantago coronopus,Buck's-horn Plantain,Reconsider Planting,True,introduced,Herb,8,Aug,True,False
Plantago coronopus,Buck's-horn Plantain,Reconsider Planting,True,introduced,Herb,9,Sep,True,False
Plantago coronopus,Buck's-horn Plantain,Reconsider Planting,True,introduced,Herb,10,Oct,True,False
Plantago coronopus,Buck's-horn Plantain,Reconsider Planting,True,introduced,Herb,11,Nov,True,False
Plantago coronopus,Buck's-horn Plantain,Reconsider Planting,True,introduced,Herb,12,Dec,True,False
Plantago coronopus subsp. coronopus,Buck's-horn Plantain,Reconsider Planting,True,introduced,Herb,1,Jan,True,False
Plantago coronopus subsp. coronopus,Buck's-horn Plantain,Reconsider Planting,True,introduced,Herb,2,Feb,False,False
Plantago coronopus subsp. coronopus,Buck's-horn Plantain,Reconsider Planting,True,introduced,Herb,3,Mar,False,False
Plantago coronopus subsp. coronopus,Buck's-horn Plantain,Reconsider Planting,True,introduced,Herb,4,Apr,False,False
Plantago coronopus subsp. coronopus,Buck's-horn Plantain,Reconsider Planting,True,introduced,Herb,5,May,False,False
Plantago coronopus subsp. coronopus,Buck's-horn Plantain,Reconsider Planting,True,introduced,Herb,6,Jun,False,False
Plantago coronopus subsp. coronopus,Buck's-horn Plantain,Reconsider Planting,True,introduced,Herb,7,Jul,False,False
Plantago coronopus subsp. coronopus,Buck's-horn Plantain,Reconsider Planting,True,introduced,Herb,8,Aug,True,False
Plantago coronopus subsp. coronopus,Buck's-horn Plantain,Reconsider Planting,True,introduced,Herb,9,Sep,True,False
Plantago coronopus subsp. coronopus,Buck's-horn Plantain,Reconsider Planting,True,introduced,Herb,10,Oct,True,False
Plantago coronopus subsp. coronopus,Buck's-horn Plantain,Reconsider Planting,True,introduced,Herb,11,Nov,True,False
Plantago coronopus subsp. coronopus,Buck's-horn Plantain,Reconsider Planting,True,introduced,Herb,12,Dec,True,False
Plantago gaudichaudii,Narrow Plantain,Not Assessed,False,native,Herb,1,Jan,True,False
Plantago gaudichaudii,Narrow Plantain,Not Assessed,False,native,Herb,2,Feb,True,False
Plantago gaudichaudii,Narrow Plantain,Not Assessed,False,native,Herb,3,Mar,True,False
Plantago gaudichaudii,Narrow Plantain,Not Assessed,False,native,Herb,4,Apr,True,False
Plantago gaudichaudii,Narrow Plantain,Not Assessed,False,native,Herb,5,May,False,False
Plantago gaudichaudii,Narrow Plantain,Not Assessed,False,native,Herb,6,Jun,True,False
Plantago gaudichaudii,Narrow Plantain,Not Assessed,False,native,Herb,7,Jul,True,False
Plantago gaudichaudii,Narrow Plantain,Not Assessed,False,native,Herb,8,Aug,True,False
Plantago gaudichaudii,Narrow Plantain,Not Assessed,False,native,Herb,9,Sep,True,False
Plantago gaudichaudii,Narrow Plantain,Not Assessed,False,native,Herb,10,Oct,True,False
Plantago gaudichaudii,Narrow Plantain,Not Assessed,False,native,Herb,11,Nov,True,False
Plantago gaudichaudii,Narrow Plantain,Not Assessed,False,native,Herb,12,Dec,True,False
Plantago lanceolata,Ribwort,Use Caution,True,introduced,Herb,1,Jan,True,False
Plantago lanceolata,Ribwort,Use Caution,True,introduced,Herb,2,Feb,True,False
Plantago lanceolata,Ribwort,Use Caution,True,introduced,Herb,3,Mar,True,False
Plantago lanceolata,Ribwort,Use Caution,True,introduced,Herb,4,Apr,True,False
Plantago lanceolata,Ribwort,Use Caution,True,introduced,Herb,5,May,False,False
Plantago lanceolata,Ribwort,Use Caution,True,introduced,Herb,6,Jun,False,False
Plantago lanceolata,Ribwort,Use Caution,True,introduced,Herb,7,Jul,False,False
Plantago lanceolata,Ribwort,Use Caution,True,introduced,Herb,8,Aug,False,False
Plantago lanceolata,Ribwort,Use Caution,True,introduced,Herb,9,Sep,True,False
Plantago lanceolata,Ribwort,Use Caution,True,introduced,Herb,10,Oct,True,False
Plantago lanceolata,Ribwort,Use Caution,True,introduced,Herb,11,Nov,True,False
Plantago lanceolata,Ribwort,Use Caution,True,introduced,Herb,12,Dec,True,False
Plantago major,Greater Plantain,Use Caution,True,introduced,Herb,1,Jan,True,False
Plantago major,Greater Plantain,Use Caution,True,introduced,Herb,2,Feb,True,False
Plantago major,Greater Plantain,Use Caution,True,introduced,Herb,3,Mar,True,False
Plantago major,Greater Plantain,Use Caution,True,introduced,Herb,4,Apr,False,False
Plantago major,Greater Plantain,Use Caution,True,introduced,Herb,5,May,False,False
Plantago major,Greater Plantain,Use Caution,True,introduced,Herb,6,Jun,False,False
Plantago major,Greater Plantain,Use Caution,True,introduced,Herb,7,Jul,False,False
Plantago major,Greater Plantain,Use Caution,True,introduced,Herb,8,Aug,False,False
Plantago major,Greater Plantain,Use Caution,True,introduced,Herb,9,Sep,False,False
Plantago major,Greater Plantain,Use Caution,True,introduced,Herb,10,Oct,True,False
Plantago major,Greater Plantain,Use Caution,True,introduced,Herb,11,Nov,True,False
Plantago major,Greater Plantain,Use Caution,True,introduced,Herb,12,Dec,True,False
Plantago varia,Variable Plantain,Not Assessed,False,native,Herb,1,Jan,True,False
Plantago varia,Variable Plantain,Not Assessed,False,native,Herb,2,Feb,True,False
Plantago varia,Variable Plantain,Not Assessed,False,native,Herb,3,Mar,True,False
Plantago varia,Variable Plantain,Not Assessed,False,native,Herb,4,Apr,True,False
Plantago varia,Variable Plantain,Not Assessed,False,native,Herb,5,May,True,False
Plantago varia,Variable Plantain,Not Assessed,False,native,Herb,6,Jun,True,False
Plantago varia,Variable Plantain,Not Assessed,False,native,Herb,7,Jul,True,False
Plantago varia,Variable Plantain,Not Assessed,False,native,Herb,8,Aug,True,False
Plantago varia,Variable Plantain,Not Assessed,False,native,Herb,9,Sep,True,False
Plantago varia,Variable Plantain,Not Assessed,False,native,Herb,10,Oct,True,False
Plantago varia,Variable Plantain,Not Assessed,False,native,Herb,11,Nov,True,False
Plantago varia,Variable Plantain,Not Assessed,False,native,Herb,12,Dec,True,False
Platylobium obtusangulum,Common Flat-pea,Not Assessed,False,native,Shrub,1,Jan,False,False
Platylobium obtusangulum,Common Flat-pea,Not Assessed,False,native,Shrub,2,Feb,False,False
Platylobium obtusangulum,Common Flat-pea,Not Assessed,False,native,Shrub,3,Mar,False,False
Platylobium obtusangulum,Common Flat-pea,Not Assessed,False,native,Shrub,4,Apr,False,False
Platylobium obtusangulum,Common Flat-pea,Not Assessed,False,native,Shrub,5,May,False,False
Platylobium obtusangulum,Common Flat-pea,Not Assessed,False,native,Shrub,6,Jun,False,False
Platylobium obtusangulum,Common Flat-pea,Not Assessed,False,native,Shrub,7,Jul,False,False
Platylobium obtusangulum,Common Flat-pea,Not Assessed,False,native,Shrub,8,Aug,False,False
Platylobium obtusangulum,Common Flat-pea,Not Assessed,False,native,Shrub,9,Sep,True,False
Platylobium obtusangulum,Common Flat-pea,Not Assessed,False,native,Shrub,10,Oct,True,False
Platylobium obtusangulum,Common Flat-pea,Not Assessed,False,native,Shrub,11,Nov,True,False
Platylobium obtusangulum,Common Flat-pea,Not Assessed,False,native,Shrub,12,Dec,False,False
Platysace heterophylla,Slender Platysace,Not Assessed,False,native,Herb,1,Jan,True,False
Platysace heterophylla,Slender Platysace,Not Assessed,False,native,Herb,2,Feb,True,False
Platysace heterophylla,Slender Platysace,Not Assessed,False,native,Herb,3,Mar,True,False
Platysace heterophylla,Slender Platysace,Not Assessed,False,native,Herb,4,Apr,True,False
Platysace heterophylla,Slender Platysace,Not Assessed,False,native,Herb,5,May,True,False
Platysace heterophylla,Slender Platysace,Not Assessed,False,native,Herb,6,Jun,True,False
Platysace heterophylla,Slender Platysace,Not Assessed,False,native,Herb,7,Jul,True,False
Platysace heterophylla,Slender Platysace,Not Assessed,False,native,Herb,8,Aug,True,False
Platysace heterophylla,Slender Platysace,Not Assessed,False,native,Herb,9,Sep,True,False
Platysace heterophylla,Slender Platysace,Not Assessed,False,native,Herb,10,Oct,True,False
Platysace heterophylla,Slender Platysace,Not Assessed,False,native,Herb,11,Nov,True,False
Platysace heterophylla,Slender Platysace,Not Assessed,False,native,Herb,12,Dec,True,False
Platysace heterophylla var. heterophylla,Slender Platysace,Not Assessed,False,native,Herb,1,Jan,True,False
Platysace heterophylla var. heterophylla,Slender Platysace,Not Assessed,False,native,Herb,2,Feb,True,False
Platysace heterophylla var. heterophylla,Slender Platysace,Not Assessed,False,native,Herb,3,Mar,True,False
Platysace heterophylla var. heterophylla,Slender Platysace,Not Assessed,False,native,Herb,4,Apr,True,False
Platysace heterophylla var. heterophylla,Slender Platysace,Not Assessed,False,native,Herb,5,May,True,False
Platysace heterophylla var. heterophylla,Slender Platysace,Not Assessed,False,native,Herb,6,Jun,True,False
Platysace heterophylla var. heterophylla,Slender Platysace,Not Assessed,False,native,Herb,7,Jul,True,False
Platysace heterophylla var. heterophylla,Slender Platysace,Not Assessed,False,native,Herb,8,Aug,True,False
Platysace heterophylla var. heterophylla,Slender Platysace,Not Assessed,False,native,Herb,9,Sep,True,False
Platysace heterophylla var. heterophylla,Slender Platysace,Not Assessed,False,native,Herb,10,Oct,True,False
Platysace heterophylla var. heterophylla,Slender Platysace,Not Assessed,False,native,Herb,11,Nov,True,False
Platysace heterophylla var. heterophylla,Slender Platysace,Not Assessed,False,native,Herb,12,Dec,True,False
Platysace lanceolata,Shrubby Platysace,Not Assessed,False,native,Shrub,1,Jan,True,False
Platysace lanceolata,Shrubby Platysace,Not Assessed,False,native,Shrub,2,Feb,True,False
Platysace lanceolata,Shrubby Platysace,Not Assessed,False,native,Shrub,3,Mar,True,False
Platysace lanceolata,Shrubby Platysace,Not Assessed,False,native,Shrub,4,Apr,True,False
Platysace lanceolata,Shrubby Platysace,Not Assessed,False,native,Shrub,5,May,False,False
Platysace lanceolata,Shrubby Platysace,Not Assessed,False,native,Shrub,6,Jun,False,False
Platysace lanceolata,Shrubby Platysace,Not Assessed,False,native,Shrub,7,Jul,False,False
Platysace lanceolata,Shrubby Platysace,Not Assessed,False,native,Shrub,8,Aug,False,False
Platysace lanceolata,Shrubby Platysace,Not Assessed,False,native,Shrub,9,Sep,True,False
Platysace lanceolata,Shrubby Platysace,Not Assessed,False,native,Shrub,10,Oct,True,False
Platysace lanceolata,Shrubby Platysace,Not Assessed,False,native,Shrub,11,Nov,True,False
Platysace lanceolata,Shrubby Platysace,Not Assessed,False,native,Shrub,12,Dec,True,False
Pleuridium nervosum,Earth Moss,Not Assessed,False,native,,1,Jan,,False
Pleuridium nervosum,Earth Moss,Not Assessed,False,native,,2,Feb,,False
Pleuridium nervosum,Earth Moss,Not Assessed,False,native,,3,Mar,,False
Pleuridium nervosum,Earth Moss,Not Assessed,False,native,,4,Apr,,False
Pleuridium nervosum,Earth Moss,Not Assessed,False,native,,5,May,,False
Pleuridium nervosum,Earth Moss,Not Assessed,False,native,,6,Jun,,False
Pleuridium nervosum,Earth Moss,Not Assessed,False,native,,7,Jul,,False
Pleuridium nervosum,Earth Moss,Not Assessed,False,native,,8,Aug,,False
Pleuridium nervosum,Earth Moss,Not Assessed,False,native,,9,Sep,,False
Pleuridium nervosum,Earth Moss,Not Assessed,False,native,,10,Oct,,False
Pleuridium nervosum,Earth Moss,Not Assessed,False,native,,11,Nov,,False
Pleuridium nervosum,Earth Moss,Not Assessed,False,native,,12,Dec,,False
Poa annua,Annual Meadow-grass | Goose-grass | Winter-grass,Use Caution,True,introduced,Grass,1,Jan,False,False
Poa annua,Annual Meadow-grass | Goose-grass | Winter-grass,Use Caution,True,introduced,Grass,2,Feb,False,False
Poa annua,Annual Meadow-grass | Goose-grass | Winter-grass,Use Caution,True,introduced,Grass,3,Mar,False,False
Poa annua,Annual Meadow-grass | Goose-grass | Winter-grass,Use Caution,True,introduced,Grass,4,Apr,False,False
Poa annua,Annual Meadow-grass | Goose-grass | Winter-grass,Use Caution,True,introduced,Grass,5,May,False,False
Poa annua,Annual Meadow-grass | Goose-grass | Winter-grass,Use Caution,True,introduced,Grass,6,Jun,True,False
Poa annua,Annual Meadow-grass | Goose-grass | Winter-grass,Use Caution,True,introduced,Grass,7,Jul,True,False
Poa annua,Annual Meadow-grass | Goose-grass | Winter-grass,Use Caution,True,introduced,Grass,8,Aug,True,False
Poa annua,Annual Meadow-grass | Goose-grass | Winter-grass,Use Caution,True,introduced,Grass,9,Sep,True,False
Poa annua,Annual Meadow-grass | Goose-grass | Winter-grass,Use Caution,True,introduced,Grass,10,Oct,True,False
Poa annua,Annual Meadow-grass | Goose-grass | Winter-grass,Use Caution,True,introduced,Grass,11,Nov,True,False
Poa annua,Annual Meadow-grass | Goose-grass | Winter-grass,Use Caution,True,introduced,Grass,12,Dec,False,False
Poa bulbosa,Bulbous Meadow-grass,Reconsider Planting,True,introduced,Grass,1,Jan,False,False
Poa bulbosa,Bulbous Meadow-grass,Reconsider Planting,True,introduced,Grass,2,Feb,False,False
Poa bulbosa,Bulbous Meadow-grass,Reconsider Planting,True,introduced,Grass,3,Mar,False,False
Poa bulbosa,Bulbous Meadow-grass,Reconsider Planting,True,introduced,Grass,4,Apr,False,False
Poa bulbosa,Bulbous Meadow-grass,Reconsider Planting,True,introduced,Grass,5,May,False,False
Poa bulbosa,Bulbous Meadow-grass,Reconsider Planting,True,introduced,Grass,6,Jun,False,False
Poa bulbosa,Bulbous Meadow-grass,Reconsider Planting,True,introduced,Grass,7,Jul,False,False
Poa bulbosa,Bulbous Meadow-grass,Reconsider Planting,True,introduced,Grass,8,Aug,False,False
Poa bulbosa,Bulbous Meadow-grass,Reconsider Planting,True,introduced,Grass,9,Sep,True,False
Poa bulbosa,Bulbous Meadow-grass,Reconsider Planting,True,introduced,Grass,10,Oct,True,False
Poa bulbosa,Bulbous Meadow-grass,Reconsider Planting,True,introduced,Grass,11,Nov,True,False
Poa bulbosa,Bulbous Meadow-grass,Reconsider Planting,True,introduced,Grass,12,Dec,False,False
Poa bulbosa var. bulbosa,Bulbous Meadow-grass,Reconsider Planting,True,introduced,Grass,1,Jan,False,False
Poa bulbosa var. bulbosa,Bulbous Meadow-grass,Reconsider Planting,True,introduced,Grass,2,Feb,False,False
Poa bulbosa var. bulbosa,Bulbous Meadow-grass,Reconsider Planting,True,introduced,Grass,3,Mar,False,False
Poa bulbosa var. bulbosa,Bulbous Meadow-grass,Reconsider Planting,True,introduced,Grass,4,Apr,False,False
Poa bulbosa var. bulbosa,Bulbous Meadow-grass,Reconsider Planting,True,introduced,Grass,5,May,False,False
Poa bulbosa var. bulbosa,Bulbous Meadow-grass,Reconsider Planting,True,introduced,Grass,6,Jun,False,False
Poa bulbosa var. bulbosa,Bulbous Meadow-grass,Reconsider Planting,True,introduced,Grass,7,Jul,False,False
Poa bulbosa var. bulbosa,Bulbous Meadow-grass,Reconsider Planting,True,introduced,Grass,8,Aug,False,False
Poa bulbosa var. bulbosa,Bulbous Meadow-grass,Reconsider Planting,True,introduced,Grass,9,Sep,True,False
Poa bulbosa var. bulbosa,Bulbous Meadow-grass,Reconsider Planting,True,introduced,Grass,10,Oct,True,False
Poa bulbosa var. bulbosa,Bulbous Meadow-grass,Reconsider Planting,True,introduced,Grass,11,Nov,True,False
Poa bulbosa var. bulbosa,Bulbous Meadow-grass,Reconsider Planting,True,introduced,Grass,12,Dec,False,False
Poa labillardierei,Common Tussock-grass,Not Assessed,False,native,Grass,1,Jan,True,False
Poa labillardierei,Common Tussock-grass,Not Assessed,False,native,Grass,2,Feb,True,False
Poa labillardierei,Common Tussock-grass,Not Assessed,False,native,Grass,3,Mar,True,False
Poa labillardierei,Common Tussock-grass,Not Assessed,False,native,Grass,4,Apr,True,False
Poa labillardierei,Common Tussock-grass,Not Assessed,False,native,Grass,5,May,True,False
Poa labillardierei,Common Tussock-grass,Not Assessed,False,native,Grass,6,Jun,True,False
Poa labillardierei,Common Tussock-grass,Not Assessed,False,native,Grass,7,Jul,True,False
Poa labillardierei,Common Tussock-grass,Not Assessed,False,native,Grass,8,Aug,True,False
Poa labillardierei,Common Tussock-grass,Not Assessed,False,native,Grass,9,Sep,True,False
Poa labillardierei,Common Tussock-grass,Not Assessed,False,native,Grass,10,Oct,True,False
Poa labillardierei,Common Tussock-grass,Not Assessed,False,native,Grass,11,Nov,True,False
Poa labillardierei,Common Tussock-grass,Not Assessed,False,native,Grass,12,Dec,True,False
Poa labillardierei var. labillardierei,Tussock Grass,Not Assessed,False,native,Grass,1,Jan,True,False
Poa labillardierei var. labillardierei,Tussock Grass,Not Assessed,False,native,Grass,2,Feb,True,False
Poa labillardierei var. labillardierei,Tussock Grass,Not Assessed,False,native,Grass,3,Mar,True,False
Poa labillardierei var. labillardierei,Tussock Grass,Not Assessed,False,native,Grass,4,Apr,True,False
Poa labillardierei var. labillardierei,Tussock Grass,Not Assessed,False,native,Grass,5,May,True,False
Poa labillardierei var. labillardierei,Tussock Grass,Not Assessed,False,native,Grass,6,Jun,True,False
Poa labillardierei var. labillardierei,Tussock Grass,Not Assessed,False,native,Grass,7,Jul,True,False
Poa labillardierei var. labillardierei,Tussock Grass,Not Assessed,False,native,Grass,8,Aug,True,False
Poa labillardierei var. labillardierei,Tussock Grass,Not Assessed,False,native,Grass,9,Sep,True,False
Poa labillardierei var. labillardierei,Tussock Grass,Not Assessed,False,native,Grass,10,Oct,True,False
Poa labillardierei var. labillardierei,Tussock Grass,Not Assessed,False,native,Grass,11,Nov,True,False
Poa labillardierei var. labillardierei,Tussock Grass,Not Assessed,False,native,Grass,12,Dec,True,False
Poa morrisii,Soft Tussock-grass,Not Assessed,False,native,Grass,1,Jan,False,False
Poa morrisii,Soft Tussock-grass,Not Assessed,False,native,Grass,2,Feb,False,False
Poa morrisii,Soft Tussock-grass,Not Assessed,False,native,Grass,3,Mar,False,False
Poa morrisii,Soft Tussock-grass,Not Assessed,False,native,Grass,4,Apr,False,False
Poa morrisii,Soft Tussock-grass,Not Assessed,False,native,Grass,5,May,False,False
Poa morrisii,Soft Tussock-grass,Not Assessed,False,native,Grass,6,Jun,False,False
Poa morrisii,Soft Tussock-grass,Not Assessed,False,native,Grass,7,Jul,False,False
Poa morrisii,Soft Tussock-grass,Not Assessed,False,native,Grass,8,Aug,False,False
Poa morrisii,Soft Tussock-grass,Not Assessed,False,native,Grass,9,Sep,False,False
Poa morrisii,Soft Tussock-grass,Not Assessed,False,native,Grass,10,Oct,True,False
Poa morrisii,Soft Tussock-grass,Not Assessed,False,native,Grass,11,Nov,True,False
Poa morrisii,Soft Tussock-grass,Not Assessed,False,native,Grass,12,Dec,False,False
Poa pratensis,Kentucky Blue-grass | Smooth Meadow-grass,Use Caution,True,introduced,Grass,1,Jan,False,False
Poa pratensis,Kentucky Blue-grass | Smooth Meadow-grass,Use Caution,True,introduced,Grass,2,Feb,False,False
Poa pratensis,Kentucky Blue-grass | Smooth Meadow-grass,Use Caution,True,introduced,Grass,3,Mar,False,False
Poa pratensis,Kentucky Blue-grass | Smooth Meadow-grass,Use Caution,True,introduced,Grass,4,Apr,False,False
Poa pratensis,Kentucky Blue-grass | Smooth Meadow-grass,Use Caution,True,introduced,Grass,5,May,False,False
Poa pratensis,Kentucky Blue-grass | Smooth Meadow-grass,Use Caution,True,introduced,Grass,6,Jun,False,False
Poa pratensis,Kentucky Blue-grass | Smooth Meadow-grass,Use Caution,True,introduced,Grass,7,Jul,False,False
Poa pratensis,Kentucky Blue-grass | Smooth Meadow-grass,Use Caution,True,introduced,Grass,8,Aug,False,False
Poa pratensis,Kentucky Blue-grass | Smooth Meadow-grass,Use Caution,True,introduced,Grass,9,Sep,True,False
Poa pratensis,Kentucky Blue-grass | Smooth Meadow-grass,Use Caution,True,introduced,Grass,10,Oct,True,False
Poa pratensis,Kentucky Blue-grass | Smooth Meadow-grass,Use Caution,True,introduced,Grass,11,Nov,True,False
Poa pratensis,Kentucky Blue-grass | Smooth Meadow-grass,Use Caution,True,introduced,Grass,12,Dec,False,False
Poa rodwayi,Velvet Tussock-grass,Not Assessed,False,native,Grass,1,Jan,True,False
Poa rodwayi,Velvet Tussock-grass,Not Assessed,False,native,Grass,2,Feb,False,False
Poa rodwayi,Velvet Tussock-grass,Not Assessed,False,native,Grass,3,Mar,False,False
Poa rodwayi,Velvet Tussock-grass,Not Assessed,False,native,Grass,4,Apr,False,False
Poa rodwayi,Velvet Tussock-grass,Not Assessed,False,native,Grass,5,May,False,False
Poa rodwayi,Velvet Tussock-grass,Not Assessed,False,native,Grass,6,Jun,False,False
Poa rodwayi,Velvet Tussock-grass,Not Assessed,False,native,Grass,7,Jul,False,False
Poa rodwayi,Velvet Tussock-grass,Not Assessed,False,native,Grass,8,Aug,False,False
Poa rodwayi,Velvet Tussock-grass,Not Assessed,False,native,Grass,9,Sep,True,False
Poa rodwayi,Velvet Tussock-grass,Not Assessed,False,native,Grass,10,Oct,True,False
Poa rodwayi,Velvet Tussock-grass,Not Assessed,False,native,Grass,11,Nov,True,False
Poa rodwayi,Velvet Tussock-grass,Not Assessed,False,native,Grass,12,Dec,True,False
Poa sieberiana,Grey Tussock-grass,Not Assessed,False,native,Grass,1,Jan,True,False
Poa sieberiana,Grey Tussock-grass,Not Assessed,False,native,Grass,2,Feb,True,False
Poa sieberiana,Grey Tussock-grass,Not Assessed,False,native,Grass,3,Mar,True,False
Poa sieberiana,Grey Tussock-grass,Not Assessed,False,native,Grass,4,Apr,True,False
Poa sieberiana,Grey Tussock-grass,Not Assessed,False,native,Grass,5,May,True,False
Poa sieberiana,Grey Tussock-grass,Not Assessed,False,native,Grass,6,Jun,True,False
Poa sieberiana,Grey Tussock-grass,Not Assessed,False,native,Grass,7,Jul,True,False
Poa sieberiana,Grey Tussock-grass,Not Assessed,False,native,Grass,8,Aug,True,False
Poa sieberiana,Grey Tussock-grass,Not Assessed,False,native,Grass,9,Sep,True,False
Poa sieberiana,Grey Tussock-grass,Not Assessed,False,native,Grass,10,Oct,True,False
Poa sieberiana,Grey Tussock-grass,Not Assessed,False,native,Grass,11,Nov,True,False
Poa sieberiana,Grey Tussock-grass,Not Assessed,False,native,Grass,12,Dec,True,False
Poa tenera,Slender Tussock-grass,Not Assessed,False,native,Grass,1,Jan,True,False
Poa tenera,Slender Tussock-grass,Not Assessed,False,native,Grass,2,Feb,True,False
Poa tenera,Slender Tussock-grass,Not Assessed,False,native,Grass,3,Mar,False,False
Poa tenera,Slender Tussock-grass,Not Assessed,False,native,Grass,4,Apr,False,False
Poa tenera,Slender Tussock-grass,Not Assessed,False,native,Grass,5,May,False,False
Poa tenera,Slender Tussock-grass,Not Assessed,False,native,Grass,6,Jun,False,False
Poa tenera,Slender Tussock-grass,Not Assessed,False,native,Grass,7,Jul,False,False
Poa tenera,Slender Tussock-grass,Not Assessed,False,native,Grass,8,Aug,False,False
Poa tenera,Slender Tussock-grass,Not Assessed,False,native,Grass,9,Sep,True,False
Poa tenera,Slender Tussock-grass,Not Assessed,False,native,Grass,10,Oct,True,False
Poa tenera,Slender Tussock-grass,Not Assessed,False,native,Grass,11,Nov,True,False
Poa tenera,Slender Tussock-grass,Not Assessed,False,native,Grass,12,Dec,True,False
Poa trivialis,Rough Meadow-grass,Lower Concern,False,introduced,Grass,1,Jan,True,False
Poa trivialis,Rough Meadow-grass,Lower Concern,False,introduced,Grass,2,Feb,True,False
Poa trivialis,Rough Meadow-grass,Lower Concern,False,introduced,Grass,3,Mar,False,False
Poa trivialis,Rough Meadow-grass,Lower Concern,False,introduced,Grass,4,Apr,False,False
Poa trivialis,Rough Meadow-grass,Lower Concern,False,introduced,Grass,5,May,False,False
Poa trivialis,Rough Meadow-grass,Lower Concern,False,introduced,Grass,6,Jun,False,False
Poa trivialis,Rough Meadow-grass,Lower Concern,False,introduced,Grass,7,Jul,False,False
Poa trivialis,Rough Meadow-grass,Lower Concern,False,introduced,Grass,8,Aug,False,False
Poa trivialis,Rough Meadow-grass,Lower Concern,False,introduced,Grass,9,Sep,True,False
Poa trivialis,Rough Meadow-grass,Lower Concern,False,introduced,Grass,10,Oct,True,False
Poa trivialis,Rough Meadow-grass,Lower Concern,False,introduced,Grass,11,Nov,True,False
Poa trivialis,Rough Meadow-grass,Lower Concern,False,introduced,Grass,12,Dec,True,False
Podolepis decipiens,Common Podolepis,Not Assessed,False,native,Herb,1,Jan,,False
Podolepis decipiens,Common Podolepis,Not Assessed,False,native,Herb,2,Feb,,False
Podolepis decipiens,Common Podolepis,Not Assessed,False,native,Herb,3,Mar,,False
Podolepis decipiens,Common Podolepis,Not Assessed,False,native,Herb,4,Apr,,False
Podolepis decipiens,Common Podolepis,Not Assessed,False,native,Herb,5,May,,False
Podolepis decipiens,Common Podolepis,Not Assessed,False,native,Herb,6,Jun,,False
Podolepis decipiens,Common Podolepis,Not Assessed,False,native,Herb,7,Jul,,False
Podolepis decipiens,Common Podolepis,Not Assessed,False,native,Herb,8,Aug,,False
Podolepis decipiens,Common Podolepis,Not Assessed,False,native,Herb,9,Sep,,False
Podolepis decipiens,Common Podolepis,Not Assessed,False,native,Herb,10,Oct,,False
Podolepis decipiens,Common Podolepis,Not Assessed,False,native,Herb,11,Nov,,False
Podolepis decipiens,Common Podolepis,Not Assessed,False,native,Herb,12,Dec,,False
Podolepis jaceoides,Showy Podolepis,Not Assessed,False,native,Herb,1,Jan,True,False
Podolepis jaceoides,Showy Podolepis,Not Assessed,False,native,Herb,2,Feb,True,False
Podolepis jaceoides,Showy Podolepis,Not Assessed,False,native,Herb,3,Mar,False,False
Podolepis jaceoides,Showy Podolepis,Not Assessed,False,native,Herb,4,Apr,False,False
Podolepis jaceoides,Showy Podolepis,Not Assessed,False,native,Herb,5,May,False,False
Podolepis jaceoides,Showy Podolepis,Not Assessed,False,native,Herb,6,Jun,False,False
Podolepis jaceoides,Showy Podolepis,Not Assessed,False,native,Herb,7,Jul,False,False
Podolepis jaceoides,Showy Podolepis,Not Assessed,False,native,Herb,8,Aug,False,False
Podolepis jaceoides,Showy Podolepis,Not Assessed,False,native,Herb,9,Sep,False,False
Podolepis jaceoides,Showy Podolepis,Not Assessed,False,native,Herb,10,Oct,True,False
Podolepis jaceoides,Showy Podolepis,Not Assessed,False,native,Herb,11,Nov,True,False
Podolepis jaceoides,Showy Podolepis,Not Assessed,False,native,Herb,12,Dec,True,False
Polycarpon tetraphyllum,Four-leaved Allseed,Use Caution,True,introduced,Herb,1,Jan,True,False
Polycarpon tetraphyllum,Four-leaved Allseed,Use Caution,True,introduced,Herb,2,Feb,False,False
Polycarpon tetraphyllum,Four-leaved Allseed,Use Caution,True,introduced,Herb,3,Mar,False,False
Polycarpon tetraphyllum,Four-leaved Allseed,Use Caution,True,introduced,Herb,4,Apr,False,False
Polycarpon tetraphyllum,Four-leaved Allseed,Use Caution,True,introduced,Herb,5,May,False,False
Polycarpon tetraphyllum,Four-leaved Allseed,Use Caution,True,introduced,Herb,6,Jun,False,False
Polycarpon tetraphyllum,Four-leaved Allseed,Use Caution,True,introduced,Herb,7,Jul,False,False
Polycarpon tetraphyllum,Four-leaved Allseed,Use Caution,True,introduced,Herb,8,Aug,True,False
Polycarpon tetraphyllum,Four-leaved Allseed,Use Caution,True,introduced,Herb,9,Sep,True,False
Polycarpon tetraphyllum,Four-leaved Allseed,Use Caution,True,introduced,Herb,10,Oct,True,False
Polycarpon tetraphyllum,Four-leaved Allseed,Use Caution,True,introduced,Herb,11,Nov,True,False
Polycarpon tetraphyllum,Four-leaved Allseed,Use Caution,True,introduced,Herb,12,Dec,True,False
Polygala virgata,Broom Milkwort,Use Caution,True,introduced,Shrub,1,Jan,False,False
Polygala virgata,Broom Milkwort,Use Caution,True,introduced,Shrub,2,Feb,False,False
Polygala virgata,Broom Milkwort,Use Caution,True,introduced,Shrub,3,Mar,False,False
Polygala virgata,Broom Milkwort,Use Caution,True,introduced,Shrub,4,Apr,False,False
Polygala virgata,Broom Milkwort,Use Caution,True,introduced,Shrub,5,May,False,False
Polygala virgata,Broom Milkwort,Use Caution,True,introduced,Shrub,6,Jun,False,False
Polygala virgata,Broom Milkwort,Use Caution,True,introduced,Shrub,7,Jul,True,False
Polygala virgata,Broom Milkwort,Use Caution,True,introduced,Shrub,8,Aug,True,False
Polygala virgata,Broom Milkwort,Use Caution,True,introduced,Shrub,9,Sep,True,False
Polygala virgata,Broom Milkwort,Use Caution,True,introduced,Shrub,10,Oct,True,False
Polygala virgata,Broom Milkwort,Use Caution,True,introduced,Shrub,11,Nov,True,False
Polygala virgata,Broom Milkwort,Use Caution,True,introduced,Shrub,12,Dec,False,False
Polygonum aviculare,Hogweed | Wireweed,Reconsider Planting,True,introduced,Herb,1,Jan,False,False
Polygonum aviculare,Hogweed | Wireweed,Reconsider Planting,True,introduced,Herb,2,Feb,True,False
Polygonum aviculare,Hogweed | Wireweed,Reconsider Planting,True,introduced,Herb,3,Mar,True,False
Polygonum aviculare,Hogweed | Wireweed,Reconsider Planting,True,introduced,Herb,4,Apr,True,False
Polygonum aviculare,Hogweed | Wireweed,Reconsider Planting,True,introduced,Herb,5,May,True,False
Polygonum aviculare,Hogweed | Wireweed,Reconsider Planting,True,introduced,Herb,6,Jun,False,False
Polygonum aviculare,Hogweed | Wireweed,Reconsider Planting,True,introduced,Herb,7,Jul,False,False
Polygonum aviculare,Hogweed | Wireweed,Reconsider Planting,True,introduced,Herb,8,Aug,False,False
Polygonum aviculare,Hogweed | Wireweed,Reconsider Planting,True,introduced,Herb,9,Sep,True,False
Polygonum aviculare,Hogweed | Wireweed,Reconsider Planting,True,introduced,Herb,10,Oct,True,False
Polygonum aviculare,Hogweed | Wireweed,Reconsider Planting,True,introduced,Herb,11,Nov,False,False
Polygonum aviculare,Hogweed | Wireweed,Reconsider Planting,True,introduced,Herb,12,Dec,False,False
Polypogon monspeliensis,Annual Beard-grass,Reconsider Planting,True,introduced,Grass,1,Jan,False,False
Polypogon monspeliensis,Annual Beard-grass,Reconsider Planting,True,introduced,Grass,2,Feb,True,False
Polypogon monspeliensis,Annual Beard-grass,Reconsider Planting,True,introduced,Grass,3,Mar,True,False
Polypogon monspeliensis,Annual Beard-grass,Reconsider Planting,True,introduced,Grass,4,Apr,True,False
Polypogon monspeliensis,Annual Beard-grass,Reconsider Planting,True,introduced,Grass,5,May,True,False
Polypogon monspeliensis,Annual Beard-grass,Reconsider Planting,True,introduced,Grass,6,Jun,True,False
Polypogon monspeliensis,Annual Beard-grass,Reconsider Planting,True,introduced,Grass,7,Jul,True,False
Polypogon monspeliensis,Annual Beard-grass,Reconsider Planting,True,introduced,Grass,8,Aug,True,False
Polypogon monspeliensis,Annual Beard-grass,Reconsider Planting,True,introduced,Grass,9,Sep,True,False
Polypogon monspeliensis,Annual Beard-grass,Reconsider Planting,True,introduced,Grass,10,Oct,True,False
Polypogon monspeliensis,Annual Beard-grass,Reconsider Planting,True,introduced,Grass,11,Nov,True,False
Polypogon monspeliensis,Annual Beard-grass,Reconsider Planting,True,introduced,Grass,12,Dec,False,False
Polyscias sambucifolia,,Not Assessed,False,native,Shrub,1,Jan,True,False
Polyscias sambucifolia,,Not Assessed,False,native,Shrub,2,Feb,True,False
Polyscias sambucifolia,,Not Assessed,False,native,Shrub,3,Mar,False,False
Polyscias sambucifolia,,Not Assessed,False,native,Shrub,4,Apr,False,False
Polyscias sambucifolia,,Not Assessed,False,native,Shrub,5,May,False,False
Polyscias sambucifolia,,Not Assessed,False,native,Shrub,6,Jun,False,False
Polyscias sambucifolia,,Not Assessed,False,native,Shrub,7,Jul,False,False
Polyscias sambucifolia,,Not Assessed,False,native,Shrub,8,Aug,False,False
Polyscias sambucifolia,,Not Assessed,False,native,Shrub,9,Sep,False,False
Polyscias sambucifolia,,Not Assessed,False,native,Shrub,10,Oct,False,False
Polyscias sambucifolia,,Not Assessed,False,native,Shrub,11,Nov,True,False
Polyscias sambucifolia,,Not Assessed,False,native,Shrub,12,Dec,True,False
Polytrichum juniperinum,Juniper Haircap,Not Assessed,False,native,,1,Jan,,False
Polytrichum juniperinum,Juniper Haircap,Not Assessed,False,native,,2,Feb,,False
Polytrichum juniperinum,Juniper Haircap,Not Assessed,False,native,,3,Mar,,False
Polytrichum juniperinum,Juniper Haircap,Not Assessed,False,native,,4,Apr,,False
Polytrichum juniperinum,Juniper Haircap,Not Assessed,False,native,,5,May,,False
Polytrichum juniperinum,Juniper Haircap,Not Assessed,False,native,,6,Jun,,False
Polytrichum juniperinum,Juniper Haircap,Not Assessed,False,native,,7,Jul,,False
Polytrichum juniperinum,Juniper Haircap,Not Assessed,False,native,,8,Aug,,False
Polytrichum juniperinum,Juniper Haircap,Not Assessed,False,native,,9,Sep,,False
Polytrichum juniperinum,Juniper Haircap,Not Assessed,False,native,,10,Oct,,False
Polytrichum juniperinum,Juniper Haircap,Not Assessed,False,native,,11,Nov,,False
Polytrichum juniperinum,Juniper Haircap,Not Assessed,False,native,,12,Dec,,False
Pomaderris racemosa,Cluster Pomaderris,Not Assessed,False,native,Shrub,1,Jan,False,False
Pomaderris racemosa,Cluster Pomaderris,Not Assessed,False,native,Shrub,2,Feb,False,False
Pomaderris racemosa,Cluster Pomaderris,Not Assessed,False,native,Shrub,3,Mar,False,False
Pomaderris racemosa,Cluster Pomaderris,Not Assessed,False,native,Shrub,4,Apr,False,False
Pomaderris racemosa,Cluster Pomaderris,Not Assessed,False,native,Shrub,5,May,False,False
Pomaderris racemosa,Cluster Pomaderris,Not Assessed,False,native,Shrub,6,Jun,False,False
Pomaderris racemosa,Cluster Pomaderris,Not Assessed,False,native,Shrub,7,Jul,False,False
Pomaderris racemosa,Cluster Pomaderris,Not Assessed,False,native,Shrub,8,Aug,False,False
Pomaderris racemosa,Cluster Pomaderris,Not Assessed,False,native,Shrub,9,Sep,False,False
Pomaderris racemosa,Cluster Pomaderris,Not Assessed,False,native,Shrub,10,Oct,True,False
Pomaderris racemosa,Cluster Pomaderris,Not Assessed,False,native,Shrub,11,Nov,True,False
Pomaderris racemosa,Cluster Pomaderris,Not Assessed,False,native,Shrub,12,Dec,False,False
Populus alba,White Poplar,Use Caution,True,introduced,Tree,1,Jan,,False
Populus alba,White Poplar,Use Caution,True,introduced,Tree,2,Feb,,False
Populus alba,White Poplar,Use Caution,True,introduced,Tree,3,Mar,,False
Populus alba,White Poplar,Use Caution,True,introduced,Tree,4,Apr,,False
Populus alba,White Poplar,Use Caution,True,introduced,Tree,5,May,,False
Populus alba,White Poplar,Use Caution,True,introduced,Tree,6,Jun,,False
Populus alba,White Poplar,Use Caution,True,introduced,Tree,7,Jul,,False
Populus alba,White Poplar,Use Caution,True,introduced,Tree,8,Aug,,False
Populus alba,White Poplar,Use Caution,True,introduced,Tree,9,Sep,,False
Populus alba,White Poplar,Use Caution,True,introduced,Tree,10,Oct,,False
Populus alba,White Poplar,Use Caution,True,introduced,Tree,11,Nov,,False
Populus alba,White Poplar,Use Caution,True,introduced,Tree,12,Dec,,False
Poranthera microphylla,Small Poranthera,Not Assessed,False,native,Herb,1,Jan,True,False
Poranthera microphylla,Small Poranthera,Not Assessed,False,native,Herb,2,Feb,True,False
Poranthera microphylla,Small Poranthera,Not Assessed,False,native,Herb,3,Mar,True,False
Poranthera microphylla,Small Poranthera,Not Assessed,False,native,Herb,4,Apr,True,False
Poranthera microphylla,Small Poranthera,Not Assessed,False,native,Herb,5,May,True,False
Poranthera microphylla,Small Poranthera,Not Assessed,False,native,Herb,6,Jun,True,False
Poranthera microphylla,Small Poranthera,Not Assessed,False,native,Herb,7,Jul,True,False
Poranthera microphylla,Small Poranthera,Not Assessed,False,native,Herb,8,Aug,True,False
Poranthera microphylla,Small Poranthera,Not Assessed,False,native,Herb,9,Sep,True,False
Poranthera microphylla,Small Poranthera,Not Assessed,False,native,Herb,10,Oct,True,False
Poranthera microphylla,Small Poranthera,Not Assessed,False,native,Herb,11,Nov,True,False
Poranthera microphylla,Small Poranthera,Not Assessed,False,native,Herb,12,Dec,True,False
Portulaca oleracea,Pigweed | Common Purslane,Lower Concern,False,uncertain,Herb,1,Jan,True,False
Portulaca oleracea,Pigweed | Common Purslane,Lower Concern,False,uncertain,Herb,2,Feb,True,False
Portulaca oleracea,Pigweed | Common Purslane,Lower Concern,False,uncertain,Herb,3,Mar,True,False
Portulaca oleracea,Pigweed | Common Purslane,Lower Concern,False,uncertain,Herb,4,Apr,True,False
Portulaca oleracea,Pigweed | Common Purslane,Lower Concern,False,uncertain,Herb,5,May,True,False
Portulaca oleracea,Pigweed | Common Purslane,Lower Concern,False,uncertain,Herb,6,Jun,False,False
Portulaca oleracea,Pigweed | Common Purslane,Lower Concern,False,uncertain,Herb,7,Jul,False,False
Portulaca oleracea,Pigweed | Common Purslane,Lower Concern,False,uncertain,Herb,8,Aug,True,False
Portulaca oleracea,Pigweed | Common Purslane,Lower Concern,False,uncertain,Herb,9,Sep,True,False
Portulaca oleracea,Pigweed | Common Purslane,Lower Concern,False,uncertain,Herb,10,Oct,True,False
Portulaca oleracea,Pigweed | Common Purslane,Lower Concern,False,uncertain,Herb,11,Nov,True,False
Portulaca oleracea,Pigweed | Common Purslane,Lower Concern,False,uncertain,Herb,12,Dec,True,False
Potamogeton crispus,Curly Pondweed,Not Assessed,False,native,Herb,1,Jan,True,False
Potamogeton crispus,Curly Pondweed,Not Assessed,False,native,Herb,2,Feb,True,False
Potamogeton crispus,Curly Pondweed,Not Assessed,False,native,Herb,3,Mar,True,False
Potamogeton crispus,Curly Pondweed,Not Assessed,False,native,Herb,4,Apr,True,False
Potamogeton crispus,Curly Pondweed,Not Assessed,False,native,Herb,5,May,True,False
Potamogeton crispus,Curly Pondweed,Not Assessed,False,native,Herb,6,Jun,False,False
Potamogeton crispus,Curly Pondweed,Not Assessed,False,native,Herb,7,Jul,True,False
Potamogeton crispus,Curly Pondweed,Not Assessed,False,native,Herb,8,Aug,True,False
Potamogeton crispus,Curly Pondweed,Not Assessed,False,native,Herb,9,Sep,True,False
Potamogeton crispus,Curly Pondweed,Not Assessed,False,native,Herb,10,Oct,True,False
Potamogeton crispus,Curly Pondweed,Not Assessed,False,native,Herb,11,Nov,True,False
Potamogeton crispus,Curly Pondweed,Not Assessed,False,native,Herb,12,Dec,True,False
Potentilla indica,Indian Strawberry,Use Caution,True,introduced,Herb,1,Jan,True,False
Potentilla indica,Indian Strawberry,Use Caution,True,introduced,Herb,2,Feb,True,False
Potentilla indica,Indian Strawberry,Use Caution,True,introduced,Herb,3,Mar,False,False
Potentilla indica,Indian Strawberry,Use Caution,True,introduced,Herb,4,Apr,False,False
Potentilla indica,Indian Strawberry,Use Caution,True,introduced,Herb,5,May,False,False
Potentilla indica,Indian Strawberry,Use Caution,True,introduced,Herb,6,Jun,False,False
Potentilla indica,Indian Strawberry,Use Caution,True,introduced,Herb,7,Jul,False,False
Potentilla indica,Indian Strawberry,Use Caution,True,introduced,Herb,8,Aug,False,False
Potentilla indica,Indian Strawberry,Use Caution,True,introduced,Herb,9,Sep,True,False
Potentilla indica,Indian Strawberry,Use Caution,True,introduced,Herb,10,Oct,True,False
Potentilla indica,Indian Strawberry,Use Caution,True,introduced,Herb,11,Nov,True,False
Potentilla indica,Indian Strawberry,Use Caution,True,introduced,Herb,12,Dec,True,False
Prasophyllum elatum,Tall Leek-orchid,Not Assessed,False,native,Herb,1,Jan,False,False
Prasophyllum elatum,Tall Leek-orchid,Not Assessed,False,native,Herb,2,Feb,False,False
Prasophyllum elatum,Tall Leek-orchid,Not Assessed,False,native,Herb,3,Mar,False,False
Prasophyllum elatum,Tall Leek-orchid,Not Assessed,False,native,Herb,4,Apr,False,False
Prasophyllum elatum,Tall Leek-orchid,Not Assessed,False,native,Herb,5,May,False,False
Prasophyllum elatum,Tall Leek-orchid,Not Assessed,False,native,Herb,6,Jun,False,False
Prasophyllum elatum,Tall Leek-orchid,Not Assessed,False,native,Herb,7,Jul,False,False
Prasophyllum elatum,Tall Leek-orchid,Not Assessed,False,native,Herb,8,Aug,True,False
Prasophyllum elatum,Tall Leek-orchid,Not Assessed,False,native,Herb,9,Sep,True,False
Prasophyllum elatum,Tall Leek-orchid,Not Assessed,False,native,Herb,10,Oct,True,False
Prasophyllum elatum,Tall Leek-orchid,Not Assessed,False,native,Herb,11,Nov,True,False
Prasophyllum elatum,Tall Leek-orchid,Not Assessed,False,native,Herb,12,Dec,True,False
Prasophyllum frenchii,Swamp Leek-orchid,Not Assessed,False,native,Herb,1,Jan,False,False
Prasophyllum frenchii,Swamp Leek-orchid,Not Assessed,False,native,Herb,2,Feb,False,False
Prasophyllum frenchii,Swamp Leek-orchid,Not Assessed,False,native,Herb,3,Mar,False,False
Prasophyllum frenchii,Swamp Leek-orchid,Not Assessed,False,native,Herb,4,Apr,False,False
Prasophyllum frenchii,Swamp Leek-orchid,Not Assessed,False,native,Herb,5,May,False,False
Prasophyllum frenchii,Swamp Leek-orchid,Not Assessed,False,native,Herb,6,Jun,False,False
Prasophyllum frenchii,Swamp Leek-orchid,Not Assessed,False,native,Herb,7,Jul,False,False
Prasophyllum frenchii,Swamp Leek-orchid,Not Assessed,False,native,Herb,8,Aug,False,False
Prasophyllum frenchii,Swamp Leek-orchid,Not Assessed,False,native,Herb,9,Sep,False,False
Prasophyllum frenchii,Swamp Leek-orchid,Not Assessed,False,native,Herb,10,Oct,True,False
Prasophyllum frenchii,Swamp Leek-orchid,Not Assessed,False,native,Herb,11,Nov,True,False
Prasophyllum frenchii,Swamp Leek-orchid,Not Assessed,False,native,Herb,12,Dec,False,False
Prasophyllum odoratum,Fragrant Leek-orchid | Pretty Leek-orchid,Not Assessed,False,native,Herb,1,Jan,True,False
Prasophyllum odoratum,Fragrant Leek-orchid | Pretty Leek-orchid,Not Assessed,False,native,Herb,2,Feb,False,False
Prasophyllum odoratum,Fragrant Leek-orchid | Pretty Leek-orchid,Not Assessed,False,native,Herb,3,Mar,False,False
Prasophyllum odoratum,Fragrant Leek-orchid | Pretty Leek-orchid,Not Assessed,False,native,Herb,4,Apr,False,False
Prasophyllum odoratum,Fragrant Leek-orchid | Pretty Leek-orchid,Not Assessed,False,native,Herb,5,May,False,False
Prasophyllum odoratum,Fragrant Leek-orchid | Pretty Leek-orchid,Not Assessed,False,native,Herb,6,Jun,False,False
Prasophyllum odoratum,Fragrant Leek-orchid | Pretty Leek-orchid,Not Assessed,False,native,Herb,7,Jul,False,False
Prasophyllum odoratum,Fragrant Leek-orchid | Pretty Leek-orchid,Not Assessed,False,native,Herb,8,Aug,True,False
Prasophyllum odoratum,Fragrant Leek-orchid | Pretty Leek-orchid,Not Assessed,False,native,Herb,9,Sep,True,False
Prasophyllum odoratum,Fragrant Leek-orchid | Pretty Leek-orchid,Not Assessed,False,native,Herb,10,Oct,True,False
Prasophyllum odoratum,Fragrant Leek-orchid | Pretty Leek-orchid,Not Assessed,False,native,Herb,11,Nov,True,False
Prasophyllum odoratum,Fragrant Leek-orchid | Pretty Leek-orchid,Not Assessed,False,native,Herb,12,Dec,True,False
Prostanthera lasianthos,Victorian Christmas Bush,Not Assessed,False,native,Shrub,1,Jan,True,False
Prostanthera lasianthos,Victorian Christmas Bush,Not Assessed,False,native,Shrub,2,Feb,True,False
Prostanthera lasianthos,Victorian Christmas Bush,Not Assessed,False,native,Shrub,3,Mar,True,False
Prostanthera lasianthos,Victorian Christmas Bush,Not Assessed,False,native,Shrub,4,Apr,False,False
Prostanthera lasianthos,Victorian Christmas Bush,Not Assessed,False,native,Shrub,5,May,False,False
Prostanthera lasianthos,Victorian Christmas Bush,Not Assessed,False,native,Shrub,6,Jun,False,False
Prostanthera lasianthos,Victorian Christmas Bush,Not Assessed,False,native,Shrub,7,Jul,False,False
Prostanthera lasianthos,Victorian Christmas Bush,Not Assessed,False,native,Shrub,8,Aug,False,False
Prostanthera lasianthos,Victorian Christmas Bush,Not Assessed,False,native,Shrub,9,Sep,False,False
Prostanthera lasianthos,Victorian Christmas Bush,Not Assessed,False,native,Shrub,10,Oct,False,False
Prostanthera lasianthos,Victorian Christmas Bush,Not Assessed,False,native,Shrub,11,Nov,True,False
Prostanthera lasianthos,Victorian Christmas Bush,Not Assessed,False,native,Shrub,12,Dec,True,False
Prunella vulgaris,Self-heal,Use Caution,True,introduced,Herb,1,Jan,True,False
Prunella vulgaris,Self-heal,Use Caution,True,introduced,Herb,2,Feb,True,False
Prunella vulgaris,Self-heal,Use Caution,True,introduced,Herb,3,Mar,True,False
Prunella vulgaris,Self-heal,Use Caution,True,introduced,Herb,4,Apr,True,False
Prunella vulgaris,Self-heal,Use Caution,True,introduced,Herb,5,May,False,False
Prunella vulgaris,Self-heal,Use Caution,True,introduced,Herb,6,Jun,False,False
Prunella vulgaris,Self-heal,Use Caution,True,introduced,Herb,7,Jul,False,False
Prunella vulgaris,Self-heal,Use Caution,True,introduced,Herb,8,Aug,False,False
Prunella vulgaris,Self-heal,Use Caution,True,introduced,Herb,9,Sep,False,False
Prunella vulgaris,Self-heal,Use Caution,True,introduced,Herb,10,Oct,False,False
Prunella vulgaris,Self-heal,Use Caution,True,introduced,Herb,11,Nov,True,False
Prunella vulgaris,Self-heal,Use Caution,True,introduced,Herb,12,Dec,True,False
Prunus cerasifera,Cherry-plum,Reconsider Planting,True,introduced,Tree,1,Jan,False,False
Prunus cerasifera,Cherry-plum,Reconsider Planting,True,introduced,Tree,2,Feb,False,False
Prunus cerasifera,Cherry-plum,Reconsider Planting,True,introduced,Tree,3,Mar,False,False
Prunus cerasifera,Cherry-plum,Reconsider Planting,True,introduced,Tree,4,Apr,False,False
Prunus cerasifera,Cherry-plum,Reconsider Planting,True,introduced,Tree,5,May,False,False
Prunus cerasifera,Cherry-plum,Reconsider Planting,True,introduced,Tree,6,Jun,False,False
Prunus cerasifera,Cherry-plum,Reconsider Planting,True,introduced,Tree,7,Jul,False,False
Prunus cerasifera,Cherry-plum,Reconsider Planting,True,introduced,Tree,8,Aug,False,False
Prunus cerasifera,Cherry-plum,Reconsider Planting,True,introduced,Tree,9,Sep,True,False
Prunus cerasifera,Cherry-plum,Reconsider Planting,True,introduced,Tree,10,Oct,True,False
Prunus cerasifera,Cherry-plum,Reconsider Planting,True,introduced,Tree,11,Nov,True,False
Prunus cerasifera,Cherry-plum,Reconsider Planting,True,introduced,Tree,12,Dec,False,False
Psoralea pinnata,Blue Psoralea,Reconsider Planting,True,introduced,Shrub,1,Jan,True,False
Psoralea pinnata,Blue Psoralea,Reconsider Planting,True,introduced,Shrub,2,Feb,True,False
Psoralea pinnata,Blue Psoralea,Reconsider Planting,True,introduced,Shrub,3,Mar,False,False
Psoralea pinnata,Blue Psoralea,Reconsider Planting,True,introduced,Shrub,4,Apr,False,False
Psoralea pinnata,Blue Psoralea,Reconsider Planting,True,introduced,Shrub,5,May,False,False
Psoralea pinnata,Blue Psoralea,Reconsider Planting,True,introduced,Shrub,6,Jun,False,False
Psoralea pinnata,Blue Psoralea,Reconsider Planting,True,introduced,Shrub,7,Jul,False,False
Psoralea pinnata,Blue Psoralea,Reconsider Planting,True,introduced,Shrub,8,Aug,False,False
Psoralea pinnata,Blue Psoralea,Reconsider Planting,True,introduced,Shrub,9,Sep,False,False
Psoralea pinnata,Blue Psoralea,Reconsider Planting,True,introduced,Shrub,10,Oct,False,False
Psoralea pinnata,Blue Psoralea,Reconsider Planting,True,introduced,Shrub,11,Nov,False,False
Psoralea pinnata,Blue Psoralea,Reconsider Planting,True,introduced,Shrub,12,Dec,True,False
Pteridium esculentum,Bracken | Austral Bracken,Not Assessed,False,native,Fern,1,Jan,,False
Pteridium esculentum,Bracken | Austral Bracken,Not Assessed,False,native,Fern,2,Feb,,False
Pteridium esculentum,Bracken | Austral Bracken,Not Assessed,False,native,Fern,3,Mar,,False
Pteridium esculentum,Bracken | Austral Bracken,Not Assessed,False,native,Fern,4,Apr,,False
Pteridium esculentum,Bracken | Austral Bracken,Not Assessed,False,native,Fern,5,May,,False
Pteridium esculentum,Bracken | Austral Bracken,Not Assessed,False,native,Fern,6,Jun,,False
Pteridium esculentum,Bracken | Austral Bracken,Not Assessed,False,native,Fern,7,Jul,,False
Pteridium esculentum,Bracken | Austral Bracken,Not Assessed,False,native,Fern,8,Aug,,False
Pteridium esculentum,Bracken | Austral Bracken,Not Assessed,False,native,Fern,9,Sep,,False
Pteridium esculentum,Bracken | Austral Bracken,Not Assessed,False,native,Fern,10,Oct,,False
Pteridium esculentum,Bracken | Austral Bracken,Not Assessed,False,native,Fern,11,Nov,,False
Pteridium esculentum,Bracken | Austral Bracken,Not Assessed,False,native,Fern,12,Dec,,False
Pteridium esculentum subsp. esculentum,Austral Bracken,Not Assessed,False,native,Fern,1,Jan,,False
Pteridium esculentum subsp. esculentum,Austral Bracken,Not Assessed,False,native,Fern,2,Feb,,False
Pteridium esculentum subsp. esculentum,Austral Bracken,Not Assessed,False,native,Fern,3,Mar,,False
Pteridium esculentum subsp. esculentum,Austral Bracken,Not Assessed,False,native,Fern,4,Apr,,False
Pteridium esculentum subsp. esculentum,Austral Bracken,Not Assessed,False,native,Fern,5,May,,False
Pteridium esculentum subsp. esculentum,Austral Bracken,Not Assessed,False,native,Fern,6,Jun,,False
Pteridium esculentum subsp. esculentum,Austral Bracken,Not Assessed,False,native,Fern,7,Jul,,False
Pteridium esculentum subsp. esculentum,Austral Bracken,Not Assessed,False,native,Fern,8,Aug,,False
Pteridium esculentum subsp. esculentum,Austral Bracken,Not Assessed,False,native,Fern,9,Sep,,False
Pteridium esculentum subsp. esculentum,Austral Bracken,Not Assessed,False,native,Fern,10,Oct,,False
Pteridium esculentum subsp. esculentum,Austral Bracken,Not Assessed,False,native,Fern,11,Nov,,False
Pteridium esculentum subsp. esculentum,Austral Bracken,Not Assessed,False,native,Fern,12,Dec,,False
Pterostylis melagramma,Tall Greenhood,Not Assessed,False,native,Herb,1,Jan,False,False
Pterostylis melagramma,Tall Greenhood,Not Assessed,False,native,Herb,2,Feb,False,False
Pterostylis melagramma,Tall Greenhood,Not Assessed,False,native,Herb,3,Mar,False,False
Pterostylis melagramma,Tall Greenhood,Not Assessed,False,native,Herb,4,Apr,False,False
Pterostylis melagramma,Tall Greenhood,Not Assessed,False,native,Herb,5,May,False,False
Pterostylis melagramma,Tall Greenhood,Not Assessed,False,native,Herb,6,Jun,True,False
Pterostylis melagramma,Tall Greenhood,Not Assessed,False,native,Herb,7,Jul,True,False
Pterostylis melagramma,Tall Greenhood,Not Assessed,False,native,Herb,8,Aug,True,False
Pterostylis melagramma,Tall Greenhood,Not Assessed,False,native,Herb,9,Sep,True,False
Pterostylis melagramma,Tall Greenhood,Not Assessed,False,native,Herb,10,Oct,True,False
Pterostylis melagramma,Tall Greenhood,Not Assessed,False,native,Herb,11,Nov,True,False
Pterostylis melagramma,Tall Greenhood,Not Assessed,False,native,Herb,12,Dec,False,False
Pterostylis nutans,Nodding Greenhood,Not Assessed,False,native,Herb,1,Jan,False,False
Pterostylis nutans,Nodding Greenhood,Not Assessed,False,native,Herb,2,Feb,False,False
Pterostylis nutans,Nodding Greenhood,Not Assessed,False,native,Herb,3,Mar,False,False
Pterostylis nutans,Nodding Greenhood,Not Assessed,False,native,Herb,4,Apr,True,False
Pterostylis nutans,Nodding Greenhood,Not Assessed,False,native,Herb,5,May,True,False
Pterostylis nutans,Nodding Greenhood,Not Assessed,False,native,Herb,6,Jun,True,False
Pterostylis nutans,Nodding Greenhood,Not Assessed,False,native,Herb,7,Jul,True,False
Pterostylis nutans,Nodding Greenhood,Not Assessed,False,native,Herb,8,Aug,True,False
Pterostylis nutans,Nodding Greenhood,Not Assessed,False,native,Herb,9,Sep,True,False
Pterostylis nutans,Nodding Greenhood,Not Assessed,False,native,Herb,10,Oct,True,False
Pterostylis nutans,Nodding Greenhood,Not Assessed,False,native,Herb,11,Nov,False,False
Pterostylis nutans,Nodding Greenhood,Not Assessed,False,native,Herb,12,Dec,False,False
Pterostylis parviflora,Tiny Greenhood,Not Assessed,False,native,Herb,1,Jan,False,False
Pterostylis parviflora,Tiny Greenhood,Not Assessed,False,native,Herb,2,Feb,True,False
Pterostylis parviflora,Tiny Greenhood,Not Assessed,False,native,Herb,3,Mar,True,False
Pterostylis parviflora,Tiny Greenhood,Not Assessed,False,native,Herb,4,Apr,True,False
Pterostylis parviflora,Tiny Greenhood,Not Assessed,False,native,Herb,5,May,True,False
Pterostylis parviflora,Tiny Greenhood,Not Assessed,False,native,Herb,6,Jun,True,False
Pterostylis parviflora,Tiny Greenhood,Not Assessed,False,native,Herb,7,Jul,False,False
Pterostylis parviflora,Tiny Greenhood,Not Assessed,False,native,Herb,8,Aug,False,False
Pterostylis parviflora,Tiny Greenhood,Not Assessed,False,native,Herb,9,Sep,False,False
Pterostylis parviflora,Tiny Greenhood,Not Assessed,False,native,Herb,10,Oct,False,False
Pterostylis parviflora,Tiny Greenhood,Not Assessed,False,native,Herb,11,Nov,False,False
Pterostylis parviflora,Tiny Greenhood,Not Assessed,False,native,Herb,12,Dec,False,False
Pterostylis pedoglossa,Prawn Greenhood,Not Assessed,False,native,Herb,1,Jan,False,False
Pterostylis pedoglossa,Prawn Greenhood,Not Assessed,False,native,Herb,2,Feb,False,False
Pterostylis pedoglossa,Prawn Greenhood,Not Assessed,False,native,Herb,3,Mar,True,False
Pterostylis pedoglossa,Prawn Greenhood,Not Assessed,False,native,Herb,4,Apr,True,False
Pterostylis pedoglossa,Prawn Greenhood,Not Assessed,False,native,Herb,5,May,True,False
Pterostylis pedoglossa,Prawn Greenhood,Not Assessed,False,native,Herb,6,Jun,True,False
Pterostylis pedoglossa,Prawn Greenhood,Not Assessed,False,native,Herb,7,Jul,True,False
Pterostylis pedoglossa,Prawn Greenhood,Not Assessed,False,native,Herb,8,Aug,False,False
Pterostylis pedoglossa,Prawn Greenhood,Not Assessed,False,native,Herb,9,Sep,False,False
Pterostylis pedoglossa,Prawn Greenhood,Not Assessed,False,native,Herb,10,Oct,False,False
Pterostylis pedoglossa,Prawn Greenhood,Not Assessed,False,native,Herb,11,Nov,False,False
Pterostylis pedoglossa,Prawn Greenhood,Not Assessed,False,native,Herb,12,Dec,False,False
Pterostylis striata,Tall Shell-orchid,Not Assessed,False,native,Herb,1,Jan,False,False
Pterostylis striata,Tall Shell-orchid,Not Assessed,False,native,Herb,2,Feb,False,False
Pterostylis striata,Tall Shell-orchid,Not Assessed,False,native,Herb,3,Mar,True,False
Pterostylis striata,Tall Shell-orchid,Not Assessed,False,native,Herb,4,Apr,True,False
Pterostylis striata,Tall Shell-orchid,Not Assessed,False,native,Herb,5,May,True,False
Pterostylis striata,Tall Shell-orchid,Not Assessed,False,native,Herb,6,Jun,True,False
Pterostylis striata,Tall Shell-orchid,Not Assessed,False,native,Herb,7,Jul,True,False
Pterostylis striata,Tall Shell-orchid,Not Assessed,False,native,Herb,8,Aug,True,False
Pterostylis striata,Tall Shell-orchid,Not Assessed,False,native,Herb,9,Sep,False,False
Pterostylis striata,Tall Shell-orchid,Not Assessed,False,native,Herb,10,Oct,False,False
Pterostylis striata,Tall Shell-orchid,Not Assessed,False,native,Herb,11,Nov,False,False
Pterostylis striata,Tall Shell-orchid,Not Assessed,False,native,Herb,12,Dec,False,False
Pterostylis tasmanica,Southern Plume-orchid,Not Assessed,False,native,Herb,1,Jan,False,False
Pterostylis tasmanica,Southern Plume-orchid,Not Assessed,False,native,Herb,2,Feb,False,False
Pterostylis tasmanica,Southern Plume-orchid,Not Assessed,False,native,Herb,3,Mar,False,False
Pterostylis tasmanica,Southern Plume-orchid,Not Assessed,False,native,Herb,4,Apr,False,False
Pterostylis tasmanica,Southern Plume-orchid,Not Assessed,False,native,Herb,5,May,False,False
Pterostylis tasmanica,Southern Plume-orchid,Not Assessed,False,native,Herb,6,Jun,False,False
Pterostylis tasmanica,Southern Plume-orchid,Not Assessed,False,native,Herb,7,Jul,False,False
Pterostylis tasmanica,Southern Plume-orchid,Not Assessed,False,native,Herb,8,Aug,False,False
Pterostylis tasmanica,Southern Plume-orchid,Not Assessed,False,native,Herb,9,Sep,True,False
Pterostylis tasmanica,Southern Plume-orchid,Not Assessed,False,native,Herb,10,Oct,True,False
Pterostylis tasmanica,Southern Plume-orchid,Not Assessed,False,native,Herb,11,Nov,True,False
Pterostylis tasmanica,Southern Plume-orchid,Not Assessed,False,native,Herb,12,Dec,True,False
Pultenaea dentata,Clustered Bush-pea,Not Assessed,False,native,Shrub,1,Jan,False,False
Pultenaea dentata,Clustered Bush-pea,Not Assessed,False,native,Shrub,2,Feb,False,False
Pultenaea dentata,Clustered Bush-pea,Not Assessed,False,native,Shrub,3,Mar,False,False
Pultenaea dentata,Clustered Bush-pea,Not Assessed,False,native,Shrub,4,Apr,False,False
Pultenaea dentata,Clustered Bush-pea,Not Assessed,False,native,Shrub,5,May,False,False
Pultenaea dentata,Clustered Bush-pea,Not Assessed,False,native,Shrub,6,Jun,False,False
Pultenaea dentata,Clustered Bush-pea,Not Assessed,False,native,Shrub,7,Jul,False,False
Pultenaea dentata,Clustered Bush-pea,Not Assessed,False,native,Shrub,8,Aug,False,False
Pultenaea dentata,Clustered Bush-pea,Not Assessed,False,native,Shrub,9,Sep,False,False
Pultenaea dentata,Clustered Bush-pea,Not Assessed,False,native,Shrub,10,Oct,True,False
Pultenaea dentata,Clustered Bush-pea,Not Assessed,False,native,Shrub,11,Nov,True,False
Pultenaea dentata,Clustered Bush-pea,Not Assessed,False,native,Shrub,12,Dec,True,False
Pultenaea sericea,Chaffy Bush-pea,Not Assessed,False,native,Shrub,1,Jan,False,False
Pultenaea sericea,Chaffy Bush-pea,Not Assessed,False,native,Shrub,2,Feb,False,False
Pultenaea sericea,Chaffy Bush-pea,Not Assessed,False,native,Shrub,3,Mar,False,False
Pultenaea sericea,Chaffy Bush-pea,Not Assessed,False,native,Shrub,4,Apr,False,False
Pultenaea sericea,Chaffy Bush-pea,Not Assessed,False,native,Shrub,5,May,False,False
Pultenaea sericea,Chaffy Bush-pea,Not Assessed,False,native,Shrub,6,Jun,False,False
Pultenaea sericea,Chaffy Bush-pea,Not Assessed,False,native,Shrub,7,Jul,False,False
Pultenaea sericea,Chaffy Bush-pea,Not Assessed,False,native,Shrub,8,Aug,False,False
Pultenaea sericea,Chaffy Bush-pea,Not Assessed,False,native,Shrub,9,Sep,False,False
Pultenaea sericea,Chaffy Bush-pea,Not Assessed,False,native,Shrub,10,Oct,True,False
Pultenaea sericea,Chaffy Bush-pea,Not Assessed,False,native,Shrub,11,Nov,True,False
Pultenaea sericea,Chaffy Bush-pea,Not Assessed,False,native,Shrub,12,Dec,False,False
Pultenaea stricta,Rigid Bush-pea,Not Assessed,False,native,Shrub,1,Jan,False,False
Pultenaea stricta,Rigid Bush-pea,Not Assessed,False,native,Shrub,2,Feb,False,False
Pultenaea stricta,Rigid Bush-pea,Not Assessed,False,native,Shrub,3,Mar,False,False
Pultenaea stricta,Rigid Bush-pea,Not Assessed,False,native,Shrub,4,Apr,False,False
Pultenaea stricta,Rigid Bush-pea,Not Assessed,False,native,Shrub,5,May,False,False
Pultenaea stricta,Rigid Bush-pea,Not Assessed,False,native,Shrub,6,Jun,False,False
Pultenaea stricta,Rigid Bush-pea,Not Assessed,False,native,Shrub,7,Jul,False,False
Pultenaea stricta,Rigid Bush-pea,Not Assessed,False,native,Shrub,8,Aug,False,False
Pultenaea stricta,Rigid Bush-pea,Not Assessed,False,native,Shrub,9,Sep,True,False
Pultenaea stricta,Rigid Bush-pea,Not Assessed,False,native,Shrub,10,Oct,True,False
Pultenaea stricta,Rigid Bush-pea,Not Assessed,False,native,Shrub,11,Nov,True,False
Pultenaea stricta,Rigid Bush-pea,Not Assessed,False,native,Shrub,12,Dec,False,False
Pyrorchis nigricans,Red Beaks,Not Assessed,False,native,Herb,1,Jan,False,False
Pyrorchis nigricans,Red Beaks,Not Assessed,False,native,Herb,2,Feb,False,False
Pyrorchis nigricans,Red Beaks,Not Assessed,False,native,Herb,3,Mar,False,False
Pyrorchis nigricans,Red Beaks,Not Assessed,False,native,Herb,4,Apr,False,False
Pyrorchis nigricans,Red Beaks,Not Assessed,False,native,Herb,5,May,True,False
Pyrorchis nigricans,Red Beaks,Not Assessed,False,native,Herb,6,Jun,True,False
Pyrorchis nigricans,Red Beaks,Not Assessed,False,native,Herb,7,Jul,True,False
Pyrorchis nigricans,Red Beaks,Not Assessed,False,native,Herb,8,Aug,True,False
Pyrorchis nigricans,Red Beaks,Not Assessed,False,native,Herb,9,Sep,True,False
Pyrorchis nigricans,Red Beaks,Not Assessed,False,native,Herb,10,Oct,True,False
Pyrorchis nigricans,Red Beaks,Not Assessed,False,native,Herb,11,Nov,True,False
Pyrorchis nigricans,Red Beaks,Not Assessed,False,native,Herb,12,Dec,False,False
Quercus robur,English Oak,Use Caution,True,introduced,Tree,1,Jan,,False
Quercus robur,English Oak,Use Caution,True,introduced,Tree,2,Feb,,False
Quercus robur,English Oak,Use Caution,True,introduced,Tree,3,Mar,,False
Quercus robur,English Oak,Use Caution,True,introduced,Tree,4,Apr,,False
Quercus robur,English Oak,Use Caution,True,introduced,Tree,5,May,,False
Quercus robur,English Oak,Use Caution,True,introduced,Tree,6,Jun,,False
Quercus robur,English Oak,Use Caution,True,introduced,Tree,7,Jul,,False
Quercus robur,English Oak,Use Caution,True,introduced,Tree,8,Aug,,False
Quercus robur,English Oak,Use Caution,True,introduced,Tree,9,Sep,,False
Quercus robur,English Oak,Use Caution,True,introduced,Tree,10,Oct,,False
Quercus robur,English Oak,Use Caution,True,introduced,Tree,11,Nov,,False
Quercus robur,English Oak,Use Caution,True,introduced,Tree,12,Dec,,False
Racopilum cuspidigerum,,Not Assessed,False,native,,1,Jan,,False
Racopilum cuspidigerum,,Not Assessed,False,native,,2,Feb,,False
Racopilum cuspidigerum,,Not Assessed,False,native,,3,Mar,,False
Racopilum cuspidigerum,,Not Assessed,False,native,,4,Apr,,False
Racopilum cuspidigerum,,Not Assessed,False,native,,5,May,,False
Racopilum cuspidigerum,,Not Assessed,False,native,,6,Jun,,False
Racopilum cuspidigerum,,Not Assessed,False,native,,7,Jul,,False
Racopilum cuspidigerum,,Not Assessed,False,native,,8,Aug,,False
Racopilum cuspidigerum,,Not Assessed,False,native,,9,Sep,,False
Racopilum cuspidigerum,,Not Assessed,False,native,,10,Oct,,False
Racopilum cuspidigerum,,Not Assessed,False,native,,11,Nov,,False
Racopilum cuspidigerum,,Not Assessed,False,native,,12,Dec,,False
Racopilum cuspidigerum var. convolutaceum,Common Carpet-moss,Not Assessed,False,native,,1,Jan,,False
Racopilum cuspidigerum var. convolutaceum,Common Carpet-moss,Not Assessed,False,native,,2,Feb,,False
Racopilum cuspidigerum var. convolutaceum,Common Carpet-moss,Not Assessed,False,native,,3,Mar,,False
Racopilum cuspidigerum var. convolutaceum,Common Carpet-moss,Not Assessed,False,native,,4,Apr,,False
Racopilum cuspidigerum var. convolutaceum,Common Carpet-moss,Not Assessed,False,native,,5,May,,False
Racopilum cuspidigerum var. convolutaceum,Common Carpet-moss,Not Assessed,False,native,,6,Jun,,False
Racopilum cuspidigerum var. convolutaceum,Common Carpet-moss,Not Assessed,False,native,,7,Jul,,False
Racopilum cuspidigerum var. convolutaceum,Common Carpet-moss,Not Assessed,False,native,,8,Aug,,False
Racopilum cuspidigerum var. convolutaceum,Common Carpet-moss,Not Assessed,False,native,,9,Sep,,False
Racopilum cuspidigerum var. convolutaceum,Common Carpet-moss,Not Assessed,False,native,,10,Oct,,False
Racopilum cuspidigerum var. convolutaceum,Common Carpet-moss,Not Assessed,False,native,,11,Nov,,False
Racopilum cuspidigerum var. convolutaceum,Common Carpet-moss,Not Assessed,False,native,,12,Dec,,False
Ranunculus lappaceus,Australian Buttercup,Not Assessed,False,native,Herb,1,Jan,True,False
Ranunculus lappaceus,Australian Buttercup,Not Assessed,False,native,Herb,2,Feb,True,False
Ranunculus lappaceus,Australian Buttercup,Not Assessed,False,native,Herb,3,Mar,False,False
Ranunculus lappaceus,Australian Buttercup,Not Assessed,False,native,Herb,4,Apr,False,False
Ranunculus lappaceus,Australian Buttercup,Not Assessed,False,native,Herb,5,May,True,False
Ranunculus lappaceus,Australian Buttercup,Not Assessed,False,native,Herb,6,Jun,True,False
Ranunculus lappaceus,Australian Buttercup,Not Assessed,False,native,Herb,7,Jul,True,False
Ranunculus lappaceus,Australian Buttercup,Not Assessed,False,native,Herb,8,Aug,True,False
Ranunculus lappaceus,Australian Buttercup,Not Assessed,False,native,Herb,9,Sep,True,False
Ranunculus lappaceus,Australian Buttercup,Not Assessed,False,native,Herb,10,Oct,True,False
Ranunculus lappaceus,Australian Buttercup,Not Assessed,False,native,Herb,11,Nov,True,False
Ranunculus lappaceus,Australian Buttercup,Not Assessed,False,native,Herb,12,Dec,True,False
Ranunculus muricatus,Sharp Buttercup,Use Caution,True,introduced,Herb,1,Jan,True,False
Ranunculus muricatus,Sharp Buttercup,Use Caution,True,introduced,Herb,2,Feb,True,False
Ranunculus muricatus,Sharp Buttercup,Use Caution,True,introduced,Herb,3,Mar,True,False
Ranunculus muricatus,Sharp Buttercup,Use Caution,True,introduced,Herb,4,Apr,False,False
Ranunculus muricatus,Sharp Buttercup,Use Caution,True,introduced,Herb,5,May,False,False
Ranunculus muricatus,Sharp Buttercup,Use Caution,True,introduced,Herb,6,Jun,False,False
Ranunculus muricatus,Sharp Buttercup,Use Caution,True,introduced,Herb,7,Jul,False,False
Ranunculus muricatus,Sharp Buttercup,Use Caution,True,introduced,Herb,8,Aug,True,False
Ranunculus muricatus,Sharp Buttercup,Use Caution,True,introduced,Herb,9,Sep,True,False
Ranunculus muricatus,Sharp Buttercup,Use Caution,True,introduced,Herb,10,Oct,True,False
Ranunculus muricatus,Sharp Buttercup,Use Caution,True,introduced,Herb,11,Nov,True,False
Ranunculus muricatus,Sharp Buttercup,Use Caution,True,introduced,Herb,12,Dec,True,False
Ranunculus repens,Creeping Buttercup,Reconsider Planting,True,introduced,Herb,1,Jan,True,False
Ranunculus repens,Creeping Buttercup,Reconsider Planting,True,introduced,Herb,2,Feb,True,False
Ranunculus repens,Creeping Buttercup,Reconsider Planting,True,introduced,Herb,3,Mar,True,False
Ranunculus repens,Creeping Buttercup,Reconsider Planting,True,introduced,Herb,4,Apr,False,False
Ranunculus repens,Creeping Buttercup,Reconsider Planting,True,introduced,Herb,5,May,False,False
Ranunculus repens,Creeping Buttercup,Reconsider Planting,True,introduced,Herb,6,Jun,False,False
Ranunculus repens,Creeping Buttercup,Reconsider Planting,True,introduced,Herb,7,Jul,False,False
Ranunculus repens,Creeping Buttercup,Reconsider Planting,True,introduced,Herb,8,Aug,False,False
Ranunculus repens,Creeping Buttercup,Reconsider Planting,True,introduced,Herb,9,Sep,True,False
Ranunculus repens,Creeping Buttercup,Reconsider Planting,True,introduced,Herb,10,Oct,True,False
Ranunculus repens,Creeping Buttercup,Reconsider Planting,True,introduced,Herb,11,Nov,True,False
Ranunculus repens,Creeping Buttercup,Reconsider Planting,True,introduced,Herb,12,Dec,True,False
Ranunculus sceleratus,,Use Caution,True,introduced,Herb,1,Jan,True,False
Ranunculus sceleratus,,Use Caution,True,introduced,Herb,2,Feb,True,False
Ranunculus sceleratus,,Use Caution,True,introduced,Herb,3,Mar,True,False
Ranunculus sceleratus,,Use Caution,True,introduced,Herb,4,Apr,True,False
Ranunculus sceleratus,,Use Caution,True,introduced,Herb,5,May,True,False
Ranunculus sceleratus,,Use Caution,True,introduced,Herb,6,Jun,True,False
Ranunculus sceleratus,,Use Caution,True,introduced,Herb,7,Jul,True,False
Ranunculus sceleratus,,Use Caution,True,introduced,Herb,8,Aug,True,False
Ranunculus sceleratus,,Use Caution,True,introduced,Herb,9,Sep,True,False
Ranunculus sceleratus,,Use Caution,True,introduced,Herb,10,Oct,True,False
Ranunculus sceleratus,,Use Caution,True,introduced,Herb,11,Nov,True,False
Ranunculus sceleratus,,Use Caution,True,introduced,Herb,12,Dec,True,False
Ranunculus sceleratus subsp. sceleratus,Celery Buttercup,Use Caution,True,introduced,Herb,1,Jan,True,False
Ranunculus sceleratus subsp. sceleratus,Celery Buttercup,Use Caution,True,introduced,Herb,2,Feb,True,False
Ranunculus sceleratus subsp. sceleratus,Celery Buttercup,Use Caution,True,introduced,Herb,3,Mar,True,False
Ranunculus sceleratus subsp. sceleratus,Celery Buttercup,Use Caution,True,introduced,Herb,4,Apr,True,False
Ranunculus sceleratus subsp. sceleratus,Celery Buttercup,Use Caution,True,introduced,Herb,5,May,True,False
Ranunculus sceleratus subsp. sceleratus,Celery Buttercup,Use Caution,True,introduced,Herb,6,Jun,True,False
Ranunculus sceleratus subsp. sceleratus,Celery Buttercup,Use Caution,True,introduced,Herb,7,Jul,True,False
Ranunculus sceleratus subsp. sceleratus,Celery Buttercup,Use Caution,True,introduced,Herb,8,Aug,True,False
Ranunculus sceleratus subsp. sceleratus,Celery Buttercup,Use Caution,True,introduced,Herb,9,Sep,True,False
Ranunculus sceleratus subsp. sceleratus,Celery Buttercup,Use Caution,True,introduced,Herb,10,Oct,True,False
Ranunculus sceleratus subsp. sceleratus,Celery Buttercup,Use Caution,True,introduced,Herb,11,Nov,True,False
Ranunculus sceleratus subsp. sceleratus,Celery Buttercup,Use Caution,True,introduced,Herb,12,Dec,True,False
Raphanus raphanistrum,Wild Radish,Use Caution,True,introduced,Herb,1,Jan,False,False
Raphanus raphanistrum,Wild Radish,Use Caution,True,introduced,Herb,2,Feb,True,False
Raphanus raphanistrum,Wild Radish,Use Caution,True,introduced,Herb,3,Mar,True,False
Raphanus raphanistrum,Wild Radish,Use Caution,True,introduced,Herb,4,Apr,True,False
Raphanus raphanistrum,Wild Radish,Use Caution,True,introduced,Herb,5,May,True,False
Raphanus raphanistrum,Wild Radish,Use Caution,True,introduced,Herb,6,Jun,True,False
Raphanus raphanistrum,Wild Radish,Use Caution,True,introduced,Herb,7,Jul,True,False
Raphanus raphanistrum,Wild Radish,Use Caution,True,introduced,Herb,8,Aug,True,False
Raphanus raphanistrum,Wild Radish,Use Caution,True,introduced,Herb,9,Sep,True,False
Raphanus raphanistrum,Wild Radish,Use Caution,True,introduced,Herb,10,Oct,True,False
Raphanus raphanistrum,Wild Radish,Use Caution,True,introduced,Herb,11,Nov,True,False
Raphanus raphanistrum,Wild Radish,Use Caution,True,introduced,Herb,12,Dec,False,False
Raphanus sativus,Radish,Lower Concern,False,introduced,Herb,1,Jan,,False
Raphanus sativus,Radish,Lower Concern,False,introduced,Herb,2,Feb,,False
Raphanus sativus,Radish,Lower Concern,False,introduced,Herb,3,Mar,,False
Raphanus sativus,Radish,Lower Concern,False,introduced,Herb,4,Apr,,False
Raphanus sativus,Radish,Lower Concern,False,introduced,Herb,5,May,,False
Raphanus sativus,Radish,Lower Concern,False,introduced,Herb,6,Jun,,False
Raphanus sativus,Radish,Lower Concern,False,introduced,Herb,7,Jul,,False
Raphanus sativus,Radish,Lower Concern,False,introduced,Herb,8,Aug,,False
Raphanus sativus,Radish,Lower Concern,False,introduced,Herb,9,Sep,,False
Raphanus sativus,Radish,Lower Concern,False,introduced,Herb,10,Oct,,False
Raphanus sativus,Radish,Lower Concern,False,introduced,Herb,11,Nov,,False
Raphanus sativus,Radish,Lower Concern,False,introduced,Herb,12,Dec,,False
Reseda lutea,Cut-leaf Mignonette,Lower Concern,False,introduced,Herb,1,Jan,True,False
Reseda lutea,Cut-leaf Mignonette,Lower Concern,False,introduced,Herb,2,Feb,True,False
Reseda lutea,Cut-leaf Mignonette,Lower Concern,False,introduced,Herb,3,Mar,False,False
Reseda lutea,Cut-leaf Mignonette,Lower Concern,False,introduced,Herb,4,Apr,False,False
Reseda lutea,Cut-leaf Mignonette,Lower Concern,False,introduced,Herb,5,May,False,False
Reseda lutea,Cut-leaf Mignonette,Lower Concern,False,introduced,Herb,6,Jun,False,False
Reseda lutea,Cut-leaf Mignonette,Lower Concern,False,introduced,Herb,7,Jul,False,False
Reseda lutea,Cut-leaf Mignonette,Lower Concern,False,introduced,Herb,8,Aug,False,False
Reseda lutea,Cut-leaf Mignonette,Lower Concern,False,introduced,Herb,9,Sep,False,False
Reseda lutea,Cut-leaf Mignonette,Lower Concern,False,introduced,Herb,10,Oct,False,False
Reseda lutea,Cut-leaf Mignonette,Lower Concern,False,introduced,Herb,11,Nov,False,False
Reseda lutea,Cut-leaf Mignonette,Lower Concern,False,introduced,Herb,12,Dec,True,False
Rhagodia candolleana,,Not Assessed,False,native,Shrub,1,Jan,True,False
Rhagodia candolleana,,Not Assessed,False,native,Shrub,2,Feb,True,False
Rhagodia candolleana,,Not Assessed,False,native,Shrub,3,Mar,True,False
Rhagodia candolleana,,Not Assessed,False,native,Shrub,4,Apr,True,False
Rhagodia candolleana,,Not Assessed,False,native,Shrub,5,May,True,False
Rhagodia candolleana,,Not Assessed,False,native,Shrub,6,Jun,True,False
Rhagodia candolleana,,Not Assessed,False,native,Shrub,7,Jul,True,False
Rhagodia candolleana,,Not Assessed,False,native,Shrub,8,Aug,True,False
Rhagodia candolleana,,Not Assessed,False,native,Shrub,9,Sep,True,False
Rhagodia candolleana,,Not Assessed,False,native,Shrub,10,Oct,True,False
Rhagodia candolleana,,Not Assessed,False,native,Shrub,11,Nov,True,False
Rhagodia candolleana,,Not Assessed,False,native,Shrub,12,Dec,True,False
Rhaphidorrhynchium amoenum,,Not Assessed,False,native,,1,Jan,,False
Rhaphidorrhynchium amoenum,,Not Assessed,False,native,,2,Feb,,False
Rhaphidorrhynchium amoenum,,Not Assessed,False,native,,3,Mar,,False
Rhaphidorrhynchium amoenum,,Not Assessed,False,native,,4,Apr,,False
Rhaphidorrhynchium amoenum,,Not Assessed,False,native,,5,May,,False
Rhaphidorrhynchium amoenum,,Not Assessed,False,native,,6,Jun,,False
Rhaphidorrhynchium amoenum,,Not Assessed,False,native,,7,Jul,,False
Rhaphidorrhynchium amoenum,,Not Assessed,False,native,,8,Aug,,False
Rhaphidorrhynchium amoenum,,Not Assessed,False,native,,9,Sep,,False
Rhaphidorrhynchium amoenum,,Not Assessed,False,native,,10,Oct,,False
Rhaphidorrhynchium amoenum,,Not Assessed,False,native,,11,Nov,,False
Rhaphidorrhynchium amoenum,,Not Assessed,False,native,,12,Dec,,False
Ricinocarpos pinifolius,Wedding Bush,Not Assessed,False,native,Shrub,1,Jan,False,False
Ricinocarpos pinifolius,Wedding Bush,Not Assessed,False,native,Shrub,2,Feb,False,False
Ricinocarpos pinifolius,Wedding Bush,Not Assessed,False,native,Shrub,3,Mar,False,False
Ricinocarpos pinifolius,Wedding Bush,Not Assessed,False,native,Shrub,4,Apr,False,False
Ricinocarpos pinifolius,Wedding Bush,Not Assessed,False,native,Shrub,5,May,False,False
Ricinocarpos pinifolius,Wedding Bush,Not Assessed,False,native,Shrub,6,Jun,True,False
Ricinocarpos pinifolius,Wedding Bush,Not Assessed,False,native,Shrub,7,Jul,True,False
Ricinocarpos pinifolius,Wedding Bush,Not Assessed,False,native,Shrub,8,Aug,True,False
Ricinocarpos pinifolius,Wedding Bush,Not Assessed,False,native,Shrub,9,Sep,True,False
Ricinocarpos pinifolius,Wedding Bush,Not Assessed,False,native,Shrub,10,Oct,True,False
Ricinocarpos pinifolius,Wedding Bush,Not Assessed,False,native,Shrub,11,Nov,True,False
Ricinocarpos pinifolius,Wedding Bush,Not Assessed,False,native,Shrub,12,Dec,True,False
Romulea rosea,Onion Grass,Use Caution,True,introduced,Herb,1,Jan,False,False
Romulea rosea,Onion Grass,Use Caution,True,introduced,Herb,2,Feb,False,False
Romulea rosea,Onion Grass,Use Caution,True,introduced,Herb,3,Mar,False,False
Romulea rosea,Onion Grass,Use Caution,True,introduced,Herb,4,Apr,False,False
Romulea rosea,Onion Grass,Use Caution,True,introduced,Herb,5,May,True,False
Romulea rosea,Onion Grass,Use Caution,True,introduced,Herb,6,Jun,True,False
Romulea rosea,Onion Grass,Use Caution,True,introduced,Herb,7,Jul,True,False
Romulea rosea,Onion Grass,Use Caution,True,introduced,Herb,8,Aug,True,False
Romulea rosea,Onion Grass,Use Caution,True,introduced,Herb,9,Sep,True,False
Romulea rosea,Onion Grass,Use Caution,True,introduced,Herb,10,Oct,True,False
Romulea rosea,Onion Grass,Use Caution,True,introduced,Herb,11,Nov,True,False
Romulea rosea,Onion Grass,Use Caution,True,introduced,Herb,12,Dec,False,False
Romulea rosea var. australis,Onion-grass,Use Caution,True,introduced,Herb,1,Jan,False,False
Romulea rosea var. australis,Onion-grass,Use Caution,True,introduced,Herb,2,Feb,False,False
Romulea rosea var. australis,Onion-grass,Use Caution,True,introduced,Herb,3,Mar,False,False
Romulea rosea var. australis,Onion-grass,Use Caution,True,introduced,Herb,4,Apr,False,False
Romulea rosea var. australis,Onion-grass,Use Caution,True,introduced,Herb,5,May,True,False
Romulea rosea var. australis,Onion-grass,Use Caution,True,introduced,Herb,6,Jun,True,False
Romulea rosea var. australis,Onion-grass,Use Caution,True,introduced,Herb,7,Jul,True,False
Romulea rosea var. australis,Onion-grass,Use Caution,True,introduced,Herb,8,Aug,True,False
Romulea rosea var. australis,Onion-grass,Use Caution,True,introduced,Herb,9,Sep,True,False
Romulea rosea var. australis,Onion-grass,Use Caution,True,introduced,Herb,10,Oct,True,False
Romulea rosea var. australis,Onion-grass,Use Caution,True,introduced,Herb,11,Nov,True,False
Romulea rosea var. australis,Onion-grass,Use Caution,True,introduced,Herb,12,Dec,False,False
Rorippa palustris,Marsh Yellow-cress | Yellow Marsh-cress,Reconsider Planting,True,introduced,Herb,1,Jan,,False
Rorippa palustris,Marsh Yellow-cress | Yellow Marsh-cress,Reconsider Planting,True,introduced,Herb,2,Feb,,False
Rorippa palustris,Marsh Yellow-cress | Yellow Marsh-cress,Reconsider Planting,True,introduced,Herb,3,Mar,,False
Rorippa palustris,Marsh Yellow-cress | Yellow Marsh-cress,Reconsider Planting,True,introduced,Herb,4,Apr,,False
Rorippa palustris,Marsh Yellow-cress | Yellow Marsh-cress,Reconsider Planting,True,introduced,Herb,5,May,,False
Rorippa palustris,Marsh Yellow-cress | Yellow Marsh-cress,Reconsider Planting,True,introduced,Herb,6,Jun,,False
Rorippa palustris,Marsh Yellow-cress | Yellow Marsh-cress,Reconsider Planting,True,introduced,Herb,7,Jul,,False
Rorippa palustris,Marsh Yellow-cress | Yellow Marsh-cress,Reconsider Planting,True,introduced,Herb,8,Aug,,False
Rorippa palustris,Marsh Yellow-cress | Yellow Marsh-cress,Reconsider Planting,True,introduced,Herb,9,Sep,,False
Rorippa palustris,Marsh Yellow-cress | Yellow Marsh-cress,Reconsider Planting,True,introduced,Herb,10,Oct,,False
Rorippa palustris,Marsh Yellow-cress | Yellow Marsh-cress,Reconsider Planting,True,introduced,Herb,11,Nov,,False
Rorippa palustris,Marsh Yellow-cress | Yellow Marsh-cress,Reconsider Planting,True,introduced,Herb,12,Dec,,False
Rosa rubiginosa,Sweet Briar,Reconsider Planting,True,introduced,Shrub,1,Jan,,False
Rosa rubiginosa,Sweet Briar,Reconsider Planting,True,introduced,Shrub,2,Feb,,False
Rosa rubiginosa,Sweet Briar,Reconsider Planting,True,introduced,Shrub,3,Mar,,False
Rosa rubiginosa,Sweet Briar,Reconsider Planting,True,introduced,Shrub,4,Apr,,False
Rosa rubiginosa,Sweet Briar,Reconsider Planting,True,introduced,Shrub,5,May,,False
Rosa rubiginosa,Sweet Briar,Reconsider Planting,True,introduced,Shrub,6,Jun,,False
Rosa rubiginosa,Sweet Briar,Reconsider Planting,True,introduced,Shrub,7,Jul,,False
Rosa rubiginosa,Sweet Briar,Reconsider Planting,True,introduced,Shrub,8,Aug,,False
Rosa rubiginosa,Sweet Briar,Reconsider Planting,True,introduced,Shrub,9,Sep,,False
Rosa rubiginosa,Sweet Briar,Reconsider Planting,True,introduced,Shrub,10,Oct,,False
Rosa rubiginosa,Sweet Briar,Reconsider Planting,True,introduced,Shrub,11,Nov,,False
Rosa rubiginosa,Sweet Briar,Reconsider Planting,True,introduced,Shrub,12,Dec,,False
Rubus anglocandicans,Common Blackberry,Reconsider Planting,True,introduced,Shrub,1,Jan,,False
Rubus anglocandicans,Common Blackberry,Reconsider Planting,True,introduced,Shrub,2,Feb,,False
Rubus anglocandicans,Common Blackberry,Reconsider Planting,True,introduced,Shrub,3,Mar,,False
Rubus anglocandicans,Common Blackberry,Reconsider Planting,True,introduced,Shrub,4,Apr,,False
Rubus anglocandicans,Common Blackberry,Reconsider Planting,True,introduced,Shrub,5,May,,False
Rubus anglocandicans,Common Blackberry,Reconsider Planting,True,introduced,Shrub,6,Jun,,False
Rubus anglocandicans,Common Blackberry,Reconsider Planting,True,introduced,Shrub,7,Jul,,False
Rubus anglocandicans,Common Blackberry,Reconsider Planting,True,introduced,Shrub,8,Aug,,False
Rubus anglocandicans,Common Blackberry,Reconsider Planting,True,introduced,Shrub,9,Sep,,False
Rubus anglocandicans,Common Blackberry,Reconsider Planting,True,introduced,Shrub,10,Oct,,False
Rubus anglocandicans,Common Blackberry,Reconsider Planting,True,introduced,Shrub,11,Nov,,False
Rubus anglocandicans,Common Blackberry,Reconsider Planting,True,introduced,Shrub,12,Dec,,False
Rubus leucostachys,Blackberry,Reconsider Planting,True,introduced,Shrub,1,Jan,,False
Rubus leucostachys,Blackberry,Reconsider Planting,True,introduced,Shrub,2,Feb,,False
Rubus leucostachys,Blackberry,Reconsider Planting,True,introduced,Shrub,3,Mar,,False
Rubus leucostachys,Blackberry,Reconsider Planting,True,introduced,Shrub,4,Apr,,False
Rubus leucostachys,Blackberry,Reconsider Planting,True,introduced,Shrub,5,May,,False
Rubus leucostachys,Blackberry,Reconsider Planting,True,introduced,Shrub,6,Jun,,False
Rubus leucostachys,Blackberry,Reconsider Planting,True,introduced,Shrub,7,Jul,,False
Rubus leucostachys,Blackberry,Reconsider Planting,True,introduced,Shrub,8,Aug,,False
Rubus leucostachys,Blackberry,Reconsider Planting,True,introduced,Shrub,9,Sep,,False
Rubus leucostachys,Blackberry,Reconsider Planting,True,introduced,Shrub,10,Oct,,False
Rubus leucostachys,Blackberry,Reconsider Planting,True,introduced,Shrub,11,Nov,,False
Rubus leucostachys,Blackberry,Reconsider Planting,True,introduced,Shrub,12,Dec,,False
Rubus parvifolius,Small-leaf Bramble,Not Assessed,False,native,Shrub,1,Jan,True,False
Rubus parvifolius,Small-leaf Bramble,Not Assessed,False,native,Shrub,2,Feb,True,False
Rubus parvifolius,Small-leaf Bramble,Not Assessed,False,native,Shrub,3,Mar,True,False
Rubus parvifolius,Small-leaf Bramble,Not Assessed,False,native,Shrub,4,Apr,True,False
Rubus parvifolius,Small-leaf Bramble,Not Assessed,False,native,Shrub,5,May,True,False
Rubus parvifolius,Small-leaf Bramble,Not Assessed,False,native,Shrub,6,Jun,True,False
Rubus parvifolius,Small-leaf Bramble,Not Assessed,False,native,Shrub,7,Jul,True,False
Rubus parvifolius,Small-leaf Bramble,Not Assessed,False,native,Shrub,8,Aug,True,False
Rubus parvifolius,Small-leaf Bramble,Not Assessed,False,native,Shrub,9,Sep,True,False
Rubus parvifolius,Small-leaf Bramble,Not Assessed,False,native,Shrub,10,Oct,True,False
Rubus parvifolius,Small-leaf Bramble,Not Assessed,False,native,Shrub,11,Nov,True,False
Rubus parvifolius,Small-leaf Bramble,Not Assessed,False,native,Shrub,12,Dec,True,False
Rumex brownii,Slender Dock,Not Assessed,False,native,Herb,1,Jan,True,False
Rumex brownii,Slender Dock,Not Assessed,False,native,Herb,2,Feb,False,False
Rumex brownii,Slender Dock,Not Assessed,False,native,Herb,3,Mar,False,False
Rumex brownii,Slender Dock,Not Assessed,False,native,Herb,4,Apr,False,False
Rumex brownii,Slender Dock,Not Assessed,False,native,Herb,5,May,False,False
Rumex brownii,Slender Dock,Not Assessed,False,native,Herb,6,Jun,False,False
Rumex brownii,Slender Dock,Not Assessed,False,native,Herb,7,Jul,False,False
Rumex brownii,Slender Dock,Not Assessed,False,native,Herb,8,Aug,False,False
Rumex brownii,Slender Dock,Not Assessed,False,native,Herb,9,Sep,True,False
Rumex brownii,Slender Dock,Not Assessed,False,native,Herb,10,Oct,True,False
Rumex brownii,Slender Dock,Not Assessed,False,native,Herb,11,Nov,True,False
Rumex brownii,Slender Dock,Not Assessed,False,native,Herb,12,Dec,True,False
Rumex conglomeratus,Clustered Dock,Reconsider Planting,True,introduced,Herb,1,Jan,,False
Rumex conglomeratus,Clustered Dock,Reconsider Planting,True,introduced,Herb,2,Feb,,False
Rumex conglomeratus,Clustered Dock,Reconsider Planting,True,introduced,Herb,3,Mar,,False
Rumex conglomeratus,Clustered Dock,Reconsider Planting,True,introduced,Herb,4,Apr,,False
Rumex conglomeratus,Clustered Dock,Reconsider Planting,True,introduced,Herb,5,May,,False
Rumex conglomeratus,Clustered Dock,Reconsider Planting,True,introduced,Herb,6,Jun,,False
Rumex conglomeratus,Clustered Dock,Reconsider Planting,True,introduced,Herb,7,Jul,,False
Rumex conglomeratus,Clustered Dock,Reconsider Planting,True,introduced,Herb,8,Aug,,False
Rumex conglomeratus,Clustered Dock,Reconsider Planting,True,introduced,Herb,9,Sep,,False
Rumex conglomeratus,Clustered Dock,Reconsider Planting,True,introduced,Herb,10,Oct,,False
Rumex conglomeratus,Clustered Dock,Reconsider Planting,True,introduced,Herb,11,Nov,,False
Rumex conglomeratus,Clustered Dock,Reconsider Planting,True,introduced,Herb,12,Dec,,False
Rumex crispus,Curled Dock,Reconsider Planting,True,introduced,Herb,1,Jan,False,False
Rumex crispus,Curled Dock,Reconsider Planting,True,introduced,Herb,2,Feb,False,False
Rumex crispus,Curled Dock,Reconsider Planting,True,introduced,Herb,3,Mar,False,False
Rumex crispus,Curled Dock,Reconsider Planting,True,introduced,Herb,4,Apr,False,False
Rumex crispus,Curled Dock,Reconsider Planting,True,introduced,Herb,5,May,False,False
Rumex crispus,Curled Dock,Reconsider Planting,True,introduced,Herb,6,Jun,False,False
Rumex crispus,Curled Dock,Reconsider Planting,True,introduced,Herb,7,Jul,False,False
Rumex crispus,Curled Dock,Reconsider Planting,True,introduced,Herb,8,Aug,True,False
Rumex crispus,Curled Dock,Reconsider Planting,True,introduced,Herb,9,Sep,True,False
Rumex crispus,Curled Dock,Reconsider Planting,True,introduced,Herb,10,Oct,True,False
Rumex crispus,Curled Dock,Reconsider Planting,True,introduced,Herb,11,Nov,False,False
Rumex crispus,Curled Dock,Reconsider Planting,True,introduced,Herb,12,Dec,False,False
Rumex obtusifolius,,Use Caution,True,introduced,Herb,1,Jan,,False
Rumex obtusifolius,,Use Caution,True,introduced,Herb,2,Feb,,False
Rumex obtusifolius,,Use Caution,True,introduced,Herb,3,Mar,,False
Rumex obtusifolius,,Use Caution,True,introduced,Herb,4,Apr,,False
Rumex obtusifolius,,Use Caution,True,introduced,Herb,5,May,,False
Rumex obtusifolius,,Use Caution,True,introduced,Herb,6,Jun,,False
Rumex obtusifolius,,Use Caution,True,introduced,Herb,7,Jul,,False
Rumex obtusifolius,,Use Caution,True,introduced,Herb,8,Aug,,False
Rumex obtusifolius,,Use Caution,True,introduced,Herb,9,Sep,,False
Rumex obtusifolius,,Use Caution,True,introduced,Herb,10,Oct,,False
Rumex obtusifolius,,Use Caution,True,introduced,Herb,11,Nov,,False
Rumex obtusifolius,,Use Caution,True,introduced,Herb,12,Dec,,False
Rumex obtusifolius subsp. obtusifolius,Broadleaf Dock,Use Caution,True,introduced,Herb,1,Jan,,False
Rumex obtusifolius subsp. obtusifolius,Broadleaf Dock,Use Caution,True,introduced,Herb,2,Feb,,False
Rumex obtusifolius subsp. obtusifolius,Broadleaf Dock,Use Caution,True,introduced,Herb,3,Mar,,False
Rumex obtusifolius subsp. obtusifolius,Broadleaf Dock,Use Caution,True,introduced,Herb,4,Apr,,False
Rumex obtusifolius subsp. obtusifolius,Broadleaf Dock,Use Caution,True,introduced,Herb,5,May,,False
Rumex obtusifolius subsp. obtusifolius,Broadleaf Dock,Use Caution,True,introduced,Herb,6,Jun,,False
Rumex obtusifolius subsp. obtusifolius,Broadleaf Dock,Use Caution,True,introduced,Herb,7,Jul,,False
Rumex obtusifolius subsp. obtusifolius,Broadleaf Dock,Use Caution,True,introduced,Herb,8,Aug,,False
Rumex obtusifolius subsp. obtusifolius,Broadleaf Dock,Use Caution,True,introduced,Herb,9,Sep,,False
Rumex obtusifolius subsp. obtusifolius,Broadleaf Dock,Use Caution,True,introduced,Herb,10,Oct,,False
Rumex obtusifolius subsp. obtusifolius,Broadleaf Dock,Use Caution,True,introduced,Herb,11,Nov,,False
Rumex obtusifolius subsp. obtusifolius,Broadleaf Dock,Use Caution,True,introduced,Herb,12,Dec,,False
Rumex pulcher,,Use Caution,True,introduced,Herb,1,Jan,,False
Rumex pulcher,,Use Caution,True,introduced,Herb,2,Feb,,False
Rumex pulcher,,Use Caution,True,introduced,Herb,3,Mar,,False
Rumex pulcher,,Use Caution,True,introduced,Herb,4,Apr,,False
Rumex pulcher,,Use Caution,True,introduced,Herb,5,May,,False
Rumex pulcher,,Use Caution,True,introduced,Herb,6,Jun,,False
Rumex pulcher,,Use Caution,True,introduced,Herb,7,Jul,,False
Rumex pulcher,,Use Caution,True,introduced,Herb,8,Aug,,False
Rumex pulcher,,Use Caution,True,introduced,Herb,9,Sep,,False
Rumex pulcher,,Use Caution,True,introduced,Herb,10,Oct,,False
Rumex pulcher,,Use Caution,True,introduced,Herb,11,Nov,,False
Rumex pulcher,,Use Caution,True,introduced,Herb,12,Dec,,False
Rumex pulcher subsp. pulcher,Fiddle Dock,Use Caution,True,introduced,Herb,1,Jan,,False
Rumex pulcher subsp. pulcher,Fiddle Dock,Use Caution,True,introduced,Herb,2,Feb,,False
Rumex pulcher subsp. pulcher,Fiddle Dock,Use Caution,True,introduced,Herb,3,Mar,,False
Rumex pulcher subsp. pulcher,Fiddle Dock,Use Caution,True,introduced,Herb,4,Apr,,False
Rumex pulcher subsp. pulcher,Fiddle Dock,Use Caution,True,introduced,Herb,5,May,,False
Rumex pulcher subsp. pulcher,Fiddle Dock,Use Caution,True,introduced,Herb,6,Jun,,False
Rumex pulcher subsp. pulcher,Fiddle Dock,Use Caution,True,introduced,Herb,7,Jul,,False
Rumex pulcher subsp. pulcher,Fiddle Dock,Use Caution,True,introduced,Herb,8,Aug,,False
Rumex pulcher subsp. pulcher,Fiddle Dock,Use Caution,True,introduced,Herb,9,Sep,,False
Rumex pulcher subsp. pulcher,Fiddle Dock,Use Caution,True,introduced,Herb,10,Oct,,False
Rumex pulcher subsp. pulcher,Fiddle Dock,Use Caution,True,introduced,Herb,11,Nov,,False
Rumex pulcher subsp. pulcher,Fiddle Dock,Use Caution,True,introduced,Herb,12,Dec,,False
Rytidosperma bipartitum,Leafy Wallaby-grass,Not Assessed,False,native,Grass,1,Jan,True,False
Rytidosperma bipartitum,Leafy Wallaby-grass,Not Assessed,False,native,Grass,2,Feb,True,False
Rytidosperma bipartitum,Leafy Wallaby-grass,Not Assessed,False,native,Grass,3,Mar,True,False
Rytidosperma bipartitum,Leafy Wallaby-grass,Not Assessed,False,native,Grass,4,Apr,False,False
Rytidosperma bipartitum,Leafy Wallaby-grass,Not Assessed,False,native,Grass,5,May,False,False
Rytidosperma bipartitum,Leafy Wallaby-grass,Not Assessed,False,native,Grass,6,Jun,False,False
Rytidosperma bipartitum,Leafy Wallaby-grass,Not Assessed,False,native,Grass,7,Jul,False,False
Rytidosperma bipartitum,Leafy Wallaby-grass,Not Assessed,False,native,Grass,8,Aug,False,False
Rytidosperma bipartitum,Leafy Wallaby-grass,Not Assessed,False,native,Grass,9,Sep,True,False
Rytidosperma bipartitum,Leafy Wallaby-grass,Not Assessed,False,native,Grass,10,Oct,True,False
Rytidosperma bipartitum,Leafy Wallaby-grass,Not Assessed,False,native,Grass,11,Nov,True,False
Rytidosperma bipartitum,Leafy Wallaby-grass,Not Assessed,False,native,Grass,12,Dec,True,False
Rytidosperma caespitosum,Common Wallaby-grass,Not Assessed,False,native,Grass,1,Jan,True,False
Rytidosperma caespitosum,Common Wallaby-grass,Not Assessed,False,native,Grass,2,Feb,True,False
Rytidosperma caespitosum,Common Wallaby-grass,Not Assessed,False,native,Grass,3,Mar,False,False
Rytidosperma caespitosum,Common Wallaby-grass,Not Assessed,False,native,Grass,4,Apr,False,False
Rytidosperma caespitosum,Common Wallaby-grass,Not Assessed,False,native,Grass,5,May,False,False
Rytidosperma caespitosum,Common Wallaby-grass,Not Assessed,False,native,Grass,6,Jun,False,False
Rytidosperma caespitosum,Common Wallaby-grass,Not Assessed,False,native,Grass,7,Jul,False,False
Rytidosperma caespitosum,Common Wallaby-grass,Not Assessed,False,native,Grass,8,Aug,True,False
Rytidosperma caespitosum,Common Wallaby-grass,Not Assessed,False,native,Grass,9,Sep,True,False
Rytidosperma caespitosum,Common Wallaby-grass,Not Assessed,False,native,Grass,10,Oct,True,False
Rytidosperma caespitosum,Common Wallaby-grass,Not Assessed,False,native,Grass,11,Nov,True,False
Rytidosperma caespitosum,Common Wallaby-grass,Not Assessed,False,native,Grass,12,Dec,True,False
Rytidosperma erianthum,Hill Wallaby-grass,Not Assessed,False,native,Grass,1,Jan,False,False
Rytidosperma erianthum,Hill Wallaby-grass,Not Assessed,False,native,Grass,2,Feb,False,False
Rytidosperma erianthum,Hill Wallaby-grass,Not Assessed,False,native,Grass,3,Mar,False,False
Rytidosperma erianthum,Hill Wallaby-grass,Not Assessed,False,native,Grass,4,Apr,False,False
Rytidosperma erianthum,Hill Wallaby-grass,Not Assessed,False,native,Grass,5,May,False,False
Rytidosperma erianthum,Hill Wallaby-grass,Not Assessed,False,native,Grass,6,Jun,False,False
Rytidosperma erianthum,Hill Wallaby-grass,Not Assessed,False,native,Grass,7,Jul,False,False
Rytidosperma erianthum,Hill Wallaby-grass,Not Assessed,False,native,Grass,8,Aug,False,False
Rytidosperma erianthum,Hill Wallaby-grass,Not Assessed,False,native,Grass,9,Sep,True,False
Rytidosperma erianthum,Hill Wallaby-grass,Not Assessed,False,native,Grass,10,Oct,True,False
Rytidosperma erianthum,Hill Wallaby-grass,Not Assessed,False,native,Grass,11,Nov,True,False
Rytidosperma erianthum,Hill Wallaby-grass,Not Assessed,False,native,Grass,12,Dec,True,False
Rytidosperma fulvum,Copper-awned Wallaby-grass,Not Assessed,False,native,Grass,1,Jan,True,False
Rytidosperma fulvum,Copper-awned Wallaby-grass,Not Assessed,False,native,Grass,2,Feb,True,False
Rytidosperma fulvum,Copper-awned Wallaby-grass,Not Assessed,False,native,Grass,3,Mar,True,False
Rytidosperma fulvum,Copper-awned Wallaby-grass,Not Assessed,False,native,Grass,4,Apr,False,False
Rytidosperma fulvum,Copper-awned Wallaby-grass,Not Assessed,False,native,Grass,5,May,False,False
Rytidosperma fulvum,Copper-awned Wallaby-grass,Not Assessed,False,native,Grass,6,Jun,False,False
Rytidosperma fulvum,Copper-awned Wallaby-grass,Not Assessed,False,native,Grass,7,Jul,False,False
Rytidosperma fulvum,Copper-awned Wallaby-grass,Not Assessed,False,native,Grass,8,Aug,False,False
Rytidosperma fulvum,Copper-awned Wallaby-grass,Not Assessed,False,native,Grass,9,Sep,False,False
Rytidosperma fulvum,Copper-awned Wallaby-grass,Not Assessed,False,native,Grass,10,Oct,False,False
Rytidosperma fulvum,Copper-awned Wallaby-grass,Not Assessed,False,native,Grass,11,Nov,True,False
Rytidosperma fulvum,Copper-awned Wallaby-grass,Not Assessed,False,native,Grass,12,Dec,True,False
Rytidosperma geniculatum,Kneed Wallaby-grass,Not Assessed,False,native,Grass,1,Jan,False,False
Rytidosperma geniculatum,Kneed Wallaby-grass,Not Assessed,False,native,Grass,2,Feb,False,False
Rytidosperma geniculatum,Kneed Wallaby-grass,Not Assessed,False,native,Grass,3,Mar,False,False
Rytidosperma geniculatum,Kneed Wallaby-grass,Not Assessed,False,native,Grass,4,Apr,False,False
Rytidosperma geniculatum,Kneed Wallaby-grass,Not Assessed,False,native,Grass,5,May,False,False
Rytidosperma geniculatum,Kneed Wallaby-grass,Not Assessed,False,native,Grass,6,Jun,False,False
Rytidosperma geniculatum,Kneed Wallaby-grass,Not Assessed,False,native,Grass,7,Jul,False,False
Rytidosperma geniculatum,Kneed Wallaby-grass,Not Assessed,False,native,Grass,8,Aug,False,False
Rytidosperma geniculatum,Kneed Wallaby-grass,Not Assessed,False,native,Grass,9,Sep,False,False
Rytidosperma geniculatum,Kneed Wallaby-grass,Not Assessed,False,native,Grass,10,Oct,True,False
Rytidosperma geniculatum,Kneed Wallaby-grass,Not Assessed,False,native,Grass,11,Nov,True,False
Rytidosperma geniculatum,Kneed Wallaby-grass,Not Assessed,False,native,Grass,12,Dec,True,False
Rytidosperma laeve,Smooth Wallaby-grass,Not Assessed,False,native,Grass,1,Jan,True,False
Rytidosperma laeve,Smooth Wallaby-grass,Not Assessed,False,native,Grass,2,Feb,True,False
Rytidosperma laeve,Smooth Wallaby-grass,Not Assessed,False,native,Grass,3,Mar,False,False
Rytidosperma laeve,Smooth Wallaby-grass,Not Assessed,False,native,Grass,4,Apr,False,False
Rytidosperma laeve,Smooth Wallaby-grass,Not Assessed,False,native,Grass,5,May,False,False
Rytidosperma laeve,Smooth Wallaby-grass,Not Assessed,False,native,Grass,6,Jun,False,False
Rytidosperma laeve,Smooth Wallaby-grass,Not Assessed,False,native,Grass,7,Jul,False,False
Rytidosperma laeve,Smooth Wallaby-grass,Not Assessed,False,native,Grass,8,Aug,False,False
Rytidosperma laeve,Smooth Wallaby-grass,Not Assessed,False,native,Grass,9,Sep,True,False
Rytidosperma laeve,Smooth Wallaby-grass,Not Assessed,False,native,Grass,10,Oct,True,False
Rytidosperma laeve,Smooth Wallaby-grass,Not Assessed,False,native,Grass,11,Nov,True,False
Rytidosperma laeve,Smooth Wallaby-grass,Not Assessed,False,native,Grass,12,Dec,True,False
Rytidosperma pallidum,Silvertop Wallaby-grass,Not Assessed,False,native,Grass,1,Jan,True,False
Rytidosperma pallidum,Silvertop Wallaby-grass,Not Assessed,False,native,Grass,2,Feb,True,False
Rytidosperma pallidum,Silvertop Wallaby-grass,Not Assessed,False,native,Grass,3,Mar,False,False
Rytidosperma pallidum,Silvertop Wallaby-grass,Not Assessed,False,native,Grass,4,Apr,False,False
Rytidosperma pallidum,Silvertop Wallaby-grass,Not Assessed,False,native,Grass,5,May,False,False
Rytidosperma pallidum,Silvertop Wallaby-grass,Not Assessed,False,native,Grass,6,Jun,False,False
Rytidosperma pallidum,Silvertop Wallaby-grass,Not Assessed,False,native,Grass,7,Jul,False,False
Rytidosperma pallidum,Silvertop Wallaby-grass,Not Assessed,False,native,Grass,8,Aug,False,False
Rytidosperma pallidum,Silvertop Wallaby-grass,Not Assessed,False,native,Grass,9,Sep,True,False
Rytidosperma pallidum,Silvertop Wallaby-grass,Not Assessed,False,native,Grass,10,Oct,True,False
Rytidosperma pallidum,Silvertop Wallaby-grass,Not Assessed,False,native,Grass,11,Nov,True,False
Rytidosperma pallidum,Silvertop Wallaby-grass,Not Assessed,False,native,Grass,12,Dec,True,False
Rytidosperma penicillatum,Slender Wallaby-grass,Not Assessed,False,native,Grass,1,Jan,True,False
Rytidosperma penicillatum,Slender Wallaby-grass,Not Assessed,False,native,Grass,2,Feb,True,False
Rytidosperma penicillatum,Slender Wallaby-grass,Not Assessed,False,native,Grass,3,Mar,False,False
Rytidosperma penicillatum,Slender Wallaby-grass,Not Assessed,False,native,Grass,4,Apr,False,False
Rytidosperma penicillatum,Slender Wallaby-grass,Not Assessed,False,native,Grass,5,May,False,False
Rytidosperma penicillatum,Slender Wallaby-grass,Not Assessed,False,native,Grass,6,Jun,False,False
Rytidosperma penicillatum,Slender Wallaby-grass,Not Assessed,False,native,Grass,7,Jul,False,False
Rytidosperma penicillatum,Slender Wallaby-grass,Not Assessed,False,native,Grass,8,Aug,False,False
Rytidosperma penicillatum,Slender Wallaby-grass,Not Assessed,False,native,Grass,9,Sep,True,False
Rytidosperma penicillatum,Slender Wallaby-grass,Not Assessed,False,native,Grass,10,Oct,True,False
Rytidosperma penicillatum,Slender Wallaby-grass,Not Assessed,False,native,Grass,11,Nov,True,False
Rytidosperma penicillatum,Slender Wallaby-grass,Not Assessed,False,native,Grass,12,Dec,True,False
Rytidosperma pilosum,Velvet Wallaby-grass,Not Assessed,False,native,Grass,1,Jan,True,False
Rytidosperma pilosum,Velvet Wallaby-grass,Not Assessed,False,native,Grass,2,Feb,True,False
Rytidosperma pilosum,Velvet Wallaby-grass,Not Assessed,False,native,Grass,3,Mar,False,False
Rytidosperma pilosum,Velvet Wallaby-grass,Not Assessed,False,native,Grass,4,Apr,False,False
Rytidosperma pilosum,Velvet Wallaby-grass,Not Assessed,False,native,Grass,5,May,False,False
Rytidosperma pilosum,Velvet Wallaby-grass,Not Assessed,False,native,Grass,6,Jun,False,False
Rytidosperma pilosum,Velvet Wallaby-grass,Not Assessed,False,native,Grass,7,Jul,False,False
Rytidosperma pilosum,Velvet Wallaby-grass,Not Assessed,False,native,Grass,8,Aug,False,False
Rytidosperma pilosum,Velvet Wallaby-grass,Not Assessed,False,native,Grass,9,Sep,True,False
Rytidosperma pilosum,Velvet Wallaby-grass,Not Assessed,False,native,Grass,10,Oct,True,False
Rytidosperma pilosum,Velvet Wallaby-grass,Not Assessed,False,native,Grass,11,Nov,True,False
Rytidosperma pilosum,Velvet Wallaby-grass,Not Assessed,False,native,Grass,12,Dec,True,False
Rytidosperma racemosum,,Not Assessed,False,native,Grass,1,Jan,True,False
Rytidosperma racemosum,,Not Assessed,False,native,Grass,2,Feb,False,False
Rytidosperma racemosum,,Not Assessed,False,native,Grass,3,Mar,False,False
Rytidosperma racemosum,,Not Assessed,False,native,Grass,4,Apr,False,False
Rytidosperma racemosum,,Not Assessed,False,native,Grass,5,May,False,False
Rytidosperma racemosum,,Not Assessed,False,native,Grass,6,Jun,False,False
Rytidosperma racemosum,,Not Assessed,False,native,Grass,7,Jul,False,False
Rytidosperma racemosum,,Not Assessed,False,native,Grass,8,Aug,False,False
Rytidosperma racemosum,,Not Assessed,False,native,Grass,9,Sep,True,False
Rytidosperma racemosum,,Not Assessed,False,native,Grass,10,Oct,True,False
Rytidosperma racemosum,,Not Assessed,False,native,Grass,11,Nov,True,False
Rytidosperma racemosum,,Not Assessed,False,native,Grass,12,Dec,True,False
Rytidosperma racemosum var. racemosum,Slender Wallaby-grass,Not Assessed,False,native,Grass,1,Jan,True,False
Rytidosperma racemosum var. racemosum,Slender Wallaby-grass,Not Assessed,False,native,Grass,2,Feb,False,False
Rytidosperma racemosum var. racemosum,Slender Wallaby-grass,Not Assessed,False,native,Grass,3,Mar,False,False
Rytidosperma racemosum var. racemosum,Slender Wallaby-grass,Not Assessed,False,native,Grass,4,Apr,False,False
Rytidosperma racemosum var. racemosum,Slender Wallaby-grass,Not Assessed,False,native,Grass,5,May,False,False
Rytidosperma racemosum var. racemosum,Slender Wallaby-grass,Not Assessed,False,native,Grass,6,Jun,False,False
Rytidosperma racemosum var. racemosum,Slender Wallaby-grass,Not Assessed,False,native,Grass,7,Jul,False,False
Rytidosperma racemosum var. racemosum,Slender Wallaby-grass,Not Assessed,False,native,Grass,8,Aug,False,False
Rytidosperma racemosum var. racemosum,Slender Wallaby-grass,Not Assessed,False,native,Grass,9,Sep,True,False
Rytidosperma racemosum var. racemosum,Slender Wallaby-grass,Not Assessed,False,native,Grass,10,Oct,True,False
Rytidosperma racemosum var. racemosum,Slender Wallaby-grass,Not Assessed,False,native,Grass,11,Nov,True,False
Rytidosperma racemosum var. racemosum,Slender Wallaby-grass,Not Assessed,False,native,Grass,12,Dec,True,False
Rytidosperma semiannulare,Wetland Wallaby-grass,Not Assessed,False,native,Grass,1,Jan,True,False
Rytidosperma semiannulare,Wetland Wallaby-grass,Not Assessed,False,native,Grass,2,Feb,True,False
Rytidosperma semiannulare,Wetland Wallaby-grass,Not Assessed,False,native,Grass,3,Mar,False,False
Rytidosperma semiannulare,Wetland Wallaby-grass,Not Assessed,False,native,Grass,4,Apr,False,False
Rytidosperma semiannulare,Wetland Wallaby-grass,Not Assessed,False,native,Grass,5,May,False,False
Rytidosperma semiannulare,Wetland Wallaby-grass,Not Assessed,False,native,Grass,6,Jun,False,False
Rytidosperma semiannulare,Wetland Wallaby-grass,Not Assessed,False,native,Grass,7,Jul,False,False
Rytidosperma semiannulare,Wetland Wallaby-grass,Not Assessed,False,native,Grass,8,Aug,False,False
Rytidosperma semiannulare,Wetland Wallaby-grass,Not Assessed,False,native,Grass,9,Sep,True,False
Rytidosperma semiannulare,Wetland Wallaby-grass,Not Assessed,False,native,Grass,10,Oct,True,False
Rytidosperma semiannulare,Wetland Wallaby-grass,Not Assessed,False,native,Grass,11,Nov,True,False
Rytidosperma semiannulare,Wetland Wallaby-grass,Not Assessed,False,native,Grass,12,Dec,True,False
Rytidosperma setaceum,Bristly Wallaby-grass,Not Assessed,False,native,Grass,1,Jan,True,False
Rytidosperma setaceum,Bristly Wallaby-grass,Not Assessed,False,native,Grass,2,Feb,False,False
Rytidosperma setaceum,Bristly Wallaby-grass,Not Assessed,False,native,Grass,3,Mar,False,False
Rytidosperma setaceum,Bristly Wallaby-grass,Not Assessed,False,native,Grass,4,Apr,False,False
Rytidosperma setaceum,Bristly Wallaby-grass,Not Assessed,False,native,Grass,5,May,False,False
Rytidosperma setaceum,Bristly Wallaby-grass,Not Assessed,False,native,Grass,6,Jun,False,False
Rytidosperma setaceum,Bristly Wallaby-grass,Not Assessed,False,native,Grass,7,Jul,False,False
Rytidosperma setaceum,Bristly Wallaby-grass,Not Assessed,False,native,Grass,8,Aug,True,False
Rytidosperma setaceum,Bristly Wallaby-grass,Not Assessed,False,native,Grass,9,Sep,True,False
Rytidosperma setaceum,Bristly Wallaby-grass,Not Assessed,False,native,Grass,10,Oct,True,False
Rytidosperma setaceum,Bristly Wallaby-grass,Not Assessed,False,native,Grass,11,Nov,True,False
Rytidosperma setaceum,Bristly Wallaby-grass,Not Assessed,False,native,Grass,12,Dec,True,False
Rytidosperma tenuius,Purplish Wallaby-grass,Not Assessed,False,native,Grass,1,Jan,True,False
Rytidosperma tenuius,Purplish Wallaby-grass,Not Assessed,False,native,Grass,2,Feb,True,False
Rytidosperma tenuius,Purplish Wallaby-grass,Not Assessed,False,native,Grass,3,Mar,False,False
Rytidosperma tenuius,Purplish Wallaby-grass,Not Assessed,False,native,Grass,4,Apr,False,False
Rytidosperma tenuius,Purplish Wallaby-grass,Not Assessed,False,native,Grass,5,May,False,False
Rytidosperma tenuius,Purplish Wallaby-grass,Not Assessed,False,native,Grass,6,Jun,False,False
Rytidosperma tenuius,Purplish Wallaby-grass,Not Assessed,False,native,Grass,7,Jul,False,False
Rytidosperma tenuius,Purplish Wallaby-grass,Not Assessed,False,native,Grass,8,Aug,False,False
Rytidosperma tenuius,Purplish Wallaby-grass,Not Assessed,False,native,Grass,9,Sep,True,False
Rytidosperma tenuius,Purplish Wallaby-grass,Not Assessed,False,native,Grass,10,Oct,True,False
Rytidosperma tenuius,Purplish Wallaby-grass,Not Assessed,False,native,Grass,11,Nov,True,False
Rytidosperma tenuius,Purplish Wallaby-grass,Not Assessed,False,native,Grass,12,Dec,True,False
Salix babylonica,Weeping Willow,Reconsider Planting,True,introduced,Tree,1,Jan,,False
Salix babylonica,Weeping Willow,Reconsider Planting,True,introduced,Tree,2,Feb,,False
Salix babylonica,Weeping Willow,Reconsider Planting,True,introduced,Tree,3,Mar,,False
Salix babylonica,Weeping Willow,Reconsider Planting,True,introduced,Tree,4,Apr,,False
Salix babylonica,Weeping Willow,Reconsider Planting,True,introduced,Tree,5,May,,False
Salix babylonica,Weeping Willow,Reconsider Planting,True,introduced,Tree,6,Jun,,False
Salix babylonica,Weeping Willow,Reconsider Planting,True,introduced,Tree,7,Jul,,False
Salix babylonica,Weeping Willow,Reconsider Planting,True,introduced,Tree,8,Aug,,False
Salix babylonica,Weeping Willow,Reconsider Planting,True,introduced,Tree,9,Sep,,False
Salix babylonica,Weeping Willow,Reconsider Planting,True,introduced,Tree,10,Oct,,False
Salix babylonica,Weeping Willow,Reconsider Planting,True,introduced,Tree,11,Nov,,False
Salix babylonica,Weeping Willow,Reconsider Planting,True,introduced,Tree,12,Dec,,False
Salix cinerea,Grey Sallow,Reconsider Planting,True,introduced,Tree,1,Jan,,False
Salix cinerea,Grey Sallow,Reconsider Planting,True,introduced,Tree,2,Feb,,False
Salix cinerea,Grey Sallow,Reconsider Planting,True,introduced,Tree,3,Mar,,False
Salix cinerea,Grey Sallow,Reconsider Planting,True,introduced,Tree,4,Apr,,False
Salix cinerea,Grey Sallow,Reconsider Planting,True,introduced,Tree,5,May,,False
Salix cinerea,Grey Sallow,Reconsider Planting,True,introduced,Tree,6,Jun,,False
Salix cinerea,Grey Sallow,Reconsider Planting,True,introduced,Tree,7,Jul,,False
Salix cinerea,Grey Sallow,Reconsider Planting,True,introduced,Tree,8,Aug,,False
Salix cinerea,Grey Sallow,Reconsider Planting,True,introduced,Tree,9,Sep,,False
Salix cinerea,Grey Sallow,Reconsider Planting,True,introduced,Tree,10,Oct,,False
Salix cinerea,Grey Sallow,Reconsider Planting,True,introduced,Tree,11,Nov,,False
Salix cinerea,Grey Sallow,Reconsider Planting,True,introduced,Tree,12,Dec,,False
Salix ×pendulina,Weeping Willow,Not Assessed,False,introduced,,1,Jan,,False
Salix ×pendulina,Weeping Willow,Not Assessed,False,introduced,,2,Feb,,False
Salix ×pendulina,Weeping Willow,Not Assessed,False,introduced,,3,Mar,,False
Salix ×pendulina,Weeping Willow,Not Assessed,False,introduced,,4,Apr,,False
Salix ×pendulina,Weeping Willow,Not Assessed,False,introduced,,5,May,,False
Salix ×pendulina,Weeping Willow,Not Assessed,False,introduced,,6,Jun,,False
Salix ×pendulina,Weeping Willow,Not Assessed,False,introduced,,7,Jul,,False
Salix ×pendulina,Weeping Willow,Not Assessed,False,introduced,,8,Aug,,False
Salix ×pendulina,Weeping Willow,Not Assessed,False,introduced,,9,Sep,,False
Salix ×pendulina,Weeping Willow,Not Assessed,False,introduced,,10,Oct,,False
Salix ×pendulina,Weeping Willow,Not Assessed,False,introduced,,11,Nov,,False
Salix ×pendulina,Weeping Willow,Not Assessed,False,introduced,,12,Dec,,False
Salpichroa origanifolia,Pampas Lily-of-the-Valley,Use Caution,True,introduced,Herb,1,Jan,True,False
Salpichroa origanifolia,Pampas Lily-of-the-Valley,Use Caution,True,introduced,Herb,2,Feb,True,False
Salpichroa origanifolia,Pampas Lily-of-the-Valley,Use Caution,True,introduced,Herb,3,Mar,True,False
Salpichroa origanifolia,Pampas Lily-of-the-Valley,Use Caution,True,introduced,Herb,4,Apr,True,False
Salpichroa origanifolia,Pampas Lily-of-the-Valley,Use Caution,True,introduced,Herb,5,May,True,False
Salpichroa origanifolia,Pampas Lily-of-the-Valley,Use Caution,True,introduced,Herb,6,Jun,False,False
Salpichroa origanifolia,Pampas Lily-of-the-Valley,Use Caution,True,introduced,Herb,7,Jul,False,False
Salpichroa origanifolia,Pampas Lily-of-the-Valley,Use Caution,True,introduced,Herb,8,Aug,False,False
Salpichroa origanifolia,Pampas Lily-of-the-Valley,Use Caution,True,introduced,Herb,9,Sep,True,False
Salpichroa origanifolia,Pampas Lily-of-the-Valley,Use Caution,True,introduced,Herb,10,Oct,True,False
Salpichroa origanifolia,Pampas Lily-of-the-Valley,Use Caution,True,introduced,Herb,11,Nov,True,False
Salpichroa origanifolia,Pampas Lily-of-the-Valley,Use Caution,True,introduced,Herb,12,Dec,True,False
Salvinia molesta,Salvinia,Reconsider Planting,True,introduced,,1,Jan,,False
Salvinia molesta,Salvinia,Reconsider Planting,True,introduced,,2,Feb,,False
Salvinia molesta,Salvinia,Reconsider Planting,True,introduced,,3,Mar,,False
Salvinia molesta,Salvinia,Reconsider Planting,True,introduced,,4,Apr,,False
Salvinia molesta,Salvinia,Reconsider Planting,True,introduced,,5,May,,False
Salvinia molesta,Salvinia,Reconsider Planting,True,introduced,,6,Jun,,False
Salvinia molesta,Salvinia,Reconsider Planting,True,introduced,,7,Jul,,False
Salvinia molesta,Salvinia,Reconsider Planting,True,introduced,,8,Aug,,False
Salvinia molesta,Salvinia,Reconsider Planting,True,introduced,,9,Sep,,False
Salvinia molesta,Salvinia,Reconsider Planting,True,introduced,,10,Oct,,False
Salvinia molesta,Salvinia,Reconsider Planting,True,introduced,,11,Nov,,False
Salvinia molesta,Salvinia,Reconsider Planting,True,introduced,,12,Dec,,False
Schenkia australis,Spiked Centaury,Not Assessed,False,native,Herb,1,Jan,True,False
Schenkia australis,Spiked Centaury,Not Assessed,False,native,Herb,2,Feb,True,False
Schenkia australis,Spiked Centaury,Not Assessed,False,native,Herb,3,Mar,True,False
Schenkia australis,Spiked Centaury,Not Assessed,False,native,Herb,4,Apr,True,False
Schenkia australis,Spiked Centaury,Not Assessed,False,native,Herb,5,May,True,False
Schenkia australis,Spiked Centaury,Not Assessed,False,native,Herb,6,Jun,True,False
Schenkia australis,Spiked Centaury,Not Assessed,False,native,Herb,7,Jul,True,False
Schenkia australis,Spiked Centaury,Not Assessed,False,native,Herb,8,Aug,True,False
Schenkia australis,Spiked Centaury,Not Assessed,False,native,Herb,9,Sep,True,False
Schenkia australis,Spiked Centaury,Not Assessed,False,native,Herb,10,Oct,True,False
Schenkia australis,Spiked Centaury,Not Assessed,False,native,Herb,11,Nov,True,False
Schenkia australis,Spiked Centaury,Not Assessed,False,native,Herb,12,Dec,True,False
Schizaea bifida,Forked Comb-fern,Not Assessed,False,native,Fern,1,Jan,,False
Schizaea bifida,Forked Comb-fern,Not Assessed,False,native,Fern,2,Feb,,False
Schizaea bifida,Forked Comb-fern,Not Assessed,False,native,Fern,3,Mar,,False
Schizaea bifida,Forked Comb-fern,Not Assessed,False,native,Fern,4,Apr,,False
Schizaea bifida,Forked Comb-fern,Not Assessed,False,native,Fern,5,May,,False
Schizaea bifida,Forked Comb-fern,Not Assessed,False,native,Fern,6,Jun,,False
Schizaea bifida,Forked Comb-fern,Not Assessed,False,native,Fern,7,Jul,,False
Schizaea bifida,Forked Comb-fern,Not Assessed,False,native,Fern,8,Aug,,False
Schizaea bifida,Forked Comb-fern,Not Assessed,False,native,Fern,9,Sep,,False
Schizaea bifida,Forked Comb-fern,Not Assessed,False,native,Fern,10,Oct,,False
Schizaea bifida,Forked Comb-fern,Not Assessed,False,native,Fern,11,Nov,,False
Schizaea bifida,Forked Comb-fern,Not Assessed,False,native,Fern,12,Dec,,False
Schizaea fistulosa,Narrow Comb-fern,Not Assessed,False,native,Fern,1,Jan,,False
Schizaea fistulosa,Narrow Comb-fern,Not Assessed,False,native,Fern,2,Feb,,False
Schizaea fistulosa,Narrow Comb-fern,Not Assessed,False,native,Fern,3,Mar,,False
Schizaea fistulosa,Narrow Comb-fern,Not Assessed,False,native,Fern,4,Apr,,False
Schizaea fistulosa,Narrow Comb-fern,Not Assessed,False,native,Fern,5,May,,False
Schizaea fistulosa,Narrow Comb-fern,Not Assessed,False,native,Fern,6,Jun,,False
Schizaea fistulosa,Narrow Comb-fern,Not Assessed,False,native,Fern,7,Jul,,False
Schizaea fistulosa,Narrow Comb-fern,Not Assessed,False,native,Fern,8,Aug,,False
Schizaea fistulosa,Narrow Comb-fern,Not Assessed,False,native,Fern,9,Sep,,False
Schizaea fistulosa,Narrow Comb-fern,Not Assessed,False,native,Fern,10,Oct,,False
Schizaea fistulosa,Narrow Comb-fern,Not Assessed,False,native,Fern,11,Nov,,False
Schizaea fistulosa,Narrow Comb-fern,Not Assessed,False,native,Fern,12,Dec,,False
Schoenoplectus tabernaemontani,River Club-rush,Not Assessed,False,native,Grass,1,Jan,True,False
Schoenoplectus tabernaemontani,River Club-rush,Not Assessed,False,native,Grass,2,Feb,True,False
Schoenoplectus tabernaemontani,River Club-rush,Not Assessed,False,native,Grass,3,Mar,False,False
Schoenoplectus tabernaemontani,River Club-rush,Not Assessed,False,native,Grass,4,Apr,False,False
Schoenoplectus tabernaemontani,River Club-rush,Not Assessed,False,native,Grass,5,May,False,False
Schoenoplectus tabernaemontani,River Club-rush,Not Assessed,False,native,Grass,6,Jun,False,False
Schoenoplectus tabernaemontani,River Club-rush,Not Assessed,False,native,Grass,7,Jul,False,False
Schoenoplectus tabernaemontani,River Club-rush,Not Assessed,False,native,Grass,8,Aug,False,False
Schoenoplectus tabernaemontani,River Club-rush,Not Assessed,False,native,Grass,9,Sep,True,False
Schoenoplectus tabernaemontani,River Club-rush,Not Assessed,False,native,Grass,10,Oct,True,False
Schoenoplectus tabernaemontani,River Club-rush,Not Assessed,False,native,Grass,11,Nov,True,False
Schoenoplectus tabernaemontani,River Club-rush,Not Assessed,False,native,Grass,12,Dec,True,False
Schoenus apogon,Common Bog-rush,Not Assessed,False,native,Herb,1,Jan,True,False
Schoenus apogon,Common Bog-rush,Not Assessed,False,native,Herb,2,Feb,True,False
Schoenus apogon,Common Bog-rush,Not Assessed,False,native,Herb,3,Mar,True,False
Schoenus apogon,Common Bog-rush,Not Assessed,False,native,Herb,4,Apr,True,False
Schoenus apogon,Common Bog-rush,Not Assessed,False,native,Herb,5,May,False,False
Schoenus apogon,Common Bog-rush,Not Assessed,False,native,Herb,6,Jun,False,False
Schoenus apogon,Common Bog-rush,Not Assessed,False,native,Herb,7,Jul,False,False
Schoenus apogon,Common Bog-rush,Not Assessed,False,native,Herb,8,Aug,False,False
Schoenus apogon,Common Bog-rush,Not Assessed,False,native,Herb,9,Sep,True,False
Schoenus apogon,Common Bog-rush,Not Assessed,False,native,Herb,10,Oct,True,False
Schoenus apogon,Common Bog-rush,Not Assessed,False,native,Herb,11,Nov,True,False
Schoenus apogon,Common Bog-rush,Not Assessed,False,native,Herb,12,Dec,True,False
Schoenus brevifolius,Zig-zag Bog-sedge,Not Assessed,False,native,Grass,1,Jan,True,False
Schoenus brevifolius,Zig-zag Bog-sedge,Not Assessed,False,native,Grass,2,Feb,True,False
Schoenus brevifolius,Zig-zag Bog-sedge,Not Assessed,False,native,Grass,3,Mar,True,False
Schoenus brevifolius,Zig-zag Bog-sedge,Not Assessed,False,native,Grass,4,Apr,False,False
Schoenus brevifolius,Zig-zag Bog-sedge,Not Assessed,False,native,Grass,5,May,False,False
Schoenus brevifolius,Zig-zag Bog-sedge,Not Assessed,False,native,Grass,6,Jun,False,False
Schoenus brevifolius,Zig-zag Bog-sedge,Not Assessed,False,native,Grass,7,Jul,False,False
Schoenus brevifolius,Zig-zag Bog-sedge,Not Assessed,False,native,Grass,8,Aug,False,False
Schoenus brevifolius,Zig-zag Bog-sedge,Not Assessed,False,native,Grass,9,Sep,True,False
Schoenus brevifolius,Zig-zag Bog-sedge,Not Assessed,False,native,Grass,10,Oct,True,False
Schoenus brevifolius,Zig-zag Bog-sedge,Not Assessed,False,native,Grass,11,Nov,True,False
Schoenus brevifolius,Zig-zag Bog-sedge,Not Assessed,False,native,Grass,12,Dec,True,False
Schoenus lepidosperma,Slender Bog-sedge,Not Assessed,False,native,Grass,1,Jan,True,False
Schoenus lepidosperma,Slender Bog-sedge,Not Assessed,False,native,Grass,2,Feb,True,False
Schoenus lepidosperma,Slender Bog-sedge,Not Assessed,False,native,Grass,3,Mar,False,False
Schoenus lepidosperma,Slender Bog-sedge,Not Assessed,False,native,Grass,4,Apr,False,False
Schoenus lepidosperma,Slender Bog-sedge,Not Assessed,False,native,Grass,5,May,False,False
Schoenus lepidosperma,Slender Bog-sedge,Not Assessed,False,native,Grass,6,Jun,False,False
Schoenus lepidosperma,Slender Bog-sedge,Not Assessed,False,native,Grass,7,Jul,True,False
Schoenus lepidosperma,Slender Bog-sedge,Not Assessed,False,native,Grass,8,Aug,True,False
Schoenus lepidosperma,Slender Bog-sedge,Not Assessed,False,native,Grass,9,Sep,True,False
Schoenus lepidosperma,Slender Bog-sedge,Not Assessed,False,native,Grass,10,Oct,True,False
Schoenus lepidosperma,Slender Bog-sedge,Not Assessed,False,native,Grass,11,Nov,True,False
Schoenus lepidosperma,Slender Bog-sedge,Not Assessed,False,native,Grass,12,Dec,True,False
Schoenus lepidosperma subsp. lepidosperma,Slender Bog-sedge,Not Assessed,False,native,Grass,1,Jan,True,False
Schoenus lepidosperma subsp. lepidosperma,Slender Bog-sedge,Not Assessed,False,native,Grass,2,Feb,True,False
Schoenus lepidosperma subsp. lepidosperma,Slender Bog-sedge,Not Assessed,False,native,Grass,3,Mar,False,False
Schoenus lepidosperma subsp. lepidosperma,Slender Bog-sedge,Not Assessed,False,native,Grass,4,Apr,False,False
Schoenus lepidosperma subsp. lepidosperma,Slender Bog-sedge,Not Assessed,False,native,Grass,5,May,False,False
Schoenus lepidosperma subsp. lepidosperma,Slender Bog-sedge,Not Assessed,False,native,Grass,6,Jun,False,False
Schoenus lepidosperma subsp. lepidosperma,Slender Bog-sedge,Not Assessed,False,native,Grass,7,Jul,True,False
Schoenus lepidosperma subsp. lepidosperma,Slender Bog-sedge,Not Assessed,False,native,Grass,8,Aug,True,False
Schoenus lepidosperma subsp. lepidosperma,Slender Bog-sedge,Not Assessed,False,native,Grass,9,Sep,True,False
Schoenus lepidosperma subsp. lepidosperma,Slender Bog-sedge,Not Assessed,False,native,Grass,10,Oct,True,False
Schoenus lepidosperma subsp. lepidosperma,Slender Bog-sedge,Not Assessed,False,native,Grass,11,Nov,True,False
Schoenus lepidosperma subsp. lepidosperma,Slender Bog-sedge,Not Assessed,False,native,Grass,12,Dec,True,False
Scorpiurium cucullatum,Feather Moss,Not Assessed,False,native,,1,Jan,,False
Scorpiurium cucullatum,Feather Moss,Not Assessed,False,native,,2,Feb,,False
Scorpiurium cucullatum,Feather Moss,Not Assessed,False,native,,3,Mar,,False
Scorpiurium cucullatum,Feather Moss,Not Assessed,False,native,,4,Apr,,False
Scorpiurium cucullatum,Feather Moss,Not Assessed,False,native,,5,May,,False
Scorpiurium cucullatum,Feather Moss,Not Assessed,False,native,,6,Jun,,False
Scorpiurium cucullatum,Feather Moss,Not Assessed,False,native,,7,Jul,,False
Scorpiurium cucullatum,Feather Moss,Not Assessed,False,native,,8,Aug,,False
Scorpiurium cucullatum,Feather Moss,Not Assessed,False,native,,9,Sep,,False
Scorpiurium cucullatum,Feather Moss,Not Assessed,False,native,,10,Oct,,False
Scorpiurium cucullatum,Feather Moss,Not Assessed,False,native,,11,Nov,,False
Scorpiurium cucullatum,Feather Moss,Not Assessed,False,native,,12,Dec,,False
Sebaea ovata,Yellow Sebaea,Not Assessed,False,native,Herb,1,Jan,False,False
Sebaea ovata,Yellow Sebaea,Not Assessed,False,native,Herb,2,Feb,False,False
Sebaea ovata,Yellow Sebaea,Not Assessed,False,native,Herb,3,Mar,False,False
Sebaea ovata,Yellow Sebaea,Not Assessed,False,native,Herb,4,Apr,False,False
Sebaea ovata,Yellow Sebaea,Not Assessed,False,native,Herb,5,May,False,False
Sebaea ovata,Yellow Sebaea,Not Assessed,False,native,Herb,6,Jun,False,False
Sebaea ovata,Yellow Sebaea,Not Assessed,False,native,Herb,7,Jul,False,False
Sebaea ovata,Yellow Sebaea,Not Assessed,False,native,Herb,8,Aug,False,False
Sebaea ovata,Yellow Sebaea,Not Assessed,False,native,Herb,9,Sep,True,False
Sebaea ovata,Yellow Sebaea,Not Assessed,False,native,Herb,10,Oct,True,False
Sebaea ovata,Yellow Sebaea,Not Assessed,False,native,Herb,11,Nov,True,False
Sebaea ovata,Yellow Sebaea,Not Assessed,False,native,Herb,12,Dec,True,False
Selaginella uliginosa,Swamp Selaginella,Not Assessed,False,native,Herb,1,Jan,,False
Selaginella uliginosa,Swamp Selaginella,Not Assessed,False,native,Herb,2,Feb,,False
Selaginella uliginosa,Swamp Selaginella,Not Assessed,False,native,Herb,3,Mar,,False
Selaginella uliginosa,Swamp Selaginella,Not Assessed,False,native,Herb,4,Apr,,False
Selaginella uliginosa,Swamp Selaginella,Not Assessed,False,native,Herb,5,May,,False
Selaginella uliginosa,Swamp Selaginella,Not Assessed,False,native,Herb,6,Jun,,False
Selaginella uliginosa,Swamp Selaginella,Not Assessed,False,native,Herb,7,Jul,,False
Selaginella uliginosa,Swamp Selaginella,Not Assessed,False,native,Herb,8,Aug,,False
Selaginella uliginosa,Swamp Selaginella,Not Assessed,False,native,Herb,9,Sep,,False
Selaginella uliginosa,Swamp Selaginella,Not Assessed,False,native,Herb,10,Oct,,False
Selaginella uliginosa,Swamp Selaginella,Not Assessed,False,native,Herb,11,Nov,,False
Selaginella uliginosa,Swamp Selaginella,Not Assessed,False,native,Herb,12,Dec,,False
Senecio glomeratus,Annual Fireweed,Not Assessed,False,native,Herb,1,Jan,True,False
Senecio glomeratus,Annual Fireweed,Not Assessed,False,native,Herb,2,Feb,True,False
Senecio glomeratus,Annual Fireweed,Not Assessed,False,native,Herb,3,Mar,True,False
Senecio glomeratus,Annual Fireweed,Not Assessed,False,native,Herb,4,Apr,True,False
Senecio glomeratus,Annual Fireweed,Not Assessed,False,native,Herb,5,May,False,False
Senecio glomeratus,Annual Fireweed,Not Assessed,False,native,Herb,6,Jun,False,False
Senecio glomeratus,Annual Fireweed,Not Assessed,False,native,Herb,7,Jul,False,False
Senecio glomeratus,Annual Fireweed,Not Assessed,False,native,Herb,8,Aug,False,False
Senecio glomeratus,Annual Fireweed,Not Assessed,False,native,Herb,9,Sep,True,False
Senecio glomeratus,Annual Fireweed,Not Assessed,False,native,Herb,10,Oct,True,False
Senecio glomeratus,Annual Fireweed,Not Assessed,False,native,Herb,11,Nov,True,False
Senecio glomeratus,Annual Fireweed,Not Assessed,False,native,Herb,12,Dec,True,False
Senecio glomeratus subsp. glomeratus,Annual Fireweed,Not Assessed,False,native,Herb,1,Jan,True,False
Senecio glomeratus subsp. glomeratus,Annual Fireweed,Not Assessed,False,native,Herb,2,Feb,True,False
Senecio glomeratus subsp. glomeratus,Annual Fireweed,Not Assessed,False,native,Herb,3,Mar,True,False
Senecio glomeratus subsp. glomeratus,Annual Fireweed,Not Assessed,False,native,Herb,4,Apr,True,False
Senecio glomeratus subsp. glomeratus,Annual Fireweed,Not Assessed,False,native,Herb,5,May,False,False
Senecio glomeratus subsp. glomeratus,Annual Fireweed,Not Assessed,False,native,Herb,6,Jun,False,False
Senecio glomeratus subsp. glomeratus,Annual Fireweed,Not Assessed,False,native,Herb,7,Jul,False,False
Senecio glomeratus subsp. glomeratus,Annual Fireweed,Not Assessed,False,native,Herb,8,Aug,False,False
Senecio glomeratus subsp. glomeratus,Annual Fireweed,Not Assessed,False,native,Herb,9,Sep,True,False
Senecio glomeratus subsp. glomeratus,Annual Fireweed,Not Assessed,False,native,Herb,10,Oct,True,False
Senecio glomeratus subsp. glomeratus,Annual Fireweed,Not Assessed,False,native,Herb,11,Nov,True,False
Senecio glomeratus subsp. glomeratus,Annual Fireweed,Not Assessed,False,native,Herb,12,Dec,True,False
Senecio hispidulus,Rough Fireweed | Hill Fireweed | Hispid Fireweed,Not Assessed,False,native,Herb,1,Jan,True,False
Senecio hispidulus,Rough Fireweed | Hill Fireweed | Hispid Fireweed,Not Assessed,False,native,Herb,2,Feb,True,False
Senecio hispidulus,Rough Fireweed | Hill Fireweed | Hispid Fireweed,Not Assessed,False,native,Herb,3,Mar,False,False
Senecio hispidulus,Rough Fireweed | Hill Fireweed | Hispid Fireweed,Not Assessed,False,native,Herb,4,Apr,False,False
Senecio hispidulus,Rough Fireweed | Hill Fireweed | Hispid Fireweed,Not Assessed,False,native,Herb,5,May,False,False
Senecio hispidulus,Rough Fireweed | Hill Fireweed | Hispid Fireweed,Not Assessed,False,native,Herb,6,Jun,False,False
Senecio hispidulus,Rough Fireweed | Hill Fireweed | Hispid Fireweed,Not Assessed,False,native,Herb,7,Jul,False,False
Senecio hispidulus,Rough Fireweed | Hill Fireweed | Hispid Fireweed,Not Assessed,False,native,Herb,8,Aug,True,False
Senecio hispidulus,Rough Fireweed | Hill Fireweed | Hispid Fireweed,Not Assessed,False,native,Herb,9,Sep,True,False
Senecio hispidulus,Rough Fireweed | Hill Fireweed | Hispid Fireweed,Not Assessed,False,native,Herb,10,Oct,True,False
Senecio hispidulus,Rough Fireweed | Hill Fireweed | Hispid Fireweed,Not Assessed,False,native,Herb,11,Nov,True,False
Senecio hispidulus,Rough Fireweed | Hill Fireweed | Hispid Fireweed,Not Assessed,False,native,Herb,12,Dec,True,False
Senecio jacobaea,Ragwort,Use Caution,True,introduced,Herb,1,Jan,False,False
Senecio jacobaea,Ragwort,Use Caution,True,introduced,Herb,2,Feb,False,False
Senecio jacobaea,Ragwort,Use Caution,True,introduced,Herb,3,Mar,True,False
Senecio jacobaea,Ragwort,Use Caution,True,introduced,Herb,4,Apr,True,False
Senecio jacobaea,Ragwort,Use Caution,True,introduced,Herb,5,May,True,False
Senecio jacobaea,Ragwort,Use Caution,True,introduced,Herb,6,Jun,False,False
Senecio jacobaea,Ragwort,Use Caution,True,introduced,Herb,7,Jul,False,False
Senecio jacobaea,Ragwort,Use Caution,True,introduced,Herb,8,Aug,False,False
Senecio jacobaea,Ragwort,Use Caution,True,introduced,Herb,9,Sep,False,False
Senecio jacobaea,Ragwort,Use Caution,True,introduced,Herb,10,Oct,False,False
Senecio jacobaea,Ragwort,Use Caution,True,introduced,Herb,11,Nov,False,False
Senecio jacobaea,Ragwort,Use Caution,True,introduced,Herb,12,Dec,False,False
Senecio minimus,Shrubby Fireweed,Not Assessed,False,native,Herb,1,Jan,True,False
Senecio minimus,Shrubby Fireweed,Not Assessed,False,native,Herb,2,Feb,True,False
Senecio minimus,Shrubby Fireweed,Not Assessed,False,native,Herb,3,Mar,True,False
Senecio minimus,Shrubby Fireweed,Not Assessed,False,native,Herb,4,Apr,True,False
Senecio minimus,Shrubby Fireweed,Not Assessed,False,native,Herb,5,May,False,False
Senecio minimus,Shrubby Fireweed,Not Assessed,False,native,Herb,6,Jun,False,False
Senecio minimus,Shrubby Fireweed,Not Assessed,False,native,Herb,7,Jul,False,False
Senecio minimus,Shrubby Fireweed,Not Assessed,False,native,Herb,8,Aug,False,False
Senecio minimus,Shrubby Fireweed,Not Assessed,False,native,Herb,9,Sep,True,False
Senecio minimus,Shrubby Fireweed,Not Assessed,False,native,Herb,10,Oct,True,False
Senecio minimus,Shrubby Fireweed,Not Assessed,False,native,Herb,11,Nov,True,False
Senecio minimus,Shrubby Fireweed,Not Assessed,False,native,Herb,12,Dec,True,False
Senecio pinnatifolius,Variable Groundsel,Not Assessed,False,native,Herb,1,Jan,True,False
Senecio pinnatifolius,Variable Groundsel,Not Assessed,False,native,Herb,2,Feb,True,False
Senecio pinnatifolius,Variable Groundsel,Not Assessed,False,native,Herb,3,Mar,True,False
Senecio pinnatifolius,Variable Groundsel,Not Assessed,False,native,Herb,4,Apr,True,False
Senecio pinnatifolius,Variable Groundsel,Not Assessed,False,native,Herb,5,May,True,False
Senecio pinnatifolius,Variable Groundsel,Not Assessed,False,native,Herb,6,Jun,True,False
Senecio pinnatifolius,Variable Groundsel,Not Assessed,False,native,Herb,7,Jul,True,False
Senecio pinnatifolius,Variable Groundsel,Not Assessed,False,native,Herb,8,Aug,True,False
Senecio pinnatifolius,Variable Groundsel,Not Assessed,False,native,Herb,9,Sep,True,False
Senecio pinnatifolius,Variable Groundsel,Not Assessed,False,native,Herb,10,Oct,True,False
Senecio pinnatifolius,Variable Groundsel,Not Assessed,False,native,Herb,11,Nov,True,False
Senecio pinnatifolius,Variable Groundsel,Not Assessed,False,native,Herb,12,Dec,True,False
Senecio pinnatifolius var. lanceolatus,Variable Groundsel,Not Assessed,False,native,Herb,1,Jan,True,False
Senecio pinnatifolius var. lanceolatus,Variable Groundsel,Not Assessed,False,native,Herb,2,Feb,True,False
Senecio pinnatifolius var. lanceolatus,Variable Groundsel,Not Assessed,False,native,Herb,3,Mar,True,False
Senecio pinnatifolius var. lanceolatus,Variable Groundsel,Not Assessed,False,native,Herb,4,Apr,True,False
Senecio pinnatifolius var. lanceolatus,Variable Groundsel,Not Assessed,False,native,Herb,5,May,True,False
Senecio pinnatifolius var. lanceolatus,Variable Groundsel,Not Assessed,False,native,Herb,6,Jun,True,False
Senecio pinnatifolius var. lanceolatus,Variable Groundsel,Not Assessed,False,native,Herb,7,Jul,True,False
Senecio pinnatifolius var. lanceolatus,Variable Groundsel,Not Assessed,False,native,Herb,8,Aug,True,False
Senecio pinnatifolius var. lanceolatus,Variable Groundsel,Not Assessed,False,native,Herb,9,Sep,True,False
Senecio pinnatifolius var. lanceolatus,Variable Groundsel,Not Assessed,False,native,Herb,10,Oct,True,False
Senecio pinnatifolius var. lanceolatus,Variable Groundsel,Not Assessed,False,native,Herb,11,Nov,True,False
Senecio pinnatifolius var. lanceolatus,Variable Groundsel,Not Assessed,False,native,Herb,12,Dec,True,False
Senecio quadridentatus,Cottony Fireweed,Not Assessed,False,native,Herb,1,Jan,True,False
Senecio quadridentatus,Cottony Fireweed,Not Assessed,False,native,Herb,2,Feb,True,False
Senecio quadridentatus,Cottony Fireweed,Not Assessed,False,native,Herb,3,Mar,True,False
Senecio quadridentatus,Cottony Fireweed,Not Assessed,False,native,Herb,4,Apr,False,False
Senecio quadridentatus,Cottony Fireweed,Not Assessed,False,native,Herb,5,May,False,False
Senecio quadridentatus,Cottony Fireweed,Not Assessed,False,native,Herb,6,Jun,False,False
Senecio quadridentatus,Cottony Fireweed,Not Assessed,False,native,Herb,7,Jul,True,False
Senecio quadridentatus,Cottony Fireweed,Not Assessed,False,native,Herb,8,Aug,True,False
Senecio quadridentatus,Cottony Fireweed,Not Assessed,False,native,Herb,9,Sep,True,False
Senecio quadridentatus,Cottony Fireweed,Not Assessed,False,native,Herb,10,Oct,True,False
Senecio quadridentatus,Cottony Fireweed,Not Assessed,False,native,Herb,11,Nov,True,False
Senecio quadridentatus,Cottony Fireweed,Not Assessed,False,native,Herb,12,Dec,True,False
Senecio vulgaris,Common Groundsel,Use Caution,True,introduced,Herb,1,Jan,False,False
Senecio vulgaris,Common Groundsel,Use Caution,True,introduced,Herb,2,Feb,False,False
Senecio vulgaris,Common Groundsel,Use Caution,True,introduced,Herb,3,Mar,False,False
Senecio vulgaris,Common Groundsel,Use Caution,True,introduced,Herb,4,Apr,False,False
Senecio vulgaris,Common Groundsel,Use Caution,True,introduced,Herb,5,May,False,False
Senecio vulgaris,Common Groundsel,Use Caution,True,introduced,Herb,6,Jun,True,False
Senecio vulgaris,Common Groundsel,Use Caution,True,introduced,Herb,7,Jul,True,False
Senecio vulgaris,Common Groundsel,Use Caution,True,introduced,Herb,8,Aug,True,False
Senecio vulgaris,Common Groundsel,Use Caution,True,introduced,Herb,9,Sep,True,False
Senecio vulgaris,Common Groundsel,Use Caution,True,introduced,Herb,10,Oct,True,False
Senecio vulgaris,Common Groundsel,Use Caution,True,introduced,Herb,11,Nov,True,False
Senecio vulgaris,Common Groundsel,Use Caution,True,introduced,Herb,12,Dec,False,False
Setaria italica,Italian Millet,Lower Concern,False,introduced,Grass,1,Jan,True,False
Setaria italica,Italian Millet,Lower Concern,False,introduced,Grass,2,Feb,True,False
Setaria italica,Italian Millet,Lower Concern,False,introduced,Grass,3,Mar,False,False
Setaria italica,Italian Millet,Lower Concern,False,introduced,Grass,4,Apr,False,False
Setaria italica,Italian Millet,Lower Concern,False,introduced,Grass,5,May,False,False
Setaria italica,Italian Millet,Lower Concern,False,introduced,Grass,6,Jun,False,False
Setaria italica,Italian Millet,Lower Concern,False,introduced,Grass,7,Jul,False,False
Setaria italica,Italian Millet,Lower Concern,False,introduced,Grass,8,Aug,False,False
Setaria italica,Italian Millet,Lower Concern,False,introduced,Grass,9,Sep,False,False
Setaria italica,Italian Millet,Lower Concern,False,introduced,Grass,10,Oct,False,False
Setaria italica,Italian Millet,Lower Concern,False,introduced,Grass,11,Nov,False,False
Setaria italica,Italian Millet,Lower Concern,False,introduced,Grass,12,Dec,True,False
Setaria parviflora,Slender Pigeon-grass,Reconsider Planting,True,introduced,Grass,1,Jan,True,False
Setaria parviflora,Slender Pigeon-grass,Reconsider Planting,True,introduced,Grass,2,Feb,True,False
Setaria parviflora,Slender Pigeon-grass,Reconsider Planting,True,introduced,Grass,3,Mar,False,False
Setaria parviflora,Slender Pigeon-grass,Reconsider Planting,True,introduced,Grass,4,Apr,False,False
Setaria parviflora,Slender Pigeon-grass,Reconsider Planting,True,introduced,Grass,5,May,False,False
Setaria parviflora,Slender Pigeon-grass,Reconsider Planting,True,introduced,Grass,6,Jun,False,False
Setaria parviflora,Slender Pigeon-grass,Reconsider Planting,True,introduced,Grass,7,Jul,False,False
Setaria parviflora,Slender Pigeon-grass,Reconsider Planting,True,introduced,Grass,8,Aug,False,False
Setaria parviflora,Slender Pigeon-grass,Reconsider Planting,True,introduced,Grass,9,Sep,False,False
Setaria parviflora,Slender Pigeon-grass,Reconsider Planting,True,introduced,Grass,10,Oct,False,False
Setaria parviflora,Slender Pigeon-grass,Reconsider Planting,True,introduced,Grass,11,Nov,False,False
Setaria parviflora,Slender Pigeon-grass,Reconsider Planting,True,introduced,Grass,12,Dec,True,False
Setaria pumila,Pale pigeon-grass,Use Caution,True,introduced,Grass,1,Jan,True,False
Setaria pumila,Pale pigeon-grass,Use Caution,True,introduced,Grass,2,Feb,True,False
Setaria pumila,Pale pigeon-grass,Use Caution,True,introduced,Grass,3,Mar,False,False
Setaria pumila,Pale pigeon-grass,Use Caution,True,introduced,Grass,4,Apr,False,False
Setaria pumila,Pale pigeon-grass,Use Caution,True,introduced,Grass,5,May,False,False
Setaria pumila,Pale pigeon-grass,Use Caution,True,introduced,Grass,6,Jun,False,False
Setaria pumila,Pale pigeon-grass,Use Caution,True,introduced,Grass,7,Jul,False,False
Setaria pumila,Pale pigeon-grass,Use Caution,True,introduced,Grass,8,Aug,False,False
Setaria pumila,Pale pigeon-grass,Use Caution,True,introduced,Grass,9,Sep,False,False
Setaria pumila,Pale pigeon-grass,Use Caution,True,introduced,Grass,10,Oct,False,False
Setaria pumila,Pale pigeon-grass,Use Caution,True,introduced,Grass,11,Nov,False,False
Setaria pumila,Pale pigeon-grass,Use Caution,True,introduced,Grass,12,Dec,True,False
Silene gallica,,Reconsider Planting,True,introduced,Herb,1,Jan,False,False
Silene gallica,,Reconsider Planting,True,introduced,Herb,2,Feb,False,False
Silene gallica,,Reconsider Planting,True,introduced,Herb,3,Mar,False,False
Silene gallica,,Reconsider Planting,True,introduced,Herb,4,Apr,False,False
Silene gallica,,Reconsider Planting,True,introduced,Herb,5,May,True,False
Silene gallica,,Reconsider Planting,True,introduced,Herb,6,Jun,True,False
Silene gallica,,Reconsider Planting,True,introduced,Herb,7,Jul,True,False
Silene gallica,,Reconsider Planting,True,introduced,Herb,8,Aug,True,False
Silene gallica,,Reconsider Planting,True,introduced,Herb,9,Sep,True,False
Silene gallica,,Reconsider Planting,True,introduced,Herb,10,Oct,True,False
Silene gallica,,Reconsider Planting,True,introduced,Herb,11,Nov,True,False
Silene gallica,,Reconsider Planting,True,introduced,Herb,12,Dec,True,False
Silene gallica var. quinquevulnera,Spotted Catchfly | Five-wounded Catchfly,Reconsider Planting,True,introduced,Herb,1,Jan,False,False
Silene gallica var. quinquevulnera,Spotted Catchfly | Five-wounded Catchfly,Reconsider Planting,True,introduced,Herb,2,Feb,False,False
Silene gallica var. quinquevulnera,Spotted Catchfly | Five-wounded Catchfly,Reconsider Planting,True,introduced,Herb,3,Mar,False,False
Silene gallica var. quinquevulnera,Spotted Catchfly | Five-wounded Catchfly,Reconsider Planting,True,introduced,Herb,4,Apr,False,False
Silene gallica var. quinquevulnera,Spotted Catchfly | Five-wounded Catchfly,Reconsider Planting,True,introduced,Herb,5,May,True,False
Silene gallica var. quinquevulnera,Spotted Catchfly | Five-wounded Catchfly,Reconsider Planting,True,introduced,Herb,6,Jun,True,False
Silene gallica var. quinquevulnera,Spotted Catchfly | Five-wounded Catchfly,Reconsider Planting,True,introduced,Herb,7,Jul,True,False
Silene gallica var. quinquevulnera,Spotted Catchfly | Five-wounded Catchfly,Reconsider Planting,True,introduced,Herb,8,Aug,True,False
Silene gallica var. quinquevulnera,Spotted Catchfly | Five-wounded Catchfly,Reconsider Planting,True,introduced,Herb,9,Sep,True,False
Silene gallica var. quinquevulnera,Spotted Catchfly | Five-wounded Catchfly,Reconsider Planting,True,introduced,Herb,10,Oct,True,False
Silene gallica var. quinquevulnera,Spotted Catchfly | Five-wounded Catchfly,Reconsider Planting,True,introduced,Herb,11,Nov,True,False
Silene gallica var. quinquevulnera,Spotted Catchfly | Five-wounded Catchfly,Reconsider Planting,True,introduced,Herb,12,Dec,True,False
Silene longicaulis,Portuguese Catchfly,Reconsider Planting,True,introduced,Herb,1,Jan,,False
Silene longicaulis,Portuguese Catchfly,Reconsider Planting,True,introduced,Herb,2,Feb,,False
Silene longicaulis,Portuguese Catchfly,Reconsider Planting,True,introduced,Herb,3,Mar,,False
Silene longicaulis,Portuguese Catchfly,Reconsider Planting,True,introduced,Herb,4,Apr,,False
Silene longicaulis,Portuguese Catchfly,Reconsider Planting,True,introduced,Herb,5,May,,False
Silene longicaulis,Portuguese Catchfly,Reconsider Planting,True,introduced,Herb,6,Jun,,False
Silene longicaulis,Portuguese Catchfly,Reconsider Planting,True,introduced,Herb,7,Jul,,False
Silene longicaulis,Portuguese Catchfly,Reconsider Planting,True,introduced,Herb,8,Aug,,False
Silene longicaulis,Portuguese Catchfly,Reconsider Planting,True,introduced,Herb,9,Sep,,False
Silene longicaulis,Portuguese Catchfly,Reconsider Planting,True,introduced,Herb,10,Oct,,False
Silene longicaulis,Portuguese Catchfly,Reconsider Planting,True,introduced,Herb,11,Nov,,False
Silene longicaulis,Portuguese Catchfly,Reconsider Planting,True,introduced,Herb,12,Dec,,False
Sisyrinchium micranthum,Blue Pigroot,Use Caution,True,introduced,Herb,1,Jan,True,False
Sisyrinchium micranthum,Blue Pigroot,Use Caution,True,introduced,Herb,2,Feb,False,False
Sisyrinchium micranthum,Blue Pigroot,Use Caution,True,introduced,Herb,3,Mar,False,False
Sisyrinchium micranthum,Blue Pigroot,Use Caution,True,introduced,Herb,4,Apr,False,False
Sisyrinchium micranthum,Blue Pigroot,Use Caution,True,introduced,Herb,5,May,False,False
Sisyrinchium micranthum,Blue Pigroot,Use Caution,True,introduced,Herb,6,Jun,False,False
Sisyrinchium micranthum,Blue Pigroot,Use Caution,True,introduced,Herb,7,Jul,False,False
Sisyrinchium micranthum,Blue Pigroot,Use Caution,True,introduced,Herb,8,Aug,False,False
Sisyrinchium micranthum,Blue Pigroot,Use Caution,True,introduced,Herb,9,Sep,True,False
Sisyrinchium micranthum,Blue Pigroot,Use Caution,True,introduced,Herb,10,Oct,True,False
Sisyrinchium micranthum,Blue Pigroot,Use Caution,True,introduced,Herb,11,Nov,True,False
Sisyrinchium micranthum,Blue Pigroot,Use Caution,True,introduced,Herb,12,Dec,False,False
Solanum americanum,Glossy Nightshade,Use Caution,True,introduced,Shrub,1,Jan,False,False
Solanum americanum,Glossy Nightshade,Use Caution,True,introduced,Shrub,2,Feb,False,False
Solanum americanum,Glossy Nightshade,Use Caution,True,introduced,Shrub,3,Mar,False,False
Solanum americanum,Glossy Nightshade,Use Caution,True,introduced,Shrub,4,Apr,False,False
Solanum americanum,Glossy Nightshade,Use Caution,True,introduced,Shrub,5,May,False,False
Solanum americanum,Glossy Nightshade,Use Caution,True,introduced,Shrub,6,Jun,False,False
Solanum americanum,Glossy Nightshade,Use Caution,True,introduced,Shrub,7,Jul,True,False
Solanum americanum,Glossy Nightshade,Use Caution,True,introduced,Shrub,8,Aug,False,False
Solanum americanum,Glossy Nightshade,Use Caution,True,introduced,Shrub,9,Sep,True,False
Solanum americanum,Glossy Nightshade,Use Caution,True,introduced,Shrub,10,Oct,True,False
Solanum americanum,Glossy Nightshade,Use Caution,True,introduced,Shrub,11,Nov,True,False
Solanum americanum,Glossy Nightshade,Use Caution,True,introduced,Shrub,12,Dec,False,False
Solanum aviculare,Kangaroo Apple,Not Assessed,False,native,Shrub,1,Jan,True,False
Solanum aviculare,Kangaroo Apple,Not Assessed,False,native,Shrub,2,Feb,True,False
Solanum aviculare,Kangaroo Apple,Not Assessed,False,native,Shrub,3,Mar,False,False
Solanum aviculare,Kangaroo Apple,Not Assessed,False,native,Shrub,4,Apr,False,False
Solanum aviculare,Kangaroo Apple,Not Assessed,False,native,Shrub,5,May,False,False
Solanum aviculare,Kangaroo Apple,Not Assessed,False,native,Shrub,6,Jun,True,False
Solanum aviculare,Kangaroo Apple,Not Assessed,False,native,Shrub,7,Jul,True,False
Solanum aviculare,Kangaroo Apple,Not Assessed,False,native,Shrub,8,Aug,True,False
Solanum aviculare,Kangaroo Apple,Not Assessed,False,native,Shrub,9,Sep,True,False
Solanum aviculare,Kangaroo Apple,Not Assessed,False,native,Shrub,10,Oct,True,False
Solanum aviculare,Kangaroo Apple,Not Assessed,False,native,Shrub,11,Nov,True,False
Solanum aviculare,Kangaroo Apple,Not Assessed,False,native,Shrub,12,Dec,True,False
Solanum laciniatum,Large Kangaroo-apple,Not Assessed,False,native,Shrub,1,Jan,True,False
Solanum laciniatum,Large Kangaroo-apple,Not Assessed,False,native,Shrub,2,Feb,True,False
Solanum laciniatum,Large Kangaroo-apple,Not Assessed,False,native,Shrub,3,Mar,True,False
Solanum laciniatum,Large Kangaroo-apple,Not Assessed,False,native,Shrub,4,Apr,True,False
Solanum laciniatum,Large Kangaroo-apple,Not Assessed,False,native,Shrub,5,May,True,False
Solanum laciniatum,Large Kangaroo-apple,Not Assessed,False,native,Shrub,6,Jun,True,False
Solanum laciniatum,Large Kangaroo-apple,Not Assessed,False,native,Shrub,7,Jul,True,False
Solanum laciniatum,Large Kangaroo-apple,Not Assessed,False,native,Shrub,8,Aug,True,False
Solanum laciniatum,Large Kangaroo-apple,Not Assessed,False,native,Shrub,9,Sep,True,False
Solanum laciniatum,Large Kangaroo-apple,Not Assessed,False,native,Shrub,10,Oct,True,False
Solanum laciniatum,Large Kangaroo-apple,Not Assessed,False,native,Shrub,11,Nov,True,False
Solanum laciniatum,Large Kangaroo-apple,Not Assessed,False,native,Shrub,12,Dec,True,False
Solanum lycopersicum,Tomato,Lower Concern,False,introduced,Herb,1,Jan,True,False
Solanum lycopersicum,Tomato,Lower Concern,False,introduced,Herb,2,Feb,True,False
Solanum lycopersicum,Tomato,Lower Concern,False,introduced,Herb,3,Mar,False,False
Solanum lycopersicum,Tomato,Lower Concern,False,introduced,Herb,4,Apr,False,False
Solanum lycopersicum,Tomato,Lower Concern,False,introduced,Herb,5,May,False,False
Solanum lycopersicum,Tomato,Lower Concern,False,introduced,Herb,6,Jun,False,False
Solanum lycopersicum,Tomato,Lower Concern,False,introduced,Herb,7,Jul,False,False
Solanum lycopersicum,Tomato,Lower Concern,False,introduced,Herb,8,Aug,False,False
Solanum lycopersicum,Tomato,Lower Concern,False,introduced,Herb,9,Sep,False,False
Solanum lycopersicum,Tomato,Lower Concern,False,introduced,Herb,10,Oct,False,False
Solanum lycopersicum,Tomato,Lower Concern,False,introduced,Herb,11,Nov,True,False
Solanum lycopersicum,Tomato,Lower Concern,False,introduced,Herb,12,Dec,True,False
Solanum mauritianum,Tobacco-bush,Use Caution,True,introduced,Tree,1,Jan,True,False
Solanum mauritianum,Tobacco-bush,Use Caution,True,introduced,Tree,2,Feb,True,False
Solanum mauritianum,Tobacco-bush,Use Caution,True,introduced,Tree,3,Mar,True,False
Solanum mauritianum,Tobacco-bush,Use Caution,True,introduced,Tree,4,Apr,True,False
Solanum mauritianum,Tobacco-bush,Use Caution,True,introduced,Tree,5,May,True,False
Solanum mauritianum,Tobacco-bush,Use Caution,True,introduced,Tree,6,Jun,True,False
Solanum mauritianum,Tobacco-bush,Use Caution,True,introduced,Tree,7,Jul,True,False
Solanum mauritianum,Tobacco-bush,Use Caution,True,introduced,Tree,8,Aug,True,False
Solanum mauritianum,Tobacco-bush,Use Caution,True,introduced,Tree,9,Sep,True,False
Solanum mauritianum,Tobacco-bush,Use Caution,True,introduced,Tree,10,Oct,True,False
Solanum mauritianum,Tobacco-bush,Use Caution,True,introduced,Tree,11,Nov,True,False
Solanum mauritianum,Tobacco-bush,Use Caution,True,introduced,Tree,12,Dec,False,False
Solanum nigrum,Black Nightshade,Use Caution,True,introduced,Shrub,1,Jan,True,False
Solanum nigrum,Black Nightshade,Use Caution,True,introduced,Shrub,2,Feb,True,False
Solanum nigrum,Black Nightshade,Use Caution,True,introduced,Shrub,3,Mar,True,False
Solanum nigrum,Black Nightshade,Use Caution,True,introduced,Shrub,4,Apr,True,False
Solanum nigrum,Black Nightshade,Use Caution,True,introduced,Shrub,5,May,True,False
Solanum nigrum,Black Nightshade,Use Caution,True,introduced,Shrub,6,Jun,True,False
Solanum nigrum,Black Nightshade,Use Caution,True,introduced,Shrub,7,Jul,True,False
Solanum nigrum,Black Nightshade,Use Caution,True,introduced,Shrub,8,Aug,True,False
Solanum nigrum,Black Nightshade,Use Caution,True,introduced,Shrub,9,Sep,True,False
Solanum nigrum,Black Nightshade,Use Caution,True,introduced,Shrub,10,Oct,True,False
Solanum nigrum,Black Nightshade,Use Caution,True,introduced,Shrub,11,Nov,True,False
Solanum nigrum,Black Nightshade,Use Caution,True,introduced,Shrub,12,Dec,True,False
Solanum pseudocapsicum,Madeira Winter-cherry,Reconsider Planting,True,introduced,Shrub,1,Jan,True,False
Solanum pseudocapsicum,Madeira Winter-cherry,Reconsider Planting,True,introduced,Shrub,2,Feb,True,False
Solanum pseudocapsicum,Madeira Winter-cherry,Reconsider Planting,True,introduced,Shrub,3,Mar,True,False
Solanum pseudocapsicum,Madeira Winter-cherry,Reconsider Planting,True,introduced,Shrub,4,Apr,True,False
Solanum pseudocapsicum,Madeira Winter-cherry,Reconsider Planting,True,introduced,Shrub,5,May,True,False
Solanum pseudocapsicum,Madeira Winter-cherry,Reconsider Planting,True,introduced,Shrub,6,Jun,False,False
Solanum pseudocapsicum,Madeira Winter-cherry,Reconsider Planting,True,introduced,Shrub,7,Jul,True,False
Solanum pseudocapsicum,Madeira Winter-cherry,Reconsider Planting,True,introduced,Shrub,8,Aug,True,False
Solanum pseudocapsicum,Madeira Winter-cherry,Reconsider Planting,True,introduced,Shrub,9,Sep,True,False
Solanum pseudocapsicum,Madeira Winter-cherry,Reconsider Planting,True,introduced,Shrub,10,Oct,True,False
Solanum pseudocapsicum,Madeira Winter-cherry,Reconsider Planting,True,introduced,Shrub,11,Nov,True,False
Solanum pseudocapsicum,Madeira Winter-cherry,Reconsider Planting,True,introduced,Shrub,12,Dec,True,False
Solenogyne dominii,Smooth Solenogyne,Not Assessed,False,native,Herb,1,Jan,True,False
Solenogyne dominii,Smooth Solenogyne,Not Assessed,False,native,Herb,2,Feb,True,False
Solenogyne dominii,Smooth Solenogyne,Not Assessed,False,native,Herb,3,Mar,True,False
Solenogyne dominii,Smooth Solenogyne,Not Assessed,False,native,Herb,4,Apr,True,False
Solenogyne dominii,Smooth Solenogyne,Not Assessed,False,native,Herb,5,May,True,False
Solenogyne dominii,Smooth Solenogyne,Not Assessed,False,native,Herb,6,Jun,True,False
Solenogyne dominii,Smooth Solenogyne,Not Assessed,False,native,Herb,7,Jul,True,False
Solenogyne dominii,Smooth Solenogyne,Not Assessed,False,native,Herb,8,Aug,True,False
Solenogyne dominii,Smooth Solenogyne,Not Assessed,False,native,Herb,9,Sep,True,False
Solenogyne dominii,Smooth Solenogyne,Not Assessed,False,native,Herb,10,Oct,True,False
Solenogyne dominii,Smooth Solenogyne,Not Assessed,False,native,Herb,11,Nov,True,False
Solenogyne dominii,Smooth Solenogyne,Not Assessed,False,native,Herb,12,Dec,True,False
Solenogyne gunnii,Hairy Solenogyne,Not Assessed,False,native,Herb,1,Jan,True,False
Solenogyne gunnii,Hairy Solenogyne,Not Assessed,False,native,Herb,2,Feb,True,False
Solenogyne gunnii,Hairy Solenogyne,Not Assessed,False,native,Herb,3,Mar,True,False
Solenogyne gunnii,Hairy Solenogyne,Not Assessed,False,native,Herb,4,Apr,True,False
Solenogyne gunnii,Hairy Solenogyne,Not Assessed,False,native,Herb,5,May,True,False
Solenogyne gunnii,Hairy Solenogyne,Not Assessed,False,native,Herb,6,Jun,True,False
Solenogyne gunnii,Hairy Solenogyne,Not Assessed,False,native,Herb,7,Jul,True,False
Solenogyne gunnii,Hairy Solenogyne,Not Assessed,False,native,Herb,8,Aug,True,False
Solenogyne gunnii,Hairy Solenogyne,Not Assessed,False,native,Herb,9,Sep,True,False
Solenogyne gunnii,Hairy Solenogyne,Not Assessed,False,native,Herb,10,Oct,True,False
Solenogyne gunnii,Hairy Solenogyne,Not Assessed,False,native,Herb,11,Nov,True,False
Solenogyne gunnii,Hairy Solenogyne,Not Assessed,False,native,Herb,12,Dec,True,False
Soliva sessilis,Jo Jo | Bindyi,Use Caution,True,introduced,Herb,1,Jan,True,False
Soliva sessilis,Jo Jo | Bindyi,Use Caution,True,introduced,Herb,2,Feb,True,False
Soliva sessilis,Jo Jo | Bindyi,Use Caution,True,introduced,Herb,3,Mar,False,False
Soliva sessilis,Jo Jo | Bindyi,Use Caution,True,introduced,Herb,4,Apr,False,False
Soliva sessilis,Jo Jo | Bindyi,Use Caution,True,introduced,Herb,5,May,False,False
Soliva sessilis,Jo Jo | Bindyi,Use Caution,True,introduced,Herb,6,Jun,False,False
Soliva sessilis,Jo Jo | Bindyi,Use Caution,True,introduced,Herb,7,Jul,False,False
Soliva sessilis,Jo Jo | Bindyi,Use Caution,True,introduced,Herb,8,Aug,False,False
Soliva sessilis,Jo Jo | Bindyi,Use Caution,True,introduced,Herb,9,Sep,True,False
Soliva sessilis,Jo Jo | Bindyi,Use Caution,True,introduced,Herb,10,Oct,True,False
Soliva sessilis,Jo Jo | Bindyi,Use Caution,True,introduced,Herb,11,Nov,True,False
Soliva sessilis,Jo Jo | Bindyi,Use Caution,True,introduced,Herb,12,Dec,True,False
Sonchus asper,Rough Sow-thistle | Prickly Sow-thistle,Use Caution,True,introduced,Herb,1,Jan,True,False
Sonchus asper,Rough Sow-thistle | Prickly Sow-thistle,Use Caution,True,introduced,Herb,2,Feb,False,False
Sonchus asper,Rough Sow-thistle | Prickly Sow-thistle,Use Caution,True,introduced,Herb,3,Mar,False,False
Sonchus asper,Rough Sow-thistle | Prickly Sow-thistle,Use Caution,True,introduced,Herb,4,Apr,False,False
Sonchus asper,Rough Sow-thistle | Prickly Sow-thistle,Use Caution,True,introduced,Herb,5,May,False,False
Sonchus asper,Rough Sow-thistle | Prickly Sow-thistle,Use Caution,True,introduced,Herb,6,Jun,False,False
Sonchus asper,Rough Sow-thistle | Prickly Sow-thistle,Use Caution,True,introduced,Herb,7,Jul,False,False
Sonchus asper,Rough Sow-thistle | Prickly Sow-thistle,Use Caution,True,introduced,Herb,8,Aug,True,False
Sonchus asper,Rough Sow-thistle | Prickly Sow-thistle,Use Caution,True,introduced,Herb,9,Sep,True,False
Sonchus asper,Rough Sow-thistle | Prickly Sow-thistle,Use Caution,True,introduced,Herb,10,Oct,True,False
Sonchus asper,Rough Sow-thistle | Prickly Sow-thistle,Use Caution,True,introduced,Herb,11,Nov,True,False
Sonchus asper,Rough Sow-thistle | Prickly Sow-thistle,Use Caution,True,introduced,Herb,12,Dec,True,False
Sonchus asper subsp. asper,Rough Sow-thistle,Use Caution,True,introduced,Herb,1,Jan,True,False
Sonchus asper subsp. asper,Rough Sow-thistle,Use Caution,True,introduced,Herb,2,Feb,False,False
Sonchus asper subsp. asper,Rough Sow-thistle,Use Caution,True,introduced,Herb,3,Mar,False,False
Sonchus asper subsp. asper,Rough Sow-thistle,Use Caution,True,introduced,Herb,4,Apr,False,False
Sonchus asper subsp. asper,Rough Sow-thistle,Use Caution,True,introduced,Herb,5,May,False,False
Sonchus asper subsp. asper,Rough Sow-thistle,Use Caution,True,introduced,Herb,6,Jun,False,False
Sonchus asper subsp. asper,Rough Sow-thistle,Use Caution,True,introduced,Herb,7,Jul,False,False
Sonchus asper subsp. asper,Rough Sow-thistle,Use Caution,True,introduced,Herb,8,Aug,True,False
Sonchus asper subsp. asper,Rough Sow-thistle,Use Caution,True,introduced,Herb,9,Sep,True,False
Sonchus asper subsp. asper,Rough Sow-thistle,Use Caution,True,introduced,Herb,10,Oct,True,False
Sonchus asper subsp. asper,Rough Sow-thistle,Use Caution,True,introduced,Herb,11,Nov,True,False
Sonchus asper subsp. asper,Rough Sow-thistle,Use Caution,True,introduced,Herb,12,Dec,True,False
Sonchus oleraceus,Sow Thistle,Use Caution,True,introduced,Herb,1,Jan,True,False
Sonchus oleraceus,Sow Thistle,Use Caution,True,introduced,Herb,2,Feb,True,False
Sonchus oleraceus,Sow Thistle,Use Caution,True,introduced,Herb,3,Mar,True,False
Sonchus oleraceus,Sow Thistle,Use Caution,True,introduced,Herb,4,Apr,True,False
Sonchus oleraceus,Sow Thistle,Use Caution,True,introduced,Herb,5,May,True,False
Sonchus oleraceus,Sow Thistle,Use Caution,True,introduced,Herb,6,Jun,True,False
Sonchus oleraceus,Sow Thistle,Use Caution,True,introduced,Herb,7,Jul,True,False
Sonchus oleraceus,Sow Thistle,Use Caution,True,introduced,Herb,8,Aug,True,False
Sonchus oleraceus,Sow Thistle,Use Caution,True,introduced,Herb,9,Sep,True,False
Sonchus oleraceus,Sow Thistle,Use Caution,True,introduced,Herb,10,Oct,True,False
Sonchus oleraceus,Sow Thistle,Use Caution,True,introduced,Herb,11,Nov,True,False
Sonchus oleraceus,Sow Thistle,Use Caution,True,introduced,Herb,12,Dec,True,False
Spergula arvensis,Corn Spurrey,Use Caution,True,introduced,Herb,1,Jan,True,False
Spergula arvensis,Corn Spurrey,Use Caution,True,introduced,Herb,2,Feb,False,False
Spergula arvensis,Corn Spurrey,Use Caution,True,introduced,Herb,3,Mar,False,False
Spergula arvensis,Corn Spurrey,Use Caution,True,introduced,Herb,4,Apr,False,False
Spergula arvensis,Corn Spurrey,Use Caution,True,introduced,Herb,5,May,False,False
Spergula arvensis,Corn Spurrey,Use Caution,True,introduced,Herb,6,Jun,False,False
Spergula arvensis,Corn Spurrey,Use Caution,True,introduced,Herb,7,Jul,False,False
Spergula arvensis,Corn Spurrey,Use Caution,True,introduced,Herb,8,Aug,False,False
Spergula arvensis,Corn Spurrey,Use Caution,True,introduced,Herb,9,Sep,True,False
Spergula arvensis,Corn Spurrey,Use Caution,True,introduced,Herb,10,Oct,True,False
Spergula arvensis,Corn Spurrey,Use Caution,True,introduced,Herb,11,Nov,True,False
Spergula arvensis,Corn Spurrey,Use Caution,True,introduced,Herb,12,Dec,True,False
Spergularia bocconei,Bocconi's Sand-spurrey,Use Caution,True,introduced,Herb,1,Jan,,False
Spergularia bocconei,Bocconi's Sand-spurrey,Use Caution,True,introduced,Herb,2,Feb,,False
Spergularia bocconei,Bocconi's Sand-spurrey,Use Caution,True,introduced,Herb,3,Mar,,False
Spergularia bocconei,Bocconi's Sand-spurrey,Use Caution,True,introduced,Herb,4,Apr,,False
Spergularia bocconei,Bocconi's Sand-spurrey,Use Caution,True,introduced,Herb,5,May,,False
Spergularia bocconei,Bocconi's Sand-spurrey,Use Caution,True,introduced,Herb,6,Jun,,False
Spergularia bocconei,Bocconi's Sand-spurrey,Use Caution,True,introduced,Herb,7,Jul,,False
Spergularia bocconei,Bocconi's Sand-spurrey,Use Caution,True,introduced,Herb,8,Aug,,False
Spergularia bocconei,Bocconi's Sand-spurrey,Use Caution,True,introduced,Herb,9,Sep,,False
Spergularia bocconei,Bocconi's Sand-spurrey,Use Caution,True,introduced,Herb,10,Oct,,False
Spergularia bocconei,Bocconi's Sand-spurrey,Use Caution,True,introduced,Herb,11,Nov,,False
Spergularia bocconei,Bocconi's Sand-spurrey,Use Caution,True,introduced,Herb,12,Dec,,False
Sphaerolobium minus,Globe-pea,Not Assessed,False,native,Shrub,1,Jan,False,False
Sphaerolobium minus,Globe-pea,Not Assessed,False,native,Shrub,2,Feb,False,False
Sphaerolobium minus,Globe-pea,Not Assessed,False,native,Shrub,3,Mar,False,False
Sphaerolobium minus,Globe-pea,Not Assessed,False,native,Shrub,4,Apr,False,False
Sphaerolobium minus,Globe-pea,Not Assessed,False,native,Shrub,5,May,False,False
Sphaerolobium minus,Globe-pea,Not Assessed,False,native,Shrub,6,Jun,False,False
Sphaerolobium minus,Globe-pea,Not Assessed,False,native,Shrub,7,Jul,False,False
Sphaerolobium minus,Globe-pea,Not Assessed,False,native,Shrub,8,Aug,False,False
Sphaerolobium minus,Globe-pea,Not Assessed,False,native,Shrub,9,Sep,True,False
Sphaerolobium minus,Globe-pea,Not Assessed,False,native,Shrub,10,Oct,True,False
Sphaerolobium minus,Globe-pea,Not Assessed,False,native,Shrub,11,Nov,True,False
Sphaerolobium minus,Globe-pea,Not Assessed,False,native,Shrub,12,Dec,True,False
Sphaerolobium vimineum,Leafless Globe-pea,Not Assessed,False,native,Shrub,1,Jan,False,False
Sphaerolobium vimineum,Leafless Globe-pea,Not Assessed,False,native,Shrub,2,Feb,False,False
Sphaerolobium vimineum,Leafless Globe-pea,Not Assessed,False,native,Shrub,3,Mar,False,False
Sphaerolobium vimineum,Leafless Globe-pea,Not Assessed,False,native,Shrub,4,Apr,False,False
Sphaerolobium vimineum,Leafless Globe-pea,Not Assessed,False,native,Shrub,5,May,False,False
Sphaerolobium vimineum,Leafless Globe-pea,Not Assessed,False,native,Shrub,6,Jun,False,False
Sphaerolobium vimineum,Leafless Globe-pea,Not Assessed,False,native,Shrub,7,Jul,False,False
Sphaerolobium vimineum,Leafless Globe-pea,Not Assessed,False,native,Shrub,8,Aug,True,False
Sphaerolobium vimineum,Leafless Globe-pea,Not Assessed,False,native,Shrub,9,Sep,True,False
Sphaerolobium vimineum,Leafless Globe-pea,Not Assessed,False,native,Shrub,10,Oct,True,False
Sphaerolobium vimineum,Leafless Globe-pea,Not Assessed,False,native,Shrub,11,Nov,True,False
Sphaerolobium vimineum,Leafless Globe-pea,Not Assessed,False,native,Shrub,12,Dec,True,False
Spirodela punctata,Thin Duckweed,Not Assessed,False,native,,1,Jan,,False
Spirodela punctata,Thin Duckweed,Not Assessed,False,native,,2,Feb,,False
Spirodela punctata,Thin Duckweed,Not Assessed,False,native,,3,Mar,,False
Spirodela punctata,Thin Duckweed,Not Assessed,False,native,,4,Apr,,False
Spirodela punctata,Thin Duckweed,Not Assessed,False,native,,5,May,,False
Spirodela punctata,Thin Duckweed,Not Assessed,False,native,,6,Jun,,False
Spirodela punctata,Thin Duckweed,Not Assessed,False,native,,7,Jul,,False
Spirodela punctata,Thin Duckweed,Not Assessed,False,native,,8,Aug,,False
Spirodela punctata,Thin Duckweed,Not Assessed,False,native,,9,Sep,,False
Spirodela punctata,Thin Duckweed,Not Assessed,False,native,,10,Oct,,False
Spirodela punctata,Thin Duckweed,Not Assessed,False,native,,11,Nov,,False
Spirodela punctata,Thin Duckweed,Not Assessed,False,native,,12,Dec,,False
Sporobolus africanus,Rat-tail Grass,Reconsider Planting,True,introduced,Grass,1,Jan,True,False
Sporobolus africanus,Rat-tail Grass,Reconsider Planting,True,introduced,Grass,2,Feb,True,False
Sporobolus africanus,Rat-tail Grass,Reconsider Planting,True,introduced,Grass,3,Mar,False,False
Sporobolus africanus,Rat-tail Grass,Reconsider Planting,True,introduced,Grass,4,Apr,False,False
Sporobolus africanus,Rat-tail Grass,Reconsider Planting,True,introduced,Grass,5,May,False,False
Sporobolus africanus,Rat-tail Grass,Reconsider Planting,True,introduced,Grass,6,Jun,False,False
Sporobolus africanus,Rat-tail Grass,Reconsider Planting,True,introduced,Grass,7,Jul,False,False
Sporobolus africanus,Rat-tail Grass,Reconsider Planting,True,introduced,Grass,8,Aug,False,False
Sporobolus africanus,Rat-tail Grass,Reconsider Planting,True,introduced,Grass,9,Sep,False,False
Sporobolus africanus,Rat-tail Grass,Reconsider Planting,True,introduced,Grass,10,Oct,False,False
Sporobolus africanus,Rat-tail Grass,Reconsider Planting,True,introduced,Grass,11,Nov,False,False
Sporobolus africanus,Rat-tail Grass,Reconsider Planting,True,introduced,Grass,12,Dec,True,False
Sprengelia incarnata,Pink Swamp-heath,Not Assessed,False,native,Shrub,1,Jan,False,False
Sprengelia incarnata,Pink Swamp-heath,Not Assessed,False,native,Shrub,2,Feb,False,False
Sprengelia incarnata,Pink Swamp-heath,Not Assessed,False,native,Shrub,3,Mar,False,False
Sprengelia incarnata,Pink Swamp-heath,Not Assessed,False,native,Shrub,4,Apr,False,False
Sprengelia incarnata,Pink Swamp-heath,Not Assessed,False,native,Shrub,5,May,False,False
Sprengelia incarnata,Pink Swamp-heath,Not Assessed,False,native,Shrub,6,Jun,True,False
Sprengelia incarnata,Pink Swamp-heath,Not Assessed,False,native,Shrub,7,Jul,True,False
Sprengelia incarnata,Pink Swamp-heath,Not Assessed,False,native,Shrub,8,Aug,True,False
Sprengelia incarnata,Pink Swamp-heath,Not Assessed,False,native,Shrub,9,Sep,True,False
Sprengelia incarnata,Pink Swamp-heath,Not Assessed,False,native,Shrub,10,Oct,True,False
Sprengelia incarnata,Pink Swamp-heath,Not Assessed,False,native,Shrub,11,Nov,True,False
Sprengelia incarnata,Pink Swamp-heath,Not Assessed,False,native,Shrub,12,Dec,True,False
Spyridium parvifolium,Dusty Miller,Not Assessed,False,native,Shrub,1,Jan,False,False
Spyridium parvifolium,Dusty Miller,Not Assessed,False,native,Shrub,2,Feb,False,False
Spyridium parvifolium,Dusty Miller,Not Assessed,False,native,Shrub,3,Mar,False,False
Spyridium parvifolium,Dusty Miller,Not Assessed,False,native,Shrub,4,Apr,False,False
Spyridium parvifolium,Dusty Miller,Not Assessed,False,native,Shrub,5,May,False,False
Spyridium parvifolium,Dusty Miller,Not Assessed,False,native,Shrub,6,Jun,True,False
Spyridium parvifolium,Dusty Miller,Not Assessed,False,native,Shrub,7,Jul,True,False
Spyridium parvifolium,Dusty Miller,Not Assessed,False,native,Shrub,8,Aug,True,False
Spyridium parvifolium,Dusty Miller,Not Assessed,False,native,Shrub,9,Sep,True,False
Spyridium parvifolium,Dusty Miller,Not Assessed,False,native,Shrub,10,Oct,True,False
Spyridium parvifolium,Dusty Miller,Not Assessed,False,native,Shrub,11,Nov,True,False
Spyridium parvifolium,Dusty Miller,Not Assessed,False,native,Shrub,12,Dec,False,False
Stachys arvensis,Stagger Weed,Use Caution,True,introduced,Herb,1,Jan,False,False
Stachys arvensis,Stagger Weed,Use Caution,True,introduced,Herb,2,Feb,False,False
Stachys arvensis,Stagger Weed,Use Caution,True,introduced,Herb,3,Mar,False,False
Stachys arvensis,Stagger Weed,Use Caution,True,introduced,Herb,4,Apr,False,False
Stachys arvensis,Stagger Weed,Use Caution,True,introduced,Herb,5,May,True,False
Stachys arvensis,Stagger Weed,Use Caution,True,introduced,Herb,6,Jun,True,False
Stachys arvensis,Stagger Weed,Use Caution,True,introduced,Herb,7,Jul,False,False
Stachys arvensis,Stagger Weed,Use Caution,True,introduced,Herb,8,Aug,False,False
Stachys arvensis,Stagger Weed,Use Caution,True,introduced,Herb,9,Sep,True,False
Stachys arvensis,Stagger Weed,Use Caution,True,introduced,Herb,10,Oct,True,False
Stachys arvensis,Stagger Weed,Use Caution,True,introduced,Herb,11,Nov,True,False
Stachys arvensis,Stagger Weed,Use Caution,True,introduced,Herb,12,Dec,False,False
Stackhousia monogyna,Creamy Candles,Not Assessed,False,native,Herb,1,Jan,True,False
Stackhousia monogyna,Creamy Candles,Not Assessed,False,native,Herb,2,Feb,False,False
Stackhousia monogyna,Creamy Candles,Not Assessed,False,native,Herb,3,Mar,False,False
Stackhousia monogyna,Creamy Candles,Not Assessed,False,native,Herb,4,Apr,False,False
Stackhousia monogyna,Creamy Candles,Not Assessed,False,native,Herb,5,May,True,False
Stackhousia monogyna,Creamy Candles,Not Assessed,False,native,Herb,6,Jun,True,False
Stackhousia monogyna,Creamy Candles,Not Assessed,False,native,Herb,7,Jul,True,False
Stackhousia monogyna,Creamy Candles,Not Assessed,False,native,Herb,8,Aug,True,False
Stackhousia monogyna,Creamy Candles,Not Assessed,False,native,Herb,9,Sep,True,False
Stackhousia monogyna,Creamy Candles,Not Assessed,False,native,Herb,10,Oct,True,False
Stackhousia monogyna,Creamy Candles,Not Assessed,False,native,Herb,11,Nov,True,False
Stackhousia monogyna,Creamy Candles,Not Assessed,False,native,Herb,12,Dec,True,False
Stellaria media,Chickweed,Use Caution,True,introduced,Herb,1,Jan,True,False
Stellaria media,Chickweed,Use Caution,True,introduced,Herb,2,Feb,False,False
Stellaria media,Chickweed,Use Caution,True,introduced,Herb,3,Mar,False,False
Stellaria media,Chickweed,Use Caution,True,introduced,Herb,4,Apr,False,False
Stellaria media,Chickweed,Use Caution,True,introduced,Herb,5,May,True,False
Stellaria media,Chickweed,Use Caution,True,introduced,Herb,6,Jun,True,False
Stellaria media,Chickweed,Use Caution,True,introduced,Herb,7,Jul,True,False
Stellaria media,Chickweed,Use Caution,True,introduced,Herb,8,Aug,True,False
Stellaria media,Chickweed,Use Caution,True,introduced,Herb,9,Sep,True,False
Stellaria media,Chickweed,Use Caution,True,introduced,Herb,10,Oct,True,False
Stellaria media,Chickweed,Use Caution,True,introduced,Herb,11,Nov,True,False
Stellaria media,Chickweed,Use Caution,True,introduced,Herb,12,Dec,True,False
Stenotaphrum secundatum,Buffalo Grass,Reconsider Planting,True,introduced,Grass,1,Jan,True,False
Stenotaphrum secundatum,Buffalo Grass,Reconsider Planting,True,introduced,Grass,2,Feb,True,False
Stenotaphrum secundatum,Buffalo Grass,Reconsider Planting,True,introduced,Grass,3,Mar,False,False
Stenotaphrum secundatum,Buffalo Grass,Reconsider Planting,True,introduced,Grass,4,Apr,False,False
Stenotaphrum secundatum,Buffalo Grass,Reconsider Planting,True,introduced,Grass,5,May,False,False
Stenotaphrum secundatum,Buffalo Grass,Reconsider Planting,True,introduced,Grass,6,Jun,False,False
Stenotaphrum secundatum,Buffalo Grass,Reconsider Planting,True,introduced,Grass,7,Jul,False,False
Stenotaphrum secundatum,Buffalo Grass,Reconsider Planting,True,introduced,Grass,8,Aug,False,False
Stenotaphrum secundatum,Buffalo Grass,Reconsider Planting,True,introduced,Grass,9,Sep,False,False
Stenotaphrum secundatum,Buffalo Grass,Reconsider Planting,True,introduced,Grass,10,Oct,False,False
Stenotaphrum secundatum,Buffalo Grass,Reconsider Planting,True,introduced,Grass,11,Nov,False,False
Stenotaphrum secundatum,Buffalo Grass,Reconsider Planting,True,introduced,Grass,12,Dec,True,False
Stylidium armeria,,Not Assessed,False,native,Herb,1,Jan,True,False
Stylidium armeria,,Not Assessed,False,native,Herb,2,Feb,True,False
Stylidium armeria,,Not Assessed,False,native,Herb,3,Mar,False,False
Stylidium armeria,,Not Assessed,False,native,Herb,4,Apr,False,False
Stylidium armeria,,Not Assessed,False,native,Herb,5,May,False,False
Stylidium armeria,,Not Assessed,False,native,Herb,6,Jun,False,False
Stylidium armeria,,Not Assessed,False,native,Herb,7,Jul,False,False
Stylidium armeria,,Not Assessed,False,native,Herb,8,Aug,False,False
Stylidium armeria,,Not Assessed,False,native,Herb,9,Sep,True,False
Stylidium armeria,,Not Assessed,False,native,Herb,10,Oct,True,False
Stylidium armeria,,Not Assessed,False,native,Herb,11,Nov,True,False
Stylidium armeria,,Not Assessed,False,native,Herb,12,Dec,True,False
Stylidium armeria subsp. armeria,Common Triggerplant,Not Assessed,False,native,Herb,1,Jan,True,False
Stylidium armeria subsp. armeria,Common Triggerplant,Not Assessed,False,native,Herb,2,Feb,True,False
Stylidium armeria subsp. armeria,Common Triggerplant,Not Assessed,False,native,Herb,3,Mar,False,False
Stylidium armeria subsp. armeria,Common Triggerplant,Not Assessed,False,native,Herb,4,Apr,False,False
Stylidium armeria subsp. armeria,Common Triggerplant,Not Assessed,False,native,Herb,5,May,False,False
Stylidium armeria subsp. armeria,Common Triggerplant,Not Assessed,False,native,Herb,6,Jun,False,False
Stylidium armeria subsp. armeria,Common Triggerplant,Not Assessed,False,native,Herb,7,Jul,False,False
Stylidium armeria subsp. armeria,Common Triggerplant,Not Assessed,False,native,Herb,8,Aug,False,False
Stylidium armeria subsp. armeria,Common Triggerplant,Not Assessed,False,native,Herb,9,Sep,True,False
Stylidium armeria subsp. armeria,Common Triggerplant,Not Assessed,False,native,Herb,10,Oct,True,False
Stylidium armeria subsp. armeria,Common Triggerplant,Not Assessed,False,native,Herb,11,Nov,True,False
Stylidium armeria subsp. armeria,Common Triggerplant,Not Assessed,False,native,Herb,12,Dec,True,False
Stylidium despectum,Small Triggerplant,Not Assessed,False,native,Herb,1,Jan,True,False
Stylidium despectum,Small Triggerplant,Not Assessed,False,native,Herb,2,Feb,False,False
Stylidium despectum,Small Triggerplant,Not Assessed,False,native,Herb,3,Mar,False,False
Stylidium despectum,Small Triggerplant,Not Assessed,False,native,Herb,4,Apr,False,False
Stylidium despectum,Small Triggerplant,Not Assessed,False,native,Herb,5,May,False,False
Stylidium despectum,Small Triggerplant,Not Assessed,False,native,Herb,6,Jun,False,False
Stylidium despectum,Small Triggerplant,Not Assessed,False,native,Herb,7,Jul,False,False
Stylidium despectum,Small Triggerplant,Not Assessed,False,native,Herb,8,Aug,False,False
Stylidium despectum,Small Triggerplant,Not Assessed,False,native,Herb,9,Sep,True,False
Stylidium despectum,Small Triggerplant,Not Assessed,False,native,Herb,10,Oct,True,False
Stylidium despectum,Small Triggerplant,Not Assessed,False,native,Herb,11,Nov,True,False
Stylidium despectum,Small Triggerplant,Not Assessed,False,native,Herb,12,Dec,True,False
Stylidium graminifolium,Grass Triggerplant,Not Assessed,False,native,Herb,1,Jan,True,False
Stylidium graminifolium,Grass Triggerplant,Not Assessed,False,native,Herb,2,Feb,True,False
Stylidium graminifolium,Grass Triggerplant,Not Assessed,False,native,Herb,3,Mar,True,False
Stylidium graminifolium,Grass Triggerplant,Not Assessed,False,native,Herb,4,Apr,True,False
Stylidium graminifolium,Grass Triggerplant,Not Assessed,False,native,Herb,5,May,True,False
Stylidium graminifolium,Grass Triggerplant,Not Assessed,False,native,Herb,6,Jun,False,False
Stylidium graminifolium,Grass Triggerplant,Not Assessed,False,native,Herb,7,Jul,False,False
Stylidium graminifolium,Grass Triggerplant,Not Assessed,False,native,Herb,8,Aug,True,False
Stylidium graminifolium,Grass Triggerplant,Not Assessed,False,native,Herb,9,Sep,True,False
Stylidium graminifolium,Grass Triggerplant,Not Assessed,False,native,Herb,10,Oct,True,False
Stylidium graminifolium,Grass Triggerplant,Not Assessed,False,native,Herb,11,Nov,True,False
Stylidium graminifolium,Grass Triggerplant,Not Assessed,False,native,Herb,12,Dec,True,False
Stylidium perpusillum,Slender Triggerplant,Not Assessed,False,native,Herb,1,Jan,False,False
Stylidium perpusillum,Slender Triggerplant,Not Assessed,False,native,Herb,2,Feb,False,False
Stylidium perpusillum,Slender Triggerplant,Not Assessed,False,native,Herb,3,Mar,False,False
Stylidium perpusillum,Slender Triggerplant,Not Assessed,False,native,Herb,4,Apr,False,False
Stylidium perpusillum,Slender Triggerplant,Not Assessed,False,native,Herb,5,May,False,False
Stylidium perpusillum,Slender Triggerplant,Not Assessed,False,native,Herb,6,Jun,False,False
Stylidium perpusillum,Slender Triggerplant,Not Assessed,False,native,Herb,7,Jul,False,False
Stylidium perpusillum,Slender Triggerplant,Not Assessed,False,native,Herb,8,Aug,False,False
Stylidium perpusillum,Slender Triggerplant,Not Assessed,False,native,Herb,9,Sep,True,False
Stylidium perpusillum,Slender Triggerplant,Not Assessed,False,native,Herb,10,Oct,True,False
Stylidium perpusillum,Slender Triggerplant,Not Assessed,False,native,Herb,11,Nov,True,False
Stylidium perpusillum,Slender Triggerplant,Not Assessed,False,native,Herb,12,Dec,True,False
Styphelia humifusa,Cranberry Heath,Not Assessed,False,native,Shrub,1,Jan,True,False
Styphelia humifusa,Cranberry Heath,Not Assessed,False,native,Shrub,2,Feb,True,False
Styphelia humifusa,Cranberry Heath,Not Assessed,False,native,Shrub,3,Mar,True,False
Styphelia humifusa,Cranberry Heath,Not Assessed,False,native,Shrub,4,Apr,True,False
Styphelia humifusa,Cranberry Heath,Not Assessed,False,native,Shrub,5,May,True,False
Styphelia humifusa,Cranberry Heath,Not Assessed,False,native,Shrub,6,Jun,True,False
Styphelia humifusa,Cranberry Heath,Not Assessed,False,native,Shrub,7,Jul,True,False
Styphelia humifusa,Cranberry Heath,Not Assessed,False,native,Shrub,8,Aug,True,False
Styphelia humifusa,Cranberry Heath,Not Assessed,False,native,Shrub,9,Sep,True,False
Styphelia humifusa,Cranberry Heath,Not Assessed,False,native,Shrub,10,Oct,True,False
Styphelia humifusa,Cranberry Heath,Not Assessed,False,native,Shrub,11,Nov,True,False
Styphelia humifusa,Cranberry Heath,Not Assessed,False,native,Shrub,12,Dec,True,False
Symphyotrichum subulatum,Aster-weed,Use Caution,True,introduced,Herb,1,Jan,False,False
Symphyotrichum subulatum,Aster-weed,Use Caution,True,introduced,Herb,2,Feb,False,False
Symphyotrichum subulatum,Aster-weed,Use Caution,True,introduced,Herb,3,Mar,True,False
Symphyotrichum subulatum,Aster-weed,Use Caution,True,introduced,Herb,4,Apr,False,False
Symphyotrichum subulatum,Aster-weed,Use Caution,True,introduced,Herb,5,May,False,False
Symphyotrichum subulatum,Aster-weed,Use Caution,True,introduced,Herb,6,Jun,True,False
Symphyotrichum subulatum,Aster-weed,Use Caution,True,introduced,Herb,7,Jul,True,False
Symphyotrichum subulatum,Aster-weed,Use Caution,True,introduced,Herb,8,Aug,True,False
Symphyotrichum subulatum,Aster-weed,Use Caution,True,introduced,Herb,9,Sep,False,False
Symphyotrichum subulatum,Aster-weed,Use Caution,True,introduced,Herb,10,Oct,False,False
Symphyotrichum subulatum,Aster-weed,Use Caution,True,introduced,Herb,11,Nov,False,False
Symphyotrichum subulatum,Aster-weed,Use Caution,True,introduced,Herb,12,Dec,False,False
Syzygium smithii,Lilly Pilly,Use Caution,True,native,Tree,1,Jan,True,False
Syzygium smithii,Lilly Pilly,Use Caution,True,native,Tree,2,Feb,True,False
Syzygium smithii,Lilly Pilly,Use Caution,True,native,Tree,3,Mar,True,False
Syzygium smithii,Lilly Pilly,Use Caution,True,native,Tree,4,Apr,True,False
Syzygium smithii,Lilly Pilly,Use Caution,True,native,Tree,5,May,False,False
Syzygium smithii,Lilly Pilly,Use Caution,True,native,Tree,6,Jun,False,False
Syzygium smithii,Lilly Pilly,Use Caution,True,native,Tree,7,Jul,False,False
Syzygium smithii,Lilly Pilly,Use Caution,True,native,Tree,8,Aug,False,False
Syzygium smithii,Lilly Pilly,Use Caution,True,native,Tree,9,Sep,False,False
Syzygium smithii,Lilly Pilly,Use Caution,True,native,Tree,10,Oct,True,False
Syzygium smithii,Lilly Pilly,Use Caution,True,native,Tree,11,Nov,True,False
Syzygium smithii,Lilly Pilly,Use Caution,True,native,Tree,12,Dec,True,False
Tayloria octoblepharum,Dung Moss,Not Assessed,False,native,,1,Jan,,False
Tayloria octoblepharum,Dung Moss,Not Assessed,False,native,,2,Feb,,False
Tayloria octoblepharum,Dung Moss,Not Assessed,False,native,,3,Mar,,False
Tayloria octoblepharum,Dung Moss,Not Assessed,False,native,,4,Apr,,False
Tayloria octoblepharum,Dung Moss,Not Assessed,False,native,,5,May,,False
Tayloria octoblepharum,Dung Moss,Not Assessed,False,native,,6,Jun,,False
Tayloria octoblepharum,Dung Moss,Not Assessed,False,native,,7,Jul,,False
Tayloria octoblepharum,Dung Moss,Not Assessed,False,native,,8,Aug,,False
Tayloria octoblepharum,Dung Moss,Not Assessed,False,native,,9,Sep,,False
Tayloria octoblepharum,Dung Moss,Not Assessed,False,native,,10,Oct,,False
Tayloria octoblepharum,Dung Moss,Not Assessed,False,native,,11,Nov,,False
Tayloria octoblepharum,Dung Moss,Not Assessed,False,native,,12,Dec,,False
Tetratheca ciliata,Pink-bells,Not Assessed,False,native,Shrub,1,Jan,True,False
Tetratheca ciliata,Pink-bells,Not Assessed,False,native,Shrub,2,Feb,False,False
Tetratheca ciliata,Pink-bells,Not Assessed,False,native,Shrub,3,Mar,False,False
Tetratheca ciliata,Pink-bells,Not Assessed,False,native,Shrub,4,Apr,False,False
Tetratheca ciliata,Pink-bells,Not Assessed,False,native,Shrub,5,May,False,False
Tetratheca ciliata,Pink-bells,Not Assessed,False,native,Shrub,6,Jun,False,False
Tetratheca ciliata,Pink-bells,Not Assessed,False,native,Shrub,7,Jul,True,False
Tetratheca ciliata,Pink-bells,Not Assessed,False,native,Shrub,8,Aug,True,False
Tetratheca ciliata,Pink-bells,Not Assessed,False,native,Shrub,9,Sep,True,False
Tetratheca ciliata,Pink-bells,Not Assessed,False,native,Shrub,10,Oct,True,False
Tetratheca ciliata,Pink-bells,Not Assessed,False,native,Shrub,11,Nov,True,False
Tetratheca ciliata,Pink-bells,Not Assessed,False,native,Shrub,12,Dec,True,False
Thelionema caespitosum,Tufted Blue Lily,Not Assessed,False,native,Herb,1,Jan,True,False
Thelionema caespitosum,Tufted Blue Lily,Not Assessed,False,native,Herb,2,Feb,True,False
Thelionema caespitosum,Tufted Blue Lily,Not Assessed,False,native,Herb,3,Mar,False,False
Thelionema caespitosum,Tufted Blue Lily,Not Assessed,False,native,Herb,4,Apr,False,False
Thelionema caespitosum,Tufted Blue Lily,Not Assessed,False,native,Herb,5,May,False,False
Thelionema caespitosum,Tufted Blue Lily,Not Assessed,False,native,Herb,6,Jun,False,False
Thelionema caespitosum,Tufted Blue Lily,Not Assessed,False,native,Herb,7,Jul,False,False
Thelionema caespitosum,Tufted Blue Lily,Not Assessed,False,native,Herb,8,Aug,False,False
Thelionema caespitosum,Tufted Blue Lily,Not Assessed,False,native,Herb,9,Sep,True,False
Thelionema caespitosum,Tufted Blue Lily,Not Assessed,False,native,Herb,10,Oct,True,False
Thelionema caespitosum,Tufted Blue Lily,Not Assessed,False,native,Herb,11,Nov,True,False
Thelionema caespitosum,Tufted Blue Lily,Not Assessed,False,native,Herb,12,Dec,True,False
Thelymitra antennifera,Rabbit-ears,Not Assessed,False,native,Herb,1,Jan,False,False
Thelymitra antennifera,Rabbit-ears,Not Assessed,False,native,Herb,2,Feb,False,False
Thelymitra antennifera,Rabbit-ears,Not Assessed,False,native,Herb,3,Mar,False,False
Thelymitra antennifera,Rabbit-ears,Not Assessed,False,native,Herb,4,Apr,False,False
Thelymitra antennifera,Rabbit-ears,Not Assessed,False,native,Herb,5,May,False,False
Thelymitra antennifera,Rabbit-ears,Not Assessed,False,native,Herb,6,Jun,False,False
Thelymitra antennifera,Rabbit-ears,Not Assessed,False,native,Herb,7,Jul,True,False
Thelymitra antennifera,Rabbit-ears,Not Assessed,False,native,Herb,8,Aug,True,False
Thelymitra antennifera,Rabbit-ears,Not Assessed,False,native,Herb,9,Sep,True,False
Thelymitra antennifera,Rabbit-ears,Not Assessed,False,native,Herb,10,Oct,True,False
Thelymitra antennifera,Rabbit-ears,Not Assessed,False,native,Herb,11,Nov,False,False
Thelymitra antennifera,Rabbit-ears,Not Assessed,False,native,Herb,12,Dec,False,False
Thelymitra flexuosa,Twisted Sun-orchid,Not Assessed,False,native,Herb,1,Jan,False,False
Thelymitra flexuosa,Twisted Sun-orchid,Not Assessed,False,native,Herb,2,Feb,False,False
Thelymitra flexuosa,Twisted Sun-orchid,Not Assessed,False,native,Herb,3,Mar,False,False
Thelymitra flexuosa,Twisted Sun-orchid,Not Assessed,False,native,Herb,4,Apr,False,False
Thelymitra flexuosa,Twisted Sun-orchid,Not Assessed,False,native,Herb,5,May,False,False
Thelymitra flexuosa,Twisted Sun-orchid,Not Assessed,False,native,Herb,6,Jun,False,False
Thelymitra flexuosa,Twisted Sun-orchid,Not Assessed,False,native,Herb,7,Jul,False,False
Thelymitra flexuosa,Twisted Sun-orchid,Not Assessed,False,native,Herb,8,Aug,True,False
Thelymitra flexuosa,Twisted Sun-orchid,Not Assessed,False,native,Herb,9,Sep,True,False
Thelymitra flexuosa,Twisted Sun-orchid,Not Assessed,False,native,Herb,10,Oct,True,False
Thelymitra flexuosa,Twisted Sun-orchid,Not Assessed,False,native,Herb,11,Nov,True,False
Thelymitra flexuosa,Twisted Sun-orchid,Not Assessed,False,native,Herb,12,Dec,False,False
Thelymitra ixioides,Dotted Sun-orchid | Spotted Sun-orchid,Not Assessed,False,native,Herb,1,Jan,True,False
Thelymitra ixioides,Dotted Sun-orchid | Spotted Sun-orchid,Not Assessed,False,native,Herb,2,Feb,False,False
Thelymitra ixioides,Dotted Sun-orchid | Spotted Sun-orchid,Not Assessed,False,native,Herb,3,Mar,False,False
Thelymitra ixioides,Dotted Sun-orchid | Spotted Sun-orchid,Not Assessed,False,native,Herb,4,Apr,False,False
Thelymitra ixioides,Dotted Sun-orchid | Spotted Sun-orchid,Not Assessed,False,native,Herb,5,May,False,False
Thelymitra ixioides,Dotted Sun-orchid | Spotted Sun-orchid,Not Assessed,False,native,Herb,6,Jun,False,False
Thelymitra ixioides,Dotted Sun-orchid | Spotted Sun-orchid,Not Assessed,False,native,Herb,7,Jul,False,False
Thelymitra ixioides,Dotted Sun-orchid | Spotted Sun-orchid,Not Assessed,False,native,Herb,8,Aug,True,False
Thelymitra ixioides,Dotted Sun-orchid | Spotted Sun-orchid,Not Assessed,False,native,Herb,9,Sep,True,False
Thelymitra ixioides,Dotted Sun-orchid | Spotted Sun-orchid,Not Assessed,False,native,Herb,10,Oct,True,False
Thelymitra ixioides,Dotted Sun-orchid | Spotted Sun-orchid,Not Assessed,False,native,Herb,11,Nov,True,False
Thelymitra ixioides,Dotted Sun-orchid | Spotted Sun-orchid,Not Assessed,False,native,Herb,12,Dec,True,False
Thelymitra pauciflora,Slender Sun-orchid,Not Assessed,False,native,Herb,1,Jan,True,False
Thelymitra pauciflora,Slender Sun-orchid,Not Assessed,False,native,Herb,2,Feb,False,False
Thelymitra pauciflora,Slender Sun-orchid,Not Assessed,False,native,Herb,3,Mar,False,False
Thelymitra pauciflora,Slender Sun-orchid,Not Assessed,False,native,Herb,4,Apr,False,False
Thelymitra pauciflora,Slender Sun-orchid,Not Assessed,False,native,Herb,5,May,False,False
Thelymitra pauciflora,Slender Sun-orchid,Not Assessed,False,native,Herb,6,Jun,False,False
Thelymitra pauciflora,Slender Sun-orchid,Not Assessed,False,native,Herb,7,Jul,False,False
Thelymitra pauciflora,Slender Sun-orchid,Not Assessed,False,native,Herb,8,Aug,True,False
Thelymitra pauciflora,Slender Sun-orchid,Not Assessed,False,native,Herb,9,Sep,True,False
Thelymitra pauciflora,Slender Sun-orchid,Not Assessed,False,native,Herb,10,Oct,True,False
Thelymitra pauciflora,Slender Sun-orchid,Not Assessed,False,native,Herb,11,Nov,True,False
Thelymitra pauciflora,Slender Sun-orchid,Not Assessed,False,native,Herb,12,Dec,True,False
Thelymitra rubra,Salmon Sun-orchid,Not Assessed,False,native,Herb,1,Jan,False,False
Thelymitra rubra,Salmon Sun-orchid,Not Assessed,False,native,Herb,2,Feb,False,False
Thelymitra rubra,Salmon Sun-orchid,Not Assessed,False,native,Herb,3,Mar,False,False
Thelymitra rubra,Salmon Sun-orchid,Not Assessed,False,native,Herb,4,Apr,False,False
Thelymitra rubra,Salmon Sun-orchid,Not Assessed,False,native,Herb,5,May,False,False
Thelymitra rubra,Salmon Sun-orchid,Not Assessed,False,native,Herb,6,Jun,False,False
Thelymitra rubra,Salmon Sun-orchid,Not Assessed,False,native,Herb,7,Jul,False,False
Thelymitra rubra,Salmon Sun-orchid,Not Assessed,False,native,Herb,8,Aug,True,False
Thelymitra rubra,Salmon Sun-orchid,Not Assessed,False,native,Herb,9,Sep,True,False
Thelymitra rubra,Salmon Sun-orchid,Not Assessed,False,native,Herb,10,Oct,True,False
Thelymitra rubra,Salmon Sun-orchid,Not Assessed,False,native,Herb,11,Nov,True,False
Thelymitra rubra,Salmon Sun-orchid,Not Assessed,False,native,Herb,12,Dec,True,False
Themeda triandra,Kangaroo Grass,Not Assessed,False,native,Grass,1,Jan,True,False
Themeda triandra,Kangaroo Grass,Not Assessed,False,native,Grass,2,Feb,True,False
Themeda triandra,Kangaroo Grass,Not Assessed,False,native,Grass,3,Mar,True,False
Themeda triandra,Kangaroo Grass,Not Assessed,False,native,Grass,4,Apr,True,False
Themeda triandra,Kangaroo Grass,Not Assessed,False,native,Grass,5,May,True,False
Themeda triandra,Kangaroo Grass,Not Assessed,False,native,Grass,6,Jun,True,False
Themeda triandra,Kangaroo Grass,Not Assessed,False,native,Grass,7,Jul,True,False
Themeda triandra,Kangaroo Grass,Not Assessed,False,native,Grass,8,Aug,True,False
Themeda triandra,Kangaroo Grass,Not Assessed,False,native,Grass,9,Sep,True,False
Themeda triandra,Kangaroo Grass,Not Assessed,False,native,Grass,10,Oct,True,False
Themeda triandra,Kangaroo Grass,Not Assessed,False,native,Grass,11,Nov,True,False
Themeda triandra,Kangaroo Grass,Not Assessed,False,native,Grass,12,Dec,True,False
Thesium australe,Austral Toad-flax,Not Assessed,False,native,Herb,1,Jan,True,False
Thesium australe,Austral Toad-flax,Not Assessed,False,native,Herb,2,Feb,True,False
Thesium australe,Austral Toad-flax,Not Assessed,False,native,Herb,3,Mar,True,False
Thesium australe,Austral Toad-flax,Not Assessed,False,native,Herb,4,Apr,False,False
Thesium australe,Austral Toad-flax,Not Assessed,False,native,Herb,5,May,False,False
Thesium australe,Austral Toad-flax,Not Assessed,False,native,Herb,6,Jun,False,False
Thesium australe,Austral Toad-flax,Not Assessed,False,native,Herb,7,Jul,False,False
Thesium australe,Austral Toad-flax,Not Assessed,False,native,Herb,8,Aug,False,False
Thesium australe,Austral Toad-flax,Not Assessed,False,native,Herb,9,Sep,True,False
Thesium australe,Austral Toad-flax,Not Assessed,False,native,Herb,10,Oct,True,False
Thesium australe,Austral Toad-flax,Not Assessed,False,native,Herb,11,Nov,True,False
Thesium australe,Austral Toad-flax,Not Assessed,False,native,Herb,12,Dec,True,False
Thuidiopsis furfurosa,Golden Weft-moss,Not Assessed,False,native,,1,Jan,,False
Thuidiopsis furfurosa,Golden Weft-moss,Not Assessed,False,native,,2,Feb,,False
Thuidiopsis furfurosa,Golden Weft-moss,Not Assessed,False,native,,3,Mar,,False
Thuidiopsis furfurosa,Golden Weft-moss,Not Assessed,False,native,,4,Apr,,False
Thuidiopsis furfurosa,Golden Weft-moss,Not Assessed,False,native,,5,May,,False
Thuidiopsis furfurosa,Golden Weft-moss,Not Assessed,False,native,,6,Jun,,False
Thuidiopsis furfurosa,Golden Weft-moss,Not Assessed,False,native,,7,Jul,,False
Thuidiopsis furfurosa,Golden Weft-moss,Not Assessed,False,native,,8,Aug,,False
Thuidiopsis furfurosa,Golden Weft-moss,Not Assessed,False,native,,9,Sep,,False
Thuidiopsis furfurosa,Golden Weft-moss,Not Assessed,False,native,,10,Oct,,False
Thuidiopsis furfurosa,Golden Weft-moss,Not Assessed,False,native,,11,Nov,,False
Thuidiopsis furfurosa,Golden Weft-moss,Not Assessed,False,native,,12,Dec,,False
Thysanotus patersonii,Twining Fringe Lily,Not Assessed,False,native,Herb,1,Jan,False,False
Thysanotus patersonii,Twining Fringe Lily,Not Assessed,False,native,Herb,2,Feb,False,False
Thysanotus patersonii,Twining Fringe Lily,Not Assessed,False,native,Herb,3,Mar,False,False
Thysanotus patersonii,Twining Fringe Lily,Not Assessed,False,native,Herb,4,Apr,False,False
Thysanotus patersonii,Twining Fringe Lily,Not Assessed,False,native,Herb,5,May,True,False
Thysanotus patersonii,Twining Fringe Lily,Not Assessed,False,native,Herb,6,Jun,True,False
Thysanotus patersonii,Twining Fringe Lily,Not Assessed,False,native,Herb,7,Jul,True,False
Thysanotus patersonii,Twining Fringe Lily,Not Assessed,False,native,Herb,8,Aug,True,False
Thysanotus patersonii,Twining Fringe Lily,Not Assessed,False,native,Herb,9,Sep,True,False
Thysanotus patersonii,Twining Fringe Lily,Not Assessed,False,native,Herb,10,Oct,True,False
Thysanotus patersonii,Twining Fringe Lily,Not Assessed,False,native,Herb,11,Nov,True,False
Thysanotus patersonii,Twining Fringe Lily,Not Assessed,False,native,Herb,12,Dec,False,False
Thysanotus tuberosus,Common Fringe Lily,Not Assessed,False,native,Herb,1,Jan,True,False
Thysanotus tuberosus,Common Fringe Lily,Not Assessed,False,native,Herb,2,Feb,True,False
Thysanotus tuberosus,Common Fringe Lily,Not Assessed,False,native,Herb,3,Mar,True,False
Thysanotus tuberosus,Common Fringe Lily,Not Assessed,False,native,Herb,4,Apr,True,False
Thysanotus tuberosus,Common Fringe Lily,Not Assessed,False,native,Herb,5,May,True,False
Thysanotus tuberosus,Common Fringe Lily,Not Assessed,False,native,Herb,6,Jun,False,False
Thysanotus tuberosus,Common Fringe Lily,Not Assessed,False,native,Herb,7,Jul,False,False
Thysanotus tuberosus,Common Fringe Lily,Not Assessed,False,native,Herb,8,Aug,False,False
Thysanotus tuberosus,Common Fringe Lily,Not Assessed,False,native,Herb,9,Sep,True,False
Thysanotus tuberosus,Common Fringe Lily,Not Assessed,False,native,Herb,10,Oct,True,False
Thysanotus tuberosus,Common Fringe Lily,Not Assessed,False,native,Herb,11,Nov,True,False
Thysanotus tuberosus,Common Fringe Lily,Not Assessed,False,native,Herb,12,Dec,True,False
Thysanotus tuberosus subsp. tuberosus,Common Fringe-lily,Not Assessed,False,native,Herb,1,Jan,True,False
Thysanotus tuberosus subsp. tuberosus,Common Fringe-lily,Not Assessed,False,native,Herb,2,Feb,True,False
Thysanotus tuberosus subsp. tuberosus,Common Fringe-lily,Not Assessed,False,native,Herb,3,Mar,True,False
Thysanotus tuberosus subsp. tuberosus,Common Fringe-lily,Not Assessed,False,native,Herb,4,Apr,True,False
Thysanotus tuberosus subsp. tuberosus,Common Fringe-lily,Not Assessed,False,native,Herb,5,May,True,False
Thysanotus tuberosus subsp. tuberosus,Common Fringe-lily,Not Assessed,False,native,Herb,6,Jun,False,False
Thysanotus tuberosus subsp. tuberosus,Common Fringe-lily,Not Assessed,False,native,Herb,7,Jul,False,False
Thysanotus tuberosus subsp. tuberosus,Common Fringe-lily,Not Assessed,False,native,Herb,8,Aug,False,False
Thysanotus tuberosus subsp. tuberosus,Common Fringe-lily,Not Assessed,False,native,Herb,9,Sep,True,False
Thysanotus tuberosus subsp. tuberosus,Common Fringe-lily,Not Assessed,False,native,Herb,10,Oct,True,False
Thysanotus tuberosus subsp. tuberosus,Common Fringe-lily,Not Assessed,False,native,Herb,11,Nov,True,False
Thysanotus tuberosus subsp. tuberosus,Common Fringe-lily,Not Assessed,False,native,Herb,12,Dec,True,False
Todea barbara,Austral King-fern,Not Assessed,False,native,Fern,1,Jan,,False
Todea barbara,Austral King-fern,Not Assessed,False,native,Fern,2,Feb,,False
Todea barbara,Austral King-fern,Not Assessed,False,native,Fern,3,Mar,,False
Todea barbara,Austral King-fern,Not Assessed,False,native,Fern,4,Apr,,False
Todea barbara,Austral King-fern,Not Assessed,False,native,Fern,5,May,,False
Todea barbara,Austral King-fern,Not Assessed,False,native,Fern,6,Jun,,False
Todea barbara,Austral King-fern,Not Assessed,False,native,Fern,7,Jul,,False
Todea barbara,Austral King-fern,Not Assessed,False,native,Fern,8,Aug,,False
Todea barbara,Austral King-fern,Not Assessed,False,native,Fern,9,Sep,,False
Todea barbara,Austral King-fern,Not Assessed,False,native,Fern,10,Oct,,False
Todea barbara,Austral King-fern,Not Assessed,False,native,Fern,11,Nov,,False
Todea barbara,Austral King-fern,Not Assessed,False,native,Fern,12,Dec,,False
Tortula truncata,Common Pottia,Not Assessed,False,introduced,,1,Jan,,False
Tortula truncata,Common Pottia,Not Assessed,False,introduced,,2,Feb,,False
Tortula truncata,Common Pottia,Not Assessed,False,introduced,,3,Mar,,False
Tortula truncata,Common Pottia,Not Assessed,False,introduced,,4,Apr,,False
Tortula truncata,Common Pottia,Not Assessed,False,introduced,,5,May,,False
Tortula truncata,Common Pottia,Not Assessed,False,introduced,,6,Jun,,False
Tortula truncata,Common Pottia,Not Assessed,False,introduced,,7,Jul,,False
Tortula truncata,Common Pottia,Not Assessed,False,introduced,,8,Aug,,False
Tortula truncata,Common Pottia,Not Assessed,False,introduced,,9,Sep,,False
Tortula truncata,Common Pottia,Not Assessed,False,introduced,,10,Oct,,False
Tortula truncata,Common Pottia,Not Assessed,False,introduced,,11,Nov,,False
Tortula truncata,Common Pottia,Not Assessed,False,introduced,,12,Dec,,False
Trachymene composita,Parsnip Trachymene,Not Assessed,False,native,Herb,1,Jan,True,False
Trachymene composita,Parsnip Trachymene,Not Assessed,False,native,Herb,2,Feb,True,False
Trachymene composita,Parsnip Trachymene,Not Assessed,False,native,Herb,3,Mar,True,False
Trachymene composita,Parsnip Trachymene,Not Assessed,False,native,Herb,4,Apr,True,False
Trachymene composita,Parsnip Trachymene,Not Assessed,False,native,Herb,5,May,False,False
Trachymene composita,Parsnip Trachymene,Not Assessed,False,native,Herb,6,Jun,False,False
Trachymene composita,Parsnip Trachymene,Not Assessed,False,native,Herb,7,Jul,True,False
Trachymene composita,Parsnip Trachymene,Not Assessed,False,native,Herb,8,Aug,True,False
Trachymene composita,Parsnip Trachymene,Not Assessed,False,native,Herb,9,Sep,True,False
Trachymene composita,Parsnip Trachymene,Not Assessed,False,native,Herb,10,Oct,True,False
Trachymene composita,Parsnip Trachymene,Not Assessed,False,native,Herb,11,Nov,True,False
Trachymene composita,Parsnip Trachymene,Not Assessed,False,native,Herb,12,Dec,True,False
Trachymene composita var. composita,Parsnip Trachymene,Not Assessed,False,native,Herb,1,Jan,True,False
Trachymene composita var. composita,Parsnip Trachymene,Not Assessed,False,native,Herb,2,Feb,True,False
Trachymene composita var. composita,Parsnip Trachymene,Not Assessed,False,native,Herb,3,Mar,True,False
Trachymene composita var. composita,Parsnip Trachymene,Not Assessed,False,native,Herb,4,Apr,True,False
Trachymene composita var. composita,Parsnip Trachymene,Not Assessed,False,native,Herb,5,May,False,False
Trachymene composita var. composita,Parsnip Trachymene,Not Assessed,False,native,Herb,6,Jun,False,False
Trachymene composita var. composita,Parsnip Trachymene,Not Assessed,False,native,Herb,7,Jul,True,False
Trachymene composita var. composita,Parsnip Trachymene,Not Assessed,False,native,Herb,8,Aug,True,False
Trachymene composita var. composita,Parsnip Trachymene,Not Assessed,False,native,Herb,9,Sep,True,False
Trachymene composita var. composita,Parsnip Trachymene,Not Assessed,False,native,Herb,10,Oct,True,False
Trachymene composita var. composita,Parsnip Trachymene,Not Assessed,False,native,Herb,11,Nov,True,False
Trachymene composita var. composita,Parsnip Trachymene,Not Assessed,False,native,Herb,12,Dec,True,False
Trachymene pilosa,Dwarf Trachymene,Not Assessed,False,native,Herb,1,Jan,False,False
Trachymene pilosa,Dwarf Trachymene,Not Assessed,False,native,Herb,2,Feb,False,False
Trachymene pilosa,Dwarf Trachymene,Not Assessed,False,native,Herb,3,Mar,False,False
Trachymene pilosa,Dwarf Trachymene,Not Assessed,False,native,Herb,4,Apr,False,False
Trachymene pilosa,Dwarf Trachymene,Not Assessed,False,native,Herb,5,May,True,False
Trachymene pilosa,Dwarf Trachymene,Not Assessed,False,native,Herb,6,Jun,True,False
Trachymene pilosa,Dwarf Trachymene,Not Assessed,False,native,Herb,7,Jul,True,False
Trachymene pilosa,Dwarf Trachymene,Not Assessed,False,native,Herb,8,Aug,True,False
Trachymene pilosa,Dwarf Trachymene,Not Assessed,False,native,Herb,9,Sep,True,False
Trachymene pilosa,Dwarf Trachymene,Not Assessed,False,native,Herb,10,Oct,True,False
Trachymene pilosa,Dwarf Trachymene,Not Assessed,False,native,Herb,11,Nov,True,False
Trachymene pilosa,Dwarf Trachymene,Not Assessed,False,native,Herb,12,Dec,False,False
Tradescantia fluminensis,Wandering Trad | Wandering Creeper | Wandering Jew,Reconsider Planting,True,introduced,Herb,1,Jan,True,False
Tradescantia fluminensis,Wandering Trad | Wandering Creeper | Wandering Jew,Reconsider Planting,True,introduced,Herb,2,Feb,True,False
Tradescantia fluminensis,Wandering Trad | Wandering Creeper | Wandering Jew,Reconsider Planting,True,introduced,Herb,3,Mar,False,False
Tradescantia fluminensis,Wandering Trad | Wandering Creeper | Wandering Jew,Reconsider Planting,True,introduced,Herb,4,Apr,False,False
Tradescantia fluminensis,Wandering Trad | Wandering Creeper | Wandering Jew,Reconsider Planting,True,introduced,Herb,5,May,False,False
Tradescantia fluminensis,Wandering Trad | Wandering Creeper | Wandering Jew,Reconsider Planting,True,introduced,Herb,6,Jun,False,False
Tradescantia fluminensis,Wandering Trad | Wandering Creeper | Wandering Jew,Reconsider Planting,True,introduced,Herb,7,Jul,False,False
Tradescantia fluminensis,Wandering Trad | Wandering Creeper | Wandering Jew,Reconsider Planting,True,introduced,Herb,8,Aug,False,False
Tradescantia fluminensis,Wandering Trad | Wandering Creeper | Wandering Jew,Reconsider Planting,True,introduced,Herb,9,Sep,True,False
Tradescantia fluminensis,Wandering Trad | Wandering Creeper | Wandering Jew,Reconsider Planting,True,introduced,Herb,10,Oct,True,False
Tradescantia fluminensis,Wandering Trad | Wandering Creeper | Wandering Jew,Reconsider Planting,True,introduced,Herb,11,Nov,True,False
Tradescantia fluminensis,Wandering Trad | Wandering Creeper | Wandering Jew,Reconsider Planting,True,introduced,Herb,12,Dec,True,False
Tribolium obliterum,Capetown Grass,Use Caution,True,introduced,Grass,1,Jan,,False
Tribolium obliterum,Capetown Grass,Use Caution,True,introduced,Grass,2,Feb,,False
Tribolium obliterum,Capetown Grass,Use Caution,True,introduced,Grass,3,Mar,,False
Tribolium obliterum,Capetown Grass,Use Caution,True,introduced,Grass,4,Apr,,False
Tribolium obliterum,Capetown Grass,Use Caution,True,introduced,Grass,5,May,,False
Tribolium obliterum,Capetown Grass,Use Caution,True,introduced,Grass,6,Jun,,False
Tribolium obliterum,Capetown Grass,Use Caution,True,introduced,Grass,7,Jul,,False
Tribolium obliterum,Capetown Grass,Use Caution,True,introduced,Grass,8,Aug,,False
Tribolium obliterum,Capetown Grass,Use Caution,True,introduced,Grass,9,Sep,,False
Tribolium obliterum,Capetown Grass,Use Caution,True,introduced,Grass,10,Oct,,False
Tribolium obliterum,Capetown Grass,Use Caution,True,introduced,Grass,11,Nov,,False
Tribolium obliterum,Capetown Grass,Use Caution,True,introduced,Grass,12,Dec,,False
Tricoryne elatior,Yellow Rush Lily,Not Assessed,False,native,Herb,1,Jan,True,False
Tricoryne elatior,Yellow Rush Lily,Not Assessed,False,native,Herb,2,Feb,True,False
Tricoryne elatior,Yellow Rush Lily,Not Assessed,False,native,Herb,3,Mar,True,False
Tricoryne elatior,Yellow Rush Lily,Not Assessed,False,native,Herb,4,Apr,True,False
Tricoryne elatior,Yellow Rush Lily,Not Assessed,False,native,Herb,5,May,True,False
Tricoryne elatior,Yellow Rush Lily,Not Assessed,False,native,Herb,6,Jun,True,False
Tricoryne elatior,Yellow Rush Lily,Not Assessed,False,native,Herb,7,Jul,True,False
Tricoryne elatior,Yellow Rush Lily,Not Assessed,False,native,Herb,8,Aug,True,False
Tricoryne elatior,Yellow Rush Lily,Not Assessed,False,native,Herb,9,Sep,True,False
Tricoryne elatior,Yellow Rush Lily,Not Assessed,False,native,Herb,10,Oct,True,False
Tricoryne elatior,Yellow Rush Lily,Not Assessed,False,native,Herb,11,Nov,True,False
Tricoryne elatior,Yellow Rush Lily,Not Assessed,False,native,Herb,12,Dec,True,False
Trifolium angustifolium,Narrow-leaf Clover,Use Caution,True,introduced,Herb,1,Jan,,False
Trifolium angustifolium,Narrow-leaf Clover,Use Caution,True,introduced,Herb,2,Feb,,False
Trifolium angustifolium,Narrow-leaf Clover,Use Caution,True,introduced,Herb,3,Mar,,False
Trifolium angustifolium,Narrow-leaf Clover,Use Caution,True,introduced,Herb,4,Apr,,False
Trifolium angustifolium,Narrow-leaf Clover,Use Caution,True,introduced,Herb,5,May,,False
Trifolium angustifolium,Narrow-leaf Clover,Use Caution,True,introduced,Herb,6,Jun,,False
Trifolium angustifolium,Narrow-leaf Clover,Use Caution,True,introduced,Herb,7,Jul,,False
Trifolium angustifolium,Narrow-leaf Clover,Use Caution,True,introduced,Herb,8,Aug,,False
Trifolium angustifolium,Narrow-leaf Clover,Use Caution,True,introduced,Herb,9,Sep,,False
Trifolium angustifolium,Narrow-leaf Clover,Use Caution,True,introduced,Herb,10,Oct,,False
Trifolium angustifolium,Narrow-leaf Clover,Use Caution,True,introduced,Herb,11,Nov,,False
Trifolium angustifolium,Narrow-leaf Clover,Use Caution,True,introduced,Herb,12,Dec,,False
Trifolium angustifolium var. angustifolium,Narrow-leaved Clover,Use Caution,True,introduced,Herb,1,Jan,,False
Trifolium angustifolium var. angustifolium,Narrow-leaved Clover,Use Caution,True,introduced,Herb,2,Feb,,False
Trifolium angustifolium var. angustifolium,Narrow-leaved Clover,Use Caution,True,introduced,Herb,3,Mar,,False
Trifolium angustifolium var. angustifolium,Narrow-leaved Clover,Use Caution,True,introduced,Herb,4,Apr,,False
Trifolium angustifolium var. angustifolium,Narrow-leaved Clover,Use Caution,True,introduced,Herb,5,May,,False
Trifolium angustifolium var. angustifolium,Narrow-leaved Clover,Use Caution,True,introduced,Herb,6,Jun,,False
Trifolium angustifolium var. angustifolium,Narrow-leaved Clover,Use Caution,True,introduced,Herb,7,Jul,,False
Trifolium angustifolium var. angustifolium,Narrow-leaved Clover,Use Caution,True,introduced,Herb,8,Aug,,False
Trifolium angustifolium var. angustifolium,Narrow-leaved Clover,Use Caution,True,introduced,Herb,9,Sep,,False
Trifolium angustifolium var. angustifolium,Narrow-leaved Clover,Use Caution,True,introduced,Herb,10,Oct,,False
Trifolium angustifolium var. angustifolium,Narrow-leaved Clover,Use Caution,True,introduced,Herb,11,Nov,,False
Trifolium angustifolium var. angustifolium,Narrow-leaved Clover,Use Caution,True,introduced,Herb,12,Dec,,False
Trifolium cernuum,Drooping-flower Clover,Reconsider Planting,True,introduced,Herb,1,Jan,,False
Trifolium cernuum,Drooping-flower Clover,Reconsider Planting,True,introduced,Herb,2,Feb,,False
Trifolium cernuum,Drooping-flower Clover,Reconsider Planting,True,introduced,Herb,3,Mar,,False
Trifolium cernuum,Drooping-flower Clover,Reconsider Planting,True,introduced,Herb,4,Apr,,False
Trifolium cernuum,Drooping-flower Clover,Reconsider Planting,True,introduced,Herb,5,May,,False
Trifolium cernuum,Drooping-flower Clover,Reconsider Planting,True,introduced,Herb,6,Jun,,False
Trifolium cernuum,Drooping-flower Clover,Reconsider Planting,True,introduced,Herb,7,Jul,,False
Trifolium cernuum,Drooping-flower Clover,Reconsider Planting,True,introduced,Herb,8,Aug,,False
Trifolium cernuum,Drooping-flower Clover,Reconsider Planting,True,introduced,Herb,9,Sep,,False
Trifolium cernuum,Drooping-flower Clover,Reconsider Planting,True,introduced,Herb,10,Oct,,False
Trifolium cernuum,Drooping-flower Clover,Reconsider Planting,True,introduced,Herb,11,Nov,,False
Trifolium cernuum,Drooping-flower Clover,Reconsider Planting,True,introduced,Herb,12,Dec,,False
Trifolium dubium,Suckling Clover,Use Caution,True,introduced,Herb,1,Jan,False,False
Trifolium dubium,Suckling Clover,Use Caution,True,introduced,Herb,2,Feb,False,False
Trifolium dubium,Suckling Clover,Use Caution,True,introduced,Herb,3,Mar,False,False
Trifolium dubium,Suckling Clover,Use Caution,True,introduced,Herb,4,Apr,False,False
Trifolium dubium,Suckling Clover,Use Caution,True,introduced,Herb,5,May,True,False
Trifolium dubium,Suckling Clover,Use Caution,True,introduced,Herb,6,Jun,True,False
Trifolium dubium,Suckling Clover,Use Caution,True,introduced,Herb,7,Jul,True,False
Trifolium dubium,Suckling Clover,Use Caution,True,introduced,Herb,8,Aug,True,False
Trifolium dubium,Suckling Clover,Use Caution,True,introduced,Herb,9,Sep,True,False
Trifolium dubium,Suckling Clover,Use Caution,True,introduced,Herb,10,Oct,True,False
Trifolium dubium,Suckling Clover,Use Caution,True,introduced,Herb,11,Nov,True,False
Trifolium dubium,Suckling Clover,Use Caution,True,introduced,Herb,12,Dec,False,False
Trifolium fragiferum,Strawberry Clover,Use Caution,True,introduced,Herb,1,Jan,,False
Trifolium fragiferum,Strawberry Clover,Use Caution,True,introduced,Herb,2,Feb,,False
Trifolium fragiferum,Strawberry Clover,Use Caution,True,introduced,Herb,3,Mar,,False
Trifolium fragiferum,Strawberry Clover,Use Caution,True,introduced,Herb,4,Apr,,False
Trifolium fragiferum,Strawberry Clover,Use Caution,True,introduced,Herb,5,May,,False
Trifolium fragiferum,Strawberry Clover,Use Caution,True,introduced,Herb,6,Jun,,False
Trifolium fragiferum,Strawberry Clover,Use Caution,True,introduced,Herb,7,Jul,,False
Trifolium fragiferum,Strawberry Clover,Use Caution,True,introduced,Herb,8,Aug,,False
Trifolium fragiferum,Strawberry Clover,Use Caution,True,introduced,Herb,9,Sep,,False
Trifolium fragiferum,Strawberry Clover,Use Caution,True,introduced,Herb,10,Oct,,False
Trifolium fragiferum,Strawberry Clover,Use Caution,True,introduced,Herb,11,Nov,,False
Trifolium fragiferum,Strawberry Clover,Use Caution,True,introduced,Herb,12,Dec,,False
Trifolium fragiferum var. fragiferum,Strawberry Clover,Use Caution,True,introduced,Herb,1,Jan,,False
Trifolium fragiferum var. fragiferum,Strawberry Clover,Use Caution,True,introduced,Herb,2,Feb,,False
Trifolium fragiferum var. fragiferum,Strawberry Clover,Use Caution,True,introduced,Herb,3,Mar,,False
Trifolium fragiferum var. fragiferum,Strawberry Clover,Use Caution,True,introduced,Herb,4,Apr,,False
Trifolium fragiferum var. fragiferum,Strawberry Clover,Use Caution,True,introduced,Herb,5,May,,False
Trifolium fragiferum var. fragiferum,Strawberry Clover,Use Caution,True,introduced,Herb,6,Jun,,False
Trifolium fragiferum var. fragiferum,Strawberry Clover,Use Caution,True,introduced,Herb,7,Jul,,False
Trifolium fragiferum var. fragiferum,Strawberry Clover,Use Caution,True,introduced,Herb,8,Aug,,False
Trifolium fragiferum var. fragiferum,Strawberry Clover,Use Caution,True,introduced,Herb,9,Sep,,False
Trifolium fragiferum var. fragiferum,Strawberry Clover,Use Caution,True,introduced,Herb,10,Oct,,False
Trifolium fragiferum var. fragiferum,Strawberry Clover,Use Caution,True,introduced,Herb,11,Nov,,False
Trifolium fragiferum var. fragiferum,Strawberry Clover,Use Caution,True,introduced,Herb,12,Dec,,False
Trifolium glomeratum,Clustered Clover,Use Caution,True,introduced,Herb,1,Jan,False,False
Trifolium glomeratum,Clustered Clover,Use Caution,True,introduced,Herb,2,Feb,False,False
Trifolium glomeratum,Clustered Clover,Use Caution,True,introduced,Herb,3,Mar,False,False
Trifolium glomeratum,Clustered Clover,Use Caution,True,introduced,Herb,4,Apr,False,False
Trifolium glomeratum,Clustered Clover,Use Caution,True,introduced,Herb,5,May,False,False
Trifolium glomeratum,Clustered Clover,Use Caution,True,introduced,Herb,6,Jun,False,False
Trifolium glomeratum,Clustered Clover,Use Caution,True,introduced,Herb,7,Jul,False,False
Trifolium glomeratum,Clustered Clover,Use Caution,True,introduced,Herb,8,Aug,True,False
Trifolium glomeratum,Clustered Clover,Use Caution,True,introduced,Herb,9,Sep,True,False
Trifolium glomeratum,Clustered Clover,Use Caution,True,introduced,Herb,10,Oct,True,False
Trifolium glomeratum,Clustered Clover,Use Caution,True,introduced,Herb,11,Nov,False,False
Trifolium glomeratum,Clustered Clover,Use Caution,True,introduced,Herb,12,Dec,False,False
Trifolium incarnatum,Crimson Clover,Use Caution,True,introduced,Herb,1,Jan,,False
Trifolium incarnatum,Crimson Clover,Use Caution,True,introduced,Herb,2,Feb,,False
Trifolium incarnatum,Crimson Clover,Use Caution,True,introduced,Herb,3,Mar,,False
Trifolium incarnatum,Crimson Clover,Use Caution,True,introduced,Herb,4,Apr,,False
Trifolium incarnatum,Crimson Clover,Use Caution,True,introduced,Herb,5,May,,False
Trifolium incarnatum,Crimson Clover,Use Caution,True,introduced,Herb,6,Jun,,False
Trifolium incarnatum,Crimson Clover,Use Caution,True,introduced,Herb,7,Jul,,False
Trifolium incarnatum,Crimson Clover,Use Caution,True,introduced,Herb,8,Aug,,False
Trifolium incarnatum,Crimson Clover,Use Caution,True,introduced,Herb,9,Sep,,False
Trifolium incarnatum,Crimson Clover,Use Caution,True,introduced,Herb,10,Oct,,False
Trifolium incarnatum,Crimson Clover,Use Caution,True,introduced,Herb,11,Nov,,False
Trifolium incarnatum,Crimson Clover,Use Caution,True,introduced,Herb,12,Dec,,False
Trifolium michelianum,,Lower Concern,False,introduced,Herb,1,Jan,,False
Trifolium michelianum,,Lower Concern,False,introduced,Herb,2,Feb,,False
Trifolium michelianum,,Lower Concern,False,introduced,Herb,3,Mar,,False
Trifolium michelianum,,Lower Concern,False,introduced,Herb,4,Apr,,False
Trifolium michelianum,,Lower Concern,False,introduced,Herb,5,May,,False
Trifolium michelianum,,Lower Concern,False,introduced,Herb,6,Jun,,False
Trifolium michelianum,,Lower Concern,False,introduced,Herb,7,Jul,,False
Trifolium michelianum,,Lower Concern,False,introduced,Herb,8,Aug,,False
Trifolium michelianum,,Lower Concern,False,introduced,Herb,9,Sep,,False
Trifolium michelianum,,Lower Concern,False,introduced,Herb,10,Oct,,False
Trifolium michelianum,,Lower Concern,False,introduced,Herb,11,Nov,,False
Trifolium michelianum,,Lower Concern,False,introduced,Herb,12,Dec,,False
Trifolium michelianum var. michelianum,Annual White Clover,Lower Concern,False,introduced,Herb,1,Jan,,False
Trifolium michelianum var. michelianum,Annual White Clover,Lower Concern,False,introduced,Herb,2,Feb,,False
Trifolium michelianum var. michelianum,Annual White Clover,Lower Concern,False,introduced,Herb,3,Mar,,False
Trifolium michelianum var. michelianum,Annual White Clover,Lower Concern,False,introduced,Herb,4,Apr,,False
Trifolium michelianum var. michelianum,Annual White Clover,Lower Concern,False,introduced,Herb,5,May,,False
Trifolium michelianum var. michelianum,Annual White Clover,Lower Concern,False,introduced,Herb,6,Jun,,False
Trifolium michelianum var. michelianum,Annual White Clover,Lower Concern,False,introduced,Herb,7,Jul,,False
Trifolium michelianum var. michelianum,Annual White Clover,Lower Concern,False,introduced,Herb,8,Aug,,False
Trifolium michelianum var. michelianum,Annual White Clover,Lower Concern,False,introduced,Herb,9,Sep,,False
Trifolium michelianum var. michelianum,Annual White Clover,Lower Concern,False,introduced,Herb,10,Oct,,False
Trifolium michelianum var. michelianum,Annual White Clover,Lower Concern,False,introduced,Herb,11,Nov,,False
Trifolium michelianum var. michelianum,Annual White Clover,Lower Concern,False,introduced,Herb,12,Dec,,False
Trifolium pratense,Red Clover,Use Caution,True,introduced,Herb,1,Jan,,False
Trifolium pratense,Red Clover,Use Caution,True,introduced,Herb,2,Feb,,False
Trifolium pratense,Red Clover,Use Caution,True,introduced,Herb,3,Mar,,False
Trifolium pratense,Red Clover,Use Caution,True,introduced,Herb,4,Apr,,False
Trifolium pratense,Red Clover,Use Caution,True,introduced,Herb,5,May,,False
Trifolium pratense,Red Clover,Use Caution,True,introduced,Herb,6,Jun,,False
Trifolium pratense,Red Clover,Use Caution,True,introduced,Herb,7,Jul,,False
Trifolium pratense,Red Clover,Use Caution,True,introduced,Herb,8,Aug,,False
Trifolium pratense,Red Clover,Use Caution,True,introduced,Herb,9,Sep,,False
Trifolium pratense,Red Clover,Use Caution,True,introduced,Herb,10,Oct,,False
Trifolium pratense,Red Clover,Use Caution,True,introduced,Herb,11,Nov,,False
Trifolium pratense,Red Clover,Use Caution,True,introduced,Herb,12,Dec,,False
Trifolium repens,White Clover,Reconsider Planting,True,introduced,Herb,1,Jan,True,False
Trifolium repens,White Clover,Reconsider Planting,True,introduced,Herb,2,Feb,True,False
Trifolium repens,White Clover,Reconsider Planting,True,introduced,Herb,3,Mar,True,False
Trifolium repens,White Clover,Reconsider Planting,True,introduced,Herb,4,Apr,True,False
Trifolium repens,White Clover,Reconsider Planting,True,introduced,Herb,5,May,True,False
Trifolium repens,White Clover,Reconsider Planting,True,introduced,Herb,6,Jun,False,False
Trifolium repens,White Clover,Reconsider Planting,True,introduced,Herb,7,Jul,True,False
Trifolium repens,White Clover,Reconsider Planting,True,introduced,Herb,8,Aug,True,False
Trifolium repens,White Clover,Reconsider Planting,True,introduced,Herb,9,Sep,True,False
Trifolium repens,White Clover,Reconsider Planting,True,introduced,Herb,10,Oct,True,False
Trifolium repens,White Clover,Reconsider Planting,True,introduced,Herb,11,Nov,True,False
Trifolium repens,White Clover,Reconsider Planting,True,introduced,Herb,12,Dec,True,False
Trifolium repens var. repens,White Clover,Reconsider Planting,True,introduced,Herb,1,Jan,True,False
Trifolium repens var. repens,White Clover,Reconsider Planting,True,introduced,Herb,2,Feb,True,False
Trifolium repens var. repens,White Clover,Reconsider Planting,True,introduced,Herb,3,Mar,True,False
Trifolium repens var. repens,White Clover,Reconsider Planting,True,introduced,Herb,4,Apr,True,False
Trifolium repens var. repens,White Clover,Reconsider Planting,True,introduced,Herb,5,May,True,False
Trifolium repens var. repens,White Clover,Reconsider Planting,True,introduced,Herb,6,Jun,False,False
Trifolium repens var. repens,White Clover,Reconsider Planting,True,introduced,Herb,7,Jul,True,False
Trifolium repens var. repens,White Clover,Reconsider Planting,True,introduced,Herb,8,Aug,True,False
Trifolium repens var. repens,White Clover,Reconsider Planting,True,introduced,Herb,9,Sep,True,False
Trifolium repens var. repens,White Clover,Reconsider Planting,True,introduced,Herb,10,Oct,True,False
Trifolium repens var. repens,White Clover,Reconsider Planting,True,introduced,Herb,11,Nov,True,False
Trifolium repens var. repens,White Clover,Reconsider Planting,True,introduced,Herb,12,Dec,True,False
Trifolium resupinatum,Shaftal Clover,Use Caution,True,introduced,Herb,1,Jan,,False
Trifolium resupinatum,Shaftal Clover,Use Caution,True,introduced,Herb,2,Feb,,False
Trifolium resupinatum,Shaftal Clover,Use Caution,True,introduced,Herb,3,Mar,,False
Trifolium resupinatum,Shaftal Clover,Use Caution,True,introduced,Herb,4,Apr,,False
Trifolium resupinatum,Shaftal Clover,Use Caution,True,introduced,Herb,5,May,,False
Trifolium resupinatum,Shaftal Clover,Use Caution,True,introduced,Herb,6,Jun,,False
Trifolium resupinatum,Shaftal Clover,Use Caution,True,introduced,Herb,7,Jul,,False
Trifolium resupinatum,Shaftal Clover,Use Caution,True,introduced,Herb,8,Aug,,False
Trifolium resupinatum,Shaftal Clover,Use Caution,True,introduced,Herb,9,Sep,,False
Trifolium resupinatum,Shaftal Clover,Use Caution,True,introduced,Herb,10,Oct,,False
Trifolium resupinatum,Shaftal Clover,Use Caution,True,introduced,Herb,11,Nov,,False
Trifolium resupinatum,Shaftal Clover,Use Caution,True,introduced,Herb,12,Dec,,False
Trifolium striatum,Knotted Clover,Reconsider Planting,True,introduced,Herb,1,Jan,,False
Trifolium striatum,Knotted Clover,Reconsider Planting,True,introduced,Herb,2,Feb,,False
Trifolium striatum,Knotted Clover,Reconsider Planting,True,introduced,Herb,3,Mar,,False
Trifolium striatum,Knotted Clover,Reconsider Planting,True,introduced,Herb,4,Apr,,False
Trifolium striatum,Knotted Clover,Reconsider Planting,True,introduced,Herb,5,May,,False
Trifolium striatum,Knotted Clover,Reconsider Planting,True,introduced,Herb,6,Jun,,False
Trifolium striatum,Knotted Clover,Reconsider Planting,True,introduced,Herb,7,Jul,,False
Trifolium striatum,Knotted Clover,Reconsider Planting,True,introduced,Herb,8,Aug,,False
Trifolium striatum,Knotted Clover,Reconsider Planting,True,introduced,Herb,9,Sep,,False
Trifolium striatum,Knotted Clover,Reconsider Planting,True,introduced,Herb,10,Oct,,False
Trifolium striatum,Knotted Clover,Reconsider Planting,True,introduced,Herb,11,Nov,,False
Trifolium striatum,Knotted Clover,Reconsider Planting,True,introduced,Herb,12,Dec,,False
Trifolium subterraneum,Subterranean Clover,Reconsider Planting,True,introduced,Herb,1,Jan,True,False
Trifolium subterraneum,Subterranean Clover,Reconsider Planting,True,introduced,Herb,2,Feb,False,False
Trifolium subterraneum,Subterranean Clover,Reconsider Planting,True,introduced,Herb,3,Mar,False,False
Trifolium subterraneum,Subterranean Clover,Reconsider Planting,True,introduced,Herb,4,Apr,False,False
Trifolium subterraneum,Subterranean Clover,Reconsider Planting,True,introduced,Herb,5,May,True,False
Trifolium subterraneum,Subterranean Clover,Reconsider Planting,True,introduced,Herb,6,Jun,True,False
Trifolium subterraneum,Subterranean Clover,Reconsider Planting,True,introduced,Herb,7,Jul,True,False
Trifolium subterraneum,Subterranean Clover,Reconsider Planting,True,introduced,Herb,8,Aug,True,False
Trifolium subterraneum,Subterranean Clover,Reconsider Planting,True,introduced,Herb,9,Sep,True,False
Trifolium subterraneum,Subterranean Clover,Reconsider Planting,True,introduced,Herb,10,Oct,True,False
Trifolium subterraneum,Subterranean Clover,Reconsider Planting,True,introduced,Herb,11,Nov,True,False
Trifolium subterraneum,Subterranean Clover,Reconsider Planting,True,introduced,Herb,12,Dec,True,False
Trifolium vesiculosum,,Reconsider Planting,True,introduced,Herb,1,Jan,,False
Trifolium vesiculosum,,Reconsider Planting,True,introduced,Herb,2,Feb,,False
Trifolium vesiculosum,,Reconsider Planting,True,introduced,Herb,3,Mar,,False
Trifolium vesiculosum,,Reconsider Planting,True,introduced,Herb,4,Apr,,False
Trifolium vesiculosum,,Reconsider Planting,True,introduced,Herb,5,May,,False
Trifolium vesiculosum,,Reconsider Planting,True,introduced,Herb,6,Jun,,False
Trifolium vesiculosum,,Reconsider Planting,True,introduced,Herb,7,Jul,,False
Trifolium vesiculosum,,Reconsider Planting,True,introduced,Herb,8,Aug,,False
Trifolium vesiculosum,,Reconsider Planting,True,introduced,Herb,9,Sep,,False
Trifolium vesiculosum,,Reconsider Planting,True,introduced,Herb,10,Oct,,False
Trifolium vesiculosum,,Reconsider Planting,True,introduced,Herb,11,Nov,,False
Trifolium vesiculosum,,Reconsider Planting,True,introduced,Herb,12,Dec,,False
Trifolium vesiculosum var. vesiculosum,Arrowleaf Clover,Reconsider Planting,True,introduced,Herb,1,Jan,,False
Trifolium vesiculosum var. vesiculosum,Arrowleaf Clover,Reconsider Planting,True,introduced,Herb,2,Feb,,False
Trifolium vesiculosum var. vesiculosum,Arrowleaf Clover,Reconsider Planting,True,introduced,Herb,3,Mar,,False
Trifolium vesiculosum var. vesiculosum,Arrowleaf Clover,Reconsider Planting,True,introduced,Herb,4,Apr,,False
Trifolium vesiculosum var. vesiculosum,Arrowleaf Clover,Reconsider Planting,True,introduced,Herb,5,May,,False
Trifolium vesiculosum var. vesiculosum,Arrowleaf Clover,Reconsider Planting,True,introduced,Herb,6,Jun,,False
Trifolium vesiculosum var. vesiculosum,Arrowleaf Clover,Reconsider Planting,True,introduced,Herb,7,Jul,,False
Trifolium vesiculosum var. vesiculosum,Arrowleaf Clover,Reconsider Planting,True,introduced,Herb,8,Aug,,False
Trifolium vesiculosum var. vesiculosum,Arrowleaf Clover,Reconsider Planting,True,introduced,Herb,9,Sep,,False
Trifolium vesiculosum var. vesiculosum,Arrowleaf Clover,Reconsider Planting,True,introduced,Herb,10,Oct,,False
Trifolium vesiculosum var. vesiculosum,Arrowleaf Clover,Reconsider Planting,True,introduced,Herb,11,Nov,,False
Trifolium vesiculosum var. vesiculosum,Arrowleaf Clover,Reconsider Planting,True,introduced,Herb,12,Dec,,False
Triglochin striata,Streaked Arrowgrass,Not Assessed,False,native,Herb,1,Jan,True,False
Triglochin striata,Streaked Arrowgrass,Not Assessed,False,native,Herb,2,Feb,True,False
Triglochin striata,Streaked Arrowgrass,Not Assessed,False,native,Herb,3,Mar,True,False
Triglochin striata,Streaked Arrowgrass,Not Assessed,False,native,Herb,4,Apr,True,False
Triglochin striata,Streaked Arrowgrass,Not Assessed,False,native,Herb,5,May,True,False
Triglochin striata,Streaked Arrowgrass,Not Assessed,False,native,Herb,6,Jun,True,False
Triglochin striata,Streaked Arrowgrass,Not Assessed,False,native,Herb,7,Jul,True,False
Triglochin striata,Streaked Arrowgrass,Not Assessed,False,native,Herb,8,Aug,True,False
Triglochin striata,Streaked Arrowgrass,Not Assessed,False,native,Herb,9,Sep,True,False
Triglochin striata,Streaked Arrowgrass,Not Assessed,False,native,Herb,10,Oct,True,False
Triglochin striata,Streaked Arrowgrass,Not Assessed,False,native,Herb,11,Nov,True,False
Triglochin striata,Streaked Arrowgrass,Not Assessed,False,native,Herb,12,Dec,True,False
Typha domingensis,Narrowleaf Cumbungi | Gumbung,Not Assessed,False,native,Herb,1,Jan,True,False
Typha domingensis,Narrowleaf Cumbungi | Gumbung,Not Assessed,False,native,Herb,2,Feb,True,False
Typha domingensis,Narrowleaf Cumbungi | Gumbung,Not Assessed,False,native,Herb,3,Mar,True,False
Typha domingensis,Narrowleaf Cumbungi | Gumbung,Not Assessed,False,native,Herb,4,Apr,True,False
Typha domingensis,Narrowleaf Cumbungi | Gumbung,Not Assessed,False,native,Herb,5,May,True,False
Typha domingensis,Narrowleaf Cumbungi | Gumbung,Not Assessed,False,native,Herb,6,Jun,True,False
Typha domingensis,Narrowleaf Cumbungi | Gumbung,Not Assessed,False,native,Herb,7,Jul,True,False
Typha domingensis,Narrowleaf Cumbungi | Gumbung,Not Assessed,False,native,Herb,8,Aug,True,False
Typha domingensis,Narrowleaf Cumbungi | Gumbung,Not Assessed,False,native,Herb,9,Sep,True,False
Typha domingensis,Narrowleaf Cumbungi | Gumbung,Not Assessed,False,native,Herb,10,Oct,True,False
Typha domingensis,Narrowleaf Cumbungi | Gumbung,Not Assessed,False,native,Herb,11,Nov,True,False
Typha domingensis,Narrowleaf Cumbungi | Gumbung,Not Assessed,False,native,Herb,12,Dec,True,False
Typha latifolia,Lesser Reed-mace,Reconsider Planting,True,introduced,Herb,1,Jan,True,False
Typha latifolia,Lesser Reed-mace,Reconsider Planting,True,introduced,Herb,2,Feb,True,False
Typha latifolia,Lesser Reed-mace,Reconsider Planting,True,introduced,Herb,3,Mar,False,False
Typha latifolia,Lesser Reed-mace,Reconsider Planting,True,introduced,Herb,4,Apr,False,False
Typha latifolia,Lesser Reed-mace,Reconsider Planting,True,introduced,Herb,5,May,False,False
Typha latifolia,Lesser Reed-mace,Reconsider Planting,True,introduced,Herb,6,Jun,False,False
Typha latifolia,Lesser Reed-mace,Reconsider Planting,True,introduced,Herb,7,Jul,False,False
Typha latifolia,Lesser Reed-mace,Reconsider Planting,True,introduced,Herb,8,Aug,False,False
Typha latifolia,Lesser Reed-mace,Reconsider Planting,True,introduced,Herb,9,Sep,False,False
Typha latifolia,Lesser Reed-mace,Reconsider Planting,True,introduced,Herb,10,Oct,True,False
Typha latifolia,Lesser Reed-mace,Reconsider Planting,True,introduced,Herb,11,Nov,True,False
Typha latifolia,Lesser Reed-mace,Reconsider Planting,True,introduced,Herb,12,Dec,True,False
Typha orientalis,Broadleaf Cumbungi,Not Assessed,False,native,Herb,1,Jan,True,False
Typha orientalis,Broadleaf Cumbungi,Not Assessed,False,native,Herb,2,Feb,True,False
Typha orientalis,Broadleaf Cumbungi,Not Assessed,False,native,Herb,3,Mar,True,False
Typha orientalis,Broadleaf Cumbungi,Not Assessed,False,native,Herb,4,Apr,False,False
Typha orientalis,Broadleaf Cumbungi,Not Assessed,False,native,Herb,5,May,False,False
Typha orientalis,Broadleaf Cumbungi,Not Assessed,False,native,Herb,6,Jun,False,False
Typha orientalis,Broadleaf Cumbungi,Not Assessed,False,native,Herb,7,Jul,True,False
Typha orientalis,Broadleaf Cumbungi,Not Assessed,False,native,Herb,8,Aug,True,False
Typha orientalis,Broadleaf Cumbungi,Not Assessed,False,native,Herb,9,Sep,True,False
Typha orientalis,Broadleaf Cumbungi,Not Assessed,False,native,Herb,10,Oct,True,False
Typha orientalis,Broadleaf Cumbungi,Not Assessed,False,native,Herb,11,Nov,True,False
Typha orientalis,Broadleaf Cumbungi,Not Assessed,False,native,Herb,12,Dec,True,False
Ulex europaeus,Gorse | Furze,Reconsider Planting,True,introduced,Shrub,1,Jan,False,False
Ulex europaeus,Gorse | Furze,Reconsider Planting,True,introduced,Shrub,2,Feb,False,False
Ulex europaeus,Gorse | Furze,Reconsider Planting,True,introduced,Shrub,3,Mar,False,False
Ulex europaeus,Gorse | Furze,Reconsider Planting,True,introduced,Shrub,4,Apr,False,False
Ulex europaeus,Gorse | Furze,Reconsider Planting,True,introduced,Shrub,5,May,False,False
Ulex europaeus,Gorse | Furze,Reconsider Planting,True,introduced,Shrub,6,Jun,False,False
Ulex europaeus,Gorse | Furze,Reconsider Planting,True,introduced,Shrub,7,Jul,False,False
Ulex europaeus,Gorse | Furze,Reconsider Planting,True,introduced,Shrub,8,Aug,False,False
Ulex europaeus,Gorse | Furze,Reconsider Planting,True,introduced,Shrub,9,Sep,True,False
Ulex europaeus,Gorse | Furze,Reconsider Planting,True,introduced,Shrub,10,Oct,True,False
Ulex europaeus,Gorse | Furze,Reconsider Planting,True,introduced,Shrub,11,Nov,True,False
Ulex europaeus,Gorse | Furze,Reconsider Planting,True,introduced,Shrub,12,Dec,False,False
Urtica urens,Small Nettle,Use Caution,True,introduced,Herb,1,Jan,True,False
Urtica urens,Small Nettle,Use Caution,True,introduced,Herb,2,Feb,True,False
Urtica urens,Small Nettle,Use Caution,True,introduced,Herb,3,Mar,True,False
Urtica urens,Small Nettle,Use Caution,True,introduced,Herb,4,Apr,True,False
Urtica urens,Small Nettle,Use Caution,True,introduced,Herb,5,May,True,False
Urtica urens,Small Nettle,Use Caution,True,introduced,Herb,6,Jun,True,False
Urtica urens,Small Nettle,Use Caution,True,introduced,Herb,7,Jul,True,False
Urtica urens,Small Nettle,Use Caution,True,introduced,Herb,8,Aug,True,False
Urtica urens,Small Nettle,Use Caution,True,introduced,Herb,9,Sep,True,False
Urtica urens,Small Nettle,Use Caution,True,introduced,Herb,10,Oct,True,False
Urtica urens,Small Nettle,Use Caution,True,introduced,Herb,11,Nov,True,False
Urtica urens,Small Nettle,Use Caution,True,introduced,Herb,12,Dec,True,False
Utricularia dichotoma,Fairies' Aprons | Purple Bladderwort,Not Assessed,False,native,Herb,1,Jan,True,False
Utricularia dichotoma,Fairies' Aprons | Purple Bladderwort,Not Assessed,False,native,Herb,2,Feb,True,False
Utricularia dichotoma,Fairies' Aprons | Purple Bladderwort,Not Assessed,False,native,Herb,3,Mar,True,False
Utricularia dichotoma,Fairies' Aprons | Purple Bladderwort,Not Assessed,False,native,Herb,4,Apr,True,False
Utricularia dichotoma,Fairies' Aprons | Purple Bladderwort,Not Assessed,False,native,Herb,5,May,True,False
Utricularia dichotoma,Fairies' Aprons | Purple Bladderwort,Not Assessed,False,native,Herb,6,Jun,True,False
Utricularia dichotoma,Fairies' Aprons | Purple Bladderwort,Not Assessed,False,native,Herb,7,Jul,True,False
Utricularia dichotoma,Fairies' Aprons | Purple Bladderwort,Not Assessed,False,native,Herb,8,Aug,True,False
Utricularia dichotoma,Fairies' Aprons | Purple Bladderwort,Not Assessed,False,native,Herb,9,Sep,True,False
Utricularia dichotoma,Fairies' Aprons | Purple Bladderwort,Not Assessed,False,native,Herb,10,Oct,True,False
Utricularia dichotoma,Fairies' Aprons | Purple Bladderwort,Not Assessed,False,native,Herb,11,Nov,True,False
Utricularia dichotoma,Fairies' Aprons | Purple Bladderwort,Not Assessed,False,native,Herb,12,Dec,True,False
Utricularia lateriflora,Tiny Bladderwort,Not Assessed,False,native,Herb,1,Jan,True,False
Utricularia lateriflora,Tiny Bladderwort,Not Assessed,False,native,Herb,2,Feb,True,False
Utricularia lateriflora,Tiny Bladderwort,Not Assessed,False,native,Herb,3,Mar,True,False
Utricularia lateriflora,Tiny Bladderwort,Not Assessed,False,native,Herb,4,Apr,True,False
Utricularia lateriflora,Tiny Bladderwort,Not Assessed,False,native,Herb,5,May,True,False
Utricularia lateriflora,Tiny Bladderwort,Not Assessed,False,native,Herb,6,Jun,True,False
Utricularia lateriflora,Tiny Bladderwort,Not Assessed,False,native,Herb,7,Jul,True,False
Utricularia lateriflora,Tiny Bladderwort,Not Assessed,False,native,Herb,8,Aug,True,False
Utricularia lateriflora,Tiny Bladderwort,Not Assessed,False,native,Herb,9,Sep,True,False
Utricularia lateriflora,Tiny Bladderwort,Not Assessed,False,native,Herb,10,Oct,True,False
Utricularia lateriflora,Tiny Bladderwort,Not Assessed,False,native,Herb,11,Nov,True,False
Utricularia lateriflora,Tiny Bladderwort,Not Assessed,False,native,Herb,12,Dec,True,False
Utricularia tenella,Pink Bladderwort,Not Assessed,False,native,Herb,1,Jan,False,False
Utricularia tenella,Pink Bladderwort,Not Assessed,False,native,Herb,2,Feb,False,False
Utricularia tenella,Pink Bladderwort,Not Assessed,False,native,Herb,3,Mar,False,False
Utricularia tenella,Pink Bladderwort,Not Assessed,False,native,Herb,4,Apr,False,False
Utricularia tenella,Pink Bladderwort,Not Assessed,False,native,Herb,5,May,False,False
Utricularia tenella,Pink Bladderwort,Not Assessed,False,native,Herb,6,Jun,False,False
Utricularia tenella,Pink Bladderwort,Not Assessed,False,native,Herb,7,Jul,False,False
Utricularia tenella,Pink Bladderwort,Not Assessed,False,native,Herb,8,Aug,True,False
Utricularia tenella,Pink Bladderwort,Not Assessed,False,native,Herb,9,Sep,True,False
Utricularia tenella,Pink Bladderwort,Not Assessed,False,native,Herb,10,Oct,True,False
Utricularia tenella,Pink Bladderwort,Not Assessed,False,native,Herb,11,Nov,True,False
Utricularia tenella,Pink Bladderwort,Not Assessed,False,native,Herb,12,Dec,False,False
Vellereophyton dealbatum,White Cudweed,Use Caution,True,introduced,Herb,1,Jan,True,False
Vellereophyton dealbatum,White Cudweed,Use Caution,True,introduced,Herb,2,Feb,True,False
Vellereophyton dealbatum,White Cudweed,Use Caution,True,introduced,Herb,3,Mar,True,False
Vellereophyton dealbatum,White Cudweed,Use Caution,True,introduced,Herb,4,Apr,True,False
Vellereophyton dealbatum,White Cudweed,Use Caution,True,introduced,Herb,5,May,True,False
Vellereophyton dealbatum,White Cudweed,Use Caution,True,introduced,Herb,6,Jun,True,False
Vellereophyton dealbatum,White Cudweed,Use Caution,True,introduced,Herb,7,Jul,True,False
Vellereophyton dealbatum,White Cudweed,Use Caution,True,introduced,Herb,8,Aug,True,False
Vellereophyton dealbatum,White Cudweed,Use Caution,True,introduced,Herb,9,Sep,True,False
Vellereophyton dealbatum,White Cudweed,Use Caution,True,introduced,Herb,10,Oct,True,False
Vellereophyton dealbatum,White Cudweed,Use Caution,True,introduced,Herb,11,Nov,True,False
Vellereophyton dealbatum,White Cudweed,Use Caution,True,introduced,Herb,12,Dec,True,False
Veronica arvensis,Wall Speedwell,Use Caution,True,introduced,Herb,1,Jan,True,False
Veronica arvensis,Wall Speedwell,Use Caution,True,introduced,Herb,2,Feb,True,False
Veronica arvensis,Wall Speedwell,Use Caution,True,introduced,Herb,3,Mar,False,False
Veronica arvensis,Wall Speedwell,Use Caution,True,introduced,Herb,4,Apr,False,False
Veronica arvensis,Wall Speedwell,Use Caution,True,introduced,Herb,5,May,False,False
Veronica arvensis,Wall Speedwell,Use Caution,True,introduced,Herb,6,Jun,False,False
Veronica arvensis,Wall Speedwell,Use Caution,True,introduced,Herb,7,Jul,False,False
Veronica arvensis,Wall Speedwell,Use Caution,True,introduced,Herb,8,Aug,False,False
Veronica arvensis,Wall Speedwell,Use Caution,True,introduced,Herb,9,Sep,True,False
Veronica arvensis,Wall Speedwell,Use Caution,True,introduced,Herb,10,Oct,True,False
Veronica arvensis,Wall Speedwell,Use Caution,True,introduced,Herb,11,Nov,True,False
Veronica arvensis,Wall Speedwell,Use Caution,True,introduced,Herb,12,Dec,True,False
Veronica calycina,Hairy Speedwell,Not Assessed,False,native,Herb,1,Jan,True,False
Veronica calycina,Hairy Speedwell,Not Assessed,False,native,Herb,2,Feb,True,False
Veronica calycina,Hairy Speedwell,Not Assessed,False,native,Herb,3,Mar,False,False
Veronica calycina,Hairy Speedwell,Not Assessed,False,native,Herb,4,Apr,False,False
Veronica calycina,Hairy Speedwell,Not Assessed,False,native,Herb,5,May,False,False
Veronica calycina,Hairy Speedwell,Not Assessed,False,native,Herb,6,Jun,False,False
Veronica calycina,Hairy Speedwell,Not Assessed,False,native,Herb,7,Jul,False,False
Veronica calycina,Hairy Speedwell,Not Assessed,False,native,Herb,8,Aug,True,False
Veronica calycina,Hairy Speedwell,Not Assessed,False,native,Herb,9,Sep,True,False
Veronica calycina,Hairy Speedwell,Not Assessed,False,native,Herb,10,Oct,True,False
Veronica calycina,Hairy Speedwell,Not Assessed,False,native,Herb,11,Nov,True,False
Veronica calycina,Hairy Speedwell,Not Assessed,False,native,Herb,12,Dec,True,False
Veronica gracilis,Slender Speedwell,Not Assessed,False,native,Herb,1,Jan,True,False
Veronica gracilis,Slender Speedwell,Not Assessed,False,native,Herb,2,Feb,True,False
Veronica gracilis,Slender Speedwell,Not Assessed,False,native,Herb,3,Mar,False,False
Veronica gracilis,Slender Speedwell,Not Assessed,False,native,Herb,4,Apr,False,False
Veronica gracilis,Slender Speedwell,Not Assessed,False,native,Herb,5,May,False,False
Veronica gracilis,Slender Speedwell,Not Assessed,False,native,Herb,6,Jun,False,False
Veronica gracilis,Slender Speedwell,Not Assessed,False,native,Herb,7,Jul,False,False
Veronica gracilis,Slender Speedwell,Not Assessed,False,native,Herb,8,Aug,False,False
Veronica gracilis,Slender Speedwell,Not Assessed,False,native,Herb,9,Sep,True,False
Veronica gracilis,Slender Speedwell,Not Assessed,False,native,Herb,10,Oct,True,False
Veronica gracilis,Slender Speedwell,Not Assessed,False,native,Herb,11,Nov,True,False
Veronica gracilis,Slender Speedwell,Not Assessed,False,native,Herb,12,Dec,True,False
Veronica persica,Creeping Speedwell,Use Caution,True,introduced,Herb,1,Jan,False,False
Veronica persica,Creeping Speedwell,Use Caution,True,introduced,Herb,2,Feb,True,False
Veronica persica,Creeping Speedwell,Use Caution,True,introduced,Herb,3,Mar,False,False
Veronica persica,Creeping Speedwell,Use Caution,True,introduced,Herb,4,Apr,False,False
Veronica persica,Creeping Speedwell,Use Caution,True,introduced,Herb,5,May,False,False
Veronica persica,Creeping Speedwell,Use Caution,True,introduced,Herb,6,Jun,True,False
Veronica persica,Creeping Speedwell,Use Caution,True,introduced,Herb,7,Jul,True,False
Veronica persica,Creeping Speedwell,Use Caution,True,introduced,Herb,8,Aug,True,False
Veronica persica,Creeping Speedwell,Use Caution,True,introduced,Herb,9,Sep,True,False
Veronica persica,Creeping Speedwell,Use Caution,True,introduced,Herb,10,Oct,True,False
Veronica persica,Creeping Speedwell,Use Caution,True,introduced,Herb,11,Nov,True,False
Veronica persica,Creeping Speedwell,Use Caution,True,introduced,Herb,12,Dec,False,False
Veronica plebeia,Trailing Speedwell,Not Assessed,False,native,Herb,1,Jan,True,False
Veronica plebeia,Trailing Speedwell,Not Assessed,False,native,Herb,2,Feb,True,False
Veronica plebeia,Trailing Speedwell,Not Assessed,False,native,Herb,3,Mar,True,False
Veronica plebeia,Trailing Speedwell,Not Assessed,False,native,Herb,4,Apr,True,False
Veronica plebeia,Trailing Speedwell,Not Assessed,False,native,Herb,5,May,True,False
Veronica plebeia,Trailing Speedwell,Not Assessed,False,native,Herb,6,Jun,True,False
Veronica plebeia,Trailing Speedwell,Not Assessed,False,native,Herb,7,Jul,True,False
Veronica plebeia,Trailing Speedwell,Not Assessed,False,native,Herb,8,Aug,True,False
Veronica plebeia,Trailing Speedwell,Not Assessed,False,native,Herb,9,Sep,True,False
Veronica plebeia,Trailing Speedwell,Not Assessed,False,native,Herb,10,Oct,True,False
Veronica plebeia,Trailing Speedwell,Not Assessed,False,native,Herb,11,Nov,True,False
Veronica plebeia,Trailing Speedwell,Not Assessed,False,native,Herb,12,Dec,True,False
Veronica serpyllifolia,Thyme Speedwell,Lower Concern,False,uncertain,Herb,1,Jan,True,False
Veronica serpyllifolia,Thyme Speedwell,Lower Concern,False,uncertain,Herb,2,Feb,True,False
Veronica serpyllifolia,Thyme Speedwell,Lower Concern,False,uncertain,Herb,3,Mar,False,False
Veronica serpyllifolia,Thyme Speedwell,Lower Concern,False,uncertain,Herb,4,Apr,False,False
Veronica serpyllifolia,Thyme Speedwell,Lower Concern,False,uncertain,Herb,5,May,False,False
Veronica serpyllifolia,Thyme Speedwell,Lower Concern,False,uncertain,Herb,6,Jun,False,False
Veronica serpyllifolia,Thyme Speedwell,Lower Concern,False,uncertain,Herb,7,Jul,False,False
Veronica serpyllifolia,Thyme Speedwell,Lower Concern,False,uncertain,Herb,8,Aug,False,False
Veronica serpyllifolia,Thyme Speedwell,Lower Concern,False,uncertain,Herb,9,Sep,True,False
Veronica serpyllifolia,Thyme Speedwell,Lower Concern,False,uncertain,Herb,10,Oct,True,False
Veronica serpyllifolia,Thyme Speedwell,Lower Concern,False,uncertain,Herb,11,Nov,True,False
Veronica serpyllifolia,Thyme Speedwell,Lower Concern,False,uncertain,Herb,12,Dec,True,False
Viburnum tinus,Laurestinus,Use Caution,True,introduced,Tree,1,Jan,,False
Viburnum tinus,Laurestinus,Use Caution,True,introduced,Tree,2,Feb,,False
Viburnum tinus,Laurestinus,Use Caution,True,introduced,Tree,3,Mar,,False
Viburnum tinus,Laurestinus,Use Caution,True,introduced,Tree,4,Apr,,False
Viburnum tinus,Laurestinus,Use Caution,True,introduced,Tree,5,May,,False
Viburnum tinus,Laurestinus,Use Caution,True,introduced,Tree,6,Jun,,False
Viburnum tinus,Laurestinus,Use Caution,True,introduced,Tree,7,Jul,,False
Viburnum tinus,Laurestinus,Use Caution,True,introduced,Tree,8,Aug,,False
Viburnum tinus,Laurestinus,Use Caution,True,introduced,Tree,9,Sep,,False
Viburnum tinus,Laurestinus,Use Caution,True,introduced,Tree,10,Oct,,False
Viburnum tinus,Laurestinus,Use Caution,True,introduced,Tree,11,Nov,,False
Viburnum tinus,Laurestinus,Use Caution,True,introduced,Tree,12,Dec,,False
Vicia hirsuta,Tiny Vetch,Reconsider Planting,True,introduced,Herb,1,Jan,False,False
Vicia hirsuta,Tiny Vetch,Reconsider Planting,True,introduced,Herb,2,Feb,False,False
Vicia hirsuta,Tiny Vetch,Reconsider Planting,True,introduced,Herb,3,Mar,False,False
Vicia hirsuta,Tiny Vetch,Reconsider Planting,True,introduced,Herb,4,Apr,False,False
Vicia hirsuta,Tiny Vetch,Reconsider Planting,True,introduced,Herb,5,May,False,False
Vicia hirsuta,Tiny Vetch,Reconsider Planting,True,introduced,Herb,6,Jun,False,False
Vicia hirsuta,Tiny Vetch,Reconsider Planting,True,introduced,Herb,7,Jul,False,False
Vicia hirsuta,Tiny Vetch,Reconsider Planting,True,introduced,Herb,8,Aug,False,False
Vicia hirsuta,Tiny Vetch,Reconsider Planting,True,introduced,Herb,9,Sep,True,False
Vicia hirsuta,Tiny Vetch,Reconsider Planting,True,introduced,Herb,10,Oct,True,False
Vicia hirsuta,Tiny Vetch,Reconsider Planting,True,introduced,Herb,11,Nov,True,False
Vicia hirsuta,Tiny Vetch,Reconsider Planting,True,introduced,Herb,12,Dec,False,False
Vicia sativa,Common Vetch,Lower Concern,False,introduced,Herb,1,Jan,False,False
Vicia sativa,Common Vetch,Lower Concern,False,introduced,Herb,2,Feb,False,False
Vicia sativa,Common Vetch,Lower Concern,False,introduced,Herb,3,Mar,False,False
Vicia sativa,Common Vetch,Lower Concern,False,introduced,Herb,4,Apr,False,False
Vicia sativa,Common Vetch,Lower Concern,False,introduced,Herb,5,May,False,False
Vicia sativa,Common Vetch,Lower Concern,False,introduced,Herb,6,Jun,True,False
Vicia sativa,Common Vetch,Lower Concern,False,introduced,Herb,7,Jul,True,False
Vicia sativa,Common Vetch,Lower Concern,False,introduced,Herb,8,Aug,True,False
Vicia sativa,Common Vetch,Lower Concern,False,introduced,Herb,9,Sep,True,False
Vicia sativa,Common Vetch,Lower Concern,False,introduced,Herb,10,Oct,True,False
Vicia sativa,Common Vetch,Lower Concern,False,introduced,Herb,11,Nov,True,False
Vicia sativa,Common Vetch,Lower Concern,False,introduced,Herb,12,Dec,False,False
Vicia sativa subsp. sativa,Common Vetch,Lower Concern,False,introduced,Herb,1,Jan,False,False
Vicia sativa subsp. sativa,Common Vetch,Lower Concern,False,introduced,Herb,2,Feb,False,False
Vicia sativa subsp. sativa,Common Vetch,Lower Concern,False,introduced,Herb,3,Mar,False,False
Vicia sativa subsp. sativa,Common Vetch,Lower Concern,False,introduced,Herb,4,Apr,False,False
Vicia sativa subsp. sativa,Common Vetch,Lower Concern,False,introduced,Herb,5,May,False,False
Vicia sativa subsp. sativa,Common Vetch,Lower Concern,False,introduced,Herb,6,Jun,True,False
Vicia sativa subsp. sativa,Common Vetch,Lower Concern,False,introduced,Herb,7,Jul,True,False
Vicia sativa subsp. sativa,Common Vetch,Lower Concern,False,introduced,Herb,8,Aug,True,False
Vicia sativa subsp. sativa,Common Vetch,Lower Concern,False,introduced,Herb,9,Sep,True,False
Vicia sativa subsp. sativa,Common Vetch,Lower Concern,False,introduced,Herb,10,Oct,True,False
Vicia sativa subsp. sativa,Common Vetch,Lower Concern,False,introduced,Herb,11,Nov,True,False
Vicia sativa subsp. sativa,Common Vetch,Lower Concern,False,introduced,Herb,12,Dec,False,False
Vicia tetrasperma,Slender Vetch,Reconsider Planting,True,introduced,Herb,1,Jan,False,False
Vicia tetrasperma,Slender Vetch,Reconsider Planting,True,introduced,Herb,2,Feb,True,False
Vicia tetrasperma,Slender Vetch,Reconsider Planting,True,introduced,Herb,3,Mar,False,False
Vicia tetrasperma,Slender Vetch,Reconsider Planting,True,introduced,Herb,4,Apr,False,False
Vicia tetrasperma,Slender Vetch,Reconsider Planting,True,introduced,Herb,5,May,False,False
Vicia tetrasperma,Slender Vetch,Reconsider Planting,True,introduced,Herb,6,Jun,True,False
Vicia tetrasperma,Slender Vetch,Reconsider Planting,True,introduced,Herb,7,Jul,True,False
Vicia tetrasperma,Slender Vetch,Reconsider Planting,True,introduced,Herb,8,Aug,True,False
Vicia tetrasperma,Slender Vetch,Reconsider Planting,True,introduced,Herb,9,Sep,True,False
Vicia tetrasperma,Slender Vetch,Reconsider Planting,True,introduced,Herb,10,Oct,True,False
Vicia tetrasperma,Slender Vetch,Reconsider Planting,True,introduced,Herb,11,Nov,True,False
Vicia tetrasperma,Slender Vetch,Reconsider Planting,True,introduced,Herb,12,Dec,False,False
Viminaria juncea,Golden Spray,Not Assessed,False,native,Shrub,1,Jan,True,False
Viminaria juncea,Golden Spray,Not Assessed,False,native,Shrub,2,Feb,True,False
Viminaria juncea,Golden Spray,Not Assessed,False,native,Shrub,3,Mar,False,False
Viminaria juncea,Golden Spray,Not Assessed,False,native,Shrub,4,Apr,False,False
Viminaria juncea,Golden Spray,Not Assessed,False,native,Shrub,5,May,False,False
Viminaria juncea,Golden Spray,Not Assessed,False,native,Shrub,6,Jun,False,False
Viminaria juncea,Golden Spray,Not Assessed,False,native,Shrub,7,Jul,False,False
Viminaria juncea,Golden Spray,Not Assessed,False,native,Shrub,8,Aug,True,False
Viminaria juncea,Golden Spray,Not Assessed,False,native,Shrub,9,Sep,True,False
Viminaria juncea,Golden Spray,Not Assessed,False,native,Shrub,10,Oct,True,False
Viminaria juncea,Golden Spray,Not Assessed,False,native,Shrub,11,Nov,True,False
Viminaria juncea,Golden Spray,Not Assessed,False,native,Shrub,12,Dec,True,False
Viola hederacea,Ivy-leaved Violet,Not Assessed,False,native,Herb,1,Jan,True,False
Viola hederacea,Ivy-leaved Violet,Not Assessed,False,native,Herb,2,Feb,True,False
Viola hederacea,Ivy-leaved Violet,Not Assessed,False,native,Herb,3,Mar,True,False
Viola hederacea,Ivy-leaved Violet,Not Assessed,False,native,Herb,4,Apr,True,False
Viola hederacea,Ivy-leaved Violet,Not Assessed,False,native,Herb,5,May,False,False
Viola hederacea,Ivy-leaved Violet,Not Assessed,False,native,Herb,6,Jun,False,False
Viola hederacea,Ivy-leaved Violet,Not Assessed,False,native,Herb,7,Jul,False,False
Viola hederacea,Ivy-leaved Violet,Not Assessed,False,native,Herb,8,Aug,True,False
Viola hederacea,Ivy-leaved Violet,Not Assessed,False,native,Herb,9,Sep,True,False
Viola hederacea,Ivy-leaved Violet,Not Assessed,False,native,Herb,10,Oct,True,False
Viola hederacea,Ivy-leaved Violet,Not Assessed,False,native,Herb,11,Nov,True,False
Viola hederacea,Ivy-leaved Violet,Not Assessed,False,native,Herb,12,Dec,True,False
Viola odorata,Common Violet | Sweet Violet,Reconsider Planting,True,introduced,Herb,1,Jan,False,False
Viola odorata,Common Violet | Sweet Violet,Reconsider Planting,True,introduced,Herb,2,Feb,False,False
Viola odorata,Common Violet | Sweet Violet,Reconsider Planting,True,introduced,Herb,3,Mar,False,False
Viola odorata,Common Violet | Sweet Violet,Reconsider Planting,True,introduced,Herb,4,Apr,False,False
Viola odorata,Common Violet | Sweet Violet,Reconsider Planting,True,introduced,Herb,5,May,False,False
Viola odorata,Common Violet | Sweet Violet,Reconsider Planting,True,introduced,Herb,6,Jun,True,False
Viola odorata,Common Violet | Sweet Violet,Reconsider Planting,True,introduced,Herb,7,Jul,True,False
Viola odorata,Common Violet | Sweet Violet,Reconsider Planting,True,introduced,Herb,8,Aug,True,False
Viola odorata,Common Violet | Sweet Violet,Reconsider Planting,True,introduced,Herb,9,Sep,True,False
Viola odorata,Common Violet | Sweet Violet,Reconsider Planting,True,introduced,Herb,10,Oct,True,False
Viola odorata,Common Violet | Sweet Violet,Reconsider Planting,True,introduced,Herb,11,Nov,True,False
Viola odorata,Common Violet | Sweet Violet,Reconsider Planting,True,introduced,Herb,12,Dec,True,False
Vulpia bromoides,Squirrel-tail Fescue,Use Caution,True,introduced,Grass,1,Jan,True,False
Vulpia bromoides,Squirrel-tail Fescue,Use Caution,True,introduced,Grass,2,Feb,False,False
Vulpia bromoides,Squirrel-tail Fescue,Use Caution,True,introduced,Grass,3,Mar,False,False
Vulpia bromoides,Squirrel-tail Fescue,Use Caution,True,introduced,Grass,4,Apr,False,False
Vulpia bromoides,Squirrel-tail Fescue,Use Caution,True,introduced,Grass,5,May,False,False
Vulpia bromoides,Squirrel-tail Fescue,Use Caution,True,introduced,Grass,6,Jun,False,False
Vulpia bromoides,Squirrel-tail Fescue,Use Caution,True,introduced,Grass,7,Jul,False,False
Vulpia bromoides,Squirrel-tail Fescue,Use Caution,True,introduced,Grass,8,Aug,True,False
Vulpia bromoides,Squirrel-tail Fescue,Use Caution,True,introduced,Grass,9,Sep,True,False
Vulpia bromoides,Squirrel-tail Fescue,Use Caution,True,introduced,Grass,10,Oct,True,False
Vulpia bromoides,Squirrel-tail Fescue,Use Caution,True,introduced,Grass,11,Nov,True,False
Vulpia bromoides,Squirrel-tail Fescue,Use Caution,True,introduced,Grass,12,Dec,True,False
Vulpia myuros,Rat's-tail Fescue,Use Caution,True,introduced,Grass,1,Jan,False,False
Vulpia myuros,Rat's-tail Fescue,Use Caution,True,introduced,Grass,2,Feb,False,False
Vulpia myuros,Rat's-tail Fescue,Use Caution,True,introduced,Grass,3,Mar,False,False
Vulpia myuros,Rat's-tail Fescue,Use Caution,True,introduced,Grass,4,Apr,False,False
Vulpia myuros,Rat's-tail Fescue,Use Caution,True,introduced,Grass,5,May,True,False
Vulpia myuros,Rat's-tail Fescue,Use Caution,True,introduced,Grass,6,Jun,True,False
Vulpia myuros,Rat's-tail Fescue,Use Caution,True,introduced,Grass,7,Jul,True,False
Vulpia myuros,Rat's-tail Fescue,Use Caution,True,introduced,Grass,8,Aug,True,False
Vulpia myuros,Rat's-tail Fescue,Use Caution,True,introduced,Grass,9,Sep,True,False
Vulpia myuros,Rat's-tail Fescue,Use Caution,True,introduced,Grass,10,Oct,True,False
Vulpia myuros,Rat's-tail Fescue,Use Caution,True,introduced,Grass,11,Nov,True,False
Vulpia myuros,Rat's-tail Fescue,Use Caution,True,introduced,Grass,12,Dec,False,False
Vulpia myuros f. myuros,Rat's-tail Fescue,Use Caution,True,introduced,Grass,1,Jan,False,False
Vulpia myuros f. myuros,Rat's-tail Fescue,Use Caution,True,introduced,Grass,2,Feb,False,False
Vulpia myuros f. myuros,Rat's-tail Fescue,Use Caution,True,introduced,Grass,3,Mar,False,False
Vulpia myuros f. myuros,Rat's-tail Fescue,Use Caution,True,introduced,Grass,4,Apr,False,False
Vulpia myuros f. myuros,Rat's-tail Fescue,Use Caution,True,introduced,Grass,5,May,True,False
Vulpia myuros f. myuros,Rat's-tail Fescue,Use Caution,True,introduced,Grass,6,Jun,True,False
Vulpia myuros f. myuros,Rat's-tail Fescue,Use Caution,True,introduced,Grass,7,Jul,True,False
Vulpia myuros f. myuros,Rat's-tail Fescue,Use Caution,True,introduced,Grass,8,Aug,True,False
Vulpia myuros f. myuros,Rat's-tail Fescue,Use Caution,True,introduced,Grass,9,Sep,True,False
Vulpia myuros f. myuros,Rat's-tail Fescue,Use Caution,True,introduced,Grass,10,Oct,True,False
Vulpia myuros f. myuros,Rat's-tail Fescue,Use Caution,True,introduced,Grass,11,Nov,True,False
Vulpia myuros f. myuros,Rat's-tail Fescue,Use Caution,True,introduced,Grass,12,Dec,False,False
Wahlenbergia gracilis,Sprawling Bluebell,Not Assessed,False,native,Herb,1,Jan,True,False
Wahlenbergia gracilis,Sprawling Bluebell,Not Assessed,False,native,Herb,2,Feb,True,False
Wahlenbergia gracilis,Sprawling Bluebell,Not Assessed,False,native,Herb,3,Mar,True,False
Wahlenbergia gracilis,Sprawling Bluebell,Not Assessed,False,native,Herb,4,Apr,True,False
Wahlenbergia gracilis,Sprawling Bluebell,Not Assessed,False,native,Herb,5,May,True,False
Wahlenbergia gracilis,Sprawling Bluebell,Not Assessed,False,native,Herb,6,Jun,True,False
Wahlenbergia gracilis,Sprawling Bluebell,Not Assessed,False,native,Herb,7,Jul,True,False
Wahlenbergia gracilis,Sprawling Bluebell,Not Assessed,False,native,Herb,8,Aug,True,False
Wahlenbergia gracilis,Sprawling Bluebell,Not Assessed,False,native,Herb,9,Sep,True,False
Wahlenbergia gracilis,Sprawling Bluebell,Not Assessed,False,native,Herb,10,Oct,True,False
Wahlenbergia gracilis,Sprawling Bluebell,Not Assessed,False,native,Herb,11,Nov,True,False
Wahlenbergia gracilis,Sprawling Bluebell,Not Assessed,False,native,Herb,12,Dec,True,False
Wahlenbergia gymnoclada,Naked Bluebell,Not Assessed,False,native,Herb,1,Jan,True,False
Wahlenbergia gymnoclada,Naked Bluebell,Not Assessed,False,native,Herb,2,Feb,True,False
Wahlenbergia gymnoclada,Naked Bluebell,Not Assessed,False,native,Herb,3,Mar,False,False
Wahlenbergia gymnoclada,Naked Bluebell,Not Assessed,False,native,Herb,4,Apr,False,False
Wahlenbergia gymnoclada,Naked Bluebell,Not Assessed,False,native,Herb,5,May,False,False
Wahlenbergia gymnoclada,Naked Bluebell,Not Assessed,False,native,Herb,6,Jun,False,False
Wahlenbergia gymnoclada,Naked Bluebell,Not Assessed,False,native,Herb,7,Jul,False,False
Wahlenbergia gymnoclada,Naked Bluebell,Not Assessed,False,native,Herb,8,Aug,False,False
Wahlenbergia gymnoclada,Naked Bluebell,Not Assessed,False,native,Herb,9,Sep,False,False
Wahlenbergia gymnoclada,Naked Bluebell,Not Assessed,False,native,Herb,10,Oct,True,False
Wahlenbergia gymnoclada,Naked Bluebell,Not Assessed,False,native,Herb,11,Nov,True,False
Wahlenbergia gymnoclada,Naked Bluebell,Not Assessed,False,native,Herb,12,Dec,True,False
Wahlenbergia multicaulis,Branching Bluebell,Not Assessed,False,native,Herb,1,Jan,True,False
Wahlenbergia multicaulis,Branching Bluebell,Not Assessed,False,native,Herb,2,Feb,True,False
Wahlenbergia multicaulis,Branching Bluebell,Not Assessed,False,native,Herb,3,Mar,True,False
Wahlenbergia multicaulis,Branching Bluebell,Not Assessed,False,native,Herb,4,Apr,True,False
Wahlenbergia multicaulis,Branching Bluebell,Not Assessed,False,native,Herb,5,May,True,False
Wahlenbergia multicaulis,Branching Bluebell,Not Assessed,False,native,Herb,6,Jun,True,False
Wahlenbergia multicaulis,Branching Bluebell,Not Assessed,False,native,Herb,7,Jul,True,False
Wahlenbergia multicaulis,Branching Bluebell,Not Assessed,False,native,Herb,8,Aug,True,False
Wahlenbergia multicaulis,Branching Bluebell,Not Assessed,False,native,Herb,9,Sep,True,False
Wahlenbergia multicaulis,Branching Bluebell,Not Assessed,False,native,Herb,10,Oct,True,False
Wahlenbergia multicaulis,Branching Bluebell,Not Assessed,False,native,Herb,11,Nov,True,False
Wahlenbergia multicaulis,Branching Bluebell,Not Assessed,False,native,Herb,12,Dec,True,False
Wahlenbergia stricta,Tall Bluebell,Not Assessed,False,native,Herb,1,Jan,True,False
Wahlenbergia stricta,Tall Bluebell,Not Assessed,False,native,Herb,2,Feb,True,False
Wahlenbergia stricta,Tall Bluebell,Not Assessed,False,native,Herb,3,Mar,True,False
Wahlenbergia stricta,Tall Bluebell,Not Assessed,False,native,Herb,4,Apr,True,False
Wahlenbergia stricta,Tall Bluebell,Not Assessed,False,native,Herb,5,May,True,False
Wahlenbergia stricta,Tall Bluebell,Not Assessed,False,native,Herb,6,Jun,True,False
Wahlenbergia stricta,Tall Bluebell,Not Assessed,False,native,Herb,7,Jul,True,False
Wahlenbergia stricta,Tall Bluebell,Not Assessed,False,native,Herb,8,Aug,True,False
Wahlenbergia stricta,Tall Bluebell,Not Assessed,False,native,Herb,9,Sep,True,False
Wahlenbergia stricta,Tall Bluebell,Not Assessed,False,native,Herb,10,Oct,True,False
Wahlenbergia stricta,Tall Bluebell,Not Assessed,False,native,Herb,11,Nov,True,False
Wahlenbergia stricta,Tall Bluebell,Not Assessed,False,native,Herb,12,Dec,True,False
Wahlenbergia stricta subsp. stricta,Tall Bluebell,Not Assessed,False,native,Herb,1,Jan,True,False
Wahlenbergia stricta subsp. stricta,Tall Bluebell,Not Assessed,False,native,Herb,2,Feb,True,False
Wahlenbergia stricta subsp. stricta,Tall Bluebell,Not Assessed,False,native,Herb,3,Mar,True,False
Wahlenbergia stricta subsp. stricta,Tall Bluebell,Not Assessed,False,native,Herb,4,Apr,True,False
Wahlenbergia stricta subsp. stricta,Tall Bluebell,Not Assessed,False,native,Herb,5,May,True,False
Wahlenbergia stricta subsp. stricta,Tall Bluebell,Not Assessed,False,native,Herb,6,Jun,True,False
Wahlenbergia stricta subsp. stricta,Tall Bluebell,Not Assessed,False,native,Herb,7,Jul,True,False
Wahlenbergia stricta subsp. stricta,Tall Bluebell,Not Assessed,False,native,Herb,8,Aug,True,False
Wahlenbergia stricta subsp. stricta,Tall Bluebell,Not Assessed,False,native,Herb,9,Sep,True,False
Wahlenbergia stricta subsp. stricta,Tall Bluebell,Not Assessed,False,native,Herb,10,Oct,True,False
Wahlenbergia stricta subsp. stricta,Tall Bluebell,Not Assessed,False,native,Herb,11,Nov,True,False
Wahlenbergia stricta subsp. stricta,Tall Bluebell,Not Assessed,False,native,Herb,12,Dec,True,False
Watsonia meriana,,Reconsider Planting,True,introduced,Herb,1,Jan,False,False
Watsonia meriana,,Reconsider Planting,True,introduced,Herb,2,Feb,False,False
Watsonia meriana,,Reconsider Planting,True,introduced,Herb,3,Mar,False,False
Watsonia meriana,,Reconsider Planting,True,introduced,Herb,4,Apr,False,False
Watsonia meriana,,Reconsider Planting,True,introduced,Herb,5,May,False,False
Watsonia meriana,,Reconsider Planting,True,introduced,Herb,6,Jun,False,False
Watsonia meriana,,Reconsider Planting,True,introduced,Herb,7,Jul,False,False
Watsonia meriana,,Reconsider Planting,True,introduced,Herb,8,Aug,False,False
Watsonia meriana,,Reconsider Planting,True,introduced,Herb,9,Sep,False,False
Watsonia meriana,,Reconsider Planting,True,introduced,Herb,10,Oct,True,False
Watsonia meriana,,Reconsider Planting,True,introduced,Herb,11,Nov,True,False
Watsonia meriana,,Reconsider Planting,True,introduced,Herb,12,Dec,True,False
Watsonia meriana var. bulbillifera,Bulbil Watsonia,Reconsider Planting,True,introduced,Herb,1,Jan,False,False
Watsonia meriana var. bulbillifera,Bulbil Watsonia,Reconsider Planting,True,introduced,Herb,2,Feb,False,False
Watsonia meriana var. bulbillifera,Bulbil Watsonia,Reconsider Planting,True,introduced,Herb,3,Mar,False,False
Watsonia meriana var. bulbillifera,Bulbil Watsonia,Reconsider Planting,True,introduced,Herb,4,Apr,False,False
Watsonia meriana var. bulbillifera,Bulbil Watsonia,Reconsider Planting,True,introduced,Herb,5,May,False,False
Watsonia meriana var. bulbillifera,Bulbil Watsonia,Reconsider Planting,True,introduced,Herb,6,Jun,False,False
Watsonia meriana var. bulbillifera,Bulbil Watsonia,Reconsider Planting,True,introduced,Herb,7,Jul,False,False
Watsonia meriana var. bulbillifera,Bulbil Watsonia,Reconsider Planting,True,introduced,Herb,8,Aug,False,False
Watsonia meriana var. bulbillifera,Bulbil Watsonia,Reconsider Planting,True,introduced,Herb,9,Sep,False,False
Watsonia meriana var. bulbillifera,Bulbil Watsonia,Reconsider Planting,True,introduced,Herb,10,Oct,True,False
Watsonia meriana var. bulbillifera,Bulbil Watsonia,Reconsider Planting,True,introduced,Herb,11,Nov,True,False
Watsonia meriana var. bulbillifera,Bulbil Watsonia,Reconsider Planting,True,introduced,Herb,12,Dec,True,False
Wurmbea dioica,Common Early Nancy,Not Assessed,False,native,Herb,1,Jan,False,False
Wurmbea dioica,Common Early Nancy,Not Assessed,False,native,Herb,2,Feb,False,False
Wurmbea dioica,Common Early Nancy,Not Assessed,False,native,Herb,3,Mar,False,False
Wurmbea dioica,Common Early Nancy,Not Assessed,False,native,Herb,4,Apr,False,False
Wurmbea dioica,Common Early Nancy,Not Assessed,False,native,Herb,5,May,True,False
Wurmbea dioica,Common Early Nancy,Not Assessed,False,native,Herb,6,Jun,True,False
Wurmbea dioica,Common Early Nancy,Not Assessed,False,native,Herb,7,Jul,True,False
Wurmbea dioica,Common Early Nancy,Not Assessed,False,native,Herb,8,Aug,True,False
Wurmbea dioica,Common Early Nancy,Not Assessed,False,native,Herb,9,Sep,True,False
Wurmbea dioica,Common Early Nancy,Not Assessed,False,native,Herb,10,Oct,True,False
Wurmbea dioica,Common Early Nancy,Not Assessed,False,native,Herb,11,Nov,True,False
Wurmbea dioica,Common Early Nancy,Not Assessed,False,native,Herb,12,Dec,False,False
Wurmbea dioica subsp. dioica,Early Nancy,Not Assessed,False,native,Herb,1,Jan,False,False
Wurmbea dioica subsp. dioica,Early Nancy,Not Assessed,False,native,Herb,2,Feb,False,False
Wurmbea dioica subsp. dioica,Early Nancy,Not Assessed,False,native,Herb,3,Mar,False,False
Wurmbea dioica subsp. dioica,Early Nancy,Not Assessed,False,native,Herb,4,Apr,False,False
Wurmbea dioica subsp. dioica,Early Nancy,Not Assessed,False,native,Herb,5,May,True,False
Wurmbea dioica subsp. dioica,Early Nancy,Not Assessed,False,native,Herb,6,Jun,True,False
Wurmbea dioica subsp. dioica,Early Nancy,Not Assessed,False,native,Herb,7,Jul,True,False
Wurmbea dioica subsp. dioica,Early Nancy,Not Assessed,False,native,Herb,8,Aug,True,False
Wurmbea dioica subsp. dioica,Early Nancy,Not Assessed,False,native,Herb,9,Sep,True,False
Wurmbea dioica subsp. dioica,Early Nancy,Not Assessed,False,native,Herb,10,Oct,True,False
Wurmbea dioica subsp. dioica,Early Nancy,Not Assessed,False,native,Herb,11,Nov,True,False
Wurmbea dioica subsp. dioica,Early Nancy,Not Assessed,False,native,Herb,12,Dec,False,False
Xanthorrhoea minor,,Not Assessed,False,native,Herb,1,Jan,True,False
Xanthorrhoea minor,,Not Assessed,False,native,Herb,2,Feb,True,False
Xanthorrhoea minor,,Not Assessed,False,native,Herb,3,Mar,True,False
Xanthorrhoea minor,,Not Assessed,False,native,Herb,4,Apr,True,False
Xanthorrhoea minor,,Not Assessed,False,native,Herb,5,May,False,False
Xanthorrhoea minor,,Not Assessed,False,native,Herb,6,Jun,False,False
Xanthorrhoea minor,,Not Assessed,False,native,Herb,7,Jul,False,False
Xanthorrhoea minor,,Not Assessed,False,native,Herb,8,Aug,False,False
Xanthorrhoea minor,,Not Assessed,False,native,Herb,9,Sep,False,False
Xanthorrhoea minor,,Not Assessed,False,native,Herb,10,Oct,True,False
Xanthorrhoea minor,,Not Assessed,False,native,Herb,11,Nov,True,False
Xanthorrhoea minor,,Not Assessed,False,native,Herb,12,Dec,True,False
Xanthorrhoea minor subsp. lutea,Small Grass-tree | Toolimerin,Not Assessed,False,native,Herb,1,Jan,True,False
Xanthorrhoea minor subsp. lutea,Small Grass-tree | Toolimerin,Not Assessed,False,native,Herb,2,Feb,True,False
Xanthorrhoea minor subsp. lutea,Small Grass-tree | Toolimerin,Not Assessed,False,native,Herb,3,Mar,True,False
Xanthorrhoea minor subsp. lutea,Small Grass-tree | Toolimerin,Not Assessed,False,native,Herb,4,Apr,True,False
Xanthorrhoea minor subsp. lutea,Small Grass-tree | Toolimerin,Not Assessed,False,native,Herb,5,May,False,False
Xanthorrhoea minor subsp. lutea,Small Grass-tree | Toolimerin,Not Assessed,False,native,Herb,6,Jun,False,False
Xanthorrhoea minor subsp. lutea,Small Grass-tree | Toolimerin,Not Assessed,False,native,Herb,7,Jul,False,False
Xanthorrhoea minor subsp. lutea,Small Grass-tree | Toolimerin,Not Assessed,False,native,Herb,8,Aug,False,False
Xanthorrhoea minor subsp. lutea,Small Grass-tree | Toolimerin,Not Assessed,False,native,Herb,9,Sep,False,False
Xanthorrhoea minor subsp. lutea,Small Grass-tree | Toolimerin,Not Assessed,False,native,Herb,10,Oct,True,False
Xanthorrhoea minor subsp. lutea,Small Grass-tree | Toolimerin,Not Assessed,False,native,Herb,11,Nov,True,False
Xanthorrhoea minor subsp. lutea,Small Grass-tree | Toolimerin,Not Assessed,False,native,Herb,12,Dec,True,False
Xanthosia dissecta,Cut-leaved Xanthosia,Not Assessed,False,native,Shrub,1,Jan,True,False
Xanthosia dissecta,Cut-leaved Xanthosia,Not Assessed,False,native,Shrub,2,Feb,False,False
Xanthosia dissecta,Cut-leaved Xanthosia,Not Assessed,False,native,Shrub,3,Mar,False,False
Xanthosia dissecta,Cut-leaved Xanthosia,Not Assessed,False,native,Shrub,4,Apr,False,False
Xanthosia dissecta,Cut-leaved Xanthosia,Not Assessed,False,native,Shrub,5,May,False,False
Xanthosia dissecta,Cut-leaved Xanthosia,Not Assessed,False,native,Shrub,6,Jun,False,False
Xanthosia dissecta,Cut-leaved Xanthosia,Not Assessed,False,native,Shrub,7,Jul,False,False
Xanthosia dissecta,Cut-leaved Xanthosia,Not Assessed,False,native,Shrub,8,Aug,False,False
Xanthosia dissecta,Cut-leaved Xanthosia,Not Assessed,False,native,Shrub,9,Sep,True,False
Xanthosia dissecta,Cut-leaved Xanthosia,Not Assessed,False,native,Shrub,10,Oct,True,False
Xanthosia dissecta,Cut-leaved Xanthosia,Not Assessed,False,native,Shrub,11,Nov,True,False
Xanthosia dissecta,Cut-leaved Xanthosia,Not Assessed,False,native,Shrub,12,Dec,True,False
Xyris gracilis,Slender Yellow-eye,Not Assessed,False,native,Herb,1,Jan,True,False
Xyris gracilis,Slender Yellow-eye,Not Assessed,False,native,Herb,2,Feb,True,False
Xyris gracilis,Slender Yellow-eye,Not Assessed,False,native,Herb,3,Mar,False,False
Xyris gracilis,Slender Yellow-eye,Not Assessed,False,native,Herb,4,Apr,False,False
Xyris gracilis,Slender Yellow-eye,Not Assessed,False,native,Herb,5,May,False,False
Xyris gracilis,Slender Yellow-eye,Not Assessed,False,native,Herb,6,Jun,False,False
Xyris gracilis,Slender Yellow-eye,Not Assessed,False,native,Herb,7,Jul,False,False
Xyris gracilis,Slender Yellow-eye,Not Assessed,False,native,Herb,8,Aug,False,False
Xyris gracilis,Slender Yellow-eye,Not Assessed,False,native,Herb,9,Sep,False,False
Xyris gracilis,Slender Yellow-eye,Not Assessed,False,native,Herb,10,Oct,False,False
Xyris gracilis,Slender Yellow-eye,Not Assessed,False,native,Herb,11,Nov,True,False
Xyris gracilis,Slender Yellow-eye,Not Assessed,False,native,Herb,12,Dec,True,False
Zantedeschia aethiopica,White Arum-lily,Reconsider Planting,True,introduced,Herb,1,Jan,False,False
Zantedeschia aethiopica,White Arum-lily,Reconsider Planting,True,introduced,Herb,2,Feb,False,False
Zantedeschia aethiopica,White Arum-lily,Reconsider Planting,True,introduced,Herb,3,Mar,False,False
Zantedeschia aethiopica,White Arum-lily,Reconsider Planting,True,introduced,Herb,4,Apr,False,False
Zantedeschia aethiopica,White Arum-lily,Reconsider Planting,True,introduced,Herb,5,May,False,False
Zantedeschia aethiopica,White Arum-lily,Reconsider Planting,True,introduced,Herb,6,Jun,False,False
Zantedeschia aethiopica,White Arum-lily,Reconsider Planting,True,introduced,Herb,7,Jul,False,False
Zantedeschia aethiopica,White Arum-lily,Reconsider Planting,True,introduced,Herb,8,Aug,False,False
Zantedeschia aethiopica,White Arum-lily,Reconsider Planting,True,introduced,Herb,9,Sep,True,False
Zantedeschia aethiopica,White Arum-lily,Reconsider Planting,True,introduced,Herb,10,Oct,True,False
Zantedeschia aethiopica,White Arum-lily,Reconsider Planting,True,introduced,Herb,11,Nov,True,False
Zantedeschia aethiopica,White Arum-lily,Reconsider Planting,True,introduced,Herb,12,Dec,False,False
